policy_rank,variant_id,family,base_config_json,stop_loss,take_profit,leverage,max_positions,train_final_equity,train_total_return,train_cagr,train_sharpe,train_max_drawdown,train_trades,train_traded_days,train_average_positions,train_max_positions_used,train_blown_up,train_worst_day,validation_final_equity,validation_total_return,validation_cagr,validation_sharpe,validation_max_drawdown,validation_trades,validation_traded_days,validation_average_positions,validation_max_positions_used,validation_blown_up,validation_worst_day,oos_final_equity,oos_total_return,oos_cagr,oos_sharpe,oos_max_drawdown,oos_trades,oos_traded_days,oos_average_positions,oos_max_positions_used,oos_blown_up,oos_worst_day,holdout_final_equity,holdout_total_return,holdout_cagr,holdout_sharpe,holdout_max_drawdown,holdout_trades,holdout_traded_days,holdout_average_positions,holdout_max_positions_used,holdout_blown_up,holdout_worst_day,policy_sharpe_stability,policy_selection_score
1,5f7e41cf3ad0,relative_weakness_reversal,"{""family"": ""relative_weakness_reversal"", ""gap_max"": -0.03, ""min_adv20"": 20000000.0, ""mom3_max"": -0.05, ""prev_return_percentile_max"": 0.2}",0.02,,1.5,5,58446.30884365003,4.844630884365003,0.10327125518711688,0.766879885379077,-0.3267681556429022,1392,695,0.3074884029158383,5,False,-0.032999999999999995,15266.65829036017,0.5266658290360171,0.1512432216649653,0.888666003090534,-0.10650453451553132,254,105,0.33553500660501984,5,False,-0.032999999999999995,10601.141174253191,0.060114117425319025,0.019702041475784915,0.19700966401215234,-0.16854399960960198,216,122,0.2864721485411141,5,False,-0.032999999999999995,11172.61721245997,0.11726172124599699,0.11825322392252335,0.7327052933298398,-0.10617929491707634,84,44,0.336,5,False,-0.032999999999999995,-0.12178611771145698,0.8964945652173912
2,5f7e41cf3ad0,relative_weakness_reversal,"{""family"": ""relative_weakness_reversal"", ""gap_max"": -0.03, ""min_adv20"": 20000000.0, ""mom3_max"": -0.05, ""prev_return_percentile_max"": 0.2}",0.02,,1.0,5,33680.55960348841,2.368055960348841,0.0699342698576968,0.7668798853790769,-0.2294512597867875,1392,695,0.3074884029158383,5,False,-0.022,13385.836258510275,0.3385836258510275,0.10194369160324279,0.8886660030905341,-0.07193535897805414,254,105,0.33553500660501984,5,False,-0.022,10474.731982467376,0.04747319824673757,0.015622038589901965,0.19700966401215264,-0.11510769339174975,216,122,0.2864721485411141,5,False,-0.022,10799.4523280146,0.07994523280146004,0.08060990881170693,0.7327052933298395,-0.07173510176950548,84,44,0.336,5,False,-0.022,-0.1217861177114572,0.8947826086956522
3,5f7e41cf3ad0,relative_weakness_reversal,"{""family"": ""relative_weakness_reversal"", ""gap_max"": -0.03, ""min_adv20"": 20000000.0, ""mom3_max"": -0.05, ""prev_return_percentile_max"": 0.2}",0.02,,2.0,5,97861.29712837168,8.786129712837168,0.13538552752000577,0.7668798853790769,-0.41362456487424615,1392,695,0.3074884029158383,5,False,-0.044,17254.59362273852,0.7254593622738521,0.19912353735140598,0.8886660030905341,-0.14015646449261276,254,105,0.33553500660501984,5,False,-0.044,10655.377229857262,0.06553772298572613,0.021442644713342673,0.19700966401215264,-0.21935899360729516,216,122,0.2864721485411141,5,False,-0.044,11526.20950937691,0.152620950937691,0.15393142717495212,0.7327052933298395,-0.13969295314214425,84,44,0.336,5,False,-0.044,-0.1217861177114572,0.8928260869565217
4,5f7e41cf3ad0,relative_weakness_reversal,"{""family"": ""relative_weakness_reversal"", ""gap_max"": -0.03, ""min_adv20"": 20000000.0, ""mom3_max"": -0.05, ""prev_return_percentile_max"": 0.2}",0.02,,1.0,3,48238.16369687393,3.8238163696873935,0.09154497116272653,0.7263623208635482,-0.2960371902747957,1154,695,0.25491495471614756,3,False,-0.022000000000000002,13928.70851447934,0.392870851447934,0.116623887752904,0.8283512462193252,-0.09561393086284942,192,105,0.2536327608982827,3,False,-0.022000000000000002,9701.383509354451,-0.029861649064554907,-0.010081175225385652,-0.021892731918899684,-0.18325841192592296,185,122,0.2453580901856764,3,False,-0.022000000000000002,10892.197367502398,0.08921973675023986,0.08996468308806227,0.6432235576784033,-0.08948554488355809,72,44,0.288,3,False,-0.022000000000000002,-0.10198892535577697,0.8846467391304348
5,aeb583bdb7a4,gap_down_reversal,"{""family"": ""gap_down_reversal"", ""gap_max"": -0.03, ""min_adv20"": 20000000.0, ""prev_return_max"": 0.0}",,0.08,1.0,10,62015.92258704765,5.201592258704765,0.10691809443982603,0.7423802793227325,-0.27502510017806636,6477,2421,1.4307488402915838,10,False,-0.12580672402477608,14370.268297342545,0.43702682973425455,0.1282853650635447,0.8854664424536391,-0.10638637922076932,1195,395,1.5785997357992074,10,False,-0.058217640260405455,5887.3653614283785,-0.41126346385716217,-0.16227096808341057,-1.1823284342916622,-0.4633760074569967,1436,438,1.9045092838196287,10,False,-0.05596621165495238,10065.47400880247,0.0065474008802470784,0.0065999525599163,0.1249359198028769,-0.13690132498370478,531,146,2.124,10,False,-0.04909325137930075,-0.1430861631309066,0.88125
6,5f7e41cf3ad0,relative_weakness_reversal,"{""family"": ""relative_weakness_reversal"", ""gap_max"": -0.03, ""min_adv20"": 20000000.0, ""mom3_max"": -0.05, ""prev_return_percentile_max"": 0.2}",0.02,,3.0,5,247471.80417445107,23.747180417445108,0.19556174025181838,0.766879885379077,-0.55929894269542,1392,695,0.3074884029158383,5,False,-0.06599999999999999,21476.546166804157,1.1476546166804158,0.28975921017885287,0.888666003090534,-0.20475553898385435,254,105,0.33553500660501984,5,False,-0.06599999999999999,10558.6378918452,0.05586378918451995,0.01833383109984288,0.19700966401215234,-0.3134906016527864,216,122,0.2864721485411141,5,False,-0.06599999999999999,12169.819464935323,0.2169819464935323,0.21889531774744464,0.7327052933298398,-0.20398450626685238,84,44,0.336,5,False,-0.06599999999999999,-0.12178611771145698,0.8809510869565218
7,5f7e41cf3ad0,relative_weakness_reversal,"{""family"": ""relative_weakness_reversal"", ""gap_max"": -0.03, ""min_adv20"": 20000000.0, ""mom3_max"": -0.05, ""prev_return_percentile_max"": 0.2}",0.02,,1.5,3,95031.22008572395,8.503122008572396,0.13353232549940275,0.7263623208635481,-0.4151864987934727,1154,695,0.25491495471614756,3,False,-0.033,16083.889349387524,0.6083889349387523,0.17140249420723963,0.8283512462193252,-0.1410976581653124,192,105,0.2536327608982827,3,False,-0.033,9404.878336351863,-0.05951216636481371,-0.020297611489620948,-0.021892731918899826,-0.26574079868535583,185,122,0.2453580901856764,3,False,-0.033,11281.838195990984,0.1281838195990983,0.12927289881093484,0.643223557678403,-0.13203223117528629,72,44,0.288,3,False,-0.033,-0.10198892535577708,0.8799184782608696
8,5f7e41cf3ad0,relative_weakness_reversal,"{""family"": ""relative_weakness_reversal"", ""gap_max"": -0.03, ""min_adv20"": 20000000.0, ""mom3_max"": -0.05, ""prev_return_percentile_max"": 0.2}",0.02,,2.0,3,174849.61498218635,16.484961498218635,0.17266557751417388,0.7263623208635482,-0.5173459017825182,1154,695,0.25491495471614756,3,False,-0.044000000000000004,18321.444313797878,0.8321444313797879,0.22331258992639214,0.8283512462193252,-0.18504150940197972,192,105,0.2536327608982827,3,False,-0.044000000000000004,9026.744444073674,-0.09732555559263256,-0.033642701746199766,-0.021892731918899684,-0.3421923345905946,185,122,0.2453580901856764,3,False,-0.044000000000000004,11630.96012144704,0.16309601214470404,0.1645026769287674,0.6432235576784033,-0.1731428560064674,72,44,0.288,3,False,-0.044000000000000004,-0.10198892535577697,0.8742119565217391
9,aeb583bdb7a4,gap_down_reversal,"{""family"": ""gap_down_reversal"", ""gap_max"": -0.03, ""min_adv20"": 20000000.0, ""prev_return_max"": 0.0}",,0.08,1.5,10,131963.48357131638,12.196348357131638,0.15443951609508577,0.7423802793227325,-0.40283554781382414,6477,2421,1.4307488402915838,10,False,-0.18871008603716413,16813.006311614357,0.6813006311614358,0.18881907769699513,0.8854664424536391,-0.16136096854201143,1195,395,1.5785997357992074,10,False,-0.08732646039060818,4416.627456582593,-0.5583372543417406,-0.23900269038789657,-1.1823284342916618,-0.6140702623448544,1436,438,1.9045092838196287,10,False,-0.08394931748242858,9981.834552364138,-0.0018165447635861698,-0.0018310638087615239,0.1249359198028767,-0.1992331844797881,531,146,2.124,10,False,-0.07363987706895112,-0.1430861631309066,0.8719021739130435
10,5f7e41cf3ad0,relative_weakness_reversal,"{""family"": ""relative_weakness_reversal"", ""gap_max"": -0.03, ""min_adv20"": 20000000.0, ""mom3_max"": -0.05, ""prev_return_percentile_max"": 0.2}",0.02,,4.0,5,548658.1950198283,53.86581950198283,0.24974090494178092,0.7668798853790769,-0.6728774344805781,1392,695,0.3074884029158383,5,False,-0.088,25870.764257924387,1.5870764257924388,0.37221231296480584,0.8886660030905341,-0.2658290056065118,254,105,0.33553500660501984,5,False,-0.088,10215.135654717262,0.021513565471726226,0.007139322688838989,0.19700966401215264,-0.39822217175892605,216,122,0.2864721485411141,5,False,-0.088,12721.836912942423,0.27218369129424236,0.27463612384277036,0.7327052933298395,-0.26472247589083164,84,44,0.336,5,False,-0.088,-0.1217861177114572,0.8674184782608696
11,aeb583bdb7a4,gap_down_reversal,"{""family"": ""gap_down_reversal"", ""gap_max"": -0.03, ""min_adv20"": 20000000.0, ""prev_return_max"": 0.0}",,0.08,2.0,10,252545.37816845134,24.254537816845133,0.1969131323049378,0.7423802793227325,-0.5195551400011711,6477,2421,1.4307488402915838,10,False,-0.25161344804955216,19359.998571228825,0.9359998571228825,0.24597340530620326,0.8854664424536391,-0.21681604457762782,1195,395,1.5785997357992074,10,False,-0.11643528052081091,3263.573327815092,-0.6736426672184908,-0.3121910663674762,-1.1823284342916622,-0.7258936359724554,1436,438,1.9045092838196287,10,False,-0.11193242330990476,9823.990081202139,-0.017600991879786143,-0.017740543387527064,0.1249359198028769,-0.2577540434496899,531,146,2.124,10,False,-0.0981865027586015,-0.1430861631309066,0.8627717391304347
12,5f7e41cf3ad0,relative_weakness_reversal,"{""family"": ""relative_weakness_reversal"", ""gap_max"": -0.03, ""min_adv20"": 20000000.0, ""mom3_max"": -0.05, ""prev_return_percentile_max"": 0.2}",0.02,,3.0,3,487179.5764106277,47.71795764106277,0.24150052251660337,0.7263623208635481,-0.6776121238145496,1154,695,0.25491495471614756,3,False,-0.066,22875.798444306238,1.2875798444306237,0.3171457694704669,0.8283512462193252,-0.268352200412429,192,105,0.2536327608982827,3,False,-0.066,8081.445134167082,-0.19185548658329177,-0.06871798935735118,-0.021892731918899826,-0.4775381946574945,185,122,0.2453580901856764,3,False,-0.066,12201.549209198725,0.22015492091987254,0.22209873789205314,0.643223557678403,-0.25114560435643773,72,44,0.288,3,False,-0.066,-0.10198892535577708,0.8558423913043478
13,39765112165e,gap_down_reversal,"{""family"": ""gap_down_reversal"", ""gap_max"": -0.03, ""min_adv20"": 20000000.0, ""prev_return_max"": 0.0}",,0.04,1.0,10,38755.2521543549,2.87552521543549,0.07832583829148998,0.7058966846421072,-0.3109917631216428,6477,2421,1.4307488402915838,10,False,-0.10628595490546582,13400.668785874519,0.3400668785874519,0.10235001634406227,0.8945520475338474,-0.12412128757347174,1195,395,1.5785997357992074,10,False,-0.04489158831119614,5588.424133377959,-0.44115758666220406,-0.17673494794297218,-1.5043133042858197,-0.47978124730947924,1436,438,1.9045092838196287,10,False,-0.05596621165495238,9692.170409899445,-0.030782959010055455,-0.03102536249921195,-0.15826569865987034,-0.10597536037773359,531,146,2.124,10,False,-0.04100219300593627,-0.18865536289174023,0.855054347826087
14,16968da02607,gap_down_reversal,"{""family"": ""gap_down_reversal"", ""gap_max"": -0.03, ""min_adv20"": 20000000.0, ""prev_return_max"": -0.03}",,,1.0,10,56188.02330864129,4.6188023308641295,0.10085386666922957,0.6500300923952478,-0.3443861681426088,2333,852,0.5153523304616744,10,False,-0.14695611304480086,13306.45264034451,0.33064526403445105,0.099763922377754,0.8303607975837323,-0.11150990157918617,463,141,0.6116248348745046,10,False,-0.05732425904456412,10481.537818279705,0.04815378182797048,0.015842537246931965,0.1944450083670606,-0.17227080807515616,354,153,0.46949602122015915,10,False,-0.04040792755699627,12241.624436533693,0.22416244365336935,0.22614480932573078,1.5016342779857852,-0.03862361813565163,145,56,0.58,10,False,-0.01498271561195762,-0.18033070518848449,0.8545652173913044
15,08f00ed65665,gap_down_reversal,"{""family"": ""gap_down_reversal"", ""gap_max"": -0.02, ""min_adv20"": 20000000.0, ""prev_return_max"": 0.0}",,0.08,1.0,10,58325.812583264524,4.832581258326452,0.10314451569817829,0.627603749653276,-0.36986168358472404,11830,3245,2.613209631102275,10,False,-0.12580672402477608,14161.890350912485,0.4161890350912485,0.12281239583023784,0.7496510736893177,-0.12550179067904854,2074,527,2.739762219286658,10,False,-0.06277386699508251,5387.325519290027,-0.4612674480709973,-0.1867572006253474,-1.1259981401479753,-0.5090078100764408,2540,569,3.3687002652519893,10,False,-0.06129574702629674,10058.250910019784,0.005825091001978366,0.005871828279787383,0.12416733057790902,-0.16206371747505732,815,188,3.26,10,False,-0.04909325137930075,-0.12204732403604168,0.8511413043478261
16,aeb583bdb7a4,gap_down_reversal,"{""family"": ""gap_down_reversal"", ""gap_max"": -0.03, ""min_adv20"": 20000000.0, ""prev_return_max"": 0.0}",,0.08,1.0,5,76514.99670657988,6.651499670657988,0.11993969949347827,0.636668023496901,-0.4070473974600015,5431,2421,1.1996907444223548,5,False,-0.15433849018204635,15056.026287540193,0.5056026287540194,0.14593117906250774,0.7654746904899496,-0.1537115702162688,945,395,1.2483487450462352,5,False,-0.07046687873020771,4479.563442899413,-0.5520436557100588,-0.23539547743605072,-1.1421984603682733,-0.5869701384640211,1164,438,1.5437665782493368,5,False,-0.11193242330990476,8983.347359092482,-0.10166526409075172,-0.10243543562368274,-0.36044163358716597,-0.2202982162001872,405,146,1.62,5,False,-0.05902775518330809,-0.12880666699304866,0.8508152173913044
17,aeb583bdb7a4,gap_down_reversal,"{""family"": ""gap_down_reversal"", ""gap_max"": -0.03, ""min_adv20"": 20000000.0, ""prev_return_max"": 0.0}",,0.08,1.0,20,33157.452057442526,2.3157452057442525,0.06900238067216424,0.6493817936179355,-0.26458465116669927,7458,2421,1.6474486414844267,20,False,-0.11298079310317959,12518.607469108452,0.25186074691084515,0.07764499617811227,0.707909674366098,-0.09862060282987184,1508,395,1.9920739762219286,20,False,-0.07701349794473912,8085.475004865236,-0.19145249951347643,-0.06856280769018341,-0.6728844386392928,-0.2738659732334269,1595,438,2.1153846153846154,20,False,-0.03475353461805926,10220.37990353761,0.022037990353761083,0.02221623839468423,0.23673993606634458,-0.09414026807663267,623,146,2.492,20,False,-0.039093638643917974,-0.05852788074816251,0.849891304347826
18,810de8977158,gap_down_reversal,"{""family"": ""gap_down_reversal"", ""gap_max"": -0.02, ""min_adv20"": 20000000.0, ""prev_return_max"": 0.0}",,0.04,1.0,10,45103.23027202882,3.5103230272028823,0.08746960074542076,0.6475932247721959,-0.36138902134586326,11830,3245,2.613209631102275,10,False,-0.10628595490546582,13247.925069186082,0.32479250691860817,0.09815127063233597,0.7210540554134907,-0.13045276671553718,2074,527,2.739762219286658,10,False,-0.05045802043617424,5368.3823713059755,-0.46316176286940247,-0.1877140364018861,-1.275612536623968,-0.5038847078373536,2540,569,3.3687002652519893,10,False,-0.06129574702629674,9771.558212413,-0.02284417875870004,-0.02302481198586026,-0.08155598794892863,-0.13774238185334486,815,188,3.26,10,False,-0.04100219300593627,-0.07346083064129472,0.8490760869565218
19,16968da02607,gap_down_reversal,"{""family"": ""gap_down_reversal"", ""gap_max"": -0.03, ""min_adv20"": 20000000.0, ""prev_return_max"": -0.03}",,,1.5,10,111572.2653845969,10.15722653845969,0.14370302673738622,0.6500300923952478,-0.4897244340905338,2333,852,0.5153523304616744,10,False,-0.22043416956720127,15095.320059525095,0.5095320059525095,0.14692589453828586,0.8303607975837322,-0.16653804812866957,463,141,0.6116248348745046,10,False,-0.08598638856684618,10590.864077673932,0.059086407767393156,0.019371549811538102,0.19444500836706066,-0.24909653795775932,354,153,0.46949602122015915,10,False,-0.060611891335494404,13453.583728954738,0.3453583728954739,0.348555081444889,1.5016342779857852,-0.0576716451961371,145,56,0.58,10,False,-0.02247407341793643,-0.18033070518848437,0.8468749999999999
20,39765112165e,gap_down_reversal,"{""family"": ""gap_down_reversal"", ""gap_max"": -0.03, ""min_adv20"": 20000000.0, ""prev_return_max"": 0.0}",,0.04,1.5,10,69440.85326719077,5.944085326719078,0.11390806058193959,0.7058966846421071,-0.44302189256257307,6477,2421,1.4307488402915838,10,False,-0.15942893235819872,15277.389458292402,0.5277389458292403,0.15151254436320194,0.8945520475338474,-0.18344085926507125,1195,395,1.5785997357992074,10,False,-0.06733738246679422,4103.601849471649,-0.589639815052835,-0.25747164404817147,-1.504313304285819,-0.6305763786114547,1436,438,1.9045092838196287,10,False,-0.08394931748242858,9473.927133170426,-0.052607286682957444,-0.053016786947493455,-0.15826569865987022,-0.157182085260812,531,146,2.124,10,False,-0.0615032895089044,-0.18865536289174034,0.8465217391304348
21,5afba290676c,relative_weakness_reversal,"{""family"": ""relative_weakness_reversal"", ""gap_max"": -0.03, ""min_adv20"": 50000000.0, ""mom3_max"": -0.05, ""prev_return_percentile_max"": 0.2}",0.02,,1.5,5,37667.68230868357,2.766768230868357,0.07661862098317562,0.5973662207212763,-0.3598031435077951,1208,606,0.2668433841396068,5,False,-0.032999999999999995,15700.81542556254,0.570081542556254,0.16204014367490016,0.9307275720585321,-0.10650453451553143,254,105,0.33553500660501984,5,False,-0.032999999999999995,10672.522047289387,0.06725220472893878,0.02199164774050577,0.21122880468718713,-0.16854399960960198,215,122,0.28514588859416445,5,False,-0.032999999999999995,11172.61721245997,0.11726172124599699,0.11825322392252335,0.7327052933298398,-0.10617929491707634,84,44,0.336,5,False,-0.032999999999999995,-0.33336135133725575,0.8464402173913044
22,5afba290676c,relative_weakness_reversal,"{""family"": ""relative_weakness_reversal"", ""gap_max"": -0.03, ""min_adv20"": 50000000.0, ""mom3_max"": -0.05, ""prev_return_percentile_max"": 0.2}",0.02,,1.0,5,25092.97169121679,1.509297169121679,0.05254692936118044,0.5973662207212764,-0.25518935282602917,1208,606,0.2668433841396068,5,False,-0.022,13642.21383852947,0.3642213838529469,0.10892512415120348,0.9307275720585323,-0.07193535897805381,254,105,0.33553500660501984,5,False,-0.022,10521.437313560646,0.05214373135606465,0.017133306052240505,0.21122880468718738,-0.11510769339174987,215,122,0.28514588859416445,5,False,-0.022,10799.4523280146,0.07994523280146004,0.08060990881170693,0.7327052933298395,-0.07173510176950548,84,44,0.336,5,False,-0.022,-0.33336135133725586,0.8461413043478261
23,aeb583bdb7a4,gap_down_reversal,"{""family"": ""gap_down_reversal"", ""gap_max"": -0.03, ""min_adv20"": 20000000.0, ""prev_return_max"": 0.0}",,0.08,1.5,20,55444.44152061905,4.544444152061906,0.1000377855257486,0.6493817936179357,-0.38568339118830064,7458,2421,1.6474486414844267,20,False,-0.16947118965476937,13802.129269031364,0.38021292690313646,0.11323556832056747,0.7079096743660979,-0.1490810087077693,1508,395,1.9920739762219286,20,False,-0.11552024691710867,7194.445736087037,-0.28055542639129627,-0.1042104166525768,-0.6728844386392929,-0.3859462595192935,1595,438,2.1153846153846154,20,False,-0.052130301927088896,10274.381518215518,0.02743815182155185,0.027660665365615733,0.2367399360663444,-0.13946715682722288,623,146,2.492,20,False,-0.05864045796587697,-0.058527880748162175,0.8442663043478262
24,5afba290676c,relative_weakness_reversal,"{""family"": ""relative_weakness_reversal"", ""gap_max"": -0.03, ""min_adv20"": 50000000.0, ""mom3_max"": -0.05, ""prev_return_percentile_max"": 0.2}",0.02,,2.0,5,54656.361794427336,4.4656361794427335,0.09916150795586742,0.5973662207212764,-0.45120429042501,1208,606,0.2668433841396068,5,False,-0.044,17902.38710280601,0.790238710280601,0.2139261932501666,0.9307275720585323,-0.14015646449261288,254,105,0.33553500660501984,5,False,-0.044,10751.687130866645,0.07516871308666451,0.024519046941696265,0.21122880468718738,-0.21935899360729516,215,122,0.28514588859416445,5,False,-0.044,11526.20950937691,0.152620950937691,0.15393142717495212,0.7327052933298395,-0.13969295314214425,84,44,0.336,5,False,-0.044,-0.33336135133725586,0.8436413043478261
25,5f7e41cf3ad0,relative_weakness_reversal,"{""family"": ""relative_weakness_reversal"", ""gap_max"": -0.03, ""min_adv20"": 20000000.0, ""mom3_max"": -0.05, ""prev_return_percentile_max"": 0.2}",0.02,,4.0,3,1062117.061555654,105.21170615556541,0.29654895673581216,0.7263623208635482,-0.7901734653624009,1154,695,0.25491495471614756,3,False,-0.08800000000000001,27222.21031940321,1.7222210319403208,0.39567066337253776,0.8283512462193252,-0.34565525830765453,192,105,0.2536327608982827,3,False,-0.08800000000000001,6978.707362498633,-0.3021292637501367,-0.11327926141996258,-0.021892731918899684,-0.5907924909225951,185,122,0.2453580901856764,3,False,-0.08800000000000001,12595.901140462156,0.25959011404621557,0.26191783196469554,0.6432235576784033,-0.32368150905744064,72,44,0.288,3,False,-0.08800000000000001,-0.10198892535577697,0.843070652173913
26,aeb583bdb7a4,gap_down_reversal,"{""family"": ""gap_down_reversal"", ""gap_max"": -0.03, ""min_adv20"": 20000000.0, ""prev_return_max"": 0.0}",,0.08,3.0,10,667358.436607656,65.7358436607656,0.26344047017514494,0.7423802793227325,-0.7194602599544454,6477,2421,1.4307488402915838,10,False,-0.37742017207432826,24484.245957366325,1.4484245957366326,0.34727940448454575,0.8854664424536391,-0.3272271268543945,1195,395,1.5785997357992074,10,False,-0.17465292078121636,1702.0990262817231,-0.8297900973718277,-0.4466732514793218,-1.1823284342916618,-0.8669226036778452,1436,438,1.9045092838196287,10,False,-0.16789863496485716,9303.993544729652,-0.06960064552703482,-0.07013745289255557,0.1249359198028767,-0.36993068814462693,531,146,2.124,10,False,-0.14727975413790223,-0.1430861631309066,0.8419565217391304
27,08f00ed65665,gap_down_reversal,"{""family"": ""gap_down_reversal"", ""gap_max"": -0.02, ""min_adv20"": 20000000.0, ""prev_return_max"": 0.0}",,0.08,1.5,10,112111.91896676908,10.211191896676908,0.14401026285411977,0.627603749653276,-0.5247678317615885,11830,3245,2.613209631102275,10,False,-0.18871008603716413,16293.663567448997,0.6293663567448997,0.1764664745336484,0.7496510736893178,-0.19215502721213962,2074,527,2.739762219286658,10,False,-0.09416080049262378,3825.88555416795,-0.6174114445832051,-0.2746598446977415,-1.1259981401479753,-0.6657242274210309,2540,569,3.3687002652519893,10,False,-0.09194362053944512,9957.671582430034,-0.004232841756996675,-0.004266632148586247,0.12416733057790907,-0.23432747449201374,815,188,3.26,10,False,-0.07363987706895112,-0.1220473240360418,0.8388315217391304
28,39765112165e,gap_down_reversal,"{""family"": ""gap_down_reversal"", ""gap_max"": -0.03, ""min_adv20"": 20000000.0, ""prev_return_max"": 0.0}",,0.04,2.0,10,116657.06832014596,10.665706832014596,0.14654386600484304,0.7058966846421072,-0.5583074140406243,6477,2421,1.4307488402915838,10,False,-0.21257190981093163,17240.179970955945,0.7240179970955944,0.19878998890033017,0.8945520475338474,-0.2407660057152896,1195,395,1.5785997357992074,10,False,-0.08978317662239228,2976.7044517484246,-0.7023295548251576,-0.33301930568043403,-1.5043133042858197,-0.7404471738489993,1436,438,1.9045092838196287,10,False,-0.11193242330990476,9216.40651675815,-0.07835934832418501,-0.07896079812343881,-0.15826569865987034,-0.20707876460150199,531,146,2.124,10,False,-0.08200438601187254,-0.18865536289174023,0.8384782608695652
29,16968da02607,gap_down_reversal,"{""family"": ""gap_down_reversal"", ""gap_max"": -0.03, ""min_adv20"": 20000000.0, ""prev_return_max"": -0.03}",,,2.0,10,197554.9151147006,18.75549151147006,0.18066248624836612,0.6500300923952478,-0.6141149683712994,2333,852,0.5153523304616744,10,False,-0.2939122260896017,16938.827946768582,0.6938827946768582,0.1917733426458883,0.8303607975837323,-0.22072718359422427,463,141,0.6116248348745046,10,False,-0.11464851808912824,10612.442179267626,0.06124421792676249,0.02006521391249727,0.1944450083670606,-0.32024827692671376,354,153,0.46949602122015915,10,False,-0.08081585511399254,14724.952875509543,0.47249528755095427,0.4770607062047356,1.5016342779857852,-0.07653981577785096,145,56,0.58,10,False,-0.02996543122391524,-0.18033070518848449,0.8377173913043479
30,810de8977158,gap_down_reversal,"{""family"": ""gap_down_reversal"", ""gap_max"": -0.02, ""min_adv20"": 20000000.0, ""prev_return_max"": 0.0}",,0.04,1.5,10,82628.12442401225,7.262812442401225,0.12474182445114401,0.6475932247721956,-0.5046239264226995,11830,3245,2.613209631102275,10,False,-0.15942893235819872,14894.13532247476,0.48941353224747597,0.1418145700436777,0.7210540554134905,-0.1933055449279899,2074,527,2.739762219286658,10,False,-0.07568703065426137,3827.4610239719254,-0.6172538976028075,-0.2745600311480946,-1.2756125366239677,-0.6591928477013662,2540,569,3.3687002652519893,10,False,-0.09194362053944512,9579.583066704829,-0.04204169332951713,-0.04237079910003638,-0.08155598794892843,-0.20020797716027805,815,188,3.26,10,False,-0.0615032895089044,-0.07346083064129494,0.8364402173913044
31,08f00ed65665,gap_down_reversal,"{""family"": ""gap_down_reversal"", ""gap_max"": -0.02, ""min_adv20"": 20000000.0, ""prev_return_max"": 0.0}",,0.08,1.0,5,178294.49815723955,16.829449815723954,0.17393986195439703,0.7746146376445984,-0.43927881341506403,9080,3245,2.0057433178705546,5,False,-0.15433849018204635,14874.95493406152,0.48749549340615195,0.14132487130421234,0.6812603444043601,-0.16134853725550957,1567,527,2.07001321003963,5,False,-0.07046687873020771,3712.0628643894656,-0.6287937135610535,-0.2819446767174787,-1.2089290464480777,-0.6330852968316742,1813,569,2.4045092838196287,5,False,-0.12259149405259348,8070.379714440003,-0.19296202855599964,-0.1943449741265828,-0.760484278025823,-0.23070104409909042,582,188,2.328,5,False,-0.05902775518330809,-0.09335429324023825,0.8357608695652173
32,aeb583bdb7a4,gap_down_reversal,"{""family"": ""gap_down_reversal"", ""gap_max"": -0.03, ""min_adv20"": 20000000.0, ""prev_return_max"": 0.0}",,0.08,2.0,20,87548.34107916108,7.754834107916109,0.12836907892298965,0.6493817936179355,-0.49638914249793986,7458,2421,1.6474486414844267,20,False,-0.22596158620635917,15069.232583683508,0.5069232583683507,0.14626568732137035,0.707909674366098,-0.19989035586553294,1508,395,1.9920739762219286,20,False,-0.15402699588947824,6358.011035857782,-0.36419889641422176,-0.14045913771964602,-0.6728844386392928,-0.4833427561316279,1595,438,2.1153846153846154,20,False,-0.06950706923611852,10290.878390834381,0.02908783908343815,0.02932392093516234,0.23673993606634458,-0.18359083816609145,623,146,2.492,20,False,-0.07818727728783595,-0.05852788074816251,0.8354347826086957
33,aeb583bdb7a4,gap_down_reversal,"{""family"": ""gap_down_reversal"", ""gap_max"": -0.03, ""min_adv20"": 20000000.0, ""prev_return_max"": 0.0}",,0.08,1.5,5,154654.59517964674,14.465459517964675,0.16468122866628576,0.6366680234969009,-0.5529017144299704,5431,2421,1.1996907444223548,5,False,-0.23150773527306953,17635.62253247505,0.7635622532475048,0.20787438246181722,0.7654746904899496,-0.23662273479506435,945,395,1.2483487450462352,5,False,-0.10570031809531158,2841.5709567794556,-0.7158429043220544,-0.343295962926516,-1.1421984603682733,-0.7466109353980689,1164,438,1.5437665782493368,5,False,-0.16789863496485716,8353.989430981297,-0.16460105690187032,-0.16580213720245662,-0.36044163358716574,-0.3162097236715774,405,146,1.62,5,False,-0.08854163277496215,-0.12880666699304877,0.8351086956521738
34,810de8977158,gap_down_reversal,"{""family"": ""gap_down_reversal"", ""gap_max"": -0.02, ""min_adv20"": 20000000.0, ""prev_return_max"": 0.0}",,0.04,2.0,10,136830.57025161094,12.683057025161094,0.15676935551595594,0.6475932247721959,-0.6239025418172915,11830,3245,2.613209631102275,10,False,-0.21257190981093163,16483.7029363394,0.6483702936339399,0.18101663906976517,0.7210540554134907,-0.25619999878104827,2074,527,2.739762219286658,10,False,-0.10091604087234848,2678.508677831404,-0.7321491322168596,-0.3561394084971,-1.275612536623968,-0.7698553221418727,2540,569,3.3687002652519893,10,False,-0.12259149405259348,9339.40262825147,-0.06605973717485303,-0.06657022236013033,-0.08155598794892863,-0.25870918740712756,815,188,3.26,10,False,-0.08200438601187254,-0.07346083064129472,0.8297826086956522
35,5afba290676c,relative_weakness_reversal,"{""family"": ""relative_weakness_reversal"", ""gap_max"": -0.03, ""min_adv20"": 50000000.0, ""mom3_max"": -0.05, ""prev_return_percentile_max"": 0.2}",0.02,,3.0,5,104433.29112924723,9.443329112924722,0.1395009559568159,0.5973662207212763,-0.5999732756029301,1208,606,0.2668433841396068,5,False,-0.06599999999999999,22663.133393681313,1.2663133393681312,0.31305683682669616,0.9307275720585321,-0.20475553898385446,254,105,0.33553500660501984,5,False,-0.06599999999999999,10703.758695856404,0.07037586958564046,0.022990385001912417,0.21122880468718713,-0.3134906016527865,215,122,0.28514588859416445,5,False,-0.06599999999999999,12169.819464935323,0.2169819464935323,0.21889531774744464,0.7327052933298398,-0.20398450626685238,84,44,0.336,5,False,-0.06599999999999999,-0.33336135133725575,0.8291576086956521
36,16968da02607,gap_down_reversal,"{""family"": ""gap_down_reversal"", ""gap_max"": -0.03, ""min_adv20"": 20000000.0, ""prev_return_max"": -0.03}",,,1.0,5,80496.07659967766,7.049607659967766,0.12310628807236834,0.6186342736708001,-0.3322118569941037,1844,852,0.4073337751270157,5,False,-0.22672880647408783,15847.750275659875,0.5847750275659875,0.1656490668875854,0.9707476838243396,-0.17378689237456346,321,141,0.4240422721268164,5,False,-0.07959260386194993,9947.305181212218,-0.005269481878778293,-0.0017642515179283613,0.07569123812335006,-0.3002392754671822,292,153,0.38726790450928383,5,False,-0.08081585511399254,12666.714149092368,0.26667141490923685,0.26906913465659765,1.3495076989200707,-0.07653981577785174,120,56,0.48,5,False,-0.02996543122391524,-0.3521134101535395,0.8285326086956522
37,08f00ed65665,gap_down_reversal,"{""family"": ""gap_down_reversal"", ""gap_max"": -0.02, ""min_adv20"": 20000000.0, ""prev_return_max"": 0.0}",,0.08,2.0,10,184654.0171767457,17.46540171767457,0.1762323828277057,0.627603749653276,-0.6545839990520042,11830,3245,2.613209631102275,10,False,-0.25161344804955216,18333.56575273911,0.8333565752739109,0.22358195467718245,0.7496510736893177,-0.2598290031348548,2074,527,2.739762219286658,10,False,-0.12554773399016503,2657.3663125813014,-0.7342633687418698,-0.3578424539246302,-1.1259981401479753,-0.7768198815542869,2540,569,3.3687002652519893,10,False,-0.12259149405259348,9774.781340629666,-0.022521865937033314,-0.022699980291234656,0.12416733057790902,-0.3012166760137155,815,188,3.26,10,False,-0.0981865027586015,-0.12204732403604168,0.8264130434782608
38,810de8977158,gap_down_reversal,"{""family"": ""gap_down_reversal"", ""gap_max"": -0.02, ""min_adv20"": 20000000.0, ""prev_return_max"": 0.0}",,0.04,1.0,3,380746.07262220624,37.074607262220624,0.22458139872933436,0.8859676217185072,-0.5576262883735039,7024,3245,1.5515794124144024,3,False,-0.16753081229928338,15798.50904724591,0.579850904724591,0.16444213047959888,0.7255619123915684,-0.22480620619430358,1180,527,1.558784676354029,3,False,-0.09879523372291543,3319.932034710017,-0.6680067965289983,-0.3082439073647957,-1.0864252301045914,-0.692179834860061,1318,569,1.7480106100795756,3,False,-0.18655403884984126,5718.804324630006,-0.4281195675369994,-0.4306705113934275,-1.9162603875867874,-0.4244174132096815,427,188,1.708,3,False,-0.06526013340740673,-0.16040570932693876,0.826304347826087
39,39765112165e,gap_down_reversal,"{""family"": ""gap_down_reversal"", ""gap_max"": -0.03, ""min_adv20"": 20000000.0, ""prev_return_max"": 0.0}",,0.04,1.0,20,23091.91161573096,1.309191161573096,0.0476889405193448,0.6034947900859725,-0.25755115695648323,7458,2421,1.6474486414844267,20,False,-0.09625183751104043,12008.651086497288,0.20086510864972884,0.06282820592361893,0.7347472482522038,-0.1083719702935535,1508,395,1.9920739762219286,20,False,-0.06188573322794253,7497.198859180533,-0.2502801140819467,-0.09178417295903396,-1.1888460204531697,-0.30534176366619536,1595,438,2.1153846153846154,20,False,-0.03475353461805926,9853.984175752948,-0.014601582424705106,-0.014717531255620697,-0.10575569512132718,-0.0804684399644453,623,146,2.492,20,False,-0.035048109457235736,-0.13125245816623132,0.8245652173913043
40,5afba290676c,relative_weakness_reversal,"{""family"": ""relative_weakness_reversal"", ""gap_max"": -0.03, ""min_adv20"": 50000000.0, ""mom3_max"": -0.05, ""prev_return_percentile_max"": 0.2}",0.02,,1.0,3,28341.226019212583,1.8341226019212584,0.05970342368521231,0.5275302859360511,-0.33428269651670073,1003,606,0.22155953169869672,3,False,-0.022000000000000002,13984.201592746704,0.39842015927467034,0.11810287115020479,0.8380658545254362,-0.09561393086284942,192,105,0.2536327608982827,3,False,-0.022000000000000002,9774.12735298287,-0.022587264701712906,-0.00760654424026197,-0.002126208140402741,-0.17713424187219817,184,122,0.2440318302387268,3,False,-0.022000000000000002,10892.197367502398,0.08921973675023986,0.08996468308806227,0.6432235576784033,-0.08948554488355809,72,44,0.288,3,False,-0.022000000000000002,-0.31053556858938514,0.8237228260869567
41,aeb583bdb7a4,gap_down_reversal,"{""family"": ""gap_down_reversal"", ""gap_max"": -0.03, ""min_adv20"": 20000000.0, ""prev_return_max"": 0.0}",,0.08,4.0,10,1114095.7135863842,110.40957135863842,0.3000019274305441,0.7423802793227325,-0.8776868501010195,6477,2421,1.4307488402915838,10,False,-0.5032268960991043,29084.468275371757,1.9084468275371758,0.42675546063570224,0.8854664424536391,-0.43416428411346863,1195,395,1.5785997357992074,10,False,-0.23287056104162182,834.0982783848139,-0.9165901721615186,-0.564034713006689,-1.1823284342916622,-0.9387088244268375,1436,438,1.9045092838196287,10,False,-0.22386484661980952,8553.119065208206,-0.14468809347917944,-0.1457568324552735,0.1249359198028769,-0.4712021651526809,531,146,2.124,10,False,-0.196373005517203,-0.1430861631309066,0.8227173913043477
42,16968da02607,gap_down_reversal,"{""family"": ""gap_down_reversal"", ""gap_max"": -0.03, ""min_adv20"": 20000000.0, ""prev_return_max"": -0.03}",,,1.0,3,93072.2508420161,8.30722508420161,0.13221876915630548,0.5792026976395354,-0.4380665187304662,1506,852,0.3326706428098078,3,False,-0.20726884556817846,18676.013824475405,0.8676013824475406,0.23114330129643057,1.0722927920849115,-0.1721442382356595,250,141,0.33025099075297226,3,False,-0.09879523372291543,9662.307462014638,-0.033769253798536236,-0.011415584244177213,0.07814786595729294,-0.37985963104132403,248,153,0.32891246684350134,3,False,-0.11442184964845863,12193.168224070292,0.2193168224070292,0.22125259106849637,0.9095016896869886,-0.12815741881938914,101,56,0.404,3,False,-0.049942385373192066,-0.4930900944453761,0.8224456521739131
43,aeb583bdb7a4,gap_down_reversal,"{""family"": ""gap_down_reversal"", ""gap_max"": -0.03, ""min_adv20"": 20000000.0, ""prev_return_max"": 0.0}",,0.08,2.0,5,252388.8737105238,24.23888737105238,0.1968718306859858,0.636668023496901,-0.667793375531446,5431,2421,1.1996907444223548,5,False,-0.3086769803640927,20034.229870333013,1.0034229870333014,0.26025376398130673,0.7654746904899496,-0.320581952612794,945,395,1.2483487450462352,5,False,-0.14093375746041542,1736.987978245433,-0.8263012021754568,-0.442908174078943,-1.1421984603682733,-0.8495030068913284,1164,438,1.5437665782493368,5,False,-0.22386484661980952,7671.439431625947,-0.2328560568374053,-0.23448117427245685,-0.36044163358716597,-0.4031549615928445,405,146,1.62,5,False,-0.11805551036661618,-0.12880666699304866,0.8220652173913044
44,39765112165e,gap_down_reversal,"{""family"": ""gap_down_reversal"", ""gap_max"": -0.03, ""min_adv20"": 20000000.0, ""prev_return_max"": 0.0}",,0.04,3.0,10,269527.974882241,25.9527974882241,0.20125718832367467,0.7058966846421071,-0.7393073760048747,6477,2421,1.4307488402915838,10,False,-0.31885786471639743,21290.702221399097,1.1290702221399096,0.28603310557258577,0.8945520475338474,-0.3490319132441875,1195,395,1.5785997357992074,10,False,-0.13467476493358843,1508.4449992389193,-0.8491555000761081,-0.46856497858225454,-1.504313304285819,-0.8760454396957894,1436,438,1.9045092838196287,10,False,-0.16789863496485716,8596.972287237932,-0.14030277127620683,-0.1413418607185709,-0.15826569865987022,-0.3026275482496784,531,146,2.124,10,False,-0.1230065790178088,-0.18865536289174034,0.8219021739130435
45,16968da02607,gap_down_reversal,"{""family"": ""gap_down_reversal"", ""gap_max"": -0.03, ""min_adv20"": 20000000.0, ""prev_return_max"": -0.03}",,,3.0,10,437436.59343523014,42.743659343523014,0.23407963930245868,0.6500300923952478,-0.7998245629800016,2333,852,0.5153523304616744,10,False,-0.44086833913440254,20650.729543238656,1.0650729543238655,0.27303337402578554,0.8303607975837322,-0.32819092431976105,463,141,0.6116248348745046,10,False,-0.17197277713369236,10402.497233842165,0.04024972338421651,0.013275842917568115,0.19444500836706066,-0.4554441897685466,354,153,0.46949602122015915,10,False,-0.12122378267098881,17440.036252513597,0.7440036252513598,0.7517808015516438,1.5016342779857852,-0.11372527420066914,145,56,0.58,10,False,-0.04494814683587286,-0.18033070518848437,0.8214945652173912
46,08f00ed65665,gap_down_reversal,"{""family"": ""gap_down_reversal"", ""gap_max"": -0.02, ""min_adv20"": 20000000.0, ""prev_return_max"": 0.0}",,0.08,1.5,5,496614.1796984102,48.66141796984102,0.24282679181153388,0.7746146376445985,-0.5958093309669477,9080,3245,2.0057433178705546,5,False,-0.23150773527306953,17073.130635902988,0.7073130635902987,0.19491063255461705,0.6812603444043603,-0.24875694264336634,1567,527,2.07001321003963,5,False,-0.10570031809531158,2105.0403882041505,-0.789495961179585,-0.405951656467444,-1.2089290464480773,-0.7917492178469723,1813,569,2.4045092838196287,5,False,-0.18388724107889023,7092.163273539182,-0.29078367264608174,-0.292730459470363,-0.7604842780258226,-0.3278564760001653,582,188,2.328,5,False,-0.08854163277496215,-0.09335429324023814,0.8211684782608696
47,aeb583bdb7a4,gap_down_reversal,"{""family"": ""gap_down_reversal"", ""gap_max"": -0.03, ""min_adv20"": 20000000.0, ""prev_return_max"": 0.0}",,0.08,3.0,20,183127.14810282853,17.312714810282852,0.1756888476957832,0.6493817936179357,-0.6818034643558986,7458,2421,1.6474486414844267,20,False,-0.33894237930953874,17441.58795398888,0.7441587953988882,0.20343405041468254,0.7079096743660979,-0.30139335232349596,1508,395,1.9920739762219286,20,False,-0.23104049383421735,4866.73873595677,-0.513326126404323,-0.2139150618589334,-0.6728844386392929,-0.6397148745000865,1595,438,2.1153846153846154,20,False,-0.10426060385417779,10213.10719937402,0.02131071993740208,0.021483024048520205,0.2367399360663444,-0.26812882790836257,623,146,2.492,20,False,-0.11728091593175394,-0.058527880748162175,0.8191576086956522
48,5afba290676c,relative_weakness_reversal,"{""family"": ""relative_weakness_reversal"", ""gap_max"": -0.03, ""min_adv20"": 50000000.0, ""mom3_max"": -0.05, ""prev_return_percentile_max"": 0.2}",0.02,,1.5,3,43383.992843538785,3.338399284353878,0.08511954896779406,0.5275302859360511,-0.4614170404499317,1003,606,0.22155953169869672,3,False,-0.033,16180.788480474936,0.6180788480474935,0.17374709507923147,0.8380658545254361,-0.1410976581653124,192,105,0.2536327608982827,3,False,-0.033,9511.8624746144,-0.04881375253856002,-0.016586942389760884,-0.0021262081404028977,-0.25738831552665786,184,122,0.2440318302387268,3,False,-0.033,11281.838195990984,0.1281838195990983,0.12927289881093484,0.643223557678403,-0.13203223117528629,72,44,0.288,3,False,-0.033,-0.310535568589385,0.818695652173913
49,39765112165e,gap_down_reversal,"{""family"": ""gap_down_reversal"", ""gap_max"": -0.03, ""min_adv20"": 20000000.0, ""prev_return_max"": 0.0}",,0.04,1.5,20,33461.76728327721,2.3461767283277206,0.06954617705719479,0.6034947900859726,-0.3720836649968684,7458,2421,1.6474486414844267,20,False,-0.14437775626656063,13043.747441910838,0.3043747441910838,0.09248792305242293,0.7347472482522037,-0.1609715694134406,1508,395,1.9920739762219286,20,False,-0.0928285998419138,6446.5986609197635,-0.35534013390802366,-0.13647491172751836,-1.188846020453169,-0.42429656036513286,1595,438,2.1153846153846154,20,False,-0.052130301927088896,9748.108536627375,-0.025189146337262547,-0.02538807965199208,-0.10575569512132726,-0.11972701219945026,623,146,2.492,20,False,-0.05257216418585361,-0.1312524581662311,0.8169836956521739
50,5afba290676c,relative_weakness_reversal,"{""family"": ""relative_weakness_reversal"", ""gap_max"": -0.03, ""min_adv20"": 50000000.0, ""mom3_max"": -0.05, ""prev_return_percentile_max"": 0.2}",0.02,,4.0,5,176526.19203852603,16.652619203852602,0.1732886872480548,0.5973662207212764,-0.71155327607005,1208,606,0.2668433841396068,5,False,-0.088,27742.425080740082,1.7742425080740083,0.40449331185585935,0.9307275720585323,-0.2658290056065118,254,105,0.33553500660501984,5,False,-0.088,10404.943918571795,0.0404943918571794,0.013355488792166526,0.21122880468718738,-0.39822217175892605,215,122,0.28514588859416445,5,False,-0.088,12721.836912942423,0.27218369129424236,0.27463612384277036,0.7327052933298395,-0.26472247589083164,84,44,0.336,5,False,-0.088,-0.33336135133725586,0.816875
51,16968da02607,gap_down_reversal,"{""family"": ""gap_down_reversal"", ""gap_max"": -0.03, ""min_adv20"": 20000000.0, ""prev_return_max"": -0.03}",,,1.5,5,163753.63506629772,15.375363506629771,0.16839356987804255,0.6186342736707998,-0.5120214804490566,1844,852,0.4073337751270157,5,False,-0.3400932097111317,19302.23289806821,0.930223289806821,0.24473457824525546,0.9707476838243395,-0.25901110014325,321,141,0.4240422721268164,5,False,-0.1193889057929249,9600.504542253746,-0.039949545774625395,-0.013533448559278849,0.07569123812335002,-0.4204974019879879,292,153,0.38726790450928383,5,False,-0.12122378267098881,14085.835902808329,0.4085835902808328,0.412449358242891,1.3495076989200707,-0.11372527420066958,120,56,0.48,5,False,-0.04494814683587286,-0.3521134101535397,0.813125
52,5afba290676c,relative_weakness_reversal,"{""family"": ""relative_weakness_reversal"", ""gap_max"": -0.03, ""min_adv20"": 50000000.0, ""mom3_max"": -0.05, ""prev_return_percentile_max"": 0.2}",0.02,,2.0,3,62568.22431726748,5.256822431726748,0.10746455544120415,0.5275302859360511,-0.5667178458223837,1003,606,0.22155953169869672,3,False,-0.044000000000000004,18469.820916376295,0.8469820916376294,0.22660169952515474,0.8380658545254362,-0.18504150940197972,192,105,0.2536327608982827,3,False,-0.044000000000000004,9165.230063159877,-0.08347699368401229,-0.028712830489589947,-0.002126208140402741,-0.3321004457209944,184,122,0.2440318302387268,3,False,-0.044000000000000004,11630.96012144704,0.16309601214470404,0.1645026769287674,0.6432235576784033,-0.1731428560064674,72,44,0.288,3,False,-0.044000000000000004,-0.31053556858938514,0.8130706521739132
53,59b1c0c0d28c,strength_pullback,"{""family"": ""strength_pullback"", ""gap_max"": -0.05, ""min_adv20"": 20000000.0, ""mom3_min"": null, ""prev_return_min"": 0.03}",0.02,0.08,4.0,20,24591.18137814086,1.459118137814086,0.0513640607382877,0.5045299575467331,-0.15212954047185745,930,405,0.20543406229290923,20,False,-0.06926035411855273,15009.209981860959,0.5009209981860958,0.14474376836159153,0.7099618527865028,-0.08736322824520681,250,67,0.33025099075297226,20,False,-0.037582934872119354,9882.687239913934,-0.011731276008606573,-0.003936209995527351,-0.07276009945497515,-0.05198123925813136,106,69,0.14058355437665782,10,False,-0.0132,8164.997684755025,-0.18350023152449746,-0.1848233814400344,-1.7160731593797838,-0.19916159748872897,66,23,0.264,20,False,-0.0836,-0.20543189523976968,0.8097554347826088
54,39765112165e,gap_down_reversal,"{""family"": ""gap_down_reversal"", ""gap_max"": -0.03, ""min_adv20"": 20000000.0, ""prev_return_max"": 0.0}",,0.04,4.0,10,469780.42073568347,45.978042073568346,0.2389897366440823,0.7058966846421072,-0.8604306611788036,6477,2421,1.4307488402915838,10,False,-0.42514381962186326,25229.618280406637,1.5229618280406636,0.360796712438473,0.8945520475338474,-0.4482794387113981,1195,395,1.5785997357992074,10,False,-0.17956635324478457,725.6198958643175,-0.9274380104135682,-0.5838699644584516,-1.5043133042858197,-0.9434675435005485,1436,438,1.9045092838196287,10,False,-0.22386484661980952,7864.071578324714,-0.2135928421675286,-0.21510305732203994,-0.15826569865987034,-0.392081421009832,531,146,2.124,10,False,-0.1640087720237451,-0.18865536289174023,0.8094021739130436
55,39765112165e,gap_down_reversal,"{""family"": ""gap_down_reversal"", ""gap_max"": -0.03, ""min_adv20"": 20000000.0, ""prev_return_max"": 0.0}",,0.04,2.0,20,46939.63564435698,3.6939635644356983,0.08988815435397868,0.6034947900859725,-0.48179253095537744,7458,2421,1.6474486414844267,20,False,-0.19250367502208085,14084.09176347818,0.4084091763478179,0.12075527480491521,0.7347472482522038,-0.21236964484522491,1508,395,1.9920739762219286,20,False,-0.12377146645588506,5517.480612189839,-0.4482519387810161,-0.18024276304461095,-1.1888460204531697,-0.5247009396492459,1595,438,2.1153846153846154,20,False,-0.06950706923611852,9621.170301739936,-0.03788296982600636,-0.038180173299773634,-0.10575569512132718,-0.15828372470619412,623,146,2.492,20,False,-0.07009621891447147,-0.13125245816623132,0.8091847826086956
56,810de8977158,gap_down_reversal,"{""family"": ""gap_down_reversal"", ""gap_max"": -0.02, ""min_adv20"": 20000000.0, ""prev_return_max"": 0.0}",,0.04,3.0,10,274485.2236224108,26.44852236224108,0.20247651382642728,0.6475932247721956,-0.7980310559230982,11830,3245,2.613209631102275,10,False,-0.31885786471639743,19253.826297376945,0.9253826297376946,0.24369455729179546,0.7210540554134905,-0.37698268643056576,2074,527,2.739762219286658,10,False,-0.15137406130852274,1238.710977392638,-0.8761289022607363,-0.5024294238981624,-1.2756125366239677,-0.9004524574229029,2540,569,3.3687002652519893,10,False,-0.18388724107889023,8729.337506344598,-0.12706624936554012,-0.12801475661769735,-0.08155598794892843,-0.364674879813387,815,188,3.26,10,False,-0.1230065790178088,-0.07346083064129494,0.8086684782608695
57,5afba290676c,relative_weakness_reversal,"{""family"": ""relative_weakness_reversal"", ""gap_max"": -0.03, ""min_adv20"": 50000000.0, ""mom3_max"": -0.05, ""prev_return_percentile_max"": 0.2}",0.02,,1.0,10,20196.044572000832,1.0196044572000833,0.039903299579272744,0.5928369939835153,-0.1545814651488926,1473,606,0.32538104705102716,10,False,-0.022,11508.630755298496,0.15086307552984968,0.04788674754853073,0.6152369144218486,-0.09811443047255808,354,105,0.4676354029062087,10,False,-0.022,9952.497691803726,-0.004750230819627332,-0.0015901274477010396,0.015825748974901948,-0.10004088343638184,275,122,0.3647214854111406,10,False,-0.022,10226.941889637972,0.022694188963797268,0.022877803651818462,0.3796087767426771,-0.059585781759237455,107,44,0.428,10,False,-0.022,-0.022399920438333276,0.8086413043478261
58,810de8977158,gap_down_reversal,"{""family"": ""gap_down_reversal"", ""gap_max"": -0.02, ""min_adv20"": 20000000.0, ""prev_return_max"": 0.0}",,0.04,1.5,3,1396849.59777615,138.684959777615,0.31647285554686766,0.8859676217185072,-0.7194713395866357,7024,3245,1.5515794124144024,3,False,-0.2512962184489251,18424.69828713652,0.8424698287136521,0.22560332342991418,0.7255619123915683,-0.32959376221552117,1180,527,1.558784676354029,3,False,-0.14819285058437315,1716.894008970634,-0.8283105991029366,-0.4450704192430782,-1.0864252301045916,-0.8466368052878046,1318,569,1.7480106100795756,3,False,-0.2798310582747619,4200.525196241191,-0.5799474803758808,-0.5828521372186046,-1.9162603875867872,-0.5758122715581214,427,188,1.708,3,False,-0.0978902001111101,-0.16040570932693887,0.8082336956521738
59,59b1c0c0d28c,strength_pullback,"{""family"": ""strength_pullback"", ""gap_max"": -0.05, ""min_adv20"": 20000000.0, ""mom3_min"": null, ""prev_return_min"": 0.03}",0.02,0.08,3.0,20,20000.317145580953,1.0000317145580953,0.03933970908708506,0.5045299575467329,-0.11608316831781695,930,405,0.20543406229290923,20,False,-0.051945265588914546,13709.366555774539,0.3709366555774538,0.11073927718502308,0.7099618527865029,-0.0661827804979509,250,67,0.33025099075297226,20,False,-0.028187201154089514,9916.743292356236,-0.008325670764376403,-0.0027903328286820184,-0.07276009945497555,-0.03919014509234564,106,69,0.14058355437665782,10,False,-0.0099,8601.122796876738,-0.1398877203123262,-0.14092399421267987,-1.7160731593797836,-0.1523065272704347,66,23,0.264,20,False,-0.0627,-0.20543189523977,0.807907608695652
60,16968da02607,gap_down_reversal,"{""family"": ""gap_down_reversal"", ""gap_max"": -0.03, ""min_adv20"": 20000000.0, ""prev_return_max"": -0.03}",,,4.0,10,588503.3222273366,57.850332222733655,0.254627638119602,0.6500300923952478,-0.9116946398245583,2333,852,0.5153523304616744,10,False,-0.5878244521792034,24123.17165935564,1.4123171659355642,0.34063247887082126,0.8303607975837323,-0.4318795716238172,463,141,0.6116248348745046,10,False,-0.22929703617825647,9887.146728960694,-0.011285327103930598,-0.0037860130254984137,0.1944450083670606,-0.572046430617035,354,153,0.46949602122015915,10,False,-0.1616317102279851,20372.086924882504,1.0372086924882504,1.0488388695044466,1.5016342779857852,-0.15015851920220724,145,56,0.58,10,False,-0.05993086244783048,-0.18033070518848449,0.8060326086956523
61,d3fb518fbd7b,gap_down_reversal,"{""family"": ""gap_down_reversal"", ""gap_max"": -0.08, ""min_adv20"": 20000000.0, ""prev_return_max"": -0.03}",,0.08,1.5,10,20428.64868246952,1.042864868246952,0.040566406352854134,0.5660058516355271,-0.13613903944688444,353,228,0.07797658493483543,10,False,-0.0932709805056803,11734.720733506141,0.1734720733506141,0.05469526174409567,0.6105271361154173,-0.08402243156436451,77,31,0.10171730515191546,10,False,-0.06120579722918745,10501.66063564918,0.05016606356491793,0.01649392864683974,0.3408774214638033,-0.04716324026382934,65,43,0.08620689655172414,6,False,-0.03300298125933332,10143.354956022917,0.014335495602291637,0.014451004269057766,0.409024186491837,-0.0284340032888315,22,18,0.088,3,False,-0.01250856021722277,-0.04452128447989023,0.8057608695652174
62,d3fb518fbd7b,gap_down_reversal,"{""family"": ""gap_down_reversal"", ""gap_max"": -0.08, ""min_adv20"": 20000000.0, ""prev_return_max"": -0.03}",,0.08,2.0,10,25382.025408501635,1.5382025408501634,0.05321821439998442,0.566005851635527,-0.17805937365146973,353,228,0.07797658493483543,10,False,-0.12436130734090707,12308.373367216414,0.23083733672164142,0.07158633995455355,0.6105271361154174,-0.11136877211551088,77,31,0.10171730515191546,10,False,-0.0816077296389166,10655.484647429494,0.0655484647429494,0.02144608621692501,0.3408774214638033,-0.06277009178068826,65,43,0.08620689655172414,6,False,-0.04400397501244443,10188.584045633263,0.018858404563326214,0.019010696879208977,0.40902418649183714,-0.03782549837725624,22,18,0.088,3,False,-0.01667808028963036,-0.044521284479890455,0.8052173913043479
63,08f00ed65665,gap_down_reversal,"{""family"": ""gap_down_reversal"", ""gap_max"": -0.02, ""min_adv20"": 20000000.0, ""prev_return_max"": 0.0}",,0.08,2.0,5,1041852.5458459314,103.18525458459314,0.29515936787026775,0.7746146376445984,-0.7161421226486686,9080,3245,2.0057433178705546,5,False,-0.3086769803640927,18823.908430364983,0.8823908430364984,0.23438026469321072,0.6812603444043601,-0.33703759208062833,1567,527,2.07001321003963,5,False,-0.14093375746041542,1136.0291333093683,-0.8863970866690631,-0.5166133816948333,-1.2089290464480777,-0.8876100091801165,1813,569,2.4045092838196287,5,False,-0.24518298810518696,6142.122191299462,-0.3857877808700537,-0.3881781263759795,-0.760484278025823,-0.41451086699281614,582,188,2.328,5,False,-0.11805551036661618,-0.09335429324023825,0.8051086956521739
64,08f00ed65665,gap_down_reversal,"{""family"": ""gap_down_reversal"", ""gap_max"": -0.02, ""min_adv20"": 20000000.0, ""prev_return_max"": 0.0}",,0.08,3.0,10,311264.13340358,30.126413340358,0.2109230032269478,0.627603749653276,-0.8385608113672846,11830,3245,2.613209631102275,10,False,-0.37742017207432826,21719.774024867696,1.1719774024867697,0.29460348495953426,0.7496510736893178,-0.39397136765094254,2074,527,2.739762219286658,10,False,-0.18832160098524756,1198.3401179136367,-0.8801659882086363,-0.5079090952858742,-1.1259981401479753,-0.906289502275641,2540,569,3.3687002652519893,10,False,-0.18388724107889023,9184.87129844027,-0.08151287015597297,-0.08213743019505737,0.12416733057790907,-0.4201862453985895,815,188,3.26,10,False,-0.14727975413790223,-0.1220473240360418,0.8044836956521739
65,aeb583bdb7a4,gap_down_reversal,"{""family"": ""gap_down_reversal"", ""gap_max"": -0.03, ""min_adv20"": 20000000.0, ""prev_return_max"": 0.0}",,0.08,4.0,20,299736.18754090485,28.973618754090484,0.20838178184013412,0.6493817936179355,-0.8305968474989563,7458,2421,1.6474486414844267,20,False,-0.45192317241271834,19396.690112690103,0.9396690112690103,0.2467590021491839,0.707909674366098,-0.40339696230282374,1508,395,1.9920739762219286,20,False,-0.3080539917789565,3628.558478886507,-0.6371441521113492,-0.28738421585158236,-0.6728844386392928,-0.7537514995493408,1595,438,2.1153846153846154,20,False,-0.13901413847223704,9993.535059203843,-0.0006464940796157004,-0.0006516643466993877,0.23673993606634458,-0.34759206446008306,623,146,2.492,20,False,-0.1563745545756719,-0.05852788074816251,0.8043478260869565
66,39765112165e,gap_down_reversal,"{""family"": ""gap_down_reversal"", ""gap_max"": -0.03, ""min_adv20"": 20000000.0, ""prev_return_max"": 0.0}",,0.04,1.0,5,48541.39283587607,3.8541392835876067,0.09192579677595436,0.5957682714542818,-0.4207926455845816,5431,2421,1.1996907444223548,5,False,-0.15433849018204635,13648.269679634075,0.3648269679634075,0.10908896878046459,0.7118431831959913,-0.1927161098898177,945,395,1.2483487450462352,5,False,-0.06588336889533108,4297.899095059954,-0.5702100904940046,-0.24590196935632125,-1.3517090083427141,-0.6007089520655018,1164,438,1.5437665782493368,5,False,-0.11193242330990476,9202.180308278632,-0.07978196917213687,-0.08039385527595067,-0.3627661869308343,-0.15266061351877547,405,146,1.62,5,False,-0.05537340229078043,-0.11607491174170947,0.8042934782608695
67,d3fb518fbd7b,gap_down_reversal,"{""family"": ""gap_down_reversal"", ""gap_max"": -0.08, ""min_adv20"": 20000000.0, ""prev_return_max"": -0.03}",,0.08,1.0,10,16273.126002435323,0.6273126002435323,0.02747613837505325,0.566005851635527,-0.09252211154160717,353,228,0.07797658493483543,10,False,-0.062180653670453535,11157.032227587171,0.11570322275871714,0.037119082587258045,0.6105271361154174,-0.0563455226947307,77,31,0.10171730515191546,10,False,-0.0408038648194583,10340.898012329377,0.03408980123293759,0.011266506868579995,0.3408774214638033,-0.03149717863578927,65,43,0.08620689655172414,6,False,-0.022001987506222214,10096.835749560663,0.00968357495606642,0.009761420438058721,0.40902418649183714,-0.018999103978220244,22,18,0.088,3,False,-0.00833904014481518,-0.044521284479890455,0.8036413043478261
68,16968da02607,gap_down_reversal,"{""family"": ""gap_down_reversal"", ""gap_max"": -0.03, ""min_adv20"": 20000000.0, ""prev_return_max"": -0.03}",,,1.5,3,170170.10528339905,16.017010528339906,0.1708960822135126,0.5792026976395356,-0.6212992403551415,1506,852,0.3326706428098078,3,False,-0.31090326835226767,24258.06982490401,1.4258069824904012,0.3431235017863312,1.0722927920849117,-0.26329937492753996,250,141,0.33025099075297226,3,False,-0.14819285058437315,8876.861266002787,-0.11231387339972132,-0.03903538429517461,0.07814786595729295,-0.5197152367360071,248,153,0.32891246684350134,3,False,-0.1716327744726879,13181.71189760885,0.318171189760885,0.3210875199743113,0.9095016896869884,-0.18891959230252753,101,56,0.404,3,False,-0.0749135780597881,-0.4930900944453761,0.803070652173913
69,37e8e6129018,relative_weakness_reversal,"{""family"": ""relative_weakness_reversal"", ""gap_max"": -0.03, ""min_adv20"": 50000000.0, ""mom3_max"": -0.05, ""prev_return_percentile_max"": 0.2}",0.06,,1.0,5,34738.66905949335,2.4738669059493352,0.0717781731828322,0.5112564185675321,-0.2324198735999382,1208,606,0.2668433841396068,5,False,-0.062,13549.977006317096,0.35499770063170955,0.10642357859071216,0.793611312786592,-0.12725611803630843,254,105,0.33553500660501984,5,False,-0.062,12622.000799630327,0.26220007996303263,0.08093310024131783,0.5617707594949626,-0.1139020145824392,215,122,0.28514588859416445,5,False,-0.062,11262.699748381823,0.12626997483818236,0.12734189411437424,0.7900676088273487,-0.07332310761615612,84,44,0.336,5,False,-0.0331909064525832,-0.2823548942190599,0.8016304347826086
70,5afba290676c,relative_weakness_reversal,"{""family"": ""relative_weakness_reversal"", ""gap_max"": -0.03, ""min_adv20"": 50000000.0, ""mom3_max"": -0.05, ""prev_return_percentile_max"": 0.2}",0.02,,1.5,10,27861.071962762417,1.7861071962762418,0.05869594713177073,0.5928369939835153,-0.22397725847628092,1473,606,0.32538104705102716,10,False,-0.032999999999999995,12258.984950706095,0.22589849507060955,0.07015303551981389,0.6152369144218485,-0.1452575275333967,354,105,0.4676354029062087,10,False,-0.032999999999999995,9869.757077064232,-0.013024292293576711,-0.004371957131194648,0.015825748974902003,-0.14795279585935917,275,122,0.3647214854111406,10,False,-0.032999999999999995,10326.61960525024,0.032661960525024014,0.03292751184721898,0.3796087767426769,-0.08837556184421946,107,44,0.428,10,False,-0.032999999999999995,-0.022399920438333165,0.8007336956521739
71,16968da02607,gap_down_reversal,"{""family"": ""gap_down_reversal"", ""gap_max"": -0.03, ""min_adv20"": 20000000.0, ""prev_return_max"": -0.03}",,,2.0,5,266307.2364307451,25.63072364307451,0.20045358786450218,0.6186342736708001,-0.6732822022876503,1844,852,0.4073337751270157,5,False,-0.45345761294817566,23003.042540250113,1.3003042540250114,0.3195801913864431,0.9707476838243396,-0.3415649593785758,321,141,0.4240422721268164,5,False,-0.15918520772389985,9070.739798490025,-0.09292602015099749,-0.03207111159418852,0.07569123812335006,-0.5234799899567032,292,153,0.38726790450928383,5,False,-0.1616317102279851,15548.503700004501,0.5548503700004501,0.5603503048572285,1.3495076989200707,-0.15015851920220713,120,56,0.48,5,False,-0.05993086244783048,-0.3521134101535395,0.799945652173913
72,59b1c0c0d28c,strength_pullback,"{""family"": ""strength_pullback"", ""gap_max"": -0.05, ""min_adv20"": 20000000.0, ""mom3_min"": null, ""prev_return_min"": 0.03}",0.02,0.08,2.0,20,16075.408002715445,0.6075408002715446,0.026777196528902314,0.5045299575467331,-0.07873704921876223,930,405,0.20543406229290923,20,False,-0.03463017705927637,12436.746323686952,0.24367463236869513,0.07529400036049094,0.7099618527865028,-0.04456711980265027,250,67,0.33025099075297226,20,False,-0.018791467436059677,9947.680321621432,-0.0052319678378568435,-0.0017516696458025338,-0.07276009945497515,-0.02626350192076421,106,69,0.14058355437665782,10,False,-0.0066,9052.157815375114,-0.09478421846248852,-0.09550507637111871,-1.7160731593797838,-0.10352962811799371,66,23,0.264,20,False,-0.0418,-0.20543189523976968,0.7995108695652174
73,aeb583bdb7a4,gap_down_reversal,"{""family"": ""gap_down_reversal"", ""gap_max"": -0.03, ""min_adv20"": 20000000.0, ""prev_return_max"": 0.0}",,0.08,3.0,5,345027.10218890384,33.502710218890385,0.21788461130553927,0.6366680234969009,-0.8887182495830206,5431,2421,1.1996907444223548,5,False,-0.46301547054613906,23593.668678414826,1.3593668678414828,0.33076387825761033,0.7654746904899496,-0.48357724257410395,945,395,1.2483487450462352,5,False,-0.21140063619062316,577.7907311549016,-0.9422209268845099,-0.6143777826753696,-1.1421984603682733,-0.9520900001293058,1164,438,1.5437665782493368,5,False,-0.3357972699297143,6229.115285659411,-0.3770884714340589,-0.3794428560797294,-0.36044163358716574,-0.5519746225450275,405,146,1.62,5,False,-0.1770832655499243,-0.12880666699304877,0.7969565217391305
74,810de8977158,gap_down_reversal,"{""family"": ""gap_down_reversal"", ""gap_max"": -0.02, ""min_adv20"": 20000000.0, ""prev_return_max"": 0.0}",,0.04,4.0,10,355440.38981375215,34.544038981375216,0.21990212984234803,0.6475932247721959,-0.9052338591786534,11830,3245,2.613209631102275,10,False,-0.42514381962186326,21093.97260050849,1.1093972600508488,0.2820650298656111,0.7210540554134907,-0.48873143341755476,2074,527,2.739762219286658,10,False,-0.20183208174469697,529.2315326245404,-0.947076846737546,-0.6255273945185629,-1.275612536623968,-0.9599864200242576,2540,569,3.3687002652519893,10,False,-0.24518298810518696,7976.505810829029,-0.20234941891709712,-0.2037908074133299,-0.08155598794892863,-0.45725546631475755,815,188,3.26,10,False,-0.1640087720237451,-0.07346083064129472,0.7965760869565218
75,d3fb518fbd7b,gap_down_reversal,"{""family"": ""gap_down_reversal"", ""gap_max"": -0.08, ""min_adv20"": 20000000.0, ""prev_return_max"": -0.03}",,0.08,3.0,10,38021.65733574154,2.802165733574154,0.07717932810093986,0.5660058516355271,-0.25700423892150925,353,228,0.07797658493483543,10,False,-0.1865419610113606,13432.493278983946,0.3432493278983946,0.10322081047332787,0.6105271361154173,-0.16506974826234078,77,31,0.10171730515191546,10,False,-0.1224115944583749,10940.928004061887,0.09409280040618873,0.030510886363712242,0.3408774214638033,-0.09379386759863517,65,43,0.08620689655172414,6,False,-0.06600596251866664,10275.101216534043,0.027510121653404385,0.027733226687741253,0.409024186491837,-0.05647739073082725,22,18,0.088,3,False,-0.02501712043444554,-0.04452128447989023,0.7958695652173913
76,5afba290676c,relative_weakness_reversal,"{""family"": ""relative_weakness_reversal"", ""gap_max"": -0.03, ""min_adv20"": 50000000.0, ""mom3_max"": -0.05, ""prev_return_percentile_max"": 0.2}",0.02,,2.0,10,37735.256899532425,2.7735256899532423,0.07672604437498398,0.5928369939835153,-0.2884853527775665,1473,606,0.32538104705102716,10,False,-0.044,12998.827462710964,0.29988274627109646,0.09123403717680278,0.6152369144218486,-0.1910501789599628,354,105,0.4676354029062087,10,False,-0.044,9751.182686885637,-0.02488173131143634,-0.008385757848801134,0.015825748974901948,-0.19438833199599415,275,122,0.3647214854111406,10,False,-0.044,10416.951834261847,0.04169518342618472,0.04203565979389112,0.3796087767426771,-0.11651007708655514,107,44,0.428,10,False,-0.044,-0.022399920438333276,0.7953804347826087
77,5afba290676c,relative_weakness_reversal,"{""family"": ""relative_weakness_reversal"", ""gap_max"": -0.03, ""min_adv20"": 50000000.0, ""mom3_max"": -0.05, ""prev_return_percentile_max"": 0.2}",0.02,,3.0,3,109844.51055044694,9.984451055044694,0.14270985332245334,0.5275302859360511,-0.7242646401942812,1003,606,0.22155953169869672,3,False,-0.066,23158.31067258755,1.3158310672587552,0.32253862793793187,0.8380658545254361,-0.268352200412429,192,105,0.2536327608982827,3,False,-0.066,8271.800372873382,-0.17281996271266176,-0.06144334725163969,-0.0021262081404028977,-0.4652318138036021,184,122,0.2440318302387268,3,False,-0.066,12201.549209198725,0.22015492091987254,0.22209873789205314,0.643223557678403,-0.25114560435643773,72,44,0.288,3,False,-0.066,-0.310535568589385,0.7948369565217391
78,810de8977158,gap_down_reversal,"{""family"": ""gap_down_reversal"", ""gap_max"": -0.02, ""min_adv20"": 20000000.0, ""prev_return_max"": 0.0}",,0.04,2.0,3,3561762.444997781,355.1762444997781,0.3868867252482091,0.8859676217185072,-0.8278498470000546,7024,3245,1.5515794124144024,3,False,-0.33506162459856675,20418.467122512535,1.0418467122512536,0.2682490074899482,0.7255619123915684,-0.4272723151805238,1180,527,1.558784676354029,3,False,-0.19759046744583086,820.7271944393682,-0.9179272805560632,-0.5663830621277184,-1.0864252301045914,-0.9293463247810078,1318,569,1.7480106100795756,3,False,-0.3731080776996825,3024.2219776621987,-0.6975778022337802,-0.7004574142091331,-1.9162603875867874,-0.693553517975823,427,188,1.708,3,False,-0.13052026681481346,-0.16040570932693876,0.7946739130434783
79,39765112165e,gap_down_reversal,"{""family"": ""gap_down_reversal"", ""gap_max"": -0.03, ""min_adv20"": 20000000.0, ""prev_return_max"": 0.0}",,0.04,1.0,3,65370.098110094856,5.537009811009486,0.11016849438018461,0.5634201491801213,-0.462174372457281,4517,2421,0.9977910315882483,3,False,-0.16753081229928338,14523.22128726922,0.4523221287269219,0.13226901531367674,0.6852841301927333,-0.18259202880432224,763,395,1.0079260237780714,3,False,-0.09879523372291543,3475.4726467653322,-0.6524527353234668,-0.2975768737226321,-1.174066086227366,-0.6741186481652519,930,438,1.23342175066313,3,False,-0.18655403884984126,7334.792785861208,-0.26652072141387917,-0.2683372383486229,-1.1246155148611183,-0.3147277259481833,311,146,1.244,3,False,-0.06526013340740673,-0.12186398101261198,0.7945108695652174
80,39765112165e,gap_down_reversal,"{""family"": ""gap_down_reversal"", ""gap_max"": -0.03, ""min_adv20"": 20000000.0, ""prev_return_max"": 0.0}",,0.04,3.0,20,83536.94697648684,7.3536946976486846,0.1254269163115469,0.6034947900859726,-0.6676324271979767,7458,2421,1.6474486414844267,20,False,-0.28875551253312126,16126.377830006908,0.6126377830006908,0.1724317152283934,0.7347472482522037,-0.3111826230545359,1508,395,1.9920739762219286,20,False,-0.1856571996838276,3985.258982855375,-0.6014741017144625,-0.26469827615114094,-1.188846020453169,-0.6797767814443461,1595,438,2.1153846153846154,20,False,-0.10426060385417779,9307.334294412201,-0.06926657055877983,-0.06980089913261256,-0.10575569512132726,-0.23315249290864948,623,146,2.492,20,False,-0.10514432837170722,-0.1312524581662311,0.7942663043478261
81,59b1c0c0d28c,strength_pullback,"{""family"": ""strength_pullback"", ""gap_max"": -0.05, ""min_adv20"": 20000000.0, ""mom3_min"": null, ""prev_return_min"": 0.03}",0.02,0.08,1.5,20,14345.788117387912,0.4345788117387912,0.02029138998104707,0.5045299575467329,-0.059565275934601924,930,405,0.20543406229290923,20,False,-0.025972632794457273,11812.762335132911,0.18127623351329114,0.05702509135892897,0.7099618527865029,-0.03359373935177956,250,67,0.33025099075297226,20,False,-0.014093600577044757,9961.963515248694,-0.0038036484751305943,-0.0012728589709182225,-0.07276009945497555,-0.019749070368187738,106,69,0.14058355437665782,10,False,-0.00495,9283.347927078199,-0.07166520729218007,-0.07221731196901415,-1.7160731593797836,-0.07840416886996349,66,23,0.264,20,False,-0.03135,-0.20543189523977,0.7935597826086955
82,810de8977158,gap_down_reversal,"{""family"": ""gap_down_reversal"", ""gap_max"": -0.02, ""min_adv20"": 20000000.0, ""prev_return_max"": 0.0}",,0.04,1.0,5,144775.66823052897,13.477566823052896,0.16040952419813048,0.8282410919453698,-0.4331567069248865,9080,3245,2.0057433178705546,5,False,-0.15433849018204635,13815.537879562096,0.38155378795620964,0.11359547403615111,0.645625832158442,-0.18542087383236006,1567,527,2.07001321003963,5,False,-0.06588336889533108,3712.064668625636,-0.6287935331374364,-0.28194456007275637,-1.3536946256101798,-0.6385830759525093,1813,569,2.4045092838196287,5,False,-0.12259149405259348,8284.026171503096,-0.1715973828496904,-0.1728440578775733,-0.8354262711019224,-0.21001030370094487,582,188,2.328,5,False,-0.05537340229078043,-0.18261525978692772,0.7923369565217392
83,37e8e6129018,relative_weakness_reversal,"{""family"": ""relative_weakness_reversal"", ""gap_max"": -0.03, ""min_adv20"": 50000000.0, ""mom3_max"": -0.05, ""prev_return_percentile_max"": 0.2}",0.06,,1.5,5,55933.72382376841,4.593372382376841,0.10057592654177983,0.5112564185675321,-0.3325651624907692,1208,606,0.2668433841396068,5,False,-0.093,15446.019285916396,0.5446019285916397,0.15572821284970484,0.7936113127865921,-0.19209249285587582,254,105,0.33553500660501984,5,False,-0.093,13819.714092706228,0.3819714092706228,0.11418483986803407,0.5617707594949626,-0.17148008684635363,215,122,0.28514588859416445,5,False,-0.093,11840.481285467386,0.18404812854673858,0.18564946742282107,0.7900676088273487,-0.10846763315944541,84,44,0.336,5,False,-0.049786359678874806,-0.28235489421906,0.791983695652174
84,30a224c68ce7,relative_weakness_reversal,"{""family"": ""relative_weakness_reversal"", ""gap_max"": -0.03, ""min_adv20"": 20000000.0, ""mom3_max"": -0.05, ""prev_return_percentile_max"": 0.1}",,0.08,1.0,3,23991.50771423793,1.399150771423793,0.049920183513114,0.3529284328299536,-0.4249011250362088,1018,628,0.22487298431632427,3,False,-0.20726884556817846,18010.25211828562,0.8010252118285621,0.2163561348661034,1.2155066694554693,-0.10172530935398527,173,95,0.2285336856010568,3,False,-0.10172530935398527,10950.786888096285,0.09507868880962844,0.030821145906277714,0.2637419532769868,-0.19935382589217832,169,115,0.22413793103448276,3,False,-0.13695356385462784,10691.64776246816,0.06916477624681594,0.06973695606613961,0.5020738912043549,-0.09455173023090957,63,41,0.252,3,False,-0.04421412965645236,-0.8625782366255157,0.7889130434782609
85,d3fb518fbd7b,gap_down_reversal,"{""family"": ""gap_down_reversal"", ""gap_max"": -0.08, ""min_adv20"": 20000000.0, ""prev_return_max"": -0.03}",,0.08,4.0,10,54773.89460630802,4.4773894606308025,0.09929294851429415,0.566005851635527,-0.32973700778873216,353,228,0.07797658493483543,10,False,-0.24872261468181414,14506.370340024549,0.4506370340024548,0.13183150952605538,0.6105271361154174,-0.21744845113522027,77,31,0.10171730515191546,10,False,-0.1632154592778332,11194.557184096355,0.11945571840963543,0.03843417009166372,0.3408774214638033,-0.12454438556515779,65,43,0.08620689655172414,6,False,-0.08800795002488886,10356.250024125504,0.0356250024125504,0.03591506037438719,0.40902418649183714,-0.07495304769630617,22,18,0.088,3,False,-0.03335616057926072,-0.044521284479890455,0.7885326086956522
86,39765112165e,gap_down_reversal,"{""family"": ""gap_down_reversal"", ""gap_max"": -0.03, ""min_adv20"": 20000000.0, ""prev_return_max"": 0.0}",,0.04,1.5,5,86552.22147056712,7.655222147056712,0.1276505422181371,0.5957682714542815,-0.5790215876364861,5431,2421,1.1996907444223548,5,False,-0.23150773527306953,15462.262239861691,0.546226223986169,0.15613265512440888,0.711843183195991,-0.2838173648528578,945,395,1.2483487450462352,5,False,-0.09882505334299663,2693.5722160963833,-0.7306427783903617,-0.35493147314356877,-1.3517090083427143,-0.7576924447463067,1164,438,1.5437665782493368,5,False,-0.16789863496485716,8716.175623505374,-0.12838243764946256,-0.12934002483376483,-0.3627661869308345,-0.22400917613907312,405,146,1.62,5,False,-0.08306010343617064,-0.11607491174170959,0.7883967391304347
87,08f00ed65665,gap_down_reversal,"{""family"": ""gap_down_reversal"", ""gap_max"": -0.02, ""min_adv20"": 20000000.0, ""prev_return_max"": 0.0}",,0.08,4.0,10,269110.69657480385,25.911069657480386,0.2011535869108838,0.627603749653276,-0.9470368977463134,11830,3245,2.613209631102275,10,False,-0.5032268960991043,23550.519460374133,1.3550519460374133,0.3299532005421988,0.7496510736893177,-0.5204878557008901,2074,527,2.739762219286658,10,False,-0.25109546798033006,492.8899399333716,-0.9507110060066628,-0.6343259438254619,-1.1259981401479753,-0.9637568696332288,2540,569,3.3687002652519893,10,False,-0.24518298810518696,8347.721370410953,-0.16522786295890468,-0.1664330474250223,0.12416733057790902,-0.5214462810630776,815,188,3.26,10,False,-0.196373005517203,-0.12204732403604168,0.7871739130434783
88,aeb583bdb7a4,gap_down_reversal,"{""family"": ""gap_down_reversal"", ""gap_max"": -0.03, ""min_adv20"": 20000000.0, ""prev_return_max"": 0.0}",,0.08,4.0,5,180685.82543774106,17.068582543774106,0.17481082904377643,0.636668023496901,-0.9760869323907065,5431,2421,1.1996907444223548,5,False,-0.6173539607281854,24579.813726183787,1.4579813726183786,0.34902773073139914,0.7654746904899496,-0.6294770391280575,945,395,1.2483487450462352,5,False,-0.28186751492083084,162.665949715853,-0.9837334050284147,-0.7475449704894275,-1.1421984603682733,-0.9868598164826917,1164,438,1.5437665782493368,5,False,-0.44772969323961903,4807.457409000349,-0.5192542590999651,-0.5220628726418809,-0.36044163358716597,-0.6706695995925619,405,146,1.62,5,False,-0.23611102073323237,-0.12880666699304866,0.7865217391304348
89,16968da02607,gap_down_reversal,"{""family"": ""gap_down_reversal"", ""gap_max"": -0.03, ""min_adv20"": 20000000.0, ""prev_return_max"": -0.03}",,,2.0,3,220164.55140602734,21.016455140602734,0.1878056365194638,0.5792026976395354,-0.7625239777433283,1506,852,0.3326706428098078,3,False,-0.4145376911363569,30471.35480146245,2.047135480146245,0.4490526997581685,1.0722927920849115,-0.3543449438687094,250,141,0.33025099075297226,3,False,-0.19759046744583086,7806.891453811962,-0.21931085461880384,-0.07941411362123962,0.07814786595729294,-0.6324650417993565,248,153,0.32891246684350134,3,False,-0.22884369929691725,14065.813987503081,0.4065813987503082,0.4104256218456832,0.9095016896869886,-0.247359744737776,101,56,0.404,3,False,-0.09988477074638413,-0.4930900944453761,0.7846739130434782
90,59b1c0c0d28c,strength_pullback,"{""family"": ""strength_pullback"", ""gap_max"": -0.05, ""min_adv20"": 20000000.0, ""mom3_min"": null, ""prev_return_min"": 0.03}",0.02,0.08,1.0,20,12761.719471634291,0.2761719471634292,0.013667544678187538,0.5045299575467331,-0.040054926925823575,930,405,0.20543406229290923,20,False,-0.017315088529638183,11198.103378813166,0.11981033788131668,0.038388454774250125,0.7099618527865028,-0.022508729671634753,250,67,0.33025099075297226,20,False,-0.009395733718029839,9975.448416565234,-0.002455158343476649,-0.0008212284574415918,-0.07276009945497515,-0.01320041696770946,106,69,0.14058355437665782,10,False,-0.0033,9518.3632385703,-0.04816367614297001,-0.048539479722315204,-1.7160731593797838,-0.05277854746521726,66,23,0.264,20,False,-0.0209,-0.20543189523976968,0.7840217391304348
91,37e8e6129018,relative_weakness_reversal,"{""family"": ""relative_weakness_reversal"", ""gap_max"": -0.03, ""min_adv20"": 50000000.0, ""mom3_max"": -0.05, ""prev_return_percentile_max"": 0.2}",0.06,,1.0,3,37070.605085855546,2.707060508585555,0.07566145907770006,0.45399130211812233,-0.3145947786793223,1003,606,0.22155953169869672,3,False,-0.062,13858.582450599222,0.38585824505992217,0.11474927770132082,0.7527294044636188,-0.12054402556990473,192,105,0.2536327608982827,3,False,-0.062,12242.968076455587,0.2242968076455587,0.06997413510629413,0.4079442041294534,-0.22122510458367672,184,122,0.2440318302387268,3,False,-0.062,10819.181879146046,0.0819181879146047,0.08259988611179625,0.46067952745119867,-0.11996102390136865,72,44,0.288,3,False,-0.04244024965298251,-0.29873810234549647,0.783913043478261
92,39765112165e,gap_down_reversal,"{""family"": ""gap_down_reversal"", ""gap_max"": -0.03, ""min_adv20"": 20000000.0, ""prev_return_max"": 0.0}",,0.04,4.0,20,129134.6087163571,11.91346087163571,0.15304778175360223,0.6034947900859725,-0.8046413940265006,7458,2421,1.6474486414844267,20,False,-0.3850073500441617,18015.877592619436,0.8015877592619436,0.21648259671440018,0.7347472482522038,-0.40414309102813284,1508,395,1.9920739762219286,20,False,-0.24754293291177012,2824.5251279194395,-0.7175474872080561,-0.3446152149935119,-1.1888460204531697,-0.7876418666234898,1595,438,2.1153846153846154,20,False,-0.13901413847223704,8919.954529091476,-0.10800454709085239,-0.10881977389902286,-0.10575569512132718,-0.30482181180085266,623,146,2.492,20,False,-0.14019243782894295,-0.13125245816623132,0.7826086956521738
93,5afba290676c,relative_weakness_reversal,"{""family"": ""relative_weakness_reversal"", ""gap_max"": -0.03, ""min_adv20"": 50000000.0, ""mom3_max"": -0.05, ""prev_return_percentile_max"": 0.2}",0.02,,3.0,10,65734.0463523696,5.573404635236959,0.11051165731609847,0.5928369939835153,-0.4039149951833001,1473,606,0.32538104705102716,10,False,-0.06599999999999999,14422.869211851654,0.44228692118516544,0.12965852947965129,0.6152369144218485,-0.2784109112281431,354,105,0.4676354029062087,10,False,-0.06599999999999999,9417.679399334074,-0.05823206006659254,-0.01985214038484595,0.015825748974902003,-0.28267767280753076,275,122,0.3647214854111406,10,False,-0.06599999999999999,10569.246656063997,0.05692466560639975,0.057392889107240386,0.3796087767426769,-0.17085331482310973,107,44,0.428,10,False,-0.06599999999999999,-0.022399920438333165,0.7818750000000001
94,7bbe6d4eb49d,relative_weakness_reversal,"{""family"": ""relative_weakness_reversal"", ""gap_max"": -0.03, ""min_adv20"": 20000000.0, ""mom3_max"": -0.05, ""prev_return_percentile_max"": 0.2}",0.02,0.08,1.0,5,17994.78911370164,0.7994789113701641,0.03324425837620093,0.46041336527587357,-0.23245091340156532,1392,695,0.3074884029158383,5,False,-0.022,12439.417183635382,0.24394171836353817,0.07537086827820128,0.7692814850506327,-0.0976076305092951,254,105,0.33553500660501984,5,False,-0.022,9471.168618504025,-0.05288313814959744,-0.017995089389021834,-0.18405482743432316,-0.12411298825750505,216,122,0.2864721485411141,5,False,-0.022,10278.573628412436,0.027857362841243516,0.02808332227853194,0.3655973919434757,-0.07173510176950548,84,44,0.336,5,False,-0.022,-0.3088681197747591,0.7814673913043478
95,08f00ed65665,gap_down_reversal,"{""family"": ""gap_down_reversal"", ""gap_max"": -0.02, ""min_adv20"": 20000000.0, ""prev_return_max"": 0.0}",,0.08,3.0,5,1898421.858666577,188.8421858666577,0.3391493613541847,0.7746146376445985,-0.8915671574192732,9080,3245,2.0057433178705546,5,False,-0.46301547054613906,20282.826492345328,1.0282826492345327,0.26543813810677097,0.6812603444043603,-0.5068642646542618,1567,527,2.07001321003963,5,False,-0.21140063619062316,283.1583899383659,-0.9716841610061634,-0.6961626656869665,-1.2089290464480773,-0.9721358163760326,1813,569,2.4045092838196287,5,False,-0.36777448215778047,4409.0023620824295,-0.5590997637917571,-0.5619788771503264,-0.7604842780258226,-0.5673983655355377,582,188,2.328,5,False,-0.1770832655499243,-0.09335429324023814,0.7813858695652174
96,5afba290676c,relative_weakness_reversal,"{""family"": ""relative_weakness_reversal"", ""gap_max"": -0.03, ""min_adv20"": 50000000.0, ""mom3_max"": -0.05, ""prev_return_percentile_max"": 0.2}",0.02,,4.0,3,155820.77658479701,14.582077658479701,0.1651683744254251,0.5275302859360511,-0.8284169675873451,1003,606,0.22155953169869672,3,False,-0.08800000000000001,27678.044918229953,1.7678044918229951,0.4034074653051407,0.8380658545254362,-0.34565525830765453,192,105,0.2536327608982827,3,False,-0.08800000000000001,7203.168710415255,-0.27968312895847447,-0.10384756655032257,-0.002126208140402741,-0.57763084589379,184,122,0.2440318302387268,3,False,-0.08800000000000001,12595.901140462156,0.25959011404621557,0.26191783196469554,0.6432235576784033,-0.32368150905744064,72,44,0.288,3,False,-0.08800000000000001,-0.31053556858938514,0.7812771739130435
97,37e8e6129018,relative_weakness_reversal,"{""family"": ""relative_weakness_reversal"", ""gap_max"": -0.03, ""min_adv20"": 50000000.0, ""mom3_max"": -0.05, ""prev_return_percentile_max"": 0.2}",0.06,,2.0,5,82377.99414415598,7.237799414415598,0.12455202157312195,0.5112564185675321,-0.4226612414294425,1208,606,0.2668433841396068,5,False,-0.124,17370.59575272159,0.7370595752721592,0.20180121603649726,0.793611312786592,-0.25668257002594075,254,105,0.33553500660501984,5,False,-0.124,14891.50028081473,0.4891500280814729,0.1423496656145462,0.5617707594949626,-0.2288954416513609,215,122,0.28514588859416445,5,False,-0.124,12376.293176986346,0.2376293176986346,0.23974199674231,0.7900676088273487,-0.14261869059222798,84,44,0.336,5,False,-0.0663818129051664,-0.2823548942190599,0.7811413043478261
98,08f00ed65665,gap_down_reversal,"{""family"": ""gap_down_reversal"", ""gap_max"": -0.02, ""min_adv20"": 20000000.0, ""prev_return_max"": 0.0}",,0.08,1.0,20,31355.53448800521,2.135553448800521,0.06568248668513199,0.5241202878433324,-0.3273568252275074,14416,3245,3.184448862381268,20,False,-0.11298079310317959,12849.553701660448,0.2849553701660448,0.08704636319057446,0.6643503744748827,-0.13626089945863906,2685,527,3.546895640686922,20,False,-0.07701349794473912,7437.161197914754,-0.25628388020852466,-0.0942214469777527,-0.7418803286318115,-0.3328711857053176,3244,569,4.30238726790451,20,False,-0.03689552148709071,11027.40715206344,0.10274071520634398,0.10360382514659228,0.7213528069885886,-0.08724720124087626,1063,188,4.252,20,False,-0.039093638643917974,-0.14023008663155023,0.781141304347826
99,aeb583bdb7a4,gap_down_reversal,"{""family"": ""gap_down_reversal"", ""gap_max"": -0.03, ""min_adv20"": 20000000.0, ""prev_return_max"": 0.0}",,0.08,1.0,3,104577.85342497937,9.457785342497937,0.13958870393509226,0.6077694089732597,-0.5089730796544829,4517,2421,0.9977910315882483,3,False,-0.16753081229928338,14008.61917866506,0.40086191786650605,0.11875240038881074,0.5628198301321993,-0.22928045342132342,763,395,1.0079260237780714,3,False,-0.09879523372291543,3621.0005527021126,-0.6378999447297887,-0.2878806418601014,-0.9878463091603066,-0.6687306511029565,930,438,1.23342175066313,3,False,-0.18655403884984126,7307.276813274014,-0.2692723186725986,-0.2711039377617268,-0.8842701236957504,-0.3625221573352405,311,146,1.244,3,False,-0.08969647367438875,-0.044949578841060434,0.7807065217391305
100,30a224c68ce7,relative_weakness_reversal,"{""family"": ""relative_weakness_reversal"", ""gap_max"": -0.03, ""min_adv20"": 20000000.0, ""mom3_max"": -0.05, ""prev_return_percentile_max"": 0.1}",,0.08,1.5,3,28701.900839295075,1.8701900839295074,0.06044965854975981,0.3529284328299536,-0.6095948402714169,1018,628,0.22487298431632427,3,False,-0.31090326835226767,23376.98774368746,1.337698774368746,0.3266828834308253,1.2155066694554688,-0.15258796403097796,173,95,0.2285336856010568,3,False,-0.1525879640309779,11069.168273260859,0.10691682732608587,0.03453217411647502,0.26374195327698685,-0.2961138878807402,169,115,0.22413793103448276,3,False,-0.20543034578194175,10956.22175009987,0.09562217500998704,0.09642290623004213,0.5020738912043549,-0.14021960661510002,63,41,0.252,3,False,-0.06632119448467855,-0.8625782366255152,0.7797010869565217
101,5f7e41cf3ad0,relative_weakness_reversal,"{""family"": ""relative_weakness_reversal"", ""gap_max"": -0.03, ""min_adv20"": 20000000.0, ""mom3_max"": -0.05, ""prev_return_percentile_max"": 0.2}",0.02,,1.0,10,24576.450291876896,1.4576450291876895,0.05132899189654094,0.7479526251097431,-0.13882632616163615,1711,695,0.3779544952507179,10,False,-0.022,11427.686997642973,0.1427686997642974,0.045427510679145966,0.5836751117787269,-0.10012732118687684,358,105,0.47291941875825627,10,False,-0.022,9930.505430933928,-0.006949456906607199,-0.0023280241938706814,0.006172521308714005,-0.10202954359753125,276,122,0.3660477453580902,10,False,-0.022,10226.941889637972,0.022694188963797268,0.022877803651818462,0.3796087767426771,-0.059585781759237455,107,44,0.428,10,False,-0.022,-0.16427751333101626,0.7790217391304348
102,810de8977158,gap_down_reversal,"{""family"": ""gap_down_reversal"", ""gap_max"": -0.02, ""min_adv20"": 20000000.0, ""prev_return_max"": 0.0}",,0.04,1.5,5,409345.9288472629,39.93459288472629,0.22952859865246777,0.8282410919453698,-0.5950422577363162,9080,3245,2.0057433178705546,5,False,-0.23150773527306953,15540.214378717283,0.5540214378717283,0.1580696945156317,0.6456258321584422,-0.27265798376988604,1567,527,2.07001321003963,5,False,-0.09882505334299663,2129.1822779963386,-0.7870817722003661,-0.40368330101245864,-1.3536946256101794,-0.7954342696634016,1813,569,2.4045092838196287,5,False,-0.18388724107889023,7424.890114970668,-0.2575109885029332,-0.2592774760404175,-0.8354262711019218,-0.30177905067102584,582,188,2.328,5,False,-0.08306010343617064,-0.1826152597869276,0.7787228260869564
103,39765112165e,gap_down_reversal,"{""family"": ""gap_down_reversal"", ""gap_max"": -0.03, ""min_adv20"": 20000000.0, ""prev_return_max"": 0.0}",,0.04,1.5,3,112266.10540236697,10.226610540236697,0.14409778792932681,0.5634201491801213,-0.6598573357787809,4517,2421,0.9977910315882483,3,False,-0.2512962184489251,16591.277399119794,0.6591277399119793,0.1835768284967041,0.6852841301927333,-0.2670108577728495,763,395,1.0079260237780714,3,False,-0.14819285058437315,1873.1663966574924,-0.8126833603342507,-0.4286762420135647,-1.174066086227366,-0.8283884846126706,930,438,1.23342175066313,3,False,-0.2798310582747619,6132.849991703289,-0.38671500082967114,-0.38910912111700713,-1.1246155148611183,-0.44273692579725,311,146,1.244,3,False,-0.0978902001111101,-0.12186398101261198,0.778695652173913
104,39765112165e,gap_down_reversal,"{""family"": ""gap_down_reversal"", ""gap_max"": -0.03, ""min_adv20"": 20000000.0, ""prev_return_max"": 0.0}",,0.04,2.0,5,133167.20729164273,12.316720729164272,0.1550231906891606,0.5957682714542818,-0.7105110058719548,5431,2421,1.1996907444223548,5,False,-0.3086769803640927,17159.136463426792,0.7159136463426792,0.19691107699551136,0.7118431831959913,-0.37019351018000646,945,395,1.2483487450462352,5,False,-0.13176673779066217,1635.7013385573005,-0.83642986614427,-0.4539830629165895,-1.3517090083427141,-0.85708896021192,1164,438,1.5437665782493368,5,False,-0.22386484661980952,8185.6653212809,-0.18143346787191006,-0.18274343865138198,-0.3627661869308343,-0.29186383182158404,405,146,1.62,5,False,-0.11074680458156086,-0.11607491174170947,0.7785326086956521
105,16968da02607,gap_down_reversal,"{""family"": ""gap_down_reversal"", ""gap_max"": -0.03, ""min_adv20"": 20000000.0, ""prev_return_max"": -0.03}",,,3.0,5,336505.59524931374,32.650559524931374,0.21619036609379538,0.6186342736707998,-0.8965849924508272,1844,852,0.4073337751270157,5,False,-0.6801864194222634,30600.204926995073,2.060020492699507,0.45108960289355626,0.9707476838243395,-0.49506582752223327,321,141,0.4240422721268164,5,False,-0.2387778115858498,7601.979721258421,-0.23980202787415794,-0.08756146019995315,0.07569123812335002,-0.6850218699969766,292,153,0.38726790450928383,5,False,-0.24244756534197762,18556.776037783562,0.8556776037783562,0.8648785190396313,1.3495076989200707,-0.2206916631498156,120,56,0.48,5,False,-0.08989629367174572,-0.3521134101535397,0.7773641304347827
106,d3fb518fbd7b,gap_down_reversal,"{""family"": ""gap_down_reversal"", ""gap_max"": -0.08, ""min_adv20"": 20000000.0, ""prev_return_max"": -0.03}",,0.08,1.0,3,21187.2148598882,1.1187214859888202,0.04268044684295069,0.42291213002827815,-0.2908043123876146,298,228,0.06582725867020102,3,False,-0.20726884556817846,13646.342018522417,0.3646342018522417,0.10903681994689829,1.0041913488967789,-0.10876511046428394,47,31,0.062087186261558784,3,False,-0.0578819604611876,10924.462049024001,0.09244620490240019,0.02999228667516185,0.3276625288051768,-0.1040755713639101,60,43,0.07957559681697612,3,False,-0.06761423220973779,10302.753890019352,0.03027538900193516,0.030521251391600224,0.40902418649183714,-0.06265560865463271,22,18,0.088,3,False,-0.027796800482717265,-0.5812792188685008,0.7772282608695652
107,7bbe6d4eb49d,relative_weakness_reversal,"{""family"": ""relative_weakness_reversal"", ""gap_max"": -0.03, ""min_adv20"": 20000000.0, ""mom3_max"": -0.05, ""prev_return_percentile_max"": 0.2}",0.02,0.08,1.5,5,23214.71303408253,1.321471303408253,0.04799831022892054,0.4604133652758737,-0.33050996228682505,1392,695,0.3074884029158383,5,False,-0.032999999999999995,13723.14896183026,0.37231489618302605,0.111110879890848,0.7692814850506327,-0.1455831237136671,254,105,0.33553500660501984,5,False,-0.032999999999999995,9152.662564512615,-0.08473374354873853,-0.02915815917337372,-0.18405482743432328,-0.18385734337615467,216,122,0.2864721485411141,5,False,-0.032999999999999995,10393.58353130589,0.039358353130589,0.03967938611562083,0.36559739194347585,-0.10617929491707634,84,44,0.336,5,False,-0.032999999999999995,-0.308868119774759,0.7766847826086956
108,d3fb518fbd7b,gap_down_reversal,"{""family"": ""gap_down_reversal"", ""gap_max"": -0.08, ""min_adv20"": 20000000.0, ""prev_return_max"": -0.03}",,0.08,1.0,5,18853.817103496986,0.8853817103496986,0.03592992310604459,0.4770758573815818,-0.21037619103716854,322,228,0.07112878285840513,5,False,-0.12436130734090707,12134.498841262535,0.21344988412625354,0.06652314282522798,0.7263896568935708,-0.09787137553676639,57,31,0.07529722589167767,5,False,-0.06765829336102738,10709.960548683455,0.07099605486834548,0.02318844745103754,0.3697644601023556,-0.06277009178068882,64,43,0.08488063660477453,5,False,-0.04056853932584268,10188.584045633263,0.018858404563326214,0.019010696879208977,0.40902418649183714,-0.03782549837725624,22,18,0.088,3,False,-0.01667808028963036,-0.249313799511989,0.77625
109,810de8977158,gap_down_reversal,"{""family"": ""gap_down_reversal"", ""gap_max"": -0.02, ""min_adv20"": 20000000.0, ""prev_return_max"": 0.0}",,0.04,3.0,3,7216567.212003929,720.6567212003929,0.4424867941986308,0.8859676217185072,-0.9512056750015769,7024,3245,1.5515794124144024,3,False,-0.5025924368978502,21422.494844647434,1.1422494844647435,0.2886777261321858,0.7255619123915683,-0.5975211958594783,1180,527,1.558784676354029,3,False,-0.2963857011687463,143.3844233720066,-0.9856615576627994,-0.7579691721313366,-1.0864252301045916,-0.9885239091823417,1318,569,1.7480106100795756,3,False,-0.5596621165495238,1473.2175041247376,-0.8526782495875262,-0.8549181765725685,-1.9162603875867872,-0.8496562793770179,427,188,1.708,3,False,-0.1957804002222202,-0.16040570932693887,0.7760054347826086
110,59b1c0c0d28c,strength_pullback,"{""family"": ""strength_pullback"", ""gap_max"": -0.05, ""min_adv20"": 20000000.0, ""mom3_min"": null, ""prev_return_min"": 0.03}",0.02,0.08,2.0,10,18292.174020114686,0.8292174020114687,0.03418744842661914,0.4849749636088297,-0.14709633194856542,815,405,0.18003092555776454,10,False,-0.044,11955.188276904442,0.19551882769044426,0.06125069881047951,0.5449062728630906,-0.08736322824520681,179,67,0.23645970937912814,10,False,-0.037654717102925526,9882.687239913934,-0.011731276008606573,-0.003936209995527351,-0.07276009945497515,-0.05198123925813136,106,69,0.14058355437665782,10,False,-0.0132,8832.123020538722,-0.11678769794612776,-0.1176647489784165,-1.8630659461191101,-0.13372868387243553,47,23,0.188,10,False,-0.044,-0.05993130925426088,0.7734510869565218
111,37e8e6129018,relative_weakness_reversal,"{""family"": ""relative_weakness_reversal"", ""gap_max"": -0.03, ""min_adv20"": 50000000.0, ""mom3_max"": -0.05, ""prev_return_percentile_max"": 0.2}",0.06,,1.5,3,56272.99950678414,4.627299950678414,0.10094647783088084,0.45399130211812216,-0.44633289402407994,1003,606,0.22155953169869672,3,False,-0.09300000000000001,15868.921353688807,0.5868921353688807,0.16616721559146774,0.7527294044636188,-0.18226748276182558,192,105,0.2536327608982827,3,False,-0.09300000000000001,12929.95047197699,0.292995047197699,0.08967659973760878,0.4079442041294533,-0.32095933814853317,184,122,0.2440318302387268,3,False,-0.09300000000000001,11071.625747688708,0.1071625747688707,0.10806461969513026,0.46067952745119867,-0.17579022782529996,72,44,0.288,3,False,-0.06366037447947376,-0.29873810234549664,0.7732065217391305
112,59b1c0c0d28c,strength_pullback,"{""family"": ""strength_pullback"", ""gap_max"": -0.05, ""min_adv20"": 20000000.0, ""mom3_min"": null, ""prev_return_min"": 0.03}",0.02,0.08,1.5,10,15870.905969433587,0.5870905969433586,0.026045679713516456,0.4849749636088296,-0.11214641817248427,815,405,0.18003092555776454,10,False,-0.032999999999999995,11476.809599925456,0.1476809599925457,0.046921336499597954,0.5449062728630903,-0.06618278049795123,179,67,0.23645970937912814,10,False,-0.02824103782719415,9916.743292356236,-0.008325670764376403,-0.0027903328286820184,-0.07276009945497555,-0.03919014509234564,106,69,0.14058355437665782,10,False,-0.0099,9114.511326900962,-0.08854886730990386,-0.08922467493491448,-1.8630659461191101,-0.10170893482194754,47,23,0.188,10,False,-0.032999999999999995,-0.05993130925426077,0.7724728260869564
113,5afba290676c,relative_weakness_reversal,"{""family"": ""relative_weakness_reversal"", ""gap_max"": -0.03, ""min_adv20"": 50000000.0, ""mom3_max"": -0.05, ""prev_return_percentile_max"": 0.2}",0.02,,4.0,10,107382.53956221102,9.738253956221103,0.14126883448426386,0.5928369939835153,-0.5029343937230224,1473,606,0.32538104705102716,10,False,-0.088,15732.970558515195,0.5732970558515196,0.16283183786381472,0.6152369144218486,-0.3599278546169754,354,105,0.4676354029062087,10,False,-0.088,8974.879064813946,-0.10251209351860546,-0.03550198636742863,0.015825748974901948,-0.3646925559974037,275,122,0.3647214854111406,10,False,-0.088,10683.351088607105,0.06833510886071048,0.06890020637766181,0.3796087767426771,-0.22269477674144655,107,44,0.428,10,False,-0.088,-0.022399920438333276,0.7720652173913044
114,5f7e41cf3ad0,relative_weakness_reversal,"{""family"": ""relative_weakness_reversal"", ""gap_max"": -0.03, ""min_adv20"": 20000000.0, ""mom3_max"": -0.05, ""prev_return_percentile_max"": 0.2}",0.02,,1.5,10,37384.7091174023,2.73847091174023,0.07616679250787128,0.7479526251097435,-0.2023075128208709,1711,695,0.3779544952507179,10,False,-0.032999999999999995,12128.89852730376,0.21288985273037597,0.06635926041475804,0.5836751117787268,-0.14813991495565326,358,105,0.47291941875825627,10,False,-0.032999999999999995,9836.970487216922,-0.01630295127830772,-0.00547857322283829,0.006172521308714004,-0.15078323251495063,276,122,0.3660477453580902,10,False,-0.032999999999999995,10326.61960525024,0.032661960525024014,0.03292751184721898,0.3796087767426769,-0.08837556184421946,107,44,0.428,10,False,-0.032999999999999995,-0.1642775133310167,0.7710054347826087
115,d44ea1e15914,gap_down_reversal,"{""family"": ""gap_down_reversal"", ""gap_max"": -0.08, ""min_adv20"": 20000000.0, ""prev_return_max"": -0.05}",,0.02,4.0,20,14405.16682603224,0.4405166826032241,0.020526014440765072,0.5128656292406191,-0.08217828654552417,229,131,0.050585376629114207,20,False,-0.07368479452283343,11014.397304231696,0.10143973042316956,0.03268634840916462,0.5003239368495614,-0.06991394829381836,90,21,0.11889035667107001,20,False,-0.039527565521144045,9996.200284745233,-0.00037997152547664115,-0.0001270092024850955,0.01155555332515466,-0.05808008496709827,29,19,0.038461538461538464,3,False,-0.04056853932584268,10122.499307870252,0.012249930787025187,0.012348532842504367,1.633045009628876,-0.0021962192593562024,7,5,0.028,3,False,-0.002196219259356319,-0.012541692391057624,0.7707065217391305
116,d3fb518fbd7b,gap_down_reversal,"{""family"": ""gap_down_reversal"", ""gap_max"": -0.08, ""min_adv20"": 20000000.0, ""prev_return_max"": -0.03}",,0.08,1.5,3,28023.918155317475,1.8023918155317475,0.05903946189016285,0.42291213002827804,-0.4226117390931077,298,228,0.06582725867020102,3,False,-0.31090326835226767,15739.518678220691,0.5739518678220692,0.1629929273416646,1.0041913488967784,-0.16080304191812933,47,31,0.062087186261558784,3,False,-0.08682294069178138,11270.919856835302,0.1270919856835302,0.04079627282122078,0.32766252880517693,-0.15499829525549802,60,43,0.07957559681697612,3,False,-0.1014213483146067,10431.899958845815,0.04318999588458161,0.04354293188505287,0.40902418649183714,-0.09325079514633672,22,18,0.088,3,False,-0.0416952007240759,-0.5812792188685003,0.7699999999999999
117,d44ea1e15914,gap_down_reversal,"{""family"": ""gap_down_reversal"", ""gap_max"": -0.08, ""min_adv20"": 20000000.0, ""prev_return_max"": -0.05}",,0.02,3.0,20,13186.508735224692,0.3186508735224691,0.015516881728516951,0.5128656292406191,-0.06174188088317489,229,131,0.050585376629114207,20,False,-0.055263595892125074,10765.218024351754,0.07652180243517548,0.02484969419399974,0.5003239368495617,-0.052699387070528236,90,21,0.11889035667107001,20,False,-0.029645674140858037,9999.897847574444,-1.021524255562234e-05,-3.4141245065510972e-06,0.011555553325154636,-0.04367533894027675,29,19,0.038461538461538464,3,False,-0.030426404494382008,10091.78792787881,0.00917879278788103,0.009252561800805692,1.6330450096288758,-0.0016471644445170686,7,5,0.028,3,False,-0.0016471644445172392,-0.012541692391057402,0.7699728260869566
118,08f00ed65665,gap_down_reversal,"{""family"": ""gap_down_reversal"", ""gap_max"": -0.02, ""min_adv20"": 20000000.0, ""prev_return_max"": 0.0}",,0.08,1.5,20,48623.89044815999,3.862389044815999,0.09202901682394238,0.5241202878433325,-0.4853896699666974,14416,3245,3.184448862381268,20,False,-0.16947118965476937,14249.829005189848,0.4249829005189847,0.12512858004454497,0.6643503744748825,-0.20476784787180935,2685,527,3.546895640686922,20,False,-0.11552024691710867,6307.392498594444,-0.3692607501405556,-0.14275232019750395,-0.7418803286318114,-0.4624684500105173,3244,569,4.30238726790451,20,False,-0.05534328223063607,11485.327109297845,0.14853271092978448,0.14980585452545792,0.7213528069885887,-0.1283477792037826,1063,188,4.252,20,False,-0.05864045796587697,-0.14023008663155,0.7696467391304347
119,b5567d8c9030,gap_down_reversal,"{""family"": ""gap_down_reversal"", ""gap_max"": -0.08, ""min_adv20"": 50000000.0, ""prev_return_max"": -0.03}",,0.08,2.0,10,21752.665118666522,1.1752665118666523,0.04421029513860786,0.4926817824724525,-0.17309716576909795,305,195,0.06737353655842722,10,False,-0.12436130734090707,12308.373367216414,0.23083733672164142,0.07158633995455355,0.6105271361154174,-0.11136877211551088,77,31,0.10171730515191546,10,False,-0.0816077296389166,10786.349067166702,0.07863490671667028,0.025621753440178807,0.398984150332101,-0.0627700917806886,64,43,0.08488063660477453,6,False,-0.04400397501244443,10188.584045633263,0.018858404563326214,0.019010696879208977,0.40902418649183714,-0.03782549837725624,22,18,0.088,3,False,-0.01667808028963036,-0.11784535364296495,0.7694565217391305
120,59b1c0c0d28c,strength_pullback,"{""family"": ""strength_pullback"", ""gap_max"": -0.05, ""min_adv20"": 20000000.0, ""mom3_min"": null, ""prev_return_min"": 0.03}",0.02,0.08,3.0,10,23883.389466571025,1.3883389466571026,0.049656238407427944,0.4849749636088296,-0.2135287332864073,815,405,0.18003092555776454,10,False,-0.06599999999999999,12881.378515513534,0.2881378515513533,0.08794187666032771,0.5449062728630903,-0.12844808405130792,179,67,0.23645970937912814,10,False,-0.0564820756543883,9805.428815318579,-0.01945711846814213,-0.006545490686847177,-0.07276009945497555,-0.07716036332382348,106,69,0.14058355437665782,10,False,-0.0198,8286.033941888985,-0.1713966058111015,-0.17264197899625766,-1.8630659461191101,-0.195063740723445,47,23,0.188,10,False,-0.06599999999999999,-0.05993130925426077,0.7690489130434783
121,7bbe6d4eb49d,relative_weakness_reversal,"{""family"": ""relative_weakness_reversal"", ""gap_max"": -0.03, ""min_adv20"": 20000000.0, ""mom3_max"": -0.05, ""prev_return_percentile_max"": 0.2}",0.02,0.08,2.0,5,29198.670087774608,1.919867008777461,0.061463103241945705,0.46041336527587357,-0.4177555309024289,1392,695,0.3074884029158383,5,False,-0.044,15033.483916587442,0.5033483916587442,0.1453597406358884,0.7692814850506327,-0.19277551989392705,254,105,0.33553500660501984,5,False,-0.044,8804.81166404816,-0.119518833595184,-0.04164926582364892,-0.18405482743432316,-0.24172903604964335,216,122,0.2864721485411141,5,False,-0.044,10492.131204887772,0.04921312048877713,0.049616435552057414,0.3655973919434757,-0.13969295314214425,84,44,0.336,5,False,-0.044,-0.3088681197747591,0.7689673913043479
122,d3fb518fbd7b,gap_down_reversal,"{""family"": ""gap_down_reversal"", ""gap_max"": -0.08, ""min_adv20"": 20000000.0, ""prev_return_max"": -0.03}",,0.08,1.5,5,24767.98984942583,1.476798984942583,0.05178343023509191,0.47707585738158176,-0.30161272924015325,322,228,0.07112878285840513,5,False,-0.1865419610113606,13238.797964827656,0.32387979648276555,0.09789935691843588,0.7263896568935708,-0.14516268316858238,57,31,0.07529722589167767,5,False,-0.10148744004154109,11026.807328275316,0.10268073282753165,0.033207289851520105,0.36976446010235553,-0.09379386759863484,64,43,0.08488063660477453,5,False,-0.060852808988764016,10275.101216534043,0.027510121653404385,0.027733226687741253,0.409024186491837,-0.05647739073082725,22,18,0.088,3,False,-0.02501712043444554,-0.24931379951198906,0.768913043478261
123,7bbe6d4eb49d,relative_weakness_reversal,"{""family"": ""relative_weakness_reversal"", ""gap_max"": -0.03, ""min_adv20"": 20000000.0, ""mom3_max"": -0.05, ""prev_return_percentile_max"": 0.2}",0.02,0.08,1.0,10,16052.109331094342,0.6052109331094342,0.026694300677766458,0.5369948002133826,-0.13983767251399404,1711,695,0.3779544952507179,10,False,-0.022,11168.932140856985,0.11689321408569842,0.037487189483076166,0.5289474739788316,-0.11533618229843934,358,105,0.47291941875825627,10,False,-0.022,9413.499354617079,-0.058650064538292135,-0.01999755966700123,-0.2933799744432953,-0.11557438563473543,276,122,0.3660477453580902,10,False,-0.022,10011.998421468292,0.001199842146829111,0.0012094466862546671,0.04921330686545446,-0.059585781759237455,107,44,0.428,10,False,-0.022,-0.008047326234551067,0.7686413043478261
124,b5567d8c9030,gap_down_reversal,"{""family"": ""gap_down_reversal"", ""gap_max"": -0.08, ""min_adv20"": 50000000.0, ""prev_return_max"": -0.03}",,0.08,1.5,10,18178.023646160425,0.8178023646160426,0.033827131820740375,0.49268178247245226,-0.13111752993201575,305,195,0.06737353655842722,10,False,-0.0932709805056803,11734.720733506141,0.1734720733506141,0.05469526174409567,0.6105271361154173,-0.08402243156436451,77,31,0.10171730515191546,10,False,-0.06120579722918745,10598.316961707205,0.059831696170720594,0.019611241493713072,0.3989841503321009,-0.04716324026382945,64,43,0.08488063660477453,6,False,-0.03300298125933332,10143.354956022917,0.014335495602291637,0.014451004269057766,0.409024186491837,-0.0284340032888315,22,18,0.088,3,False,-0.01250856021722277,-0.11784535364296506,0.7683695652173914
125,d44ea1e15914,gap_down_reversal,"{""family"": ""gap_down_reversal"", ""gap_max"": -0.08, ""min_adv20"": 20000000.0, ""prev_return_max"": -0.05}",,0.02,4.0,10,17438.89258173972,0.7438892581739722,0.031441003510605636,0.47602708214960393,-0.1631839990751589,207,131,0.04572564612326044,10,False,-0.14736958904566685,11804.114004482315,0.18041140044823156,0.05676741364300408,0.7046339765890722,-0.06964604044375666,60,21,0.07926023778071334,10,False,-0.06481117804899035,9962.480221136426,-0.003751977886357394,-0.001255546182876599,0.01155555332515466,-0.11491453181192202,29,19,0.038461538461538464,3,False,-0.08113707865168536,10245.922221375778,0.024592222137577835,0.02479137878728621,1.633045009628876,-0.004392438518712627,7,5,0.028,3,False,-0.004392438518712638,-0.2286068944394683,0.7683152173913044
126,30a224c68ce7,relative_weakness_reversal,"{""family"": ""relative_weakness_reversal"", ""gap_max"": -0.03, ""min_adv20"": 20000000.0, ""mom3_max"": -0.05, ""prev_return_percentile_max"": 0.1}",,0.08,1.0,10,21128.90195001533,1.1128901950015329,0.042520492093991225,0.47486527175521004,-0.1705527664614278,1423,628,0.3143362049922686,10,False,-0.149190967170852,12634.247455652183,0.26342474556521833,0.08094868420891155,0.716417670658569,-0.11678375535318997,310,95,0.4095112285336856,10,False,-0.09979117776153658,10782.979244298283,0.0782979244298283,0.025514652275591132,0.33645736448174857,-0.11501658212098753,238,115,0.3156498673740053,10,False,-0.04168813389755347,10448.559937252165,0.044855993725216425,0.045222836589952964,0.5635096984317924,-0.03374750688380468,93,41,0.372,10,False,-0.024511810018071418,-0.24155239890335894,0.7682065217391305
127,d44ea1e15914,gap_down_reversal,"{""family"": ""gap_down_reversal"", ""gap_max"": -0.08, ""min_adv20"": 20000000.0, ""prev_return_max"": -0.05}",,0.02,2.0,20,12047.985741725302,0.20479857417253022,0.01042523449419086,0.5128656292406191,-0.04123289593695101,229,131,0.050585376629114207,20,False,-0.036842397261416714,10512.881013882843,0.05128810138828421,0.016789418994215044,0.5003239368495614,-0.03530921177597923,90,21,0.11889035667107001,20,False,-0.019763782760572023,10001.7480726959,0.0001748072695899605,5.842025033531151e-05,0.01155555332515466,-0.029193337546994602,29,19,0.038461538461538464,3,False,-0.02028426966292134,10061.134259466065,0.0061134259466064655,0.006162483742353286,1.633045009628876,-0.0010981096296782678,7,5,0.028,3,False,-0.0010981096296781595,-0.012541692391057624,0.7681521739130435
128,d44ea1e15914,gap_down_reversal,"{""family"": ""gap_down_reversal"", ""gap_max"": -0.08, ""min_adv20"": 20000000.0, ""prev_return_max"": -0.05}",,0.02,1.5,20,11507.912509700001,0.15079125097000023,0.00784891887539585,0.5128656292406191,-0.03095140607545821,229,131,0.050585376629114207,20,False,-0.027631797946062537,10385.627221457225,0.03856272214572254,0.012675587971894275,0.5003239368495617,-0.02654811067025542,90,21,0.11889035667107001,20,False,-0.014822837070429019,10001.98770744323,0.0001987707443229514,6.642826725844486e-05,0.011555553325154636,-0.021923555533105654,29,19,0.038461538461538464,3,False,-0.015213202247191004,10045.829062645827,0.004582906264582798,0.004619654070876056,1.6330450096288758,-0.0008235822222587563,7,5,0.028,3,False,-0.0008235822222586196,-0.012541692391057402,0.7679076086956522
129,b5567d8c9030,gap_down_reversal,"{""family"": ""gap_down_reversal"", ""gap_max"": -0.08, ""min_adv20"": 50000000.0, ""prev_return_max"": -0.03}",,0.08,1.0,10,15044.681114405865,0.5044681114405865,0.022996627672491554,0.4926817824724525,-0.0882718126247295,305,195,0.06737353655842722,10,False,-0.062180653670453535,11157.032227587171,0.11570322275871714,0.037119082587258045,0.6105271361154174,-0.0563455226947307,77,31,0.10171730515191546,10,False,-0.0408038648194583,10404.299905398637,0.040429990539863736,0.01333452571781324,0.398984150332101,-0.031497178635789935,64,43,0.08488063660477453,6,False,-0.022001987506222214,10096.835749560663,0.00968357495606642,0.009761420438058721,0.40902418649183714,-0.018999103978220244,22,18,0.088,3,False,-0.00833904014481518,-0.11784535364296495,0.7678804347826087
130,16968da02607,gap_down_reversal,"{""family"": ""gap_down_reversal"", ""gap_max"": -0.03, ""min_adv20"": 20000000.0, ""prev_return_max"": -0.03}",,,4.0,5,94471.75396597476,8.447175396597476,0.13315981235323338,0.6186342736708001,-0.9879387627135834,1844,852,0.4073337751270157,5,False,-0.9069152258963513,37251.045807910166,2.7251045807910166,0.549273162817409,0.9707476838243396,-0.6320904004249248,321,141,0.4240422721268164,5,False,-0.3183704154477997,5853.666420068506,-0.4146333579931494,-0.1638766421947221,0.07569123812335006,-0.7985870168031193,292,153,0.38726790450928383,5,False,-0.3232634204559702,21587.139349458314,1.1587139349458315,1.1720441853719699,1.3495076989200707,-0.288004070823647,120,56,0.48,5,False,-0.11986172489566096,-0.3521134101535395,0.7676630434782609
131,59b1c0c0d28c,strength_pullback,"{""family"": ""strength_pullback"", ""gap_max"": -0.05, ""min_adv20"": 20000000.0, ""mom3_min"": null, ""prev_return_min"": 0.03}",0.02,0.08,1.0,10,13689.045450311032,0.36890454503110326,0.017633391900891082,0.4849749636088297,-0.07600071833035682,815,405,0.18003092555776454,10,False,-0.022,10990.379240351256,0.09903792403512557,0.03193616663860577,0.5449062728630906,-0.04456711980265049,179,67,0.23645970937912814,10,False,-0.018827358551462763,9947.680321621432,-0.0052319678378568435,-0.0017516696458025338,-0.07276009945497515,-0.02626350192076421,106,69,0.14058355437665782,10,False,-0.0066,9403.23441468682,-0.059676558531318036,-0.060139319788291346,-1.8630659461191101,-0.06876114794308275,47,23,0.188,10,False,-0.022,-0.05993130925426088,0.7671739130434783
132,39765112165e,gap_down_reversal,"{""family"": ""gap_down_reversal"", ""gap_max"": -0.03, ""min_adv20"": 20000000.0, ""prev_return_max"": 0.0}",,0.04,2.0,3,145552.60563439902,13.555260563439901,0.16075529933203359,0.5634201491801213,-0.8071029313215786,4517,2421,0.9977910315882483,3,False,-0.33506162459856675,18275.238804873676,0.8275238804873675,0.22228471127647143,0.6852841301927333,-0.3464282830314205,763,395,1.0079260237780714,3,False,-0.19759046744583086,945.0247766395954,-0.9054975223360404,-0.5454567851871732,-1.174066086227366,-0.9158852363951259,930,438,1.23342175066313,3,False,-0.3731080776996825,5044.042354161774,-0.4955957645838226,-0.4983498407766265,-1.1246155148611183,-0.5523862438387682,311,146,1.244,3,False,-0.13052026681481346,-0.12186398101261198,0.7670652173913044
133,30a224c68ce7,relative_weakness_reversal,"{""family"": ""relative_weakness_reversal"", ""gap_max"": -0.03, ""min_adv20"": 20000000.0, ""mom3_max"": -0.05, ""prev_return_percentile_max"": 0.1}",,0.08,2.0,3,28530.232911210624,1.8530232911210622,0.06009558937699122,0.3529284328299536,-0.7569104400229261,1018,628,0.22487298431632427,3,False,-0.4145376911363569,29678.534307526697,1.9678534307526698,0.43639135828675446,1.2155066694554693,-0.20345061870797054,173,95,0.2285336856010568,3,False,-0.20345061870797054,10918.838506137381,0.09188385061373805,0.02981505246480798,0.2637419532769868,-0.38924935155028717,169,115,0.22413793103448276,3,False,-0.2739071277092557,11162.04557530452,0.116204557530452,0.11718666126063959,0.5020738912043549,-0.18475771306674793,63,41,0.252,3,False,-0.08842825931290473,-0.8625782366255157,0.766141304347826
134,d44ea1e15914,gap_down_reversal,"{""family"": ""gap_down_reversal"", ""gap_max"": -0.08, ""min_adv20"": 20000000.0, ""prev_return_max"": -0.05}",,0.02,3.0,10,15310.363533604752,0.5310363533604752,0.02399398066113534,0.47602708214960404,-0.12283053947466749,207,131,0.04572564612326044,10,False,-0.11052719178425015,11346.298686155526,0.13462986861555248,0.04294302294314489,0.7046339765890723,-0.05245015146651422,60,21,0.07926023778071334,10,False,-0.04860838353674276,9983.171273441234,-0.0016828726558766327,-0.0005627608873927104,0.011555553325154636,-0.08665540548509554,29,19,0.038461538461538464,3,False,-0.060852808988764016,10184.09525859732,0.01840952585973188,0.018558160311372474,1.6330450096288758,-0.00329432888903447,7,5,0.028,3,False,-0.0032943288890344784,-0.2286068944394683,0.7658967391304348
135,d3fb518fbd7b,gap_down_reversal,"{""family"": ""gap_down_reversal"", ""gap_max"": -0.08, ""min_adv20"": 20000000.0, ""prev_return_max"": -0.03}",,0.08,2.0,5,31575.905131515432,2.1575905131515434,0.06609803390250724,0.4770758573815818,-0.38437664940940053,322,228,0.07112878285840513,5,False,-0.24872261468181414,14353.812909312144,0.43538129093121447,0.1278551032326709,0.7263896568935708,-0.19135773737602035,57,31,0.07529722589167767,5,False,-0.13531658672205477,11314.543899574197,0.13145438995741965,0.042140902656830015,0.3697644601023556,-0.12454438556515834,64,43,0.08488063660477453,5,False,-0.08113707865168536,10356.250024125504,0.0356250024125504,0.03591506037438719,0.40902418649183714,-0.07495304769630617,22,18,0.088,3,False,-0.03335616057926072,-0.249313799511989,0.7652173913043478
136,30a224c68ce7,relative_weakness_reversal,"{""family"": ""relative_weakness_reversal"", ""gap_max"": -0.03, ""min_adv20"": 20000000.0, ""mom3_max"": -0.05, ""prev_return_percentile_max"": 0.1}",,0.08,1.0,5,18523.143674592407,0.8523143674592408,0.034910056909999376,0.30681094186364766,-0.4149099373157419,1204,628,0.2659597967749061,5,False,-0.22672880647408783,15741.991047274922,0.5741991047274921,0.16305373815797086,1.1029789814149222,-0.1226976286285234,226,95,0.2985468956406869,5,False,-0.08367084365373764,11144.982838493557,0.11449828384935579,0.03689495408005894,0.35691660409290255,-0.14778297940935203,195,115,0.25862068965517243,5,False,-0.0821721383127767,10907.260029804353,0.09072600298043532,0.09148404626556106,0.7883544571312375,-0.05756245744037736,73,41,0.292,5,False,-0.0331909064525832,-0.7961680395512746,0.7651086956521739
137,08f00ed65665,gap_down_reversal,"{""family"": ""gap_down_reversal"", ""gap_max"": -0.02, ""min_adv20"": 20000000.0, ""prev_return_max"": 0.0}",,0.08,1.0,3,566803.5191887511,55.68035191887511,0.25200649723955526,0.8720235662804041,-0.5405622339527467,7024,3245,1.5515794124144024,3,False,-0.16753081229928338,15207.055159699741,0.520705515969974,0.14974504423590207,0.6186495867633378,-0.2523613087485256,1180,527,1.558784676354029,3,False,-0.09879523372291543,3258.4760832156107,-0.6741523916784389,-0.31255029012087965,-0.9853597249261998,-0.6771290976891637,1318,569,1.7480106100795756,3,False,-0.18655403884984126,5847.7224422575055,-0.4152277557742494,-0.41773237276587694,-1.4919174435465719,-0.4253698909668172,427,188,1.708,3,False,-0.08969647367438875,-0.2533739795170663,0.7651086956521739
138,810de8977158,gap_down_reversal,"{""family"": ""gap_down_reversal"", ""gap_max"": -0.02, ""min_adv20"": 20000000.0, ""prev_return_max"": 0.0}",,0.04,2.0,5,941851.8519532311,93.18518519532311,0.28790468502954014,0.8282410919453698,-0.7221031121535718,9080,3245,2.0057433178705546,5,False,-0.3086769803640927,16970.465715847677,0.6970465715847676,0.19251388594111396,0.645625832158442,-0.3590458043362629,1567,527,2.07001321003963,5,False,-0.13176673779066217,1170.7992701927255,-0.8829200729807274,-0.5117182136636647,-1.3536946256101798,-0.8889931405954533,1813,569,2.4045092838196287,5,False,-0.24518298810518696,6586.446856565263,-0.34135531434347366,-0.34355189107956763,-0.8354262711019224,-0.3852161412066403,582,188,2.328,5,False,-0.11074680458156086,-0.18261525978692772,0.7647826086956521
139,d44ea1e15914,gap_down_reversal,"{""family"": ""gap_down_reversal"", ""gap_max"": -0.08, ""min_adv20"": 20000000.0, ""prev_return_max"": -0.05}",,0.02,1.0,20,10986.811417295388,0.09868114172953879,0.00525250165163027,0.5128656292406191,-0.02065203502266666,229,131,0.050585376629114207,20,False,-0.018421198630708357,10257.702703096662,0.025770270309666277,0.008506039918599217,0.5003239368495614,-0.01774291670806072,90,21,0.11889035667107001,20,False,-0.009881891380286011,10001.774268807543,0.0001774268807543944,5.9295667602432545e-05,0.01155555332515466,-0.014634687549187286,29,19,0.038461538461538464,3,False,-0.01014213483146067,10030.538288344755,0.0030538288344754694,0.0030782970291485245,1.633045009628876,-0.0005490548148391339,7,5,0.028,3,False,-0.0005490548148390798,-0.012541692391057624,0.7642391304347826
140,5f7e41cf3ad0,relative_weakness_reversal,"{""family"": ""relative_weakness_reversal"", ""gap_max"": -0.03, ""min_adv20"": 20000000.0, ""mom3_max"": -0.05, ""prev_return_percentile_max"": 0.2}",0.02,,2.0,10,55810.11519481069,4.581011519481069,0.10044039552775086,0.7479526251097431,-0.26202237147441576,1711,695,0.3779544952507179,10,False,-0.044,12813.832008943093,0.28138320089430935,0.08603943184024043,0.5836751117787269,-0.19471419662652711,358,105,0.47291941875825627,10,False,-0.044,9707.896565192445,-0.029210343480755574,-0.009859108815127637,0.006172521308714005,-0.19796449355694767,276,122,0.3660477453580902,10,False,-0.044,10416.951834261847,0.04169518342618472,0.04203565979389112,0.3796087767426771,-0.11651007708655514,107,44,0.428,10,False,-0.044,-0.16427751333101626,0.7640760869565218
141,d3fb518fbd7b,gap_down_reversal,"{""family"": ""gap_down_reversal"", ""gap_max"": -0.08, ""min_adv20"": 20000000.0, ""prev_return_max"": -0.03}",,0.08,2.0,3,34538.47451972241,2.453847451972241,0.07143341184678742,0.42291213002827815,-0.5435762508496763,298,228,0.06582725867020102,3,False,-0.4145376911363569,18005.018919135284,0.8005018919135283,0.21623846778574451,1.0041913488967789,-0.21127789085311033,47,31,0.062087186261558784,3,False,-0.1157639209223752,11527.62270631204,0.15276227063120396,0.04865952659284245,0.3276625288051768,-0.20503476330883263,60,43,0.07957559681697612,3,False,-0.13522846441947559,10545.431333593207,0.054543133359320706,0.05499126279225908,0.40902418649183714,-0.12334732732175069,22,18,0.088,3,False,-0.05559360096543453,-0.5812792188685008,0.7638586956521739
142,59b1c0c0d28c,strength_pullback,"{""family"": ""strength_pullback"", ""gap_max"": -0.05, ""min_adv20"": 20000000.0, ""mom3_min"": null, ""prev_return_min"": 0.03}",0.02,0.08,4.0,10,30494.959163902822,2.049495916390282,0.06403286154372201,0.4849749636088297,-0.27553416275485354,815,405,0.18003092555776454,10,False,-0.088,13756.615450231417,0.37566154502314175,0.11201217184419066,0.5449062728630906,-0.16787995555175284,179,67,0.23645970937912814,10,False,-0.07530943420585105,9716.347414685404,-0.028365258531459547,-0.009571120008487144,-0.07276009945497515,-0.10187733709822089,106,69,0.14058355437665782,10,False,-0.0264,7764.331236371704,-0.22356687636282957,-0.22513706521583676,-1.8630659461191101,-0.252922703672223,47,23,0.188,10,False,-0.088,-0.05993130925426088,0.7632608695652174
143,08f00ed65665,gap_down_reversal,"{""family"": ""gap_down_reversal"", ""gap_max"": -0.02, ""min_adv20"": 20000000.0, ""prev_return_max"": 0.0}",,0.08,4.0,5,977713.9695713434,96.77139695713434,0.2905865629734832,0.7746146376445984,-0.9871421141586972,9080,3245,2.0057433178705546,5,False,-0.6173539607281854,18583.470414006893,0.8583470414006893,0.22910910068130486,0.6812603444043601,-0.655854524749127,1567,527,2.07001321003963,5,False,-0.28186751492083084,56.403515380739705,-0.994359648461926,-0.8228067573702474,-1.2089290464480777,-0.9944791218544421,1813,569,2.4045092838196287,5,False,-0.4903659762103739,2983.5252375631694,-0.7016474762436831,-0.7045203651806837,-0.760484278025823,-0.6968309619700004,582,188,2.328,5,False,-0.23611102073323237,-0.09335429324023825,0.7628260869565218
144,37e8e6129018,relative_weakness_reversal,"{""family"": ""relative_weakness_reversal"", ""gap_max"": -0.03, ""min_adv20"": 50000000.0, ""mom3_max"": -0.05, ""prev_return_percentile_max"": 0.2}",0.06,,2.0,3,73852.18282431246,6.3852182824312465,0.11773362713135271,0.45399130211812233,-0.560083891302386,1003,606,0.22155953169869672,3,False,-0.124,17849.93055638224,0.7849930556382241,0.21274094140263577,0.7527294044636188,-0.2441080729324352,192,105,0.2536327608982827,3,False,-0.124,13276.362531502296,0.3276362531502297,0.09934800065983396,0.4079442041294534,-0.4128057120463763,184,122,0.2440318302387268,3,False,-0.124,11217.861508974318,0.12178615089743183,0.12281797013306361,0.46067952745119867,-0.22893851890245864,72,44,0.288,3,False,-0.08488049930596502,-0.29873810234549647,0.7621195652173914
145,39765112165e,gap_down_reversal,"{""family"": ""gap_down_reversal"", ""gap_max"": -0.03, ""min_adv20"": 20000000.0, ""prev_return_max"": 0.0}",,0.04,3.0,5,197133.98832834826,18.713398832834827,0.1805223108381071,0.5957682714542815,-0.895826696034007,5431,2421,1.1996907444223548,5,False,-0.46301547054613906,19846.458246889102,0.9846458246889103,0.2563093484582446,0.711843183195991,-0.5261400671081411,945,395,1.2483487450462352,5,False,-0.19765010668599325,545.5861263666741,-0.9454413873633326,-0.6216988969012708,-1.3517090083427143,-0.9546252756593138,1164,438,1.5437665782493368,5,False,-0.3357972699297143,7034.730229413012,-0.2965269770586988,-0.2985036314068462,-0.3627661869308345,-0.4167727662483416,405,146,1.62,5,False,-0.16612020687234128,-0.11607491174170959,0.7620923913043478
146,37e8e6129018,relative_weakness_reversal,"{""family"": ""relative_weakness_reversal"", ""gap_max"": -0.03, ""min_adv20"": 50000000.0, ""mom3_max"": -0.05, ""prev_return_percentile_max"": 0.2}",0.06,,3.0,5,139016.3103700136,12.901631037001362,0.1577902901357464,0.5112564185675321,-0.5749761298001628,1208,606,0.2668433841396068,5,False,-0.186,21113.123612384676,1.1113123612384674,0.282452391489465,0.7936113127865921,-0.38244151045951613,254,105,0.33553500660501984,5,False,-0.186,16525.27490796223,0.6525274907962231,0.1827939984752711,0.5617707594949626,-0.34136772760397827,215,122,0.28514588859416445,5,False,-0.186,13306.450330456511,0.3306450330456512,0.33368944749640206,0.7900676088273487,-0.20799658312335123,84,44,0.336,5,False,-0.09957271935774961,-0.28235489421906,0.7619836956521739
147,aeb583bdb7a4,gap_down_reversal,"{""family"": ""gap_down_reversal"", ""gap_max"": -0.03, ""min_adv20"": 20000000.0, ""prev_return_max"": 0.0}",,0.08,1.5,3,196123.38647032419,18.61233864703242,0.18018460677288584,0.6077694089732594,-0.6703464605675755,4517,2421,0.9977910315882483,3,False,-0.2512962184489251,15377.146526781211,0.5377146526781211,0.15401015283117347,0.5628198301321993,-0.33825809924097294,763,395,1.0079260237780714,3,False,-0.14819285058437315,1958.8652143256095,-0.8041134785674391,-0.42007006435413363,-0.9878463091603065,-0.8258532405408973,930,438,1.23342175066313,3,False,-0.2798310582747619,6031.089092297566,-0.3968910907702434,-0.39932589502173843,-0.8842701236957502,-0.5044514598151539,311,146,1.244,3,False,-0.13454471051158312,-0.0449495788410601,0.7617391304347826
148,810de8977158,gap_down_reversal,"{""family"": ""gap_down_reversal"", ""gap_max"": -0.02, ""min_adv20"": 20000000.0, ""prev_return_max"": 0.0}",,0.04,4.0,3,2541216.5238925433,253.12165238925434,0.3610656049198808,0.8859676217185072,-0.9976341952802615,7024,3245,1.5515794124144024,3,False,-0.6701232491971335,18043.23779794468,0.804323779794468,0.2170972845598329,0.7255619123915684,-0.7316468918949655,1180,527,1.558784676354029,3,False,-0.39518093489166173,15.654668153084543,-0.9984345331846916,-0.884548157654774,-1.0864252301045914,-0.9988335433764743,1318,569,1.7480106100795756,3,False,-0.746216155399365,657.9243756481203,-0.934207562435188,-0.9356243859179381,-1.9162603875867874,-0.9323584372605977,427,188,1.708,3,False,-0.2610405336296269,-0.16040570932693876,0.7604347826086957
149,16968da02607,gap_down_reversal,"{""family"": ""gap_down_reversal"", ""gap_max"": -0.03, ""min_adv20"": 20000000.0, ""prev_return_max"": -0.03}",,,3.0,3,120755.56333785783,11.075556333785784,0.1487497969219822,0.5792026976395356,-0.940093797450336,1506,852,0.3326706428098078,3,False,-0.6218065367045353,43474.18349370286,3.347418349370286,0.6310331048561515,1.0722927920849117,-0.5273623003260475,250,141,0.33025099075297226,3,False,-0.2963857011687463,5292.017253806809,-0.4707982746193191,-0.19159426881715658,0.07814786595729295,-0.7937907455693767,248,153,0.32891246684350134,3,False,-0.3432655489453758,15438.82837207364,0.5438828372073641,0.5492562400108216,0.9095016896869884,-0.35702811896948516,101,56,0.404,3,False,-0.1498271561195762,-0.4930900944453761,0.7592119565217391
150,7bbe6d4eb49d,relative_weakness_reversal,"{""family"": ""relative_weakness_reversal"", ""gap_max"": -0.03, ""min_adv20"": 20000000.0, ""mom3_max"": -0.05, ""prev_return_percentile_max"": 0.2}",0.02,0.08,1.5,10,19988.36367150499,0.9988363671504992,0.03930512093059879,0.5369948002133826,-0.20372246414404716,1711,695,0.3779544952507179,10,False,-0.032999999999999995,11732.401136355866,0.17324011363558656,0.05462585525107766,0.5289474739788319,-0.16910023739551272,358,105,0.47291941875825627,10,False,-0.032999999999999995,9095.261479186252,-0.0904738520813747,-0.031197356450783476,-0.2933799744432952,-0.17017020629503088,276,122,0.3660477453580902,10,False,-0.032999999999999995,10006.73433616672,0.0006734336166720478,0.0006788229137622004,0.04921330686545446,-0.08837556184421946,107,44,0.428,10,False,-0.032999999999999995,-0.008047326234550733,0.7591576086956522
151,30a224c68ce7,relative_weakness_reversal,"{""family"": ""relative_weakness_reversal"", ""gap_max"": -0.03, ""min_adv20"": 20000000.0, ""mom3_max"": -0.05, ""prev_return_percentile_max"": 0.1}",,0.08,1.5,10,28765.363911716082,1.8765363911716082,0.060580046524641995,0.47486527175521004,-0.25971155614261354,1423,628,0.3143362049922686,10,False,-0.22378645075627804,13972.379458002446,0.39723794580024463,0.11778812012229545,0.7164176706585691,-0.17722352709907208,310,95,0.4095112285336856,10,False,-0.14968676664230487,11107.671458409914,0.11076714584099134,0.035733477385754275,0.3364573644817486,-0.16938296759301386,238,115,0.3156498673740053,10,False,-0.0625322008463302,10653.085696652766,0.06530856966527665,0.06584787579014106,0.5635096984317922,-0.05055900380190159,93,41,0.372,10,False,-0.03676771502710713,-0.24155239890335906,0.7586684782608696
152,b5567d8c9030,gap_down_reversal,"{""family"": ""gap_down_reversal"", ""gap_max"": -0.08, ""min_adv20"": 50000000.0, ""prev_return_max"": -0.03}",,0.08,3.0,10,30283.408165416397,2.0283408165416397,0.06362061336879754,0.49268178247245226,-0.2544439539719642,305,195,0.06737353655842722,10,False,-0.1865419610113606,13432.493278983946,0.3432493278983946,0.10322081047332787,0.6105271361154173,-0.16506974826234078,77,31,0.10171730515191546,10,False,-0.1224115944583749,11142.796828668104,0.11427968286681045,0.03682697660634249,0.3989841503321009,-0.09379386759863517,64,43,0.08488063660477453,6,False,-0.06600596251866664,10275.101216534043,0.027510121653404385,0.027733226687741253,0.409024186491837,-0.05647739073082725,22,18,0.088,3,False,-0.02501712043444554,-0.11784535364296506,0.7584782608695652
153,08f00ed65665,gap_down_reversal,"{""family"": ""gap_down_reversal"", ""gap_max"": -0.02, ""min_adv20"": 20000000.0, ""prev_return_max"": 0.0}",,0.08,2.0,20,68956.6687816565,5.89566687816565,0.11347428096580825,0.5241202878433324,-0.6247222378853601,14416,3245,3.184448862381268,20,False,-0.22596158620635917,15574.452794859768,0.5574452794859768,0.1589184393285492,0.6643503744748827,-0.27250531953688917,2685,527,3.546895640686922,20,False,-0.15402699588947824,5290.672519266307,-0.47093274807336927,-0.19166292989676992,-0.7418803286318115,-0.570796725626115,3244,569,4.30238726790451,20,False,-0.07379104297418142,11899.138593085841,0.18991385930858407,0.19157023759935932,0.7213528069885886,-0.16784152084676962,1063,188,4.252,20,False,-0.07818727728783595,-0.14023008663155023,0.7580434782608696
154,d44ea1e15914,gap_down_reversal,"{""family"": ""gap_down_reversal"", ""gap_max"": -0.08, ""min_adv20"": 20000000.0, ""prev_return_max"": -0.05}",,0.02,2.0,10,13361.04446557529,0.33610444655752914,0.016260469513494025,0.47602708214960393,-0.08217828654552439,207,131,0.04572564612326044,10,False,-0.07368479452283343,10892.441982623384,0.08924419826233843,0.02886581490609519,0.7046339765890722,-0.03511051506680729,60,21,0.07926023778071334,10,False,-0.032405589024495175,9996.200284745233,-0.00037997152547664115,-0.0001270092024850955,0.01155555332515466,-0.05808008496709827,29,19,0.038461538461538464,3,False,-0.04056853932584268,10122.499307870252,0.012249930787025187,0.012348532842504367,1.633045009628876,-0.0021962192593562024,7,5,0.028,3,False,-0.002196219259356319,-0.2286068944394683,0.7570652173913044
155,b5567d8c9030,gap_down_reversal,"{""family"": ""gap_down_reversal"", ""gap_max"": -0.08, ""min_adv20"": 50000000.0, ""prev_return_max"": -0.03}",,0.08,1.0,3,16672.501102573988,0.6672501102573987,0.02886381852187725,0.3182246493116442,-0.2997483537754049,256,195,0.05654959134084383,3,False,-0.20726884556817846,13646.342018522417,0.3646342018522417,0.10903681994689829,1.0041913488967789,-0.10876511046428394,47,31,0.062087186261558784,3,False,-0.0578819604611876,11148.539436096697,0.1148539436096696,0.03700553320601707,0.38976850004977937,-0.1040755713639101,59,43,0.07824933687002653,3,False,-0.06761423220973779,10302.753890019352,0.03027538900193516,0.030521251391600224,0.40902418649183714,-0.06265560865463271,22,18,0.088,3,False,-0.027796800482717265,-0.6859666995851347,0.7561413043478261
156,d44ea1e15914,gap_down_reversal,"{""family"": ""gap_down_reversal"", ""gap_max"": -0.08, ""min_adv20"": 20000000.0, ""prev_return_max"": -0.05}",,0.02,1.5,10,12454.088283010908,0.24540882830109068,0.012291604063467299,0.47602708214960404,-0.06174188088317534,207,131,0.04572564612326044,10,False,-0.055263595892125074,10667.270139368191,0.06672701393681901,0.021736115989837934,0.7046339765890723,-0.026386791583529634,60,21,0.07926023778071334,10,False,-0.02430419176837138,9999.897847574444,-1.021524255562234e-05,-3.4141245065510972e-06,0.011555553325154636,-0.04367533894027675,29,19,0.038461538461538464,3,False,-0.030426404494382008,10091.78792787881,0.00917879278788103,0.009252561800805692,1.6330450096288758,-0.0016471644445170686,7,5,0.028,3,False,-0.0016471644445172392,-0.2286068944394683,0.7560054347826086
157,39765112165e,gap_down_reversal,"{""family"": ""gap_down_reversal"", ""gap_max"": -0.03, ""min_adv20"": 20000000.0, ""prev_return_max"": 0.0}",,0.04,4.0,5,145846.94890914185,13.584694890914186,0.1608858414090788,0.5957682714542818,-0.9750214680831537,5431,2421,1.1996907444223548,5,False,-0.6173539607281854,21074.95740211284,1.107495740211284,0.2816801831100735,0.7118431831959913,-0.6570330276758681,945,395,1.2483487450462352,5,False,-0.26353347558132434,157.20643601818543,-0.9842793563981814,-0.750409065040659,-1.3517090083427141,-0.987403305763095,1164,438,1.5437665782493368,5,False,-0.44772969323961903,5836.030340060353,-0.4163969659939647,-0.41890587941098645,-0.3627661869308343,-0.5270572256306665,405,146,1.62,5,False,-0.22149360916312172,-0.11607491174170947,0.7552717391304348
158,7bbe6d4eb49d,relative_weakness_reversal,"{""family"": ""relative_weakness_reversal"", ""gap_max"": -0.03, ""min_adv20"": 20000000.0, ""mom3_max"": -0.05, ""prev_return_percentile_max"": 0.2}",0.02,0.08,3.0,5,42881.117452025625,3.2881117452025626,0.08441552599928803,0.4604133652758737,-0.5634900619970549,1392,695,0.3074884029158383,5,False,-0.06599999999999999,17677.99024337214,0.7677990243372139,0.20883959498908666,0.7692814850506327,-0.2842106545792076,254,105,0.33553500660501984,5,False,-0.06599999999999999,8041.2192927164,-0.19587807072836005,-0.07026983147084587,-0.18405482743432328,-0.3510851831544045,216,122,0.2864721485411141,5,False,-0.06599999999999999,10639.400948436096,0.06394009484360952,0.06446776193992765,0.36559739194347585,-0.20398450626685238,84,44,0.336,5,False,-0.06599999999999999,-0.308868119774759,0.7552173913043478
159,30a224c68ce7,relative_weakness_reversal,"{""family"": ""relative_weakness_reversal"", ""gap_max"": -0.03, ""min_adv20"": 20000000.0, ""mom3_max"": -0.05, ""prev_return_percentile_max"": 0.1}",,0.08,1.5,5,21439.0794805776,1.1439079480577599,0.04336658056855991,0.30681094186364766,-0.588913823575931,1204,628,0.2659597967749061,5,False,-0.3400932097111317,19283.79761375312,0.928379761375312,0.24433869956895338,1.1029789814149222,-0.183879459915557,226,95,0.2985468956406869,5,False,-0.12550626548060645,11570.392857123257,0.15703928571232573,0.04995828718584239,0.3569166040929025,-0.2173938724406932,195,115,0.25862068965517243,5,False,-0.12325820746916505,11333.086550473377,0.1333086550473377,0.13444381353515333,0.7883544571312376,-0.08623624877092295,73,41,0.292,5,False,-0.049786359678874806,-0.7961680395512746,0.7551630434782608
160,7bbe6d4eb49d,relative_weakness_reversal,"{""family"": ""relative_weakness_reversal"", ""gap_max"": -0.03, ""min_adv20"": 20000000.0, ""mom3_max"": -0.05, ""prev_return_percentile_max"": 0.2}",0.02,0.08,1.0,3,20326.34973426007,1.0326349734260072,0.04027565592558302,0.42360877173915745,-0.3067210667581679,1154,695,0.25491495471614756,3,False,-0.022000000000000002,12669.853131451791,0.26698531314517915,0.08196182965276888,0.6976953534703653,-0.09685188386528443,192,105,0.2536327608982827,3,False,-0.022000000000000002,8887.312693717853,-0.11126873062821474,-0.038657392266672086,-0.3303061902715626,-0.18920139354601695,185,122,0.2453580901856764,3,False,-0.022000000000000002,10106.329696333642,0.010632969633364242,0.010718487654176156,0.15299204378047346,-0.08948554488355809,72,44,0.288,3,False,-0.022000000000000002,-0.2740865817312078,0.7544565217391304
161,b5567d8c9030,gap_down_reversal,"{""family"": ""gap_down_reversal"", ""gap_max"": -0.08, ""min_adv20"": 50000000.0, ""prev_return_max"": -0.03}",,0.08,4.0,10,40644.77958544189,3.064477958544189,0.08118711681403457,0.4926817824724525,-0.3322896364619674,305,195,0.06737353655842722,10,False,-0.24872261468181414,14506.370340024549,0.4506370340024548,0.13183150952605538,0.6105271361154174,-0.21744845113522027,77,31,0.10171730515191546,10,False,-0.1632154592778332,11470.384492184594,0.14703844921845932,0.04691639866381947,0.398984150332101,-0.12454438556515823,64,43,0.08488063660477453,6,False,-0.08800795002488886,10356.250024125504,0.0356250024125504,0.03591506037438719,0.40902418649183714,-0.07495304769630617,22,18,0.088,3,False,-0.03335616057926072,-0.11784535364296495,0.7527717391304348
162,810de8977158,gap_down_reversal,"{""family"": ""gap_down_reversal"", ""gap_max"": -0.02, ""min_adv20"": 20000000.0, ""prev_return_max"": 0.0}",,0.04,1.0,20,23485.19823048741,1.3485198230487412,0.04867431997871874,0.488490067053265,-0.35060589012925025,14416,3245,3.184448862381268,20,False,-0.09625183751104043,12139.02080205533,0.21390208020553292,0.06665543249067474,0.6264240444785832,-0.14714144338817436,2685,527,3.546895640686922,20,False,-0.06188573322794253,7093.1190957114795,-0.290688090428852,-0.10844693323575427,-1.0311511258322434,-0.34791157661051564,3244,569,4.30238726790451,20,False,-0.03689552148709071,10509.959004222463,0.05099590042224622,0.051414180715469104,0.49074878012002837,-0.07345562492879876,1063,188,4.252,20,False,-0.035570193062851425,-0.13793397742531827,0.7520652173913044
163,d44ea1e15914,gap_down_reversal,"{""family"": ""gap_down_reversal"", ""gap_max"": -0.08, ""min_adv20"": 20000000.0, ""prev_return_max"": -0.05}",,0.02,1.0,10,11591.973611502075,0.15919736115020755,0.008257323462080857,0.47602708214960393,-0.04123289593695101,207,131,0.04572564612326044,10,False,-0.036842397261416714,10443.407171476558,0.04434071714765575,0.014547628505251264,0.7046339765890722,-0.017627131244635663,60,21,0.07926023778071334,10,False,-0.016202794512247588,10001.7480726959,0.0001748072695899605,5.842025033531151e-05,0.01155555332515466,-0.029193337546994602,29,19,0.038461538461538464,3,False,-0.02028426966292134,10061.134259466065,0.0061134259466064655,0.006162483742353286,1.633045009628876,-0.0010981096296782678,7,5,0.028,3,False,-0.0010981096296781595,-0.2286068944394683,0.7503260869565218
164,b5567d8c9030,gap_down_reversal,"{""family"": ""gap_down_reversal"", ""gap_max"": -0.08, ""min_adv20"": 50000000.0, ""prev_return_max"": -0.03}",,0.08,1.5,3,19748.682610649583,0.9748682610649584,0.03860743381960163,0.3182246493116443,-0.4372562305803487,256,195,0.05654959134084383,3,False,-0.31090326835226767,15739.518678220691,0.5739518678220692,0.1629929273416646,1.0041913488967784,-0.16080304191812933,47,31,0.062087186261558784,3,False,-0.08682294069178138,11618.597914785916,0.16185979147859153,0.05141825872683703,0.3897685000497794,-0.1549982952554979,59,43,0.07824933687002653,3,False,-0.1014213483146067,10431.899958845815,0.04318999588458161,0.04354293188505287,0.40902418649183714,-0.09325079514633672,22,18,0.088,3,False,-0.0416952007240759,-0.6859666995851341,0.7499999999999999
165,5f7e41cf3ad0,relative_weakness_reversal,"{""family"": ""relative_weakness_reversal"", ""gap_max"": -0.03, ""min_adv20"": 20000000.0, ""mom3_max"": -0.05, ""prev_return_percentile_max"": 0.2}",0.02,,3.0,10,117936.51444883097,10.793651444883098,0.14724025637637994,0.7479526251097435,-0.37073106457051996,1711,695,0.3779544952507179,10,False,-0.06599999999999999,14111.321690266934,0.41113216902669336,0.1214761386106169,0.5836751117787268,-0.28338654329285085,358,105,0.47291941875825627,10,False,-0.06599999999999999,9354.691272017897,-0.06453087279821035,-0.02204800243977445,0.006172521308714004,-0.2874753292318012,276,122,0.3660477453580902,10,False,-0.06599999999999999,10569.246656063997,0.05692466560639975,0.057392889107240386,0.3796087767426769,-0.17085331482310973,107,44,0.428,10,False,-0.06599999999999999,-0.1642775133310167,0.7499728260869565
166,d3fb518fbd7b,gap_down_reversal,"{""family"": ""gap_down_reversal"", ""gap_max"": -0.08, ""min_adv20"": 20000000.0, ""prev_return_max"": -0.03}",,0.08,3.0,5,46746.24372312365,3.6746243723123646,0.08963770675180638,0.47707585738158176,-0.5268208727136021,322,228,0.07112878285840513,5,False,-0.3730839220227212,16566.471727488253,0.6566471727488252,0.18298745719002252,0.7263896568935708,-0.280459085517762,57,31,0.07529722589167767,5,False,-0.20297488008308218,11792.58427953269,0.17925842795326896,0.05665442884951677,0.36976446010235553,-0.18513303378131996,64,43,0.08488063660477453,5,False,-0.12170561797752803,10501.927524177776,0.05019275241777765,0.050604287805461334,0.409024186491837,-0.11136901824812862,22,18,0.088,3,False,-0.05003424086889108,-0.24931379951198906,0.7494565217391305
167,7bbe6d4eb49d,relative_weakness_reversal,"{""family"": ""relative_weakness_reversal"", ""gap_max"": -0.03, ""min_adv20"": 20000000.0, ""mom3_max"": -0.05, ""prev_return_percentile_max"": 0.2}",0.02,0.08,2.0,10,24610.862351585056,1.4610862351585054,0.05141088234312918,0.5369948002133826,-0.2637792047747278,1711,695,0.3779544952507179,10,False,-0.044,12276.029750221069,0.2276029750221069,0.07064812834242162,0.5289474739788316,-0.22035230718888132,358,105,0.47291941875825627,10,False,-0.044,8764.134359047659,-0.12358656409523405,-0.043131288640798515,-0.2933799744432953,-0.22258840374388644,276,122,0.3660477453580902,10,False,-0.044,9994.076733228763,-0.0005923266771237223,-0.0005970638756327418,0.04921330686545446,-0.11651007708655514,107,44,0.428,10,False,-0.044,-0.008047326234551067,0.7494021739130434
168,37e8e6129018,relative_weakness_reversal,"{""family"": ""relative_weakness_reversal"", ""gap_max"": -0.03, ""min_adv20"": 50000000.0, ""mom3_max"": -0.05, ""prev_return_percentile_max"": 0.2}",0.06,,4.0,5,170959.5836719401,16.09595836719401,0.17119781037643045,0.5112564185675321,-0.6941828595970805,1208,606,0.2668433841396068,5,False,-0.248,24359.035502145314,1.4359035502145314,0.344981888850028,0.793611312786592,-0.4999880312033824,254,105,0.33553500660501984,5,False,-0.248,17315.145393137096,0.7315145393137097,0.20139602559912162,0.5617707594949626,-0.4482080095787139,215,122,0.28514588859416445,5,False,-0.248,14027.749369713807,0.40277493697138067,0.40657826367377536,0.7900676088273487,-0.2695728705491368,84,44,0.336,5,False,-0.1327636258103328,-0.2823548942190599,0.7482065217391305
169,30a224c68ce7,relative_weakness_reversal,"{""family"": ""relative_weakness_reversal"", ""gap_max"": -0.03, ""min_adv20"": 20000000.0, ""mom3_max"": -0.05, ""prev_return_percentile_max"": 0.1}",,0.08,2.0,10,37438.22818351538,2.743822818351538,0.07625249447065707,0.47486527175521004,-0.3493584320098996,1423,628,0.3143362049922686,10,False,-0.298381934341704,15280.493419020977,0.5280493419020977,0.15159042167880377,0.716417670658569,-0.23841241199884033,310,95,0.4095112285336856,10,False,-0.19958235552307316,11382.002570880544,0.1382002570880545,0.044213411529516966,0.33645736448174857,-0.2216681988417173,238,115,0.3156498673740053,10,False,-0.08337626779510694,10843.703519644638,0.08437035196446385,0.0850732473078033,0.5635096984317924,-0.06732144012129626,93,41,0.372,10,False,-0.049023620036142836,-0.24155239890335894,0.747554347826087
170,7bbe6d4eb49d,relative_weakness_reversal,"{""family"": ""relative_weakness_reversal"", ""gap_max"": -0.03, ""min_adv20"": 20000000.0, ""mom3_max"": -0.05, ""prev_return_percentile_max"": 0.2}",0.02,0.08,1.5,3,26931.10044564085,1.6931100445640848,0.05669712646745806,0.42360877173915734,-0.42814294754524684,1154,695,0.25491495471614756,3,False,-0.033,14030.81906645888,0.40308190664588794,0.11934228174238992,0.6976953534703653,-0.14509813149809958,192,105,0.2536327608982827,3,False,-0.033,8282.013182494715,-0.17179868175052848,-0.06105621757306856,-0.33030619027156294,-0.2736382451280942,185,122,0.2453580901856764,3,False,-0.033,10119.922798827412,0.011992279882741208,0.012088795697208887,0.15299204378047315,-0.13203223117528629,72,44,0.288,3,False,-0.033,-0.2740865817312079,0.747554347826087
171,810de8977158,gap_down_reversal,"{""family"": ""gap_down_reversal"", ""gap_max"": -0.02, ""min_adv20"": 20000000.0, ""prev_return_max"": 0.0}",,0.04,3.0,5,2595942.5382274883,258.59425382274884,0.36268087040444086,0.8282410919453698,-0.8866533838129429,9080,3245,2.0057433178705546,5,False,-0.46301547054613906,18496.806143592807,0.8496806143592808,0.2271979930462873,0.6456258321584422,-0.5179305567372857,1567,527,2.07001321003963,5,False,-0.19765010668599325,309.54121557960593,-0.9690458784420394,-0.6869802827316822,-1.3536946256101794,-0.9714148283489964,1813,569,2.4045092838196287,5,False,-0.36777448215778047,5022.8491944141,-0.49771508055859004,-0.5004744113622556,-0.8354262711019218,-0.5288064058119887,582,188,2.328,5,False,-0.16612020687234128,-0.1826152597869276,0.7471467391304347
172,16968da02607,gap_down_reversal,"{""family"": ""gap_down_reversal"", ""gap_max"": -0.03, ""min_adv20"": 20000000.0, ""prev_return_max"": -0.03}",,,4.0,3,10302.796815101938,0.03027968151019378,0.001661913093998324,0.5792026976395354,-0.995091154745096,1506,852,0.3326706428098078,3,False,-0.8290753822727138,54057.36921699084,4.405736921699084,0.7537281266957394,1.0722927920849115,-0.6774035716152478,250,141,0.33025099075297226,3,False,-0.39518093489166173,2979.9206408099312,-0.7020079359190069,-0.332778541334815,0.07814786595729294,-0.9062179914068864,248,153,0.32891246684350134,3,False,-0.4576873985938345,16184.8305931746,0.61848305931746,0.6247293402221485,0.9095016896869886,-0.456810892872894,101,56,0.404,3,False,-0.19976954149276827,-0.4930900944453761,0.7467391304347826
173,a57ed6864f77,strength_pullback,"{""family"": ""strength_pullback"", ""gap_max"": -0.03, ""min_adv20"": 20000000.0, ""mom3_min"": null, ""prev_return_min"": 0.05}",0.02,0.08,1.0,5,16793.067087266958,0.6793067087266957,0.02927657463123845,0.44655798605552427,-0.191350588538166,960,462,0.21206096752816433,5,False,-0.022,11296.577465874796,0.12965774658747953,0.04141936073244579,0.534097866501104,-0.07772905563419752,171,81,0.22589167767503301,5,False,-0.022,11282.53432370739,0.12825343237073894,0.04115460509159341,0.9404365732411583,-0.06031378160821943,133,67,0.17639257294429708,5,False,-0.018747132591754718,9278.898290594685,-0.07211017094053151,-0.07266556771856936,-2.231267025467469,-0.08427179386964001,40,29,0.16,5,False,-0.022,-0.08753988044557975,0.74625
174,aeb583bdb7a4,gap_down_reversal,"{""family"": ""gap_down_reversal"", ""gap_max"": -0.03, ""min_adv20"": 20000000.0, ""prev_return_max"": 0.0}",,0.08,2.0,3,252395.58631418226,24.239558631418227,0.19687360264241138,0.6077694089732597,-0.7880211226828071,4517,2421,0.9977910315882483,3,False,-0.33506162459856675,16047.020337345544,0.6047020337345543,0.1705079257340656,0.5628198301321993,-0.44027402660955406,763,395,1.0079260237780714,3,False,-0.19759046744583086,981.5406030658067,-0.9018459396934193,-0.5396606550204925,-0.9878463091603066,-0.9143029314274667,930,438,1.23342175066313,3,False,-0.3731080776996825,4860.309540009046,-0.5139690459990953,-0.5167662700684847,-0.8842701236957504,-0.6218120807215763,311,146,1.244,3,False,-0.1793929473487775,-0.044949578841060434,0.7457608695652174
175,d3fb518fbd7b,gap_down_reversal,"{""family"": ""gap_down_reversal"", ""gap_max"": -0.08, ""min_adv20"": 20000000.0, ""prev_return_max"": -0.03}",,0.08,3.0,3,40632.51529395123,3.0632515293951235,0.08116895369276023,0.42291213002827804,-0.7503012352770972,298,228,0.06582725867020102,3,False,-0.6218065367045353,22999.58615575487,1.2999586155754872,0.31951418302042933,1.0041913488967784,-0.3075383411664788,47,31,0.062087186261558784,3,False,-0.17364588138356277,11743.46018798665,0.17434601879866496,0.0551812653925583,0.32766252880517693,-0.30205744485238606,60,43,0.07957559681697612,3,False,-0.2028426966292134,10723.604580318352,0.0723604580318351,0.07295996570016805,0.40902418649183714,-0.18201644922987925,22,18,0.088,3,False,-0.0833904014481518,-0.5812792188685003,0.7454891304347826
176,39765112165e,gap_down_reversal,"{""family"": ""gap_down_reversal"", ""gap_max"": -0.03, ""min_adv20"": 20000000.0, ""prev_return_max"": 0.0}",,0.04,3.0,3,98247.39439522334,8.824739439522334,0.13563441980785518,0.5634201491801213,-0.9585970017379145,4517,2421,0.9977910315882483,3,False,-0.5025924368978502,19809.62984744684,0.9809629847446839,0.25553279726812517,0.6852841301927333,-0.5096682257745365,763,395,1.0079260237780714,3,False,-0.2963857011687463,191.17259039680906,-0.9808827409603191,-0.7335459305774676,-1.174066086227366,-0.9839316409442825,930,438,1.23342175066313,3,False,-0.5596621165495238,3241.6740635410274,-0.6758325936458973,-0.6787408536439905,-1.1246155148611183,-0.7228843197259363,311,146,1.244,3,False,-0.1957804002222202,-0.12186398101261198,0.745
177,08f00ed65665,gap_down_reversal,"{""family"": ""gap_down_reversal"", ""gap_max"": -0.02, ""min_adv20"": 20000000.0, ""prev_return_max"": 0.0}",,0.08,1.5,3,2148595.363971994,213.85953639719938,0.3484092688022977,0.872023566280404,-0.7051999009208983,7024,3245,1.5515794124144024,3,False,-0.2512962184489251,16978.21729552468,0.6978217295524678,0.19269518619188064,0.6186495867633377,-0.3675749253204349,1180,527,1.558784676354029,3,False,-0.14819285058437315,1639.6006988578504,-0.836039930114215,-0.45354837222848443,-0.9853597249262,-0.838188605091722,1318,569,1.7480106100795756,3,False,-0.2798310582747619,4294.330086757026,-0.5705669913242974,-0.5734611564564334,-1.4919174435465725,-0.5780146805069415,427,188,1.708,3,False,-0.13454471051158312,-0.2533739795170663,0.7436684782608696
178,b5567d8c9030,gap_down_reversal,"{""family"": ""gap_down_reversal"", ""gap_max"": -0.08, ""min_adv20"": 50000000.0, ""prev_return_max"": -0.03}",,0.08,1.0,5,16045.702927015329,0.6045702927015328,0.026671487001775906,0.3799638880642987,-0.1861110904471328,278,195,0.06140932184669759,5,False,-0.12436130734090707,12134.498841262535,0.21344988412625354,0.06652314282522798,0.7263896568935708,-0.09787137553676639,57,31,0.07529722589167767,5,False,-0.06765829336102738,10841.494009524215,0.08414940095242152,0.0273712374395505,0.42862689431438966,-0.06277009178068871,63,43,0.08355437665782493,5,False,-0.04056853932584268,10188.584045633263,0.018858404563326214,0.019010696879208977,0.40902418649183714,-0.03782549837725624,22,18,0.088,3,False,-0.01667808028963036,-0.3464257688292721,0.7436413043478262
179,7bbe6d4eb49d,relative_weakness_reversal,"{""family"": ""relative_weakness_reversal"", ""gap_max"": -0.03, ""min_adv20"": 20000000.0, ""mom3_max"": -0.05, ""prev_return_percentile_max"": 0.2}",0.02,0.08,4.0,5,57174.813640915236,4.717481364091523,0.10192126206777785,0.46041336527587357,-0.6765858417567936,1392,695,0.3074884029158383,5,False,-0.088,20251.950247621688,1.0251950247621688,0.2647965412480151,0.7692814850506327,-0.37086684588644636,254,105,0.33553500660501984,5,False,-0.088,7219.475226377523,-0.2780524773622477,-0.10317004723569145,-0.18405482743432316,-0.4509942616968856,216,122,0.2864721485411141,5,False,-0.088,10720.140729224619,0.07201407292246187,0.0726106147640957,0.3655973919434757,-0.26472247589083164,84,44,0.336,5,False,-0.088,-0.3088681197747591,0.7433152173913044
180,b5567d8c9030,gap_down_reversal,"{""family"": ""gap_down_reversal"", ""gap_max"": -0.08, ""min_adv20"": 50000000.0, ""prev_return_max"": -0.03}",,0.08,2.0,3,21934.49013835796,1.1934490138357958,0.04469425686771267,0.3182246493116442,-0.5629096227343177,256,195,0.05654959134084383,3,False,-0.4145376911363569,18005.018919135284,0.8005018919135283,0.21623846778574451,1.0041913488967789,-0.21127789085311033,47,31,0.062087186261558784,3,False,-0.1157639209223752,12002.988627257762,0.20029886272577624,0.06291834775222305,0.38976850004977937,-0.20503476330883263,59,43,0.07824933687002653,3,False,-0.13522846441947559,10545.431333593207,0.054543133359320706,0.05499126279225908,0.40902418649183714,-0.12334732732175069,22,18,0.088,3,False,-0.05559360096543453,-0.6859666995851347,0.7427717391304348
181,30a224c68ce7,relative_weakness_reversal,"{""family"": ""relative_weakness_reversal"", ""gap_max"": -0.03, ""min_adv20"": 20000000.0, ""mom3_max"": -0.05, ""prev_return_percentile_max"": 0.1}",,0.08,2.0,5,22008.144217705623,1.2008144217705623,0.04488922377115445,0.30681094186364766,-0.7304907345770213,1204,628,0.2659597967749061,5,False,-0.45345761294817566,23249.508585527336,1.3249508585527336,0.32427012380375375,1.1029789814149222,-0.24446041436792942,226,95,0.2985468956406869,5,False,-0.16734168730747528,11878.048645135505,0.18780486451355038,0.05920767940482463,0.35691660409290255,-0.28403375532240116,195,115,0.25862068965517243,5,False,-0.1643442766255534,11736.608118867593,0.1736608118867593,0.1751652607401457,0.7883544571312375,-0.11478776000153945,73,41,0.292,5,False,-0.0663818129051664,-0.7961680395512746,0.7426630434782608
182,a57ed6864f77,strength_pullback,"{""family"": ""strength_pullback"", ""gap_max"": -0.03, ""min_adv20"": 20000000.0, ""mom3_min"": null, ""prev_return_min"": 0.05}",0.02,0.08,1.5,5,21080.55577454892,1.1080555774548921,0.042387560107885136,0.44655798605552427,-0.2769047212203265,960,462,0.21206096752816433,5,False,-0.032999999999999995,11921.246567296273,0.1921246567296273,0.06024674977016797,0.5340978665011039,-0.11473671723484402,171,81,0.22589167767503301,5,False,-0.032999999999999995,11958.831757412685,0.19588317574126846,0.06160985716091827,0.9404365732411581,-0.08942190046691234,133,67,0.17639257294429708,5,False,-0.02812069888763208,8934.231953035056,-0.10657680469649444,-0.10738191566877864,-2.2312670254674694,-0.12397573248462546,40,29,0.16,5,False,-0.032999999999999995,-0.08753988044557964,0.7423641304347826
183,a57ed6864f77,strength_pullback,"{""family"": ""strength_pullback"", ""gap_max"": -0.03, ""min_adv20"": 20000000.0, ""mom3_min"": null, ""prev_return_min"": 0.05}",0.02,0.08,2.0,10,18844.163753653233,0.8844163753653234,0.03590039033525039,0.4206155692036051,-0.22552982926701093,1245,462,0.27501656726308815,10,False,-0.044,12116.042946622012,0.2116042946622012,0.065982875555749,0.5598220500936669,-0.07772905563419741,229,81,0.30250990752972257,10,False,-0.044,11604.40040776153,0.16044004077615304,0.05098868290838232,0.9963176290959019,-0.06031378160821943,150,67,0.1989389920424403,8,False,-0.02754713259175472,9070.170517186625,-0.09298294828133746,-0.09369082749320101,-1.9104691233626936,-0.10487099687052726,45,29,0.18,10,False,-0.044,-0.13920648089006182,0.7416847826086956
184,37e8e6129018,relative_weakness_reversal,"{""family"": ""relative_weakness_reversal"", ""gap_max"": -0.03, ""min_adv20"": 50000000.0, ""mom3_max"": -0.05, ""prev_return_percentile_max"": 0.2}",0.06,,3.0,3,84098.80873699448,7.409880873699448,0.12584694873514124,0.45399130211812216,-0.7359346803418969,1003,606,0.22155953169869672,3,False,-0.18600000000000003,21437.682349189618,1.1437682349189617,0.2889817885093826,0.7527294044636188,-0.365818201448986,192,105,0.2536327608982827,3,False,-0.18600000000000003,12930.601605564732,0.2930601605564733,0.08969493946079754,0.4079442041294533,-0.5721247687400624,184,122,0.2440318302387268,3,False,-0.18600000000000003,11201.248666098287,0.12012486660982868,0.12114186523066484,0.46067952745119867,-0.3274689252680375,72,44,0.288,3,False,-0.12732074895894752,-0.29873810234549664,0.7410326086956522
185,37e8e6129018,relative_weakness_reversal,"{""family"": ""relative_weakness_reversal"", ""gap_max"": -0.03, ""min_adv20"": 50000000.0, ""mom3_max"": -0.05, ""prev_return_percentile_max"": 0.2}",0.06,,1.0,10,25788.472544612603,1.5788472544612602,0.054150017186818555,0.5015416572479214,-0.1639686567447357,1473,606,0.32538104705102716,10,False,-0.05643440651381917,11538.204142053672,0.15382041420536718,0.04878236911694778,0.4810268619222146,-0.16009738383323113,354,105,0.4676354029062087,10,False,-0.062,11382.726750419488,0.13827267504194873,0.044235615816623275,0.449035315556123,-0.1160312086091777,275,122,0.3647214854111406,10,False,-0.04901596076382426,10455.429558492671,0.04554295584926704,0.04591553935023729,0.47474784471956044,-0.06371213249770913,107,44,0.428,10,False,-0.036325899048963245,-0.020514795325706825,0.7407065217391304
186,d3fb518fbd7b,gap_down_reversal,"{""family"": ""gap_down_reversal"", ""gap_max"": -0.08, ""min_adv20"": 20000000.0, ""prev_return_max"": -0.03}",,0.08,4.0,5,60487.88938383686,5.048788938383686,0.105381922908941,0.4770758573815818,-0.6421244928701385,322,228,0.07112878285840513,5,False,-0.4974452293636283,18661.797211021814,0.8661797211021813,0.23083124313891856,0.7263896568935708,-0.3651754199619912,57,31,0.07529722589167767,5,False,-0.27063317344410953,12125.956338720127,0.21259563387201275,0.06654541448784168,0.3697644601023556,-0.24435877860276423,64,43,0.08488063660477453,5,False,-0.16227415730337072,10624.658253307047,0.06246582533070466,0.06298096949389054,0.40902418649183714,-0.14706072893802924,22,18,0.088,3,False,-0.06671232115852144,-0.249313799511989,0.7401630434782608
187,7bbe6d4eb49d,relative_weakness_reversal,"{""family"": ""relative_weakness_reversal"", ""gap_max"": -0.03, ""min_adv20"": 20000000.0, ""mom3_max"": -0.05, ""prev_return_percentile_max"": 0.2}",0.02,0.08,2.0,3,34027.00940999691,2.4027009409996904,0.07054395799016322,0.42360877173915745,-0.5312290847637848,1154,695,0.25491495471614756,3,False,-0.044000000000000004,15376.924530625874,0.5376924530625875,0.15400460675177463,0.6976953534703653,-0.19287880705316718,192,105,0.2536327608982827,3,False,-0.044000000000000004,7660.221212240789,-0.23397787877592113,-0.08523103990289582,-0.3303061902715626,-0.35149035551934926,185,122,0.2453580901856764,3,False,-0.044000000000000004,10107.646973647126,0.010764697364712639,0.010851280512352401,0.15299204378047346,-0.1731428560064674,72,44,0.288,3,False,-0.044000000000000004,-0.2740865817312078,0.74
188,a57ed6864f77,strength_pullback,"{""family"": ""strength_pullback"", ""gap_max"": -0.03, ""min_adv20"": 20000000.0, ""mom3_min"": null, ""prev_return_min"": 0.05}",0.02,0.08,3.0,10,24442.058878406933,1.4442058878406931,0.05100813977520047,0.4206155692036051,-0.32363044754596704,1245,462,0.27501656726308815,10,False,-0.06599999999999999,13118.432963461439,0.31184329634614394,0.09456631641183866,0.5598220500936669,-0.11473671723484347,229,81,0.30250990752972257,10,False,-0.06599999999999999,12464.777424972297,0.24647774249722976,0.07641426457724476,0.9963176290959015,-0.08942190046691223,150,67,0.1989389920424403,8,False,-0.04132069888763208,8629.340893624345,-0.13706591063756546,-0.1380829997682329,-1.9104691233626936,-0.1538710797731545,45,29,0.18,10,False,-0.06599999999999999,-0.13920648089006182,0.74
189,a57ed6864f77,strength_pullback,"{""family"": ""strength_pullback"", ""gap_max"": -0.03, ""min_adv20"": 20000000.0, ""mom3_min"": null, ""prev_return_min"": 0.05}",0.02,0.08,1.5,10,16316.59447764328,0.631659447764328,0.02762872555997853,0.4206155692036051,-0.17285073396369965,1245,462,0.27501656726308815,10,False,-0.032999999999999995,11597.59804065108,0.15975980406510804,0.050576480743935504,0.5598220500936669,-0.05876548369820589,229,81,0.30250990752972257,10,False,-0.032999999999999995,11188.754292892656,0.11887542928926553,0.038254233027114504,0.9963176290959015,-0.04549897516316681,150,67,0.1989389920424403,8,False,-0.02066034944381604,9296.534087445494,-0.07034659125545062,-0.07088892994891982,-1.9104691233626936,-0.07952873306706276,45,29,0.18,10,False,-0.032999999999999995,-0.13920648089006182,0.7397826086956522
190,5f7e41cf3ad0,relative_weakness_reversal,"{""family"": ""relative_weakness_reversal"", ""gap_max"": -0.03, ""min_adv20"": 20000000.0, ""mom3_max"": -0.05, ""prev_return_percentile_max"": 0.2}",0.02,,4.0,10,233159.5248940884,22.31595248940884,0.19160354437781302,0.7479526251097431,-0.46611732531528394,1711,695,0.3779544952507179,10,False,-0.088,15274.401082625624,0.5274401082625624,0.15143755706362838,0.5836751117787269,-0.36590169611463763,358,105,0.47291941875825627,10,False,-0.088,8894.485196969521,-0.11055148030304796,-0.03839815881755504,0.006172521308714005,-0.37038342072381114,276,122,0.3660477453580902,10,False,-0.088,10683.351088607105,0.06833510886071048,0.06890020637766181,0.3796087767426771,-0.22269477674144655,107,44,0.428,10,False,-0.088,-0.16427751333101626,0.7396195652173914
191,810de8977158,gap_down_reversal,"{""family"": ""gap_down_reversal"", ""gap_max"": -0.02, ""min_adv20"": 20000000.0, ""prev_return_max"": 0.0}",,0.04,1.5,20,33115.357922589894,2.311535792258989,0.06892678975403488,0.4884900670532648,-0.49848609610201566,14416,3245,3.184448862381268,20,False,-0.14437775626656063,13181.517407753969,0.3181517407753969,0.09631572699923119,0.626424044478583,-0.21649269777474323,2685,527,3.546895640686922,20,False,-0.0928285998419138,5898.437108234797,-0.41015628917652025,-0.16174476155210016,-1.0311511258322437,-0.4792972477855305,3244,569,4.30238726790451,20,False,-0.05534328223063607,10721.65257437461,0.07216525743746094,0.0727630936436503,0.49074878012002854,-0.1083823090989956,1063,188,4.252,20,False,-0.053355289594277135,-0.1379339774253182,0.7392119565217391
192,08f00ed65665,gap_down_reversal,"{""family"": ""gap_down_reversal"", ""gap_max"": -0.02, ""min_adv20"": 20000000.0, ""prev_return_max"": 0.0}",,0.08,3.0,20,105474.16725744489,9.547416725744489,0.140130214846915,0.5241202878433325,-0.8283780786910456,14416,3245,3.184448862381268,20,False,-0.33894237930953874,17808.33060719682,0.7808330607196823,0.21179934047186766,0.6643503744748825,-0.4030704244493649,2685,527,3.546895640686922,20,False,-0.23104049383421735,3602.51804729106,-0.639748195270894,-0.28909753836221175,-0.7418803286318114,-0.7337110544342844,3244,569,4.30238726790451,20,False,-0.11068656446127215,12576.519032454224,0.2576519032454223,0.25996051707016643,0.7213528069885887,-0.24222431448212012,1063,188,4.252,20,False,-0.11728091593175394,-0.14023008663155,0.7386141304347825
193,30a224c68ce7,relative_weakness_reversal,"{""family"": ""relative_weakness_reversal"", ""gap_max"": -0.03, ""min_adv20"": 20000000.0, ""mom3_max"": -0.05, ""prev_return_percentile_max"": 0.1}",,0.08,3.0,3,15004.70370685104,0.5004703706851039,0.02284511764392727,0.3529284328299536,-0.932209554070239,1018,628,0.22487298431632427,3,False,-0.6218065367045353,44732.35815438808,3.473235815438808,0.6465974550270301,1.2155066694554688,-0.3109085325439619,173,95,0.2285336856010568,3,False,-0.3051759280619558,9809.895824928515,-0.01901041750714849,-0.006394252443182702,0.26374195327698685,-0.5607075491938027,169,115,0.22413793103448276,3,False,-0.4108606915638835,11388.730103300968,0.1388730103300968,0.14005841177152445,0.5020738912043549,-0.2702971984654443,63,41,0.252,3,False,-0.1326423889693571,-0.8625782366255152,0.7384510869565217
194,a57ed6864f77,strength_pullback,"{""family"": ""strength_pullback"", ""gap_max"": -0.03, ""min_adv20"": 20000000.0, ""mom3_min"": null, ""prev_return_min"": 0.05}",0.02,0.08,2.0,5,25922.810650469008,1.5922810650469006,0.05445494718466137,0.44655798605552427,-0.3558106581957021,960,462,0.21206096752816433,5,False,-0.044,12523.488583137088,0.2523488583137088,0.07778485402423474,0.534097866501104,-0.15053867667107368,171,81,0.22589167767503301,5,False,-0.044,12658.049760395488,0.2658049760395489,0.08196391376706336,0.9404365732411583,-0.11784134998715645,133,67,0.17639257294429708,5,False,-0.037494265183509436,8599.864495297643,-0.14001355047023567,-0.1410506781231735,-2.231267025467469,-0.16213380338223438,40,29,0.16,5,False,-0.044,-0.08753988044557975,0.737228260869565
195,59b1c0c0d28c,strength_pullback,"{""family"": ""strength_pullback"", ""gap_max"": -0.05, ""min_adv20"": 20000000.0, ""mom3_min"": null, ""prev_return_min"": 0.03}",0.02,0.08,1.0,5,15024.79950875288,0.502479950875288,0.02292132613363762,0.43953749665754177,-0.14293940218415369,685,405,0.15131433620499227,5,False,-0.022,10951.75849917067,0.09517584991706696,0.030727587303171378,0.43963142614921114,-0.08736322824520737,133,67,0.17569352708058125,5,False,-0.022,9757.386140829585,-0.024261385917041522,-0.0081749648078423,-0.18843466417450186,-0.05198123925813136,101,69,0.13395225464190982,5,False,-0.0132,9190.423640248442,-0.08095763597515582,-0.08157813336155284,-1.9267924337693856,-0.0985858820020955,37,23,0.148,5,False,-0.022,-9.392949166936448e-05,0.7366847826086956
196,b5567d8c9030,gap_down_reversal,"{""family"": ""gap_down_reversal"", ""gap_max"": -0.08, ""min_adv20"": 50000000.0, ""prev_return_max"": -0.03}",,0.08,1.5,5,19518.696009942854,0.9518696009942855,0.037930407626752594,0.37996388806429854,-0.26923426048049737,278,195,0.06140932184669759,5,False,-0.1865419610113606,13238.797964827656,0.32387979648276555,0.09789935691843588,0.7263896568935708,-0.14516268316858238,57,31,0.07529722589167767,5,False,-0.10148744004154109,11230.260694725745,0.12302606947257444,0.03953990658405426,0.4286268943143895,-0.09379386759863528,63,43,0.08355437665782493,5,False,-0.060852808988764016,10275.101216534043,0.027510121653404385,0.027733226687741253,0.409024186491837,-0.05647739073082725,22,18,0.088,3,False,-0.02501712043444554,-0.3464257688292723,0.736304347826087
197,7bbe6d4eb49d,relative_weakness_reversal,"{""family"": ""relative_weakness_reversal"", ""gap_max"": -0.03, ""min_adv20"": 20000000.0, ""mom3_max"": -0.05, ""prev_return_percentile_max"": 0.2}",0.02,0.08,3.0,10,36095.75459239086,2.6095754592390863,0.07406695427218746,0.5369948002133826,-0.3730053528737177,1711,695,0.3779544952507179,10,False,-0.06599999999999999,13286.690624252162,0.3286690624252162,0.09921993559334918,0.5289474739788319,-0.3155996319371699,358,105,0.47291941875825627,10,False,-0.06599999999999999,8073.842412916539,-0.19261575870834613,-0.06901089416902595,-0.2933799744432952,-0.32082481587969214,276,122,0.3660477453580902,10,False,-0.06599999999999999,9946.983957930503,-0.005301604206949695,-0.005343903513955972,0.04921330686545446,-0.17085331482310973,107,44,0.428,10,False,-0.06599999999999999,-0.008047326234550733,0.7362771739130436
198,a57ed6864f77,strength_pullback,"{""family"": ""strength_pullback"", ""gap_max"": -0.03, ""min_adv20"": 20000000.0, ""mom3_min"": null, ""prev_return_min"": 0.05}",0.02,0.08,4.0,10,30567.659773137802,2.05676597731378,0.06417390946653212,0.4206155692036051,-0.41231777036927064,1245,462,0.27501656726308815,10,False,-0.088,14060.443670381983,0.40604436703819835,0.1201284789407131,0.5598220500936669,-0.15053867667107335,229,81,0.30250990752972257,10,False,-0.088,13363.777988530499,0.33637779885304986,0.10176192710935106,0.9963176290959019,-0.11784134998715601,150,67,0.1989389920424403,8,False,-0.05509426518350944,8204.054832334154,-0.17959451676658467,-0.1808927257777433,-1.9104691233626936,-0.2006966827244746,45,29,0.18,10,False,-0.088,-0.13920648089006182,0.7348369565217391
199,a57ed6864f77,strength_pullback,"{""family"": ""strength_pullback"", ""gap_max"": -0.03, ""min_adv20"": 20000000.0, ""mom3_min"": null, ""prev_return_min"": 0.05}",0.02,0.08,1.0,10,13994.606520867857,0.39946065208678583,0.01888471812921999,0.4206155692036051,-0.11771382331674207,1245,462,0.27501656726308815,10,False,-0.022,11070.611231461815,0.10706112314618155,0.03443788183062457,0.5598220500936669,-0.03949141846315041,229,81,0.30250990752972257,10,False,-0.022,10782.811855707227,0.07828118557072261,0.02550933167824354,0.9963176290959019,-0.030509040085237915,150,67,0.1989389920424403,8,False,-0.01377356629587736,9526.92784055488,-0.04730721594451204,-0.04767650558959491,-1.9104691233626936,-0.053610329918179045,45,29,0.18,10,False,-0.022,-0.13920648089006182,0.7331521739130435
200,d3fb518fbd7b,gap_down_reversal,"{""family"": ""gap_down_reversal"", ""gap_max"": -0.08, ""min_adv20"": 20000000.0, ""prev_return_max"": -0.03}",,0.08,4.0,3,27455.13930306542,1.7455139303065423,0.05783133115570949,0.42291213002827815,-0.9107642175684316,298,228,0.06582725867020102,3,False,-0.8290753822727138,28465.212724134926,1.8465212724134927,0.4165701763601357,1.0041913488967789,-0.39754646140438954,47,31,0.062087186261558784,3,False,-0.2315278418447504,11535.307669964992,0.15353076699649915,0.04889312474877516,0.3276625288051768,-0.39442535231770925,60,43,0.07957559681697612,3,False,-0.27045692883895117,10833.795640984936,0.08337956409849356,0.08407388941997751,0.40902418649183714,-0.23861160399059256,22,18,0.088,3,False,-0.11118720193086906,-0.5812792188685008,0.7328804347826087
201,b5567d8c9030,gap_down_reversal,"{""family"": ""gap_down_reversal"", ""gap_max"": -0.08, ""min_adv20"": 50000000.0, ""prev_return_max"": -0.03}",,0.08,2.0,5,23096.01843150771,1.3096018431507708,0.04769931177343789,0.3799638880642987,-0.34614346961702613,278,195,0.06140932184669759,5,False,-0.24872261468181414,14353.812909312144,0.43538129093121447,0.1278551032326709,0.7263896568935708,-0.19135773737602035,57,31,0.07529722589167767,5,False,-0.13531658672205477,11593.327609795408,0.15933276097954074,0.05065340888526815,0.42862689431438966,-0.12454438556515812,63,43,0.08355437665782493,5,False,-0.08113707865168536,10356.250024125504,0.0356250024125504,0.03591506037438719,0.40902418649183714,-0.07495304769630617,22,18,0.088,3,False,-0.03335616057926072,-0.3464257688292721,0.732608695652174
202,59b1c0c0d28c,strength_pullback,"{""family"": ""strength_pullback"", ""gap_max"": -0.05, ""min_adv20"": 20000000.0, ""mom3_min"": null, ""prev_return_min"": 0.03}",0.02,0.08,1.5,5,18058.53841928715,0.8058538419287149,0.033447679639573735,0.43953749665754155,-0.2081523604157015,685,405,0.15131433620499227,5,False,-0.032999999999999995,11393.737884220185,0.13937378842201853,0.044392607949234275,0.4396314261492112,-0.1284480840513087,133,67,0.17569352708058125,5,False,-0.032999999999999995,9621.740851087265,-0.037825914891273515,-0.012804701166948762,-0.1884346641745022,-0.07716036332382348,101,69,0.13395225464190982,5,False,-0.0198,8804.130463536541,-0.11958695364634586,-0.12048356098448809,-1.9267924337693854,-0.14473391115674328,37,23,0.148,5,False,-0.032999999999999995,-9.392949166964204e-05,0.7324184782608696
203,16968da02607,gap_down_reversal,"{""family"": ""gap_down_reversal"", ""gap_max"": -0.03, ""min_adv20"": 20000000.0, ""prev_return_max"": -0.03}",,,1.0,20,31681.0363122652,2.1681036312265203,0.0662953130199957,0.5778851993829088,-0.3214039108452388,2842,852,0.6277888226198365,20,False,-0.1044949651143395,11439.455290697997,0.14394552906979974,0.045785775862937195,0.4597793270717925,-0.14390403632221493,638,141,0.8428005284015853,20,False,-0.0991221403904788,10920.061090752019,0.09200610907520179,0.029853589182968987,0.399129626557052,-0.10609593934608985,416,153,0.5517241379310345,20,False,-0.03546481709772727,11468.922886589598,0.14689228865895987,0.1481504853900133,1.4231206793667652,-0.01939870711474745,170,56,0.68,20,False,-0.00749135780597881,-0.11810587231111636,0.7323913043478261
204,72ac675e9377,gap_down_reversal,"{""family"": ""gap_down_reversal"", ""gap_max"": -0.08, ""min_adv20"": 50000000.0, ""prev_return_max"": -0.03}",,0.04,1.0,3,15161.94189645426,0.5161941896454261,0.023438850226265906,0.31661785372442874,-0.22247764169002038,256,195,0.05654959134084383,3,False,-0.20726884556817846,11716.59995911693,0.1716599959116929,0.05415281203693256,0.7565445677952849,-0.0832299072163043,47,31,0.062087186261558784,3,False,-0.05400931504082529,10122.155916845139,0.012215591684513916,0.00406617428821443,0.09103040425178215,-0.10343205662867305,59,43,0.07824933687002653,3,False,-0.07901543134714752,10101.773925469053,0.010177392546905306,0.010259227920708769,0.19066208872973286,-0.041734115538288874,22,18,0.088,3,False,-0.027796800482717265,-0.43992671407085615,0.7319565217391304
205,810de8977158,gap_down_reversal,"{""family"": ""gap_down_reversal"", ""gap_max"": -0.02, ""min_adv20"": 20000000.0, ""prev_return_max"": 0.0}",,0.04,4.0,5,2748551.6249091076,273.85516249091074,0.36702094057250223,0.8282410919453698,-0.9804370795513062,9080,3245,2.0057433178705546,5,False,-0.6173539607281854,17835.261133480242,0.7835261133480242,0.2124090711805784,0.645625832158442,-0.653299629895751,1567,527,2.07001321003963,5,False,-0.26353347558132434,67.25678085819524,-0.9932743219141805,-0.8120720536873476,-1.3536946256101798,-0.993949476525446,1813,569,2.4045092838196287,5,False,-0.4903659762103739,3670.6058543230115,-0.6329394145676989,-0.6358706759247563,-0.8354262711019224,-0.6444323155368915,582,188,2.328,5,False,-0.22149360916312172,-0.18261525978692772,0.7319021739130435
206,810de8977158,gap_down_reversal,"{""family"": ""gap_down_reversal"", ""gap_max"": -0.02, ""min_adv20"": 20000000.0, ""prev_return_max"": 0.0}",,0.04,2.0,20,44111.70730993038,3.411170730993038,0.0861248196857125,0.488490067053265,-0.6240330988040631,14416,3245,3.184448862381268,20,False,-0.19250367502208085,14174.589104548195,0.4174589104548194,0.1231474552878471,0.6264240444785832,-0.2828002673160932,2685,527,3.546895640686922,20,False,-0.12377146645588506,4863.268540994535,-0.5136731459005465,-0.21410243943983687,-1.0311511258322434,-0.5873462517692503,3244,569,4.30238726790451,20,False,-0.07379104297418142,10901.89458204609,0.090189458204609,0.09094283432041372,0.49074878012002837,-0.14215410959278718,1063,188,4.252,20,False,-0.07114038612570285,-0.13793397742531827,0.7315760869565218
207,12257827a207,strength_pullback,"{""family"": ""strength_pullback"", ""gap_max"": -0.02, ""min_adv20"": 20000000.0, ""mom3_min"": null, ""prev_return_min"": 0.05}",0.06,0.08,1.0,10,18069.82512280631,0.8069825122806309,0.03348362434508445,0.4022558427232593,-0.1663918260951377,2130,785,0.47051027170311466,10,False,-0.062,11815.633360733575,0.1815633360733575,0.057110605975428275,0.5830901278191144,-0.0832645614016112,378,117,0.49933949801849403,10,False,-0.05153913519768673,10287.135643361724,0.028713564336172448,0.009506282133991961,0.187676805702893,-0.1407625002490661,320,118,0.4244031830238727,10,False,-0.037631362112073366,9220.175789418083,-0.07798242105819175,-0.07858110276354191,-1.1145692445880828,-0.11417771232538776,93,47,0.372,10,False,-0.062,-0.18083428509585509,0.731086956521739
208,a25608756395,strength_pullback,"{""family"": ""strength_pullback"", ""gap_max"": -0.02, ""min_adv20"": 20000000.0, ""mom3_min"": null, ""prev_return_min"": 0.05}",0.02,0.08,1.5,10,16717.66029012419,0.671766029012419,0.02901874958479911,0.3844352031139792,-0.1904424191930032,2130,785,0.47051027170311466,10,False,-0.032999999999999995,11348.738097682843,0.13487380976828423,0.04301766179708122,0.4447758151182797,-0.07326078484334275,378,117,0.49933949801849403,10,False,-0.032999999999999995,10504.344095865126,0.050434409586512574,0.016580731545176253,0.3050580418527507,-0.10379755268864455,320,118,0.4244031830238727,10,False,-0.027260349443816036,9427.841804575273,-0.05721581954247268,-0.05766008964976943,-1.2987488754279244,-0.08161676320089473,93,47,0.372,10,False,-0.032999999999999995,-0.060340612004300465,0.7307608695652174
209,08f00ed65665,gap_down_reversal,"{""family"": ""gap_down_reversal"", ""gap_max"": -0.02, ""min_adv20"": 20000000.0, ""prev_return_max"": 0.0}",,0.08,2.0,3,5084586.111660862,507.45861116608626,0.4146416333959537,0.8720235662804041,-0.8178054045740669,7024,3245,1.5515794124144024,3,False,-0.33506162459856675,17729.250245303854,0.7729250245303854,0.21000532907264735,0.6186495867633378,-0.4730024966176941,1180,527,1.558784676354029,3,False,-0.19759046744583086,754.0623736305628,-0.9245937626369437,-0.5784880834236901,-0.9853597249261998,-0.9258517633966121,1318,569,1.7480106100795756,3,False,-0.3731080776996825,3067.8684866480125,-0.6932131513351987,-0.6960994876582454,-1.4919174435465719,-0.6967963374594695,427,188,1.708,3,False,-0.1793929473487775,-0.2533739795170663,0.7303804347826086
210,72ac675e9377,gap_down_reversal,"{""family"": ""gap_down_reversal"", ""gap_max"": -0.08, ""min_adv20"": 50000000.0, ""prev_return_max"": -0.03}",,0.04,1.5,3,17614.461144659817,0.7614461144659816,0.03201631935749827,0.3166178537244288,-0.3322871425636117,256,195,0.05654959134084383,3,False,-0.31090326835226767,12605.827925980086,0.26058279259800865,0.08013864996079945,0.7565445677952848,-0.12359364541062301,47,31,0.062087186261558784,3,False,-0.08101397256123793,10082.944516412372,0.0082944516412371,0.0027645316798072805,0.09103040425178224,-0.15509776949796383,59,43,0.07824933687002653,3,False,-0.11852314702072127,10137.196555467077,0.013719655546707621,0.013830168310505542,0.1906620887297326,-0.06230584741022116,22,18,0.088,3,False,-0.0416952007240759,-0.439926714070856,0.7301902173913044
211,39765112165e,gap_down_reversal,"{""family"": ""gap_down_reversal"", ""gap_max"": -0.03, ""min_adv20"": 20000000.0, ""prev_return_max"": 0.0}",,0.04,4.0,3,16365.94488397894,0.636594488397894,0.027801495448481317,0.5634201491801213,-0.9964026432237265,4517,2421,0.9977910315882483,3,False,-0.6701232491971335,18338.624572929402,0.8338624572929403,0.22369433753198553,0.6852841301927333,-0.6511775705064224,763,395,1.0079260237780714,3,False,-0.39518093489166173,25.507903323435187,-0.9974492096676565,-0.8640856522872152,-1.174066086227366,-0.9979741933547495,930,438,1.23342175066313,3,False,-0.746216155399365,1938.9400262466145,-0.8061059973753386,-0.8086339507126287,-1.1246155148611183,-0.838090821470014,311,146,1.244,3,False,-0.2610405336296269,-0.12186398101261198,0.729891304347826
212,a25608756395,strength_pullback,"{""family"": ""strength_pullback"", ""gap_max"": -0.02, ""min_adv20"": 20000000.0, ""mom3_min"": null, ""prev_return_min"": 0.05}",0.02,0.08,2.0,10,19313.708958673724,0.9313708958673723,0.03732059439979385,0.3844352031139793,-0.2461760563478531,2130,785,0.47051027170311466,10,False,-0.044,11753.913676962204,0.17539136769622043,0.05526919805623387,0.4447758151182797,-0.09706539201394404,378,117,0.49933949801849403,10,False,-0.044,10653.107784678261,0.06531077846782618,0.021369929573831214,0.3050580418527511,-0.1363802926570825,320,118,0.4244031830238727,10,False,-0.03634713259175472,9240.250519977528,-0.07597494800224724,-0.07655886623853148,-1.298748875427924,-0.10764498772198428,93,47,0.372,10,False,-0.044,-0.06034061200430041,0.7292934782608695
213,30a224c68ce7,relative_weakness_reversal,"{""family"": ""relative_weakness_reversal"", ""gap_max"": -0.03, ""min_adv20"": 20000000.0, ""mom3_max"": -0.05, ""prev_return_percentile_max"": 0.1}",,0.08,3.0,10,54959.35555231953,4.495935555231953,0.0994998144516841,0.47486527175521004,-0.5243764975928322,1423,628,0.3143362049922686,10,False,-0.4475729015125561,17644.098361708024,0.7644098361708023,0.20806760074862418,0.7164176706585691,-0.3612232974462417,310,95,0.4095112285336856,10,False,-0.29937353328460975,11765.512066557038,0.17655120665570379,0.05584307718030068,0.3364573644817486,-0.3200531792205247,238,115,0.3156498673740053,10,False,-0.1250644016926604,11181.282393500516,0.11812823935005157,0.11912745201745545,0.5635096984317922,-0.10067722722611261,93,41,0.372,10,False,-0.07353543005421426,-0.24155239890335906,0.7288315217391305
214,12257827a207,strength_pullback,"{""family"": ""strength_pullback"", ""gap_max"": -0.02, ""min_adv20"": 20000000.0, ""mom3_min"": null, ""prev_return_min"": 0.05}",0.06,0.08,1.5,10,22948.473661986933,1.2948473661986935,0.047325608542197806,0.40225584272325915,-0.24224404700848834,2130,785,0.47051027170311466,10,False,-0.093,12695.53818803867,0.2695538188038671,0.08269150909211764,0.5830901278191146,-0.12358676851130457,378,117,0.49933949801849403,10,False,-0.07730870279653008,10390.964529965013,0.03909645299650122,0.012900255733037103,0.18767680570289294,-0.20492141521719154,320,118,0.4244031830238727,10,False,-0.056447043168110056,8835.273940735666,-0.11647260592643338,-0.11734745116692213,-1.114569244588083,-0.16787206081690087,93,47,0.372,10,False,-0.093,-0.18083428509585547,0.7286141304347826
215,37e8e6129018,relative_weakness_reversal,"{""family"": ""relative_weakness_reversal"", ""gap_max"": -0.03, ""min_adv20"": 50000000.0, ""mom3_max"": -0.05, ""prev_return_percentile_max"": 0.2}",0.06,,1.5,10,38284.315189825036,2.828431518982504,0.07759220905191788,0.5015416572479214,-0.23813161480557288,1473,606,0.32538104705102716,10,False,-0.08465160977072875,12224.017853838228,0.22240178538382271,0.06913592237340516,0.48102686192221467,-0.2355399448718687,354,105,0.4676354029062087,10,False,-0.093,11993.159052102985,0.1993159052102984,0.06262734782258761,0.449035315556123,-0.17241861088722643,275,122,0.3647214854111406,10,False,-0.07352394114573638,10648.313678697685,0.06483136786976851,0.0653666137295037,0.4747478447195605,-0.09512220826790674,107,44,0.428,10,False,-0.05448884857344487,-0.02051479532570677,0.7273097826086957
216,08f00ed65665,gap_down_reversal,"{""family"": ""gap_down_reversal"", ""gap_max"": -0.02, ""min_adv20"": 20000000.0, ""prev_return_max"": 0.0}",,0.08,4.0,20,110262.98022567877,10.026298022567877,0.14295175098391955,0.5241202878433324,-0.9368969574905162,14416,3245,3.184448862381268,20,False,-0.45192317241271834,19195.42219532201,0.9195422195322012,0.242437414434018,0.6643503744748827,-0.5235839989117974,2685,527,3.546895640686922,20,False,-0.3080539917789565,2348.7687872705324,-0.7651231212729468,-0.3837970079654598,-0.7418803286318115,-0.8407150349373714,3244,569,4.30238726790451,20,False,-0.14758208594836283,13029.560349050067,0.30295603490500667,0.3057174248808314,0.7213528069885886,-0.3110391138280829,1063,188,4.252,20,False,-0.1563745545756719,-0.14023008663155023,0.7267934782608696
217,7bbe6d4eb49d,relative_weakness_reversal,"{""family"": ""relative_weakness_reversal"", ""gap_max"": -0.03, ""min_adv20"": 20000000.0, ""mom3_max"": -0.05, ""prev_return_percentile_max"": 0.2}",0.02,0.08,4.0,10,50710.3394592996,4.07103394592996,0.09458604144238225,0.5369948002133826,-0.46871790193043417,1711,695,0.3779544952507179,10,False,-0.088,14168.350308819821,0.41683503088198215,0.12298286830034799,0.5289474739788316,-0.40164456253670555,358,105,0.47291941875825627,10,False,-0.088,7362.545308310156,-0.26374546916898445,-0.09726886142658886,-0.2933799744432953,-0.4102686262231897,276,122,0.3660477453580902,10,False,-0.088,9871.615554981283,-0.01283844450187166,-0.01294048464136599,0.04921330686545446,-0.22269477674144655,107,44,0.428,10,False,-0.088,-0.008047326234551067,0.7264673913043479
218,a25608756395,strength_pullback,"{""family"": ""strength_pullback"", ""gap_max"": -0.02, ""min_adv20"": 20000000.0, ""mom3_min"": null, ""prev_return_min"": 0.05}",0.02,0.08,1.0,10,14278.403664474728,0.4278403664474728,0.020024018778590724,0.3844352031139793,-0.1309853014069523,2130,785,0.47051027170311466,10,False,-0.022,10919.548853607314,0.09195488536073126,0.029717457515111567,0.4447758151182797,-0.04914619212517268,378,117,0.49933949801849403,10,False,-0.022,10345.596147724154,0.034559614772415426,0.011420037989470444,0.3050580418527511,-0.07022198380938893,320,118,0.4244031830238727,10,False,-0.01817356629587736,9617.016797973904,-0.03829832020260959,-0.038598716425988555,-1.298748875427924,-0.055006340778298024,93,47,0.372,10,False,-0.022,-0.06034061200430041,0.7263586956521738
219,b5567d8c9030,gap_down_reversal,"{""family"": ""gap_down_reversal"", ""gap_max"": -0.08, ""min_adv20"": 50000000.0, ""prev_return_max"": -0.03}",,0.08,3.0,3,21357.880015700153,1.1357880015700155,0.04314621087449222,0.3182246493116443,-0.7720386880843124,256,195,0.05654959134084383,3,False,-0.6218065367045353,22999.58615575487,1.2999586155754872,0.31951418302042933,1.0041913488967784,-0.3075383411664788,47,31,0.062087186261558784,3,False,-0.17364588138356277,12473.670190495795,0.24736701904957958,0.07667086527821954,0.3897685000497794,-0.30205744485238606,59,43,0.07824933687002653,3,False,-0.2028426966292134,10723.604580318352,0.0723604580318351,0.07295996570016805,0.40902418649183714,-0.18201644922987925,22,18,0.088,3,False,-0.0833904014481518,-0.6859666995851341,0.7254891304347826
220,37e8e6129018,relative_weakness_reversal,"{""family"": ""relative_weakness_reversal"", ""gap_max"": -0.03, ""min_adv20"": 50000000.0, ""mom3_max"": -0.05, ""prev_return_percentile_max"": 0.2}",0.06,,4.0,3,56386.95146295647,4.638695146295647,0.1010704610980151,0.45399130211812233,-0.8521030184118302,1003,606,0.22155953169869672,3,False,-0.248,24050.067871815663,1.4050067871815664,0.3392786636948171,0.7527294044636188,-0.4815021767546436,192,105,0.2536327608982827,3,False,-0.248,11386.609541579945,0.1386609541579944,0.0443546512093862,0.4079442041294534,-0.6994282646871954,184,122,0.2440318302387268,3,False,-0.248,10807.724737570923,0.08077247375709229,0.08144428346762411,0.46067952745119867,-0.416127180238104,72,44,0.288,3,False,-0.16976099861193003,-0.29873810234549647,0.7253260869565219
221,a57ed6864f77,strength_pullback,"{""family"": ""strength_pullback"", ""gap_max"": -0.03, ""min_adv20"": 20000000.0, ""mom3_min"": null, ""prev_return_min"": 0.05}",0.02,0.08,3.0,5,36906.07637617343,2.690607637617343,0.07539514786884038,0.44655798605552427,-0.49458126713773676,960,462,0.21206096752816433,5,False,-0.06599999999999999,13641.600628472315,0.36416006284723146,0.10890853065836592,0.5340978665011039,-0.21862448662702472,171,81,0.22589167767503301,5,False,-0.06599999999999999,14123.397115984226,0.41233971159842264,0.12230861269598581,0.9404365732411581,-0.17264732263477311,133,67,0.17639257294429708,5,False,-0.05624139777526416,7961.159267895199,-0.20388407321048008,-0.20533493167900996,-2.2312670254674694,-0.23402801503252724,40,29,0.16,5,False,-0.06599999999999999,-0.08753988044557964,0.7245923913043479
222,72ac675e9377,gap_down_reversal,"{""family"": ""gap_down_reversal"", ""gap_max"": -0.08, ""min_adv20"": 50000000.0, ""prev_return_max"": -0.03}",,0.04,2.0,3,19534.96995620957,0.9534969956209571,0.03797856130282873,0.31661785372442874,-0.440511565346126,256,195,0.05654959134084383,3,False,-0.4145376911363569,13507.626713009848,0.3507626713009848,0.10527119448722844,0.7565445677952849,-0.16312323999571965,47,31,0.062087186261558784,3,False,-0.10801863008165058,9973.979179473665,-0.0026020820526335697,-0.0008704157756544983,0.09103040425178215,-0.20643824523122067,59,43,0.07824933687002653,3,False,-0.15803086269429503,10162.015196074208,0.016201519607420778,0.01633218449625784,0.19066208872973286,-0.08267924921852032,22,18,0.088,3,False,-0.05559360096543453,-0.43992671407085615,0.7236956521739131
223,59b1c0c0d28c,strength_pullback,"{""family"": ""strength_pullback"", ""gap_max"": -0.05, ""min_adv20"": 20000000.0, ""mom3_min"": null, ""prev_return_min"": 0.03}",0.02,0.08,2.0,5,21429.726118499922,1.1429726118499923,0.04334123639936216,0.43953749665754177,-0.2693892154561728,685,405,0.15131433620499227,5,False,-0.044,11809.567262998995,0.18095672629989945,0.05692990858782632,0.43963142614921114,-0.16787995555175295,133,67,0.17569352708058125,5,False,-0.044,9477.238135825803,-0.05227618641741971,-0.017784808010284037,-0.18843466417450186,-0.10187733709822111,101,69,0.13395225464190982,5,False,-0.0264,8429.912683899363,-0.15700873161006368,-0.15815979938670643,-1.9267924337693856,-0.1888810272976259,37,23,0.148,5,False,-0.044,-9.392949166936448e-05,0.7235326086956522
224,7bbe6d4eb49d,relative_weakness_reversal,"{""family"": ""relative_weakness_reversal"", ""gap_max"": -0.03, ""min_adv20"": 20000000.0, ""mom3_max"": -0.05, ""prev_return_percentile_max"": 0.2}",0.02,0.08,3.0,3,47275.54158373306,3.727554158373306,0.09032085428316572,0.42360877173915734,-0.6908225416267351,1154,695,0.25491495471614756,3,False,-0.066,17921.101321692175,0.7921101321692174,0.21434847891306497,0.6976953534703653,-0.28614803611860695,192,105,0.2536327608982827,3,False,-0.066,6410.4709869554345,-0.35895290130445656,-0.13809532391229506,-0.33030619027156294,-0.4883059921763091,185,122,0.2453580901856764,3,False,-0.066,10007.962879763485,0.0007962879763485642,0.0008026608360749421,0.15299204378047315,-0.25114560435643773,72,44,0.288,3,False,-0.066,-0.2740865817312079,0.7231521739130435
225,12257827a207,strength_pullback,"{""family"": ""strength_pullback"", ""gap_max"": -0.02, ""min_adv20"": 20000000.0, ""mom3_min"": null, ""prev_return_min"": 0.05}",0.06,0.08,2.0,10,28066.573626953712,1.806657362695371,0.05912912961577943,0.4022558427232593,-0.3133320132776092,2130,785,0.47051027170311466,10,False,-0.124,13540.050757146864,0.3540050757146864,0.10615369352817194,0.5830901278191144,-0.16302932786065683,378,117,0.49933949801849403,10,False,-0.10307827039537346,10466.680046072404,0.04666800460724052,0.015361044968257076,0.187676805702893,-0.2651861201167547,320,118,0.4244031830238727,10,False,-0.07526272422414673,8454.051894984806,-0.15459481050151935,-0.15572986157596713,-1.1145692445880828,-0.2193857827200355,93,47,0.372,10,False,-0.124,-0.18083428509585509,0.721195652173913
226,aeb583bdb7a4,gap_down_reversal,"{""family"": ""gap_down_reversal"", ""gap_max"": -0.03, ""min_adv20"": 20000000.0, ""prev_return_max"": 0.0}",,0.08,3.0,3,126440.97844014868,11.644097844014869,0.1516955620347622,0.6077694089732594,-0.9467420058055932,4517,2421,0.9977910315882483,3,False,-0.5025924368978502,14978.086958636972,0.49780869586369714,0.14395302142692223,0.5628198301321993,-0.6174315998724333,763,395,1.0079260237780714,3,False,-0.2963857011687463,190.08502632848254,-0.9809914973671517,-0.734053511236574,-0.9878463091603065,-0.983474132440374,930,438,1.23342175066313,3,False,-0.5596621165495238,2931.6104842672603,-0.706838951573274,-0.7097026199529722,-0.8842701236957502,-0.7920885832453748,311,146,1.244,3,False,-0.26908942102316624,-0.0449495788410601,0.7209782608695652
227,a25608756395,strength_pullback,"{""family"": ""strength_pullback"", ""gap_max"": -0.02, ""min_adv20"": 20000000.0, ""mom3_min"": null, ""prev_return_min"": 0.05}",0.02,0.08,3.0,10,24778.080956519283,1.4778080956519282,0.05180727982373412,0.3844352031139792,-0.3473067719026848,2130,785,0.47051027170311466,10,False,-0.06599999999999999,12482.462646667427,0.2482462646667427,0.076608210054677,0.4447758151182797,-0.1437328897375626,378,117,0.49933949801849403,10,False,-0.06599999999999999,10918.993192950737,0.09189931929507367,0.02981992845959236,0.3050580418527507,-0.19865758629445585,320,118,0.4244031830238727,10,False,-0.05452069888763207,8869.930687489717,-0.11300693125102823,-0.11385745547871529,-1.2987488754279244,-0.15799315224878419,93,47,0.372,10,False,-0.06599999999999999,-0.060340612004300465,0.7201630434782609
228,30a224c68ce7,relative_weakness_reversal,"{""family"": ""relative_weakness_reversal"", ""gap_max"": -0.03, ""min_adv20"": 20000000.0, ""mom3_max"": -0.05, ""prev_return_percentile_max"": 0.1}",,0.08,3.0,5,14945.114033312178,0.4945114033312179,0.022618570175236385,0.30681094186364766,-0.913144977471677,1204,628,0.2659597967749061,5,False,-0.6801864194222634,32205.547794963128,2.2205547794963127,0.47600072469710897,1.1029789814149222,-0.3625030290236211,226,95,0.2985468956406869,5,False,-0.2510125309612129,12097.791984586149,0.2097791984586148,0.06571684594732696,0.3569166040929025,-0.40815460687415706,195,115,0.25862068965517243,5,False,-0.2465164149383301,12466.160011285141,0.24661600112851412,0.24881629988903886,0.7883544571312376,-0.17138161854250644,73,41,0.292,5,False,-0.09957271935774961,-0.7961680395512746,0.7196739130434783
229,16968da02607,gap_down_reversal,"{""family"": ""gap_down_reversal"", ""gap_max"": -0.03, ""min_adv20"": 20000000.0, ""prev_return_max"": -0.03}",,,1.5,20,51191.31336976526,4.119131336976526,0.09516138542778374,0.5778851993829087,-0.45786110048533546,2842,852,0.6277888226198365,20,False,-0.15674244767150927,12064.413998455031,0.20644139984550303,0.06446859736270727,0.4597793270717924,-0.21236693200795875,638,141,0.8428005284015853,20,False,-0.14868321058571818,11332.851436826746,0.13328514368267452,0.042704170206406156,0.3991296265570518,-0.15676874661682838,416,153,0.5517241379310345,20,False,-0.05319722564659091,12240.843227140927,0.22408432271409273,0.22606593592071778,1.4231206793667652,-0.029033082831441015,170,56,0.68,20,False,-0.011237036708968215,-0.1181058723111163,0.7174728260869565
230,b5567d8c9030,gap_down_reversal,"{""family"": ""gap_down_reversal"", ""gap_max"": -0.08, ""min_adv20"": 50000000.0, ""prev_return_max"": -0.03}",,0.08,3.0,5,29650.5864699166,1.9650586469916602,0.062370999552284756,0.37996388806429854,-0.4825189034713566,278,195,0.06140932184669759,5,False,-0.3730839220227212,16566.471727488253,0.6566471727488252,0.18298745719002252,0.7263896568935708,-0.280459085517762,57,31,0.07529722589167767,5,False,-0.20297488008308218,12229.790952207786,0.22297909522077863,0.06958910732445855,0.4286268943143895,-0.18513303378131973,63,43,0.08355437665782493,5,False,-0.12170561797752803,10501.927524177776,0.05019275241777765,0.050604287805461334,0.409024186491837,-0.11136901824812862,22,18,0.088,3,False,-0.05003424086889108,-0.3464257688292723,0.7168478260869565
231,e4f01dfbafdc,strength_pullback,"{""family"": ""strength_pullback"", ""gap_max"": -0.03, ""min_adv20"": 20000000.0, ""mom3_min"": null, ""prev_return_min"": 0.05}",0.04,0.08,1.0,5,16771.824549501696,0.6771824549501697,0.029204054590693085,0.36361752311487006,-0.19293124462455602,960,462,0.21206096752816433,5,False,-0.042,11374.59762700711,0.13745976270071103,0.043808230423590944,0.4550371676686479,-0.08194665825002667,171,81,0.22589167767503301,5,False,-0.042,12250.36633530444,0.2250366335304439,0.07019018693005075,1.2567451204127844,-0.036561811708219594,133,67,0.17639257294429708,5,False,-0.03474713259175472,9190.86550343319,-0.08091344965668101,-0.08153362361531014,-1.5444036593420385,-0.10891670955128141,40,29,0.16,5,False,-0.042,-0.09141964455377782,0.7166304347826087
232,e4f01dfbafdc,strength_pullback,"{""family"": ""strength_pullback"", ""gap_max"": -0.03, ""min_adv20"": 20000000.0, ""mom3_min"": null, ""prev_return_min"": 0.05}",0.04,0.08,1.5,10,17192.768889355135,0.7192768889355134,0.030625210394279234,0.3622465030073165,-0.21140120378724347,1245,462,0.27501656726308815,10,False,-0.06300000000000001,12014.099340703397,0.2014099340703397,0.0629887022729303,0.5336799690910188,-0.08267782881886432,229,81,0.30250990752972257,10,False,-0.06300000000000001,11896.782383842396,0.18967823838423947,0.059765714866404585,1.2402241000644258,-0.03706395903607651,150,67,0.1989389920424403,8,False,-0.03570429930656691,9084.057295652738,-0.09159427043472623,-0.09229212412283672,-1.386216992460606,-0.11246032308018472,45,29,0.18,10,False,-0.06300000000000001,-0.1714334660837023,0.7164673913043478
233,a57ed6864f77,strength_pullback,"{""family"": ""strength_pullback"", ""gap_max"": -0.03, ""min_adv20"": 20000000.0, ""mom3_min"": null, ""prev_return_min"": 0.05}",0.02,0.08,4.0,5,48593.540458306554,3.8593540458306554,0.09199106251421862,0.44655798605552427,-0.609552082285606,960,462,0.21206096752816433,5,False,-0.088,14615.25551440194,0.46152555144019414,0.13465256915870238,0.534097866501104,-0.28218734854976746,171,81,0.22589167767503301,5,False,-0.088,15673.922249399368,0.5673922249399368,0.162068690716328,0.9404365732411583,-0.22480013372033392,133,67,0.17639257294429708,5,False,-0.07498853036701887,7361.060523888106,-0.26389394761118934,-0.26569597001191214,-2.231267025467469,-0.30036883670349446,40,29,0.16,5,False,-0.088,-0.08753988044557975,0.7161956521739129
234,72ac675e9377,gap_down_reversal,"{""family"": ""gap_down_reversal"", ""gap_max"": -0.08, ""min_adv20"": 50000000.0, ""prev_return_max"": -0.03}",,0.04,1.0,10,12967.849849462184,0.2967849849462183,0.014572085259652479,0.48131635935744793,-0.06698402874179066,305,195,0.06737353655842722,10,False,-0.062180653670453535,10492.88711453933,0.049288711453932876,0.016145268805567436,0.39056228371403034,-0.049692538721730406,77,31,0.10171730515191546,10,False,-0.03236668488626164,10115.618685764748,0.011561868576474899,0.003849401013173992,0.14563729538232337,-0.029388678751592345,64,43,0.08488063660477453,6,False,-0.026001987506222214,10034.781137486181,0.0034781137486181724,0.003505987378820574,0.19066208872973262,-0.01260255806091215,22,18,0.088,3,False,-0.00833904014481518,-0.09075407564341759,0.7155978260869565
235,30a224c68ce7,relative_weakness_reversal,"{""family"": ""relative_weakness_reversal"", ""gap_max"": -0.03, ""min_adv20"": 20000000.0, ""mom3_max"": -0.05, ""prev_return_percentile_max"": 0.1}",,0.08,4.0,3,2503.1160852790445,-0.7496883914720955,-0.07420284797159615,0.3529284328299536,-0.9909218060076258,1018,628,0.22487298431632427,3,False,-0.8290753822727138,61465.02132098697,5.146502132098697,0.8303272769334926,1.2155066694554693,-0.4311234324553975,173,95,0.2285336856010568,3,False,-0.4069012374159411,7782.812958743431,-0.22171870412565686,-0.08036404261174646,0.2637419532769868,-0.707753940398185,169,115,0.22413793103448276,3,False,-0.5478142554185114,11363.150447313074,0.1363150447313073,0.13747732188387896,0.5020738912043549,-0.35091783065770543,63,41,0.252,3,False,-0.17685651862580945,-0.8625782366255157,0.7155978260869564
236,37e8e6129018,relative_weakness_reversal,"{""family"": ""relative_weakness_reversal"", ""gap_max"": -0.03, ""min_adv20"": 50000000.0, ""mom3_max"": -0.05, ""prev_return_percentile_max"": 0.2}",0.06,,2.0,10,54230.54805245567,4.423054805245567,0.09868306162382434,0.5015416572479214,-0.30733611491517254,1473,606,0.32538104705102716,10,False,-0.11286881302763833,12833.29049722325,0.2833290497223251,0.08658816408077108,0.4810268619222146,-0.307496712382318,354,105,0.4676354029062087,10,False,-0.124,12536.085196173432,0.2536085196173432,0.07846843155553973,0.449035315556123,-0.2274251072918737,275,122,0.3647214854111406,10,False,-0.09803192152764852,10816.912155692964,0.08169121556929637,0.08237095402435202,0.47474784471956044,-0.12620520201005248,107,44,0.428,10,False,-0.07265179809792649,-0.020514795325706825,0.7153260869565217
237,e4f01dfbafdc,strength_pullback,"{""family"": ""strength_pullback"", ""gap_max"": -0.03, ""min_adv20"": 20000000.0, ""mom3_min"": null, ""prev_return_min"": 0.05}",0.04,0.08,2.0,10,19880.565624159135,0.9880565624159134,0.03899231489467181,0.3622465030073164,-0.2729315241008935,1245,462,0.27501656726308815,10,False,-0.084,12640.977851889786,0.26409778518897853,0.08114034083569166,0.5336799690910188,-0.10987952093144293,229,81,0.30250990752972257,10,False,-0.084,12586.839101415555,0.25868391014155545,0.07992576777864269,1.2402241000644256,-0.04939623730793219,150,67,0.1989389920424403,8,False,-0.04760573240875589,8787.92567969186,-0.12120743203081397,-0.12211532768727917,-1.3862169924606067,-0.1479829915960057,45,29,0.18,10,False,-0.084,-0.17143346608370236,0.7142934782608695
238,810de8977158,gap_down_reversal,"{""family"": ""gap_down_reversal"", ""gap_max"": -0.02, ""min_adv20"": 20000000.0, ""prev_return_max"": 0.0}",,0.04,3.0,20,65637.18621414296,5.563718621414296,0.11042050447114993,0.4884900670532648,-0.8077036137952744,14416,3245,3.184448862381268,20,False,-0.28875551253312126,15912.996023158845,0.5912996023158845,0.16724443765762786,0.626424044478583,-0.40579320213146963,2685,527,3.546895640686922,20,False,-0.1856571996838276,3221.630405704727,-0.6778369594295273,-0.31515814937456177,-1.0311511258322437,-0.7467363425774545,3244,569,4.30238726790451,20,False,-0.11068656446127215,11161.664595231316,0.11616645952313154,0.11714822468542874,0.49074878012002854,-0.20636555042443283,1063,188,4.252,20,False,-0.10671057918855427,-0.1379339774253182,0.7141576086956523
239,30a224c68ce7,relative_weakness_reversal,"{""family"": ""relative_weakness_reversal"", ""gap_max"": -0.03, ""min_adv20"": 20000000.0, ""mom3_max"": -0.05, ""prev_return_percentile_max"": 0.1}",,0.08,4.0,10,64952.63373902464,5.495263373902464,0.10977264294195233,0.47486527175521004,-0.6854453578758299,1423,628,0.3143362049922686,10,False,-0.596763868683408,19361.04623104296,0.9361046231042962,0.24599585035530103,0.716417670658569,-0.48571867343193975,310,95,0.4095112285336856,10,False,-0.3991647110461463,11912.12407242924,0.191212407242924,0.060222273292932726,0.33645736448174857,-0.41031536337120367,238,115,0.3156498673740053,10,False,-0.16675253559021389,11457.921182448403,0.14579211824484029,0.14704030127769707,0.5635096984317924,-0.1358091418842079,93,41,0.372,10,False,-0.09804724007228567,-0.24155239890335894,0.7132065217391305
240,12257827a207,strength_pullback,"{""family"": ""strength_pullback"", ""gap_max"": -0.02, ""min_adv20"": 20000000.0, ""mom3_min"": null, ""prev_return_min"": 0.05}",0.06,0.08,1.5,20,16021.525346826262,0.6021525346826262,0.02658531130436881,0.31015563710681754,-0.2200765649577031,2688,785,0.5937707090788602,20,False,-0.08920169851380041,12582.356505029285,0.2582356505029286,0.0794687312712199,0.6706645953287301,-0.0954897905357498,517,117,0.6829590488771466,20,False,-0.058870035679166335,10576.076872110427,0.0576076872110427,0.018895646874794947,0.3963772574433236,-0.10745766506132115,363,118,0.48143236074270557,20,False,-0.028223521584055028,9067.972135134198,-0.0932027864865802,-0.09391225124463765,-1.1042436224233563,-0.1200643647633175,103,47,0.412,20,False,-0.08154050406708524,-0.3605089582219126,0.7131521739130434
241,e6a4cfbe4bad,strength_pullback,"{""family"": ""strength_pullback"", ""gap_max"": -0.02, ""min_adv20"": 20000000.0, ""mom3_min"": null, ""prev_return_min"": 0.05}",0.04,0.08,1.0,10,17488.931963220664,0.7488931963220664,0.03160553148954204,0.4295941794228888,-0.18855942476573717,2130,785,0.47051027170311466,10,False,-0.042,11002.690600593301,0.10026906005933012,0.03232083693699428,0.3773426196016772,-0.08563521339954794,378,117,0.49933949801849403,10,False,-0.042,10570.157322903904,0.057015732290390364,0.018705011332350585,0.3755410665104545,-0.11995771204564931,320,118,0.4244031830238727,10,False,-0.02897820606187689,9394.542230704388,-0.0605457769295612,-0.06101505750416458,-1.1904421580041635,-0.0955890416790296,93,47,0.372,10,False,-0.042,-0.0522515598212116,0.7130978260869565
242,72ac675e9377,gap_down_reversal,"{""family"": ""gap_down_reversal"", ""gap_max"": -0.08, ""min_adv20"": 50000000.0, ""prev_return_max"": -0.03}",,0.04,1.5,10,14670.507997849094,0.4670507997849094,0.02156342739115491,0.48131635935744793,-0.10042213404813172,305,195,0.06737353655842722,10,False,-0.0932709805056803,10725.728109657499,0.07257281096574997,0.023596667415760164,0.3905622837140303,-0.07482387560809223,77,31,0.10171730515191546,10,False,-0.04855002732939245,10163.9730220574,0.016397302205739983,0.005450620749531732,0.1456372953823233,-0.04404464929448093,64,43,0.08488063660477453,6,False,-0.03900298125933332,10050.818512375914,0.005081851237591417,0.005122610000213079,0.19066208872973262,-0.018877430502933112,22,18,0.088,3,False,-0.01250856021722277,-0.09075407564341764,0.7129076086956523
243,e4f01dfbafdc,strength_pullback,"{""family"": ""strength_pullback"", ""gap_max"": -0.03, ""min_adv20"": 20000000.0, ""mom3_min"": null, ""prev_return_min"": 0.05}",0.04,0.08,1.0,10,14609.832640557615,0.4609832640557616,0.021327774853078463,0.3622465030073164,-0.14556379410034492,1245,462,0.27501656726308815,10,False,-0.042,11360.943402403676,0.1360943402403676,0.04339094775046015,0.5336799690910188,-0.055290738182520394,229,81,0.30250990752972257,10,False,-0.042,11236.083727407002,0.12360837274070025,0.03972002362469329,1.2402241000644256,-0.024720493394136178,150,67,0.1989389920424403,8,False,-0.023802866204377944,9384.772432854208,-0.061522756714579185,-0.061999357101847785,-1.3862169924606067,-0.07596877112220424,45,29,0.18,10,False,-0.042,-0.17143346608370236,0.7126630434782608
244,a25608756395,strength_pullback,"{""family"": ""strength_pullback"", ""gap_max"": -0.02, ""min_adv20"": 20000000.0, ""mom3_min"": null, ""prev_return_min"": 0.05}",0.02,0.08,4.0,10,30179.543302505346,2.0179543302505345,0.06341721615707319,0.3844352031139793,-0.4359415249519504,2130,785,0.47051027170311466,10,False,-0.088,13087.85285971553,0.30878528597155297,0.09371627179312036,0.4447758151182797,-0.1891271007692138,378,117,0.49933949801849403,10,False,-0.088,11140.17581784975,0.1140175817849749,0.03674546037476589,0.3050580418527511,-0.2572310481045452,320,118,0.4244031830238727,10,False,-0.07269426518350944,8506.27007965464,-0.14937299203453602,-0.15047320591630653,-1.298748875427924,-0.20612646212429964,93,47,0.372,10,False,-0.088,-0.06034061200430041,0.7125543478260868
245,12257827a207,strength_pullback,"{""family"": ""strength_pullback"", ""gap_max"": -0.02, ""min_adv20"": 20000000.0, ""mom3_min"": null, ""prev_return_min"": 0.05}",0.06,0.08,1.0,20,13969.533815026272,0.39695338150262716,0.018783017588085427,0.31015563710681765,-0.15073721370473314,2688,785,0.5937707090788602,20,False,-0.05946779900920028,11712.291588351449,0.1712291588351449,0.054023757589343635,0.6706645953287301,-0.0642559836338733,517,117,0.6829590488771466,20,False,-0.03924669045277755,10389.218644085631,0.038921864408563156,0.012843373038803119,0.3963772574433236,-0.07272366124547147,363,118,0.48143236074270557,20,False,-0.018815681056036683,9376.86575750335,-0.06231342424966502,-0.06279594254361542,-1.1042436224233558,-0.08094478917575887,103,47,0.412,20,False,-0.05436033604472349,-0.3605089582219125,0.7122282608695653
246,72ac675e9377,gap_down_reversal,"{""family"": ""gap_down_reversal"", ""gap_max"": -0.08, ""min_adv20"": 50000000.0, ""prev_return_max"": -0.03}",,0.04,3.0,3,19975.490294072617,0.9975490294072618,0.03926784912126635,0.3166178537244288,-0.6503275125269172,256,195,0.05654959134084383,3,False,-0.6218065367045353,15320.045574966705,0.5320045574966705,0.15258184905630023,0.7565445677952848,-0.23967999833824583,47,31,0.062087186261558784,3,False,-0.16202794512247587,9544.772104609352,-0.045522789539064745,-0.01545108692064534,0.09103040425178224,-0.3175681688554923,59,43,0.07824933687002653,3,False,-0.23704629404144253,10179.109558898885,0.017910955889888447,0.01805552941897437,0.1906620887297326,-0.12282679623282233,22,18,0.088,3,False,-0.0833904014481518,-0.439926714070856,0.7120923913043478
247,b5567d8c9030,gap_down_reversal,"{""family"": ""gap_down_reversal"", ""gap_max"": -0.08, ""min_adv20"": 50000000.0, ""prev_return_max"": -0.03}",,0.08,4.0,3,12255.225353897538,0.22552253538975386,0.011384966626894144,0.3182246493116442,-0.9207552316873051,256,195,0.05654959134084383,3,False,-0.8290753822727138,28465.212724134926,1.8465212724134927,0.4165701763601357,1.0041913488967789,-0.39754646140438954,47,31,0.062087186261558784,3,False,-0.2315278418447504,12496.706779950502,0.24967067799505016,0.07733502001397952,0.38976850004977937,-0.39442535231770925,59,43,0.07824933687002653,3,False,-0.27045692883895117,10833.795640984936,0.08337956409849356,0.08407388941997751,0.40902418649183714,-0.23861160399059256,22,18,0.088,3,False,-0.11118720193086906,-0.6859666995851347,0.7117934782608696
248,12257827a207,strength_pullback,"{""family"": ""strength_pullback"", ""gap_max"": -0.02, ""min_adv20"": 20000000.0, ""mom3_min"": null, ""prev_return_min"": 0.05}",0.06,0.08,2.0,20,18011.948153573914,0.8011948153573913,0.033299078979416974,0.31015563710681765,-0.2854886901801953,2688,785,0.5937707090788602,20,False,-0.11893559801840056,13453.825383273457,0.34538253832734567,0.10380373759566375,0.6706645953287301,-0.12613121951096795,517,117,0.6829590488771466,20,False,-0.0784933809055551,10757.217511585684,0.07572175115856838,0.024695144483611875,0.3963772574433236,-0.14113982444694617,363,118,0.48143236074270557,20,False,-0.037631362112073366,8760.929723677726,-0.12390702763222738,-0.12483367530628797,-1.1042436224233558,-0.15829947419315882,103,47,0.412,20,False,-0.10872067208944698,-0.3605089582219125,0.7116304347826087
249,7bbe6d4eb49d,relative_weakness_reversal,"{""family"": ""relative_weakness_reversal"", ""gap_max"": -0.03, ""min_adv20"": 20000000.0, ""mom3_max"": -0.05, ""prev_return_percentile_max"": 0.2}",0.02,0.08,4.0,3,54858.00029129445,4.485800029129445,0.09938684309947599,0.42360877173915745,-0.8010829766185426,1154,695,0.25491495471614756,3,False,-0.08800000000000001,20097.521294396396,1.0097521294396397,0.2615777329395752,0.6976953534703653,-0.37510388147326357,192,105,0.2536327608982827,3,False,-0.08800000000000001,5213.066208068818,-0.47869337919311816,-0.19564529173234557,-0.3303061902715626,-0.601731396298596,185,122,0.2453580901856764,3,False,-0.08800000000000001,9813.616600042875,-0.018638339995712516,-0.018786037334948658,0.15299204378047346,-0.32368150905744064,72,44,0.288,3,False,-0.08800000000000001,-0.2740865817312078,0.7110326086956522
250,59b1c0c0d28c,strength_pullback,"{""family"": ""strength_pullback"", ""gap_max"": -0.05, ""min_adv20"": 20000000.0, ""mom3_min"": null, ""prev_return_min"": 0.03}",0.02,0.08,3.0,5,29070.68963616716,1.907068963616716,0.06120358019091787,0.43953749665754155,-0.38054259039790683,685,405,0.15131433620499227,5,False,-0.06599999999999999,12553.51948638839,0.2553519486388389,0.07864452598357552,0.4396314261492112,-0.24201042411275187,133,67,0.17569352708058125,5,False,-0.06599999999999999,9163.851317343495,-0.08361486826565057,-0.028761666416277087,-0.1884346641745022,-0.14988213188457888,101,69,0.13395225464190982,5,False,-0.0396,7716.90783566055,-0.22830921643394508,-0.2299075600106515,-1.9267924337693854,-0.27144963652651355,37,23,0.148,5,False,-0.06599999999999999,-9.392949166964204e-05,0.7107336956521739
251,e4f01dfbafdc,strength_pullback,"{""family"": ""strength_pullback"", ""gap_max"": -0.03, ""min_adv20"": 20000000.0, ""mom3_min"": null, ""prev_return_min"": 0.05}",0.04,0.08,1.5,5,20589.495825151407,1.0589495825151407,0.04102079159056604,0.36361752311487006,-0.2815413672365604,960,462,0.21206096752816433,5,False,-0.06300000000000001,11986.720486677737,0.19867204866777377,0.06218167581670797,0.4550371676686476,-0.12106670320547497,171,81,0.22589167767503301,5,False,-0.06300000000000001,13512.997071257803,0.3512997071257804,0.10585834960639406,1.2567451204127846,-0.05479372400478544,133,67,0.17639257294429708,5,False,-0.05212069888763208,8801.11004198335,-0.11988899580166512,-0.12078770900093416,-1.544403659342038,-0.1597007300975154,40,29,0.16,5,False,-0.06300000000000001,-0.09141964455377755,0.7101902173913044
252,e6a4cfbe4bad,strength_pullback,"{""family"": ""strength_pullback"", ""gap_max"": -0.02, ""min_adv20"": 20000000.0, ""mom3_min"": null, ""prev_return_min"": 0.05}",0.04,0.08,1.5,10,22181.71620494466,1.218171620494466,0.0453462535447573,0.4295941794228889,-0.271547431771894,2130,785,0.47051027170311466,10,False,-0.06300000000000001,11427.569268398676,0.14275692683986763,0.04542392537421991,0.37734261960167736,-0.12685701073617872,378,117,0.49933949801849403,10,False,-0.06300000000000001,10832.843082006812,0.08328430820068111,0.027097177514855852,0.3755410665104545,-0.17536788084207255,320,118,0.4244031830238727,10,False,-0.043467309092815334,9096.178099613822,-0.0903821900386178,-0.09107127916179025,-1.190442158004163,-0.14068752962336406,93,47,0.372,10,False,-0.06300000000000001,-0.052251559821211546,0.7095380434782609
253,72ac675e9377,gap_down_reversal,"{""family"": ""gap_down_reversal"", ""gap_max"": -0.08, ""min_adv20"": 50000000.0, ""prev_return_max"": -0.03}",,0.04,2.0,10,16523.171726984874,0.6523171726984873,0.028348665927349748,0.48131635935744793,-0.13380724307012748,305,195,0.06737353655842722,10,False,-0.12436130734090707,10948.37565376574,0.09483756537657384,0.03062159078374327,0.39056228371403034,-0.10009455464269568,77,31,0.10171730515191546,10,False,-0.06473336977252328,10205.815556366513,0.020581555636651316,0.006832118553810718,0.14563729538232337,-0.05867095009873968,64,43,0.08488063660477453,6,False,-0.05200397501244443,10065.944472310399,0.006594447231039968,0.006647377766314744,0.19066208872973262,-0.025134658826836298,22,18,0.088,3,False,-0.01667808028963036,-0.09075407564341759,0.7087500000000001
254,12257827a207,strength_pullback,"{""family"": ""strength_pullback"", ""gap_max"": -0.02, ""min_adv20"": 20000000.0, ""mom3_min"": null, ""prev_return_min"": 0.05}",0.06,0.08,3.0,10,37490.68860092061,2.7490688600920605,0.07633638897213224,0.40225584272325915,-0.4430194176898564,2130,785,0.47051027170311466,10,False,-0.186,15072.943053761777,0.5072943053761778,0.14635963630497617,0.5830901278191146,-0.23926110810433765,378,117,0.49933949801849403,10,False,-0.15461740559306017,10530.007419043817,0.05300074190438164,0.01741012795091712,0.18767680570289294,-0.3747575633184199,320,118,0.4244031830238727,10,False,-0.11289408633622011,7703.623327922273,-0.22963766720777268,-0.2312438556540094,-1.114569244588083,-0.31611311100900574,93,47,0.372,10,False,-0.186,-0.18083428509585547,0.7081793478260869
255,b5567d8c9030,gap_down_reversal,"{""family"": ""gap_down_reversal"", ""gap_max"": -0.08, ""min_adv20"": 50000000.0, ""prev_return_max"": -0.03}",,0.08,4.0,5,33533.94701860638,2.353394701860638,0.06967447333584142,0.3799638880642987,-0.608532050118568,278,195,0.06140932184669759,5,False,-0.4974452293636283,18661.797211021814,0.8661797211021813,0.23083124313891856,0.7263896568935708,-0.3651754199619912,57,31,0.07529722589167767,5,False,-0.27063317344410953,12727.258783755757,0.2727258783755757,0.08393746817400438,0.42862689431438966,-0.24435877860276445,63,43,0.08355437665782493,5,False,-0.16227415730337072,10624.658253307047,0.06246582533070466,0.06298096949389054,0.40902418649183714,-0.14706072893802924,22,18,0.088,3,False,-0.06671232115852144,-0.3464257688292721,0.707554347826087
256,5752a31b36ab,gap_down_reversal,"{""family"": ""gap_down_reversal"", ""gap_max"": -0.08, ""min_adv20"": 50000000.0, ""prev_return_max"": 0.0}",,0.08,1.0,10,15308.8844944842,0.5308884494484201,0.02398847383431746,0.43812545024160104,-0.11998266772960742,740,527,0.16346366246962668,10,False,-0.06311210296048933,10743.92069095868,0.07439206909586793,0.024174305102782068,0.3725094961147184,-0.07302397058650856,162,95,0.21400264200792601,10,False,-0.058217640260405455,10101.873520124718,0.010187352012471784,0.003393309661565702,0.08482877465986055,-0.09831039206984915,226,147,0.29973474801061006,8,False,-0.030451333596059275,9046.172731993418,-0.09538272680065818,-0.09610789075339665,-1.405022464636853,-0.1137560413445311,98,60,0.392,8,False,-0.04525829830028043,-0.06561595412688265,0.7072826086956522
257,16968da02607,gap_down_reversal,"{""family"": ""gap_down_reversal"", ""gap_max"": -0.03, ""min_adv20"": 20000000.0, ""prev_return_max"": -0.03}",,,2.0,20,77705.07460660658,6.7705074606606575,0.12090229618803772,0.5778851993829088,-0.5763236383272992,2842,852,0.6277888226198365,20,False,-0.208989930228679,12601.675016302164,0.2601675016302165,0.08002017870054634,0.4597793270717925,-0.27846420334939315,638,141,0.8428005284015853,20,False,-0.1982442807809576,11710.380583502772,0.1710380583502773,0.05418694079674102,0.399129626557052,-0.20578421918137513,416,153,0.5517241379310345,20,False,-0.07092963419545455,13037.509186379708,0.30375091863797077,0.306520367738188,1.4231206793667652,-0.038623618135651405,170,56,0.68,20,False,-0.01498271561195762,-0.11810587231111636,0.7071739130434782
258,5752a31b36ab,gap_down_reversal,"{""family"": ""gap_down_reversal"", ""gap_max"": -0.08, ""min_adv20"": 50000000.0, ""prev_return_max"": 0.0}",,0.08,1.0,3,14583.716820327418,0.4583716820327417,0.021226060921165413,0.22292217277180312,-0.435658114854365,670,527,0.1480008835873647,3,False,-0.1592200123291603,13017.099468476481,0.30170994684764807,0.09174442592938403,0.7373246411889665,-0.11340622862257566,124,95,0.16380449141347425,3,False,-0.0578819604611876,10283.261649258768,0.028326164925876807,0.009379207999069328,0.13967522224655096,-0.2838521640614696,204,147,0.27055702917771884,3,False,-0.09589851190744243,7595.683773327497,-0.24043162266725027,-0.24210086619035698,-1.3557401850042239,-0.276779869443308,89,60,0.356,3,False,-0.06526013340740673,-0.5144024684171633,0.7070108695652173
259,a57ed6864f77,strength_pullback,"{""family"": ""strength_pullback"", ""gap_max"": -0.03, ""min_adv20"": 20000000.0, ""mom3_min"": null, ""prev_return_min"": 0.05}",0.02,0.08,4.0,20,16306.329008742068,0.6306329008742069,0.0275927253860615,0.2733824583915514,-0.30765093030474533,1532,462,0.3384139606803623,20,False,-0.088,14229.927134262733,0.4229927134262732,0.1246052285147039,0.6281079192110981,-0.11375149029927756,336,81,0.4438573315719947,20,False,-0.07942599452407798,11604.40040776153,0.16044004077615304,0.05098868290838232,0.9963176290959019,-0.06031378160821943,150,67,0.1989389920424403,8,False,-0.02754713259175472,8652.714970370504,-0.1347285029629497,-0.13572964436063872,-1.5412717543341394,-0.1460694028723023,55,29,0.22,20,False,-0.088,-0.3547254608195467,0.7063586956521738
260,08f00ed65665,gap_down_reversal,"{""family"": ""gap_down_reversal"", ""gap_max"": -0.02, ""min_adv20"": 20000000.0, ""prev_return_max"": 0.0}",,0.08,3.0,3,6464346.086041826,645.4346086041826,0.4336748723215009,0.872023566280404,-0.9559981622958151,7024,3245,1.5515794124144024,3,False,-0.5025924368978502,15759.93639917313,0.5759936399173129,0.163494934291454,0.6186495867633377,-0.6506814061577557,1180,527,1.558784676354029,3,False,-0.2963857011687463,118.10777444596096,-0.9881892225554039,-0.7731589117492068,-0.9853597249262,-0.9884571045216602,1318,569,1.7480106100795756,3,False,-0.5596621165495238,1437.913005056645,-0.8562086994943355,-0.8584224239321647,-1.4919174435465725,-0.8567472926308163,427,188,1.708,3,False,-0.26908942102316624,-0.2533739795170663,0.7058967391304348
261,810de8977158,gap_down_reversal,"{""family"": ""gap_down_reversal"", ""gap_max"": -0.02, ""min_adv20"": 20000000.0, ""prev_return_max"": 0.0}",,0.04,4.0,20,76357.73840902527,6.6357738409025275,0.11981144473118288,0.488490067053265,-0.9141644190088105,14416,3245,3.184448862381268,20,False,-0.3850073500441617,17160.868858749167,0.7160868858749168,0.19695130268503336,0.6264240444785832,-0.5154549826640614,2685,527,3.546895640686922,20,False,-0.24754293291177012,2060.728774539726,-0.7939271225460274,-0.4101606341461186,-1.0311511258322434,-0.8493572191121396,3244,569,4.30238726790451,20,False,-0.14758208594836283,11279.252920316161,0.12792529203161607,0.1290120516988953,0.49074878012002837,-0.26634669456706295,1063,188,4.252,20,False,-0.1422807722514057,-0.13793397742531827,0.7050543478260869
262,e4f01dfbafdc,strength_pullback,"{""family"": ""strength_pullback"", ""gap_max"": -0.03, ""min_adv20"": 20000000.0, ""mom3_min"": null, ""prev_return_min"": 0.05}",0.04,0.08,3.0,10,25237.191573072578,1.5237191573072577,0.05288276653896218,0.3622465030073165,-0.38398195602251384,1245,462,0.27501656726308815,10,False,-0.12600000000000003,13792.430223738724,0.3792430223738723,0.11297508707728121,0.5336799690910188,-0.16368815456534547,229,81,0.30250990752972257,10,False,-0.12600000000000003,14057.621715691117,0.40576217156911176,0.12055900634693928,1.2402241000644258,-0.07402723174138848,150,67,0.1989389920424403,8,False,-0.07140859861313383,8209.359847058104,-0.17906401529418958,-0.18035882509376244,-1.386216992460606,-0.21619897343140737,45,29,0.18,10,False,-0.12600000000000003,-0.1714334660837023,0.704836956521739
263,a57ed6864f77,strength_pullback,"{""family"": ""strength_pullback"", ""gap_max"": -0.03, ""min_adv20"": 20000000.0, ""mom3_min"": null, ""prev_return_min"": 0.05}",0.02,0.08,3.0,20,14813.888657112437,0.48138886571124373,0.02211665608790625,0.27338245839155123,-0.2385442437751949,1532,462,0.3384139606803623,20,False,-0.06599999999999999,13182.814050929155,0.31828140509291547,0.09635162589808055,0.628107919211098,-0.0856248507638474,336,81,0.4438573315719947,20,False,-0.05956949589305849,11188.754292892656,0.11887542928926553,0.038254233027114504,0.9963176290959015,-0.04549897516316681,150,67,0.1989389920424403,8,False,-0.02066034944381604,8979.279046198648,-0.10207209538013517,-0.1028451692410507,-1.5412717543341399,-0.1109408859199964,55,29,0.22,20,False,-0.06599999999999999,-0.35472546081954676,0.7048097826086955
264,e4f01dfbafdc,strength_pullback,"{""family"": ""strength_pullback"", ""gap_max"": -0.03, ""min_adv20"": 20000000.0, ""mom3_min"": null, ""prev_return_min"": 0.05}",0.04,0.08,2.0,5,24405.456584602176,1.4405456584602176,0.05092046515130577,0.36361752311487006,-0.3643543138362263,960,462,0.21206096752816433,5,False,-0.084,12535.49106530117,0.253549106530117,0.07812860481064443,0.4550371676686479,-0.15896594329719127,171,81,0.22589167767503301,5,False,-0.084,14872.437075270322,0.48724370752703217,0.14186070835776987,1.2567451204127844,-0.07299297392965576,133,67,0.17639257294429708,5,False,-0.06949426518350944,8421.208802588884,-0.15787911974111157,-0.1590359490182427,-1.5444036593420385,-0.20815375519326362,40,29,0.16,5,False,-0.084,-0.09141964455377782,0.7040760869565217
265,5752a31b36ab,gap_down_reversal,"{""family"": ""gap_down_reversal"", ""gap_max"": -0.08, ""min_adv20"": 50000000.0, ""prev_return_max"": 0.0}",,0.08,1.5,10,18536.060847678255,0.8536060847678255,0.03495021772147422,0.43812545024160104,-0.17597041730954188,740,527,0.16346366246962668,10,False,-0.09466815444073398,11074.91463381368,0.10749146338136795,0.03457172404970854,0.37250949611471845,-0.10889271492799912,162,95,0.21400264200792601,10,False,-0.08732646039060818,10108.444334576641,0.01084443345766406,0.003611393588411005,0.08482877465986051,-0.14609331277771997,226,147,0.29973474801061006,8,False,-0.04567700039408892,8587.565750713007,-0.14124342492869923,-0.14228888941944984,-1.4050224646368528,-0.16699856975385163,98,60,0.392,8,False,-0.06788744745042065,-0.06561595412688259,0.7032336956521739
266,a57ed6864f77,strength_pullback,"{""family"": ""strength_pullback"", ""gap_max"": -0.03, ""min_adv20"": 20000000.0, ""mom3_min"": null, ""prev_return_min"": 0.05}",0.02,0.08,2.0,20,13228.210997616621,0.32282109976166207,0.01569539040386614,0.2733824583915514,-0.16435040734689976,1532,462,0.3384139606803623,20,False,-0.044,12121.753883342692,0.2121753883342692,0.06615011286267825,0.6281079192110981,-0.0572826793068858,336,81,0.4438573315719947,20,False,-0.03971299726203899,10782.811855707227,0.07828118557072261,0.02550933167824354,0.9963176290959019,-0.030509040085237915,150,67,0.1989389920424403,8,False,-0.01377356629587736,9312.62067031745,-0.06873793296825492,-0.06926833714728153,-1.5412717543341394,-0.07489925910202366,55,29,0.22,20,False,-0.044,-0.3547254608195467,0.7024456521739129
267,5752a31b36ab,gap_down_reversal,"{""family"": ""gap_down_reversal"", ""gap_max"": -0.08, ""min_adv20"": 50000000.0, ""prev_return_max"": 0.0}",,0.08,1.5,3,15473.575584121845,0.5473575584121846,0.024598594003663043,0.22292217277180312,-0.5898983833284681,670,527,0.1480008835873647,3,False,-0.2388300184937405,14579.327079838884,0.4579327079838884,0.13372326925187572,0.7373246411889667,-0.16680733162006045,124,95,0.16380449141347425,3,False,-0.08682294069178138,10097.167624574056,0.009716762457405714,0.0032370639474252894,0.13967522224655096,-0.404704592564303,204,147,0.27055702917771884,3,False,-0.14384776786116366,6527.5887723159585,-0.34724112276840413,-0.3494647878058287,-1.3557401850042239,-0.3916719052696547,89,60,0.356,3,False,-0.0978902001111101,-0.5144024684171635,0.7008967391304347
268,12257827a207,strength_pullback,"{""family"": ""strength_pullback"", ""gap_max"": -0.02, ""min_adv20"": 20000000.0, ""mom3_min"": null, ""prev_return_min"": 0.05}",0.06,0.08,3.0,20,21442.937475122395,1.1442937475122394,0.04337703127251036,0.31015563710681754,-0.4093197375964097,2688,785,0.5937707090788602,20,False,-0.17840339702760083,15175.700277900047,0.5175700277900046,0.14895533871060262,0.6706645953287301,-0.18564877299539428,517,117,0.6829590488771466,20,False,-0.11774007135833267,11100.72085396415,0.110072085396415,0.0355168231196521,0.3963772574433236,-0.20544627019555595,363,118,0.48143236074270557,20,False,-0.056447043168110056,8152.600396184041,-0.1847399603815959,-0.18607099547601302,-1.1042436224233563,-0.23216794270726637,103,47,0.412,20,False,-0.16308100813417048,-0.3605089582219126,0.7008695652173912
269,72ac675e9377,gap_down_reversal,"{""family"": ""gap_down_reversal"", ""gap_max"": -0.08, ""min_adv20"": 50000000.0, ""prev_return_max"": -0.03}",,0.04,4.0,3,12873.993657427698,0.2873993657427698,0.014161922244468883,0.31661785372442874,-0.8482411971325017,256,195,0.05654959134084383,3,False,-0.8290753822727138,17088.543801699176,0.7088543801699176,0.1952696272598795,0.7565445677952849,-0.3129001822438834,47,31,0.062087186261558784,3,False,-0.21603726016330116,8842.9529775197,-0.11570470224802998,-0.04026377379941737,0.09103040425178215,-0.4322965515870737,59,43,0.07824933687002653,3,False,-0.31606172538859006,10151.86828767549,0.015186828767548954,0.015309248702285227,0.19066208872973286,-0.16216834373352684,22,18,0.088,3,False,-0.11118720193086906,-0.43992671407085615,0.7004347826086956
270,30a224c68ce7,relative_weakness_reversal,"{""family"": ""relative_weakness_reversal"", ""gap_max"": -0.03, ""min_adv20"": 20000000.0, ""mom3_max"": -0.05, ""prev_return_percentile_max"": 0.1}",,0.08,4.0,5,3379.8466690914247,-0.6620153330908576,-0.058596998943157175,0.30681094186364766,-0.9894184493598985,1204,628,0.2659597967749061,5,False,-0.9069152258963513,41758.796313178944,3.175879631317894,0.609320908534648,1.1029789814149222,-0.4744524731504912,226,95,0.2985468956406869,5,False,-0.33468337461495057,11755.67412868955,0.17556741286895505,0.05554792721269952,0.35691660409290255,-0.5198199289487963,195,115,0.25862068965517243,5,False,-0.3286885532511068,13076.374170955443,0.30763741709554426,0.31044632676005257,0.7883544571312375,-0.22707534909001714,73,41,0.292,5,False,-0.1327636258103328,-0.7961680395512746,0.7003804347826087
271,59b1c0c0d28c,strength_pullback,"{""family"": ""strength_pullback"", ""gap_max"": -0.05, ""min_adv20"": 20000000.0, ""mom3_min"": null, ""prev_return_min"": 0.03}",0.02,0.08,4.0,5,37569.24409113059,2.756924409113059,0.07646180755744636,0.43953749665754177,-0.4776365746140103,685,405,0.15131433620499227,5,False,-0.088,13167.673481573496,0.31676734815734964,0.09593229674710368,0.43963142614921114,-0.31019136769477906,133,67,0.17569352708058125,5,False,-0.088,8821.707328071278,-0.11782926719287223,-0.04103503493448346,-0.18843466417450186,-0.195972169969431,101,69,0.13395225464190982,5,False,-0.0528,7049.773253767493,-0.2950226746232507,-0.2969915423079582,-1.9267924337693856,-0.3468293500179571,37,23,0.148,5,False,-0.088,-9.392949166936448e-05,0.6990760869565218
272,72ac675e9377,gap_down_reversal,"{""family"": ""gap_down_reversal"", ""gap_max"": -0.08, ""min_adv20"": 50000000.0, ""prev_return_max"": -0.03}",,0.04,3.0,10,20677.635777517367,1.067763577751737,0.041268362875225284,0.48131635935744793,-0.20036721265775614,305,195,0.06737353655842722,10,False,-0.1865419610113606,11359.752047858174,0.13597520478581737,0.04335452325481537,0.3905622837140303,-0.15090662854753678,77,31,0.10171730515191546,10,False,-0.0971000546587849,10269.387500707096,0.02693875007070967,0.008923848749038177,0.1456372953823233,-0.08782243843051563,64,43,0.08488063660477453,6,False,-0.07800596251866664,10093.435390197174,0.009343539019717406,0.009418638249908406,0.19066208872973262,-0.03759606452588693,22,18,0.088,3,False,-0.02501712043444554,-0.09075407564341764,0.6990489130434783
273,37e8e6129018,relative_weakness_reversal,"{""family"": ""relative_weakness_reversal"", ""gap_max"": -0.03, ""min_adv20"": 50000000.0, ""mom3_max"": -0.05, ""prev_return_percentile_max"": 0.2}",0.06,,3.0,10,95564.30233199033,8.556430233199032,0.13388534949682174,0.5015416572479214,-0.4316584925273893,1473,606,0.32538104705102716,10,False,-0.1693032195414575,13764.974411709287,0.37649744117092876,0.11223706017848123,0.48102686192221467,-0.44169798614297606,354,105,0.4676354029062087,10,False,-0.186,13385.067203178622,0.3385067203178622,0.10234822343771866,0.449035315556123,-0.33257603636656485,275,122,0.3647214854111406,10,False,-0.14704788229147275,11078.82384210318,0.10788238421031804,0.10879078064623848,0.4747478447195605,-0.18730513032869123,107,44,0.428,10,False,-0.10897769714688973,-0.02051479532570677,0.6979619565217391
274,e6a4cfbe4bad,strength_pullback,"{""family"": ""strength_pullback"", ""gap_max"": -0.02, ""min_adv20"": 20000000.0, ""mom3_min"": null, ""prev_return_min"": 0.05}",0.04,0.08,2.0,10,27373.39243279026,1.7373392432790262,0.057655755109825346,0.4295941794228888,-0.35078683473284766,2130,785,0.47051027170311466,10,False,-0.084,11793.793862774715,0.17937938627747152,0.05645975931299474,0.3773426196016772,-0.1670140311350925,378,117,0.49933949801849403,10,False,-0.084,11078.452234717177,0.10784522347171777,0.03482208887139371,0.3755410665104545,-0.2278971262365207,320,118,0.4244031830238727,10,False,-0.05795641212375378,8800.896270853342,-0.11991037291466577,-0.12080923512517205,-1.1904421580041635,-0.1840596510930841,93,47,0.372,10,False,-0.084,-0.0522515598212116,0.6974999999999999
275,a57ed6864f77,strength_pullback,"{""family"": ""strength_pullback"", ""gap_max"": -0.03, ""min_adv20"": 20000000.0, ""mom3_min"": null, ""prev_return_min"": 0.05}",0.02,0.08,1.5,20,12418.205101923824,0.2418205101923825,0.012129024405462596,0.27338245839155123,-0.12528932309410556,1532,462,0.3384139606803623,20,False,-0.032999999999999995,11589.309912672907,0.1589309912672907,0.05032648979599763,0.628107919211098,-0.043034521801676995,336,81,0.4438573315719947,20,False,-0.029784747946529244,10583.477765572565,0.058347776557256426,0.019133888319573078,0.9963176290959015,-0.02294810150742077,150,67,0.1989389920424403,8,False,-0.01033017472190802,9481.86140431168,-0.051813859568832,-0.052217355433058055,-1.5412717543341399,-0.05653007896763662,55,29,0.22,20,False,-0.032999999999999995,-0.35472546081954676,0.6973097826086956
276,12257827a207,strength_pullback,"{""family"": ""strength_pullback"", ""gap_max"": -0.02, ""min_adv20"": 20000000.0, ""mom3_min"": null, ""prev_return_min"": 0.05}",0.06,0.08,4.0,10,43007.65576947551,3.3007655769475512,0.08459341019178956,0.4022558427232593,-0.5800905140649995,2130,785,0.47051027170311466,10,False,-0.248,16319.259960298896,0.6319259960298895,0.17708139197428663,0.5830901278191144,-0.3119382549691576,378,117,0.49933949801849403,10,False,-0.2061565407907469,10471.662520950484,0.04716625209504843,0.015522561526950529,0.187676805702893,-0.4708658115588952,320,118,0.4244031830238727,10,False,-0.15052544844829346,6970.768031431209,-0.3029231968568791,-0.304932670224769,-1.1145692445880828,-0.4048341190306749,93,47,0.372,10,False,-0.248,-0.18083428509585509,0.6952717391304348
277,5752a31b36ab,gap_down_reversal,"{""family"": ""gap_down_reversal"", ""gap_max"": -0.08, ""min_adv20"": 50000000.0, ""prev_return_max"": 0.0}",,0.08,2.0,10,22130.97398009183,1.2130973980091828,0.0452129952949647,0.43812545024160104,-0.2293562229532442,740,527,0.16346366246962668,10,False,-0.12622420592097866,11374.418691412562,0.13744186914125622,0.043802764187879095,0.3725094961147184,-0.14432814643064085,162,95,0.21400264200792601,10,False,-0.11643528052081091,10085.662678730856,0.008566267873085565,0.0028548710793394605,0.08482877465986055,-0.19279301268673454,226,147,0.29973474801061006,8,False,-0.06090266719211855,8141.539796757537,-0.18584602032424624,-0.1871840775986875,-1.405022464636853,-0.2178960282634953,98,60,0.392,8,False,-0.09051659660056086,-0.06561595412688265,0.6946739130434784
278,e6a4cfbe4bad,strength_pullback,"{""family"": ""strength_pullback"", ""gap_max"": -0.02, ""min_adv20"": 20000000.0, ""mom3_min"": null, ""prev_return_min"": 0.05}",0.04,0.08,1.0,20,13580.240968751392,0.35802409687513914,0.017181442048095796,0.3273153420262222,-0.16471795593018168,2688,785,0.5937707090788602,20,False,-0.04046779900920029,11180.265739590737,0.11802657395907379,0.03783753506575782,0.5068931883801205,-0.0733084253860381,517,117,0.6829590488771466,20,False,-0.035472733933086156,10518.743032174996,0.05187430321749953,0.017046247393029956,0.5735237741298576,-0.061749520157483806,363,118,0.48143236074270557,20,False,-0.014489103030938444,9487.879848845723,-0.05121201511542772,-0.051610952845528746,-1.1615952026015437,-0.06911682420419163,103,47,0.412,20,False,-0.042,-0.17957784635389834,0.6935869565217391
279,e4f01dfbafdc,strength_pullback,"{""family"": ""strength_pullback"", ""gap_max"": -0.03, ""min_adv20"": 20000000.0, ""mom3_min"": null, ""prev_return_min"": 0.05}",0.04,0.08,4.0,10,29918.45625679313,1.9918456256793133,0.0629029987832892,0.3622465030073164,-0.4804461115778407,1245,462,0.27501656726308815,10,False,-0.168,14770.734915256107,0.47707349152561074,0.13865661736321266,0.5336799690910188,-0.2166413232198129,229,81,0.30250990752972257,10,False,-0.168,15653.278663418308,0.5653278663418309,0.16155693941342775,1.2402241000644256,-0.09861347669450482,150,67,0.1989389920424403,8,False,-0.09521146481751178,7648.958213705187,-0.2351041786294813,-0.23674245398633287,-1.3862169924606067,-0.28076847633274604,45,29,0.18,10,False,-0.168,-0.17143346608370236,0.6933695652173912
280,e6a4cfbe4bad,strength_pullback,"{""family"": ""strength_pullback"", ""gap_max"": -0.02, ""min_adv20"": 20000000.0, ""mom3_min"": null, ""prev_return_min"": 0.05}",0.04,0.08,1.5,20,15491.145845129678,0.5491145845129679,0.024663322958972556,0.32731534202622226,-0.2378609618184213,2688,785,0.5937707090788602,20,False,-0.06070169851380043,11743.194440294343,0.17431944402943422,0.05494873243854581,0.5068931883801207,-0.10871194467247514,517,117,0.6829590488771466,20,False,-0.05320910089962923,10777.109193162785,0.0777109193162786,0.025328034546885814,0.5735237741298578,-0.09143306846322274,363,118,0.48143236074270557,20,False,-0.021733654546407667,9234.398927621985,-0.07656010723780149,-0.07714833251715436,-1.1615952026015441,-0.1025464420208334,103,47,0.412,20,False,-0.06300000000000001,-0.1795778463538984,0.6931793478260869
281,12257827a207,strength_pullback,"{""family"": ""strength_pullback"", ""gap_max"": -0.02, ""min_adv20"": 20000000.0, ""mom3_min"": null, ""prev_return_min"": 0.05}",0.06,0.08,4.0,20,23557.427331708244,1.3557427331708243,0.04885359459176675,0.31015563710681765,-0.5411531360019057,2688,785,0.5937707090788602,20,False,-0.23787119603680112,16825.56639681387,0.6825566396813869,0.1891146470837768,0.6706645953287301,-0.24283326381612402,517,117,0.6829590488771466,20,False,-0.1569867618111102,11416.540723211216,0.14165407232112148,0.04527135070718846,0.3963772574433236,-0.2658342826867093,363,118,0.48143236074270557,20,False,-0.07526272422414673,7552.273387193136,-0.24477266128068642,-0.24646691683301858,-1.1042436224233558,-0.3026524970440023,103,47,0.412,20,False,-0.21744134417889396,-0.3605089582219125,0.6925543478260868
282,5752a31b36ab,gap_down_reversal,"{""family"": ""gap_down_reversal"", ""gap_max"": -0.08, ""min_adv20"": 50000000.0, ""prev_return_max"": 0.0}",,0.08,2.0,3,15005.344360331226,0.5005344360331225,0.022847548654979066,0.22292217277180312,-0.7089719068653786,670,527,0.1480008835873647,3,False,-0.3184400246583206,16133.32648830883,0.613332648830883,0.17259986409185024,0.7373246411889665,-0.21804297098042902,124,95,0.16380449141347425,3,False,-0.1157639209223752,9701.092048091585,-0.02989079519084148,-0.01009111508591376,0.13967522224655096,-0.5112937096466409,204,147,0.27055702917771884,3,False,-0.19179702381488486,5555.775678547431,-0.4444224321452569,-0.4470286128274631,-1.3557401850042239,-0.49220410849999696,89,60,0.356,3,False,-0.13052026681481346,-0.5144024684171633,0.6917934782608695
283,5752a31b36ab,gap_down_reversal,"{""family"": ""gap_down_reversal"", ""gap_max"": -0.08, ""min_adv20"": 50000000.0, ""prev_return_max"": 0.0}",,0.08,1.0,5,14401.568555405525,0.4401568555405526,0.020511822529576396,0.2611315033854032,-0.3071400385774805,702,527,0.1550695825049702,5,False,-0.12622420592097866,11987.574129513283,0.19875741295132832,0.0622068565846996,0.6297845196191764,-0.0837981689951397,138,95,0.18229854689564068,5,False,-0.06765829336102738,10076.78452444416,0.007678452444416006,0.0025597414313573985,0.07879594032124242,-0.20032809208848723,218,147,0.2891246684350133,5,False,-0.05753910714446546,8423.422516765519,-0.15765774832344814,-0.1588131129277205,-1.3520037638855305,-0.19081741655297657,95,60,0.38,5,False,-0.05902775518330809,-0.36865301623377317,0.6914130434782609
284,a57ed6864f77,strength_pullback,"{""family"": ""strength_pullback"", ""gap_max"": -0.03, ""min_adv20"": 20000000.0, ""mom3_min"": null, ""prev_return_min"": 0.05}",0.02,0.08,1.0,20,11605.90834723421,0.16059083472342106,0.008324753965814446,0.2733824583915514,-0.08489041315885693,1532,462,0.3384139606803623,20,False,-0.022,11057.34221067839,0.10573422106783892,0.034024976908487714,0.6281079192110981,-0.028737003278521023,336,81,0.4438573315719947,20,False,-0.019856498631019494,10386.566184942796,0.03865661849427959,0.012756941107578745,0.9963176290959019,-0.015343025712307723,150,67,0.1989389920424403,8,False,-0.00688678314793868,9652.830590971837,-0.034716940902816296,-0.03498976002527088,-1.5412717543341394,-0.03792543843804108,55,29,0.22,20,False,-0.022,-0.3547254608195467,0.6889130434782607
285,e4f01dfbafdc,strength_pullback,"{""family"": ""strength_pullback"", ""gap_max"": -0.03, ""min_adv20"": 20000000.0, ""mom3_min"": null, ""prev_return_min"": 0.05}",0.04,0.08,3.0,5,30907.600170130783,2.0907600170130785,0.06482925926542804,0.36361752311487006,-0.5117098154353092,960,462,0.21206096752816433,5,False,-0.12600000000000003,13409.363041491617,0.34093630414916176,0.10258804878209693,0.4550371676686476,-0.23115565796122728,171,81,0.22589167767503301,5,False,-0.12600000000000003,17895.73208784137,0.789573208784137,0.2147119318140127,1.2567451204127846,-0.10929348666430927,133,67,0.17639257294429708,5,False,-0.10424139777526416,7690.850086752078,-0.2309149913247922,-0.2325287053395788,-1.544403659342038,-0.2984079430791521,40,29,0.16,5,False,-0.12600000000000003,-0.09141964455377755,0.6885054347826088
286,72ac675e9377,gap_down_reversal,"{""family"": ""gap_down_reversal"", ""gap_max"": -0.08, ""min_adv20"": 50000000.0, ""prev_return_max"": -0.03}",,0.04,4.0,10,25399.700171133325,1.5399700171133324,0.05325902687857886,0.48131635935744793,-0.2665613600885045,305,195,0.06737353655842722,10,False,-0.24872261468181414,11720.452696900385,0.17204526969003853,0.05426819148441475,0.39056228371403034,-0.20184245774018061,77,31,0.10171730515191546,10,False,-0.12946673954504656,10305.266086927159,0.03052660869271584,0.01010057095026995,0.14563729538232337,-0.11681922767965025,64,43,0.08488063660477453,6,False,-0.10400795002488886,10117.202263400082,0.011720226340008244,0.011814539867188723,0.19066208872973262,-0.049986538941058756,22,18,0.088,3,False,-0.03335616057926072,-0.09075407564341759,0.6877173913043478
287,37e8e6129018,relative_weakness_reversal,"{""family"": ""relative_weakness_reversal"", ""gap_max"": -0.03, ""min_adv20"": 50000000.0, ""mom3_max"": -0.05, ""prev_return_percentile_max"": 0.2}",0.06,,4.0,10,143422.12252885074,13.342212252885075,0.15980292300710652,0.5015416572479214,-0.5385329621942581,1473,606,0.32538104705102716,10,False,-0.22573762605527667,14236.12301190043,0.423612301190043,0.12476821134389304,0.4810268619222146,-0.5606573423686672,354,105,0.4676354029062087,10,False,-0.248,13874.484025094425,0.38744840250944246,0.11565870416976898,0.449035315556123,-0.43030172000560296,275,122,0.3647214854111406,10,False,-0.19606384305529703,11237.597974402792,0.1237597974402791,0.12480924973723173,0.47474784471956044,-0.24684982920687726,107,44,0.428,10,False,-0.14530359619585298,-0.020514795325706825,0.6875
288,5752a31b36ab,gap_down_reversal,"{""family"": ""gap_down_reversal"", ""gap_max"": -0.08, ""min_adv20"": 50000000.0, ""prev_return_max"": 0.0}",,0.08,1.5,5,16250.213485414606,0.6250213485414606,0.027395553693251085,0.2611315033854029,-0.4316485257694055,702,527,0.1550695825049702,5,False,-0.18933630888146796,12971.321560556857,0.29713215605568566,0.09046481630257608,0.6297845196191763,-0.12515948995472725,138,95,0.18229854689564068,5,False,-0.10148744004154109,9972.738455233393,-0.0027261544766606916,-0.0009119566667726842,0.07879594032124236,-0.2908098792534307,218,147,0.2891246684350133,5,False,-0.0863086607166982,7686.446894811403,-0.2313553105188597,-0.23297161479249018,-1.352003763885531,-0.2753434554951941,95,60,0.38,5,False,-0.08854163277496215,-0.36865301623377333,0.6860597826086957
289,16968da02607,gap_down_reversal,"{""family"": ""gap_down_reversal"", ""gap_max"": -0.03, ""min_adv20"": 20000000.0, ""prev_return_max"": -0.03}",,,3.0,20,148556.42496472396,13.855642496472397,0.16207595077126102,0.5778851993829087,-0.7594819605301117,2842,852,0.6277888226198365,20,False,-0.31348489534301854,13340.22604605852,0.3340226046058521,0.10069235284405575,0.4597793270717924,-0.4039930237960636,638,141,0.8428005284015853,20,False,-0.29736642117143636,12350.271440670711,0.23502714406707104,0.07309925213308666,0.3991296265570518,-0.29868469706885126,416,153,0.5517241379310345,20,False,-0.10639445129318181,14704.167285462489,0.47041672854624883,0.4749590345470138,1.4231206793667652,-0.05767164519613699,170,56,0.68,20,False,-0.02247407341793643,-0.1181058723111163,0.6854619565217391
290,e6a4cfbe4bad,strength_pullback,"{""family"": ""strength_pullback"", ""gap_max"": -0.02, ""min_adv20"": 20000000.0, ""mom3_min"": null, ""prev_return_min"": 0.05}",0.04,0.08,2.0,20,17424.84134154686,0.742484134154686,0.03139472328435011,0.3273153420262222,-0.3053851579254505,2688,785,0.5937707090788602,20,False,-0.08093559801840058,12282.229469935373,0.2282229469935373,0.07082809514590149,0.5068931883801205,-0.14329014833802722,517,117,0.6829590488771466,20,False,-0.07094546786617231,11034.343212034137,0.10343432120341367,0.033443230236803956,0.5735237741298576,-0.12034411253469202,363,118,0.48143236074270557,20,False,-0.02897820606187689,8982.672947103572,-0.10173270528964273,-0.10250335804968214,-1.1615952026015437,-0.13523962649059595,103,47,0.412,20,False,-0.084,-0.17957784635389834,0.6854347826086956
291,a25608756395,strength_pullback,"{""family"": ""strength_pullback"", ""gap_max"": -0.02, ""min_adv20"": 20000000.0, ""mom3_min"": null, ""prev_return_min"": 0.05}",0.02,0.08,2.0,20,13812.08711875349,0.3812087118753491,0.018140410730477452,0.27461810804169684,-0.21364085411318023,2688,785,0.5937707090788602,20,False,-0.044,12046.657493055041,0.20466574930550419,0.0639467997232619,0.5702666128915891,-0.09406587316619575,517,117,0.6829590488771466,20,False,-0.041099309768704045,10705.209622608525,0.07052096226085247,0.023036728661871564,0.5213588265090267,-0.07237485594937232,363,118,0.48143236074270557,20,False,-0.01817356629587736,9400.683086772036,-0.05993169132279641,-0.060396366800167245,-1.257904606322863,-0.07626386685485964,103,47,0.412,20,False,-0.044,-0.29564850484989225,0.6839673913043478
292,a25608756395,strength_pullback,"{""family"": ""strength_pullback"", ""gap_max"": -0.02, ""min_adv20"": 20000000.0, ""mom3_min"": null, ""prev_return_min"": 0.05}",0.02,0.08,1.5,20,12861.853167261346,0.28618531672613456,0.014108660703324727,0.2746181080416968,-0.16437033374018062,2688,785,0.5937707090788602,20,False,-0.032999999999999995,11542.460372700647,0.1542460372700647,0.04891114174127176,0.570266612891589,-0.07107208877341709,517,117,0.6829590488771466,20,False,-0.030824482326528034,10530.4492374694,0.05304492374693992,0.017424395005807503,0.5213588265090264,-0.0546981114664572,363,118,0.48143236074270557,20,False,-0.013630174721908018,9549.249473170508,-0.0450750526829492,-0.04542733612838756,-1.2579046063228627,-0.05756069651116957,103,47,0.412,20,False,-0.032999999999999995,-0.2956485048498922,0.6837771739130434
293,e6a4cfbe4bad,strength_pullback,"{""family"": ""strength_pullback"", ""gap_max"": -0.02, ""min_adv20"": 20000000.0, ""mom3_min"": null, ""prev_return_min"": 0.05}",0.04,0.08,3.0,10,38436.676570894124,2.8436676570894126,0.07783048694943417,0.4295941794228889,-0.49189031341418166,2130,785,0.47051027170311466,10,False,-0.12600000000000003,12332.466708259954,0.23324667082599526,0.07228416226635836,0.37734261960167736,-0.24413631587005813,378,117,0.49933949801849403,10,False,-0.12600000000000003,11512.289952334706,0.15122899523347066,0.04819315025371851,0.3755410665104545,-0.3247849969545583,320,118,0.4244031830238727,10,False,-0.08693461818563067,8220.067987383762,-0.17799320126162388,-0.17928114136641182,-1.190442158004163,-0.26583071613195886,93,47,0.372,10,False,-0.12600000000000003,-0.052251559821211546,0.6831793478260869
294,d44ea1e15914,gap_down_reversal,"{""family"": ""gap_down_reversal"", ""gap_max"": -0.08, ""min_adv20"": 20000000.0, ""prev_return_max"": -0.05}",,0.02,1.5,5,13515.080261122754,0.3515080261122754,0.01690913890297141,0.3799912261151089,-0.12283053947466771,183,131,0.04042412193505633,5,False,-0.11052719178425015,10398.662099670717,0.039866209967071686,0.013098517030704526,0.30304921317592093,-0.05987165719867005,41,21,0.05416116248348745,5,False,-0.04860838353674276,9983.171273441234,-0.0016828726558766327,-0.0005627608873927104,0.011555553325154636,-0.08665540548509554,29,19,0.038461538461538464,3,False,-0.060852808988764016,10184.09525859732,0.01840952585973188,0.018558160311372474,1.6330450096288758,-0.00329432888903447,7,5,0.028,3,False,-0.0032943288890344784,-0.07694201293918795,0.6824184782608695
295,d44ea1e15914,gap_down_reversal,"{""family"": ""gap_down_reversal"", ""gap_max"": -0.08, ""min_adv20"": 20000000.0, ""prev_return_max"": -0.05}",,0.02,1.0,5,12282.052094260243,0.2282052094260243,0.01150807984191915,0.3799912261151088,-0.0821782865455245,183,131,0.04042412193505633,5,False,-0.07368479452283343,10271.597919699232,0.02715979196992313,0.008960611468818103,0.3030492131759208,-0.039803192809188315,41,21,0.05416116248348745,5,False,-0.032405589024495175,9996.200284745233,-0.00037997152547664115,-0.0001270092024850955,0.01155555332515466,-0.05808008496709827,29,19,0.038461538461538464,3,False,-0.04056853932584268,10122.499307870252,0.012249930787025187,0.012348532842504367,1.633045009628876,-0.0021962192593562024,7,5,0.028,3,False,-0.002196219259356319,-0.07694201293918801,0.6822826086956522
296,5752a31b36ab,gap_down_reversal,"{""family"": ""gap_down_reversal"", ""gap_max"": -0.08, ""min_adv20"": 50000000.0, ""prev_return_max"": 0.0}",,0.08,2.0,5,17583.80812020683,0.7583808120206832,0.03191626461339947,0.2611315033854032,-0.5385058969516554,702,527,0.1550695825049702,5,False,-0.2524484118419573,13928.74006571915,0.39287400657191496,0.11662472976208527,0.6297845196191764,-0.1661280987821524,138,95,0.18229854689564068,5,False,-0.13531658672205477,9777.268454936868,-0.022273154506313175,-0.007499965478385939,0.07879594032124242,-0.37457378849815937,218,147,0.2891246684350133,5,False,-0.11507821428893092,6986.189542598376,-0.30138104574016245,-0.30338264933869286,-1.3520037638855305,-0.3530463909131851,95,60,0.38,5,False,-0.11805551036661618,-0.36865301623377317,0.6815217391304348
297,5752a31b36ab,gap_down_reversal,"{""family"": ""gap_down_reversal"", ""gap_max"": -0.08, ""min_adv20"": 50000000.0, ""prev_return_max"": 0.0}",,0.08,3.0,10,30275.593450580927,2.027559345058093,0.06360533285003611,0.43812545024160104,-0.3295561916097547,740,527,0.16346366246962668,10,False,-0.18933630888146796,11867.126021429987,0.18671260214299878,0.05864198671993015,0.37250949611471845,-0.2138860946778922,162,95,0.21400264200792601,10,False,-0.17465292078121636,9953.988824981278,-0.004601117501872198,-0.001540135420252109,0.08482877465986051,-0.28252958830472374,226,147,0.29973474801061006,8,False,-0.09135400078817783,7288.122655269212,-0.27118773447307876,-0.27302981714792773,-1.4050224646368528,-0.3128963418898162,98,60,0.392,8,False,-0.1357748949008413,-0.06561595412688259,0.6800815217391304
298,a57ed6864f77,strength_pullback,"{""family"": ""strength_pullback"", ""gap_max"": -0.03, ""min_adv20"": 20000000.0, ""mom3_min"": null, ""prev_return_min"": 0.05}",0.02,0.08,1.0,3,20287.234238994595,1.0287234238994594,0.04016411792737329,0.4574965022875642,-0.2322684309020009,784,462,0.17318312348133422,3,False,-0.022000000000000002,10895.335648385402,0.08953356483854025,0.02895679534546569,0.340206711755765,-0.12042553031080272,137,81,0.1809775429326288,3,False,-0.022000000000000002,11629.118371510303,0.1629118371510303,0.05173635217145711,0.7935597401525516,-0.09990094621915935,109,67,0.14456233421750664,3,False,-0.022000000000000002,8955.951295431772,-0.10440487045682278,-0.10519455760535024,-2.3084711779857185,-0.12372296371493507,38,29,0.152,3,False,-0.022000000000000002,-0.11728979053179922,0.6793478260869564
299,a25608756395,strength_pullback,"{""family"": ""strength_pullback"", ""gap_max"": -0.02, ""min_adv20"": 20000000.0, ""mom3_min"": null, ""prev_return_min"": 0.05}",0.02,0.08,1.0,20,11902.1304208243,0.19021304208242995,0.009740382023696093,0.27461810804169684,-0.1124235541676496,2688,785,0.5937707090788602,20,False,-0.022,11032.040621784361,0.10320406217843603,0.033236725959584046,0.5702666128915891,-0.04773076553917066,517,117,0.6829590488771466,20,False,-0.020549654884352023,10354.574589929278,0.03545745899292774,0.011713316872218327,0.5213588265090267,-0.03674561581605451,363,118,0.48143236074270557,20,False,-0.00908678314793868,9698.661139964373,-0.030133886003562704,-0.030371258790259925,-1.257904606322863,-0.03861711944754875,103,47,0.412,20,False,-0.022,-0.29564850484989225,0.6788586956521738
300,a25608756395,strength_pullback,"{""family"": ""strength_pullback"", ""gap_max"": -0.02, ""min_adv20"": 20000000.0, ""mom3_min"": null, ""prev_return_min"": 0.05}",0.02,0.08,1.0,5,14292.856731514032,0.4292856731514032,0.020081466568380835,0.28981676636839737,-0.24046779055655665,1649,785,0.3642588910978573,5,False,-0.022,10765.051283810895,0.07650512838108958,0.02484440991843817,0.30370637553670526,-0.09154242117056444,276,117,0.36459709379128136,5,False,-0.022,10032.05126662308,0.0032051266623081,0.0010700685351043848,0.047724180429035055,-0.10565032065781366,260,118,0.3448275862068966,5,False,-0.022,9387.458734640692,-0.061254126535930875,-0.06172871508562838,-1.4120592985830056,-0.08929861539275563,83,47,0.332,5,False,-0.022,-0.013889609168307893,0.6777173913043478
301,e4f01dfbafdc,strength_pullback,"{""family"": ""strength_pullback"", ""gap_max"": -0.03, ""min_adv20"": 20000000.0, ""mom3_min"": null, ""prev_return_min"": 0.05}",0.04,0.08,2.0,20,13359.43328013051,0.33594332801305105,0.016253647305930263,0.2235841768945365,-0.23147815626098667,1532,462,0.3384139606803623,20,False,-0.07187425168293762,12580.086429754725,0.25800864297547244,0.07940389483471977,0.5883733099996712,-0.09752911397178654,336,81,0.4438573315719947,20,False,-0.07094546786617231,11236.083727407002,0.12360837274070025,0.03972002362469329,1.2402241000644256,-0.024720493394136178,150,67,0.1989389920424403,8,False,-0.023802866204377944,8973.331470244735,-0.10266685297552647,-0.10344416715493343,-1.2247522155879411,-0.11647953480995699,55,29,0.22,20,False,-0.084,-0.3647891331051347,0.677608695652174
302,d44ea1e15914,gap_down_reversal,"{""family"": ""gap_down_reversal"", ""gap_max"": -0.08, ""min_adv20"": 20000000.0, ""prev_return_max"": -0.05}",,0.02,2.0,5,14797.53635481848,0.4797536354818479,0.02205381744452417,0.3799912261151088,-0.1631839990751589,183,131,0.04042412193505633,5,False,-0.14736958904566685,10519.425489757741,0.051942548975774105,0.017000087029429123,0.3030492131759208,-0.08003417514702438,41,21,0.05416116248348745,5,False,-0.06481117804899035,9962.480221136426,-0.003751977886357394,-0.001255546182876599,0.01155555332515466,-0.11491453181192202,29,19,0.038461538461538464,3,False,-0.08113707865168536,10245.922221375778,0.024592222137577835,0.02479137878728621,1.633045009628876,-0.004392438518712627,7,5,0.028,3,False,-0.004392438518712638,-0.07694201293918801,0.6775543478260869
303,e4f01dfbafdc,strength_pullback,"{""family"": ""strength_pullback"", ""gap_max"": -0.03, ""min_adv20"": 20000000.0, ""mom3_min"": null, ""prev_return_min"": 0.05}",0.04,0.08,1.5,20,12591.377996146246,0.2591377996146247,0.012909579810882477,0.22358417689453647,-0.17840313115206408,1532,462,0.3384139606803623,20,False,-0.05390568876220321,11944.664283371445,0.19446642833714445,0.060939617180808536,0.5883733099996714,-0.07346491471414995,336,81,0.4438573315719947,20,False,-0.05320910089962923,10916.530817631578,0.09165308176315778,0.029742304686857235,1.2402241000644258,-0.018544565309383865,150,67,0.1989389920424403,8,False,-0.017852149653283456,9226.671023929555,-0.07733289760704443,-0.07792680640212424,-1.2247522155879407,-0.0880126510031638,55,29,0.22,20,False,-0.06300000000000001,-0.36478913310513494,0.6774728260869566
304,72ac675e9377,gap_down_reversal,"{""family"": ""gap_down_reversal"", ""gap_max"": -0.08, ""min_adv20"": 50000000.0, ""prev_return_max"": -0.03}",,0.04,1.0,5,14034.818034690628,0.4034818034690628,0.019047466373704358,0.36752591379141153,-0.13380724307012737,278,195,0.06140932184669759,5,False,-0.12436130734090707,10568.72124029971,0.056872124029970994,0.018584124705434357,0.3086891082584806,-0.0994982721249621,57,31,0.07529722589167767,5,False,-0.05146244472066889,10258.43284944041,0.02584328494404109,0.00856401998104328,0.17769818544780658,-0.05867095009873968,63,43,0.08355437665782493,5,False,-0.047116469020966625,10065.944472310399,0.006594447231039968,0.006647377766314744,0.19066208872973262,-0.025134658826836298,22,18,0.088,3,False,-0.01667808028963036,-0.058836805532930914,0.677445652173913
305,a25608756395,strength_pullback,"{""family"": ""strength_pullback"", ""gap_max"": -0.02, ""min_adv20"": 20000000.0, ""mom3_min"": null, ""prev_return_min"": 0.05}",0.02,0.08,3.0,20,15634.621794564879,0.5634621794564878,0.025189309690765604,0.2746181080416968,-0.3046263554010403,2688,785,0.5937707090788602,20,False,-0.06599999999999999,13028.971225033341,0.3028971225033341,0.09207578154543183,0.570266612891589,-0.13901656973132115,517,117,0.6829590488771466,20,False,-0.06164896465305607,11050.868319210163,0.10508683192101631,0.03396023819604754,0.5213588265090264,-0.1069142993595662,363,118,0.48143236074270557,20,False,-0.027260349443816036,9106.105734719033,-0.08938942652809678,-0.09007132727286848,-1.2579046063228627,-0.11295765959631399,103,47,0.412,20,False,-0.06599999999999999,-0.2956485048498922,0.6774184782608695
306,5752a31b36ab,gap_down_reversal,"{""family"": ""gap_down_reversal"", ""gap_max"": -0.08, ""min_adv20"": 50000000.0, ""prev_return_max"": 0.0}",,0.08,3.0,3,10576.183992976848,0.057618399297684864,0.0031232537881680233,0.22292217277180312,-0.8643583310590819,670,527,0.1480008835873647,3,False,-0.477660036987481,19064.47076196652,0.9064470761966521,0.2396093933534007,0.7373246411889667,-0.314141316522801,124,95,0.16380449141347425,3,False,-0.17364588138356277,8375.986763840823,-0.16240132361591764,-0.05750885637658254,0.13967522224655096,-0.6833971373859078,204,147,0.27055702917771884,3,False,-0.2876955357223273,3905.3603352271175,-0.6094639664772883,-0.6123905114190504,-1.3557401850042239,-0.6545771543886737,89,60,0.356,3,False,-0.1957804002222202,-0.5144024684171635,0.6773097826086957
307,e4f01dfbafdc,strength_pullback,"{""family"": ""strength_pullback"", ""gap_max"": -0.03, ""min_adv20"": 20000000.0, ""mom3_min"": null, ""prev_return_min"": 0.05}",0.04,0.08,4.0,5,34129.59178087105,2.412959178087105,0.07072335948966546,0.36361752311487006,-0.637538440554438,960,462,0.21206096752816433,5,False,-0.168,13942.108901959811,0.3942108901959811,0.11698138999380037,0.4550371676686479,-0.2986370139650454,171,81,0.22589167767503301,5,False,-0.168,21344.652994372438,1.134465299437244,0.2884102806724027,1.2567451204127844,-0.14546334991218013,133,67,0.17639257294429708,5,False,-0.1389885303670189,6999.460301665945,-0.3000539698334055,-0.30204877930050134,-1.5444036593420385,-0.38033788323753426,40,29,0.16,5,False,-0.168,-0.09141964455377782,0.6767934782608696
308,e6a4cfbe4bad,strength_pullback,"{""family"": ""strength_pullback"", ""gap_max"": -0.02, ""min_adv20"": 20000000.0, ""mom3_min"": null, ""prev_return_min"": 0.05}",0.04,0.08,3.0,20,21148.770038828432,1.1148770038828433,0.042575037862262244,0.32731534202622226,-0.4250304020639728,2688,785,0.5937707090788602,20,False,-0.12140339702760086,13272.193872268288,0.32721938722682875,0.09882054184365341,0.5068931883801207,-0.2099968662504732,517,117,0.6829590488771466,20,False,-0.10641820179925846,11543.991399531136,0.15439913995311372,0.04915695751993554,0.5735237741298578,-0.1759121181805302,363,118,0.48143236074270557,20,False,-0.043467309092815334,8484.58875033349,-0.15154112496665095,-0.15265583490956258,-1.1615952026015441,-0.19846414182584837,103,47,0.412,20,False,-0.12600000000000003,-0.1795778463538984,0.6748097826086956
309,e4f01dfbafdc,strength_pullback,"{""family"": ""strength_pullback"", ""gap_max"": -0.03, ""min_adv20"": 20000000.0, ""mom3_min"": null, ""prev_return_min"": 0.05}",0.04,0.08,1.0,20,11764.281085632529,0.17642810856325286,0.009085796894782394,0.2235841768945365,-0.12223278409661398,1532,462,0.3384139606803623,20,False,-0.03593712584146881,11300.5171891797,0.13005171891796996,0.04154025303000375,0.5883733099996712,-0.04918682475664771,336,81,0.4438573315719947,20,False,-0.035472733933086156,10604.058898116238,0.06040588981162376,0.019795830985780638,1.2402241000644256,-0.012365840382110527,150,67,0.1989389920424403,8,False,-0.011901433102188972,9482.22631145778,-0.05177736885422202,-0.05218058843973983,-1.2247522155879411,-0.05911351418491617,55,29,0.22,20,False,-0.042,-0.3647891331051347,0.6733695652173913
310,aeb583bdb7a4,gap_down_reversal,"{""family"": ""gap_down_reversal"", ""gap_max"": -0.03, ""min_adv20"": 20000000.0, ""prev_return_max"": 0.0}",,0.08,4.0,3,10670.483225246458,0.06704832252464588,0.00361904843821792,0.6077694089732597,-0.9967960773340901,4517,2421,0.9977910315882483,3,False,-0.6701232491971335,11301.651521552623,0.13016515215526225,0.04157505534924,0.5628198301321993,-0.7543994379574762,763,395,1.0079260237780714,3,False,-0.39518093489166173,23.38341026321176,-0.9976616589736789,-0.8679790231911525,-0.9878463091603066,-0.9978860047127549,930,438,1.23342175066313,3,False,-0.746216155399365,1593.889256570192,-0.8406110743429808,-0.842935582327176,-0.8842701236957504,-0.894749189300978,311,146,1.244,3,False,-0.358785894697555,-0.044949578841060434,0.6722826086956522
311,a25608756395,strength_pullback,"{""family"": ""strength_pullback"", ""gap_max"": -0.02, ""min_adv20"": 20000000.0, ""mom3_min"": null, ""prev_return_min"": 0.05}",0.02,0.08,4.0,20,17268.786116755502,0.7268786116755501,0.03087834527443345,0.27461810804169684,-0.3862821843471719,2688,785,0.5937707090788602,20,False,-0.088,13964.405547882996,0.39644055478829965,0.11757572340301059,0.5702666128915891,-0.1825947357468456,517,117,0.6829590488771466,20,False,-0.08219861953740809,11390.511569589326,0.13905115695893255,0.04447424912693965,0.5213588265090267,-0.14039009117856827,363,118,0.48143236074270557,20,False,-0.03634713259175472,8814.967023242163,-0.11850329767578371,-0.11939234281328814,-1.257904606322863,-0.1487157205046542,103,47,0.412,20,False,-0.088,-0.29564850484989225,0.6720652173913043
312,e4f01dfbafdc,strength_pullback,"{""family"": ""strength_pullback"", ""gap_max"": -0.03, ""min_adv20"": 20000000.0, ""mom3_min"": null, ""prev_return_min"": 0.05}",0.04,0.08,3.0,20,14654.439950842914,0.46544399508429146,0.021501111613485113,0.22358417689453647,-0.3289139720663621,1532,462,0.3384139606803623,20,False,-0.10781137752440642,13810.677190358569,0.3810677190358569,0.11346503332849944,0.5883733099996714,-0.14500500006293338,336,81,0.4438573315719947,20,False,-0.10641820179925846,11896.782383842396,0.18967823838423947,0.059765714866404585,1.2402241000644258,-0.03706395903607651,150,67,0.1989389920424403,8,False,-0.03570429930656691,8473.282899040018,-0.15267171009599823,-0.15379396139902857,-1.2247522155879407,-0.17213481576529488,55,29,0.22,20,False,-0.12600000000000003,-0.36478913310513494,0.671929347826087
313,16968da02607,gap_down_reversal,"{""family"": ""gap_down_reversal"", ""gap_max"": -0.03, ""min_adv20"": 20000000.0, ""prev_return_max"": -0.03}",,,4.0,20,219893.41530566048,20.989341530566048,0.18772416083058263,0.5778851993829088,-0.878140127303957,2842,852,0.6277888226198365,20,False,-0.417979860457358,13518.28929022531,0.35182892902253093,0.10556155819789481,0.4597793270717925,-0.5252682040187409,638,141,0.8428005284015853,20,False,-0.3964885615619152,12824.419425755072,0.28244194257550714,0.08669606675789421,0.399129626557052,-0.38457656528489526,416,153,0.5517241379310345,20,False,-0.1418592683909091,16466.693990287797,0.6466693990287797,0.6532527971390254,1.4231206793667652,-0.0765398157778514,170,56,0.68,20,False,-0.02996543122391524,-0.11810587231111636,0.6717934782608694
314,d44ea1e15914,gap_down_reversal,"{""family"": ""gap_down_reversal"", ""gap_max"": -0.08, ""min_adv20"": 20000000.0, ""prev_return_max"": -0.05}",,0.02,3.0,5,17457.455874269457,0.7457455874269456,0.03150209101159818,0.3799912261151089,-0.24297179920245882,183,131,0.04042412193505633,5,False,-0.2210543835685003,10740.608993722524,0.07406089937225246,0.024069203091740876,0.30304921317592093,-0.12058981177423811,41,21,0.05416116248348745,5,False,-0.09721676707348552,9897.414282194572,-0.010258571780542791,-0.0034403700468136345,0.011555553325154636,-0.17046548508078596,29,19,0.038461538461538464,3,False,-0.12170561797752803,10370.269603636652,0.03702696036366526,0.03732863744187709,1.6330450096288758,-0.006588657778068829,7,5,0.028,3,False,-0.006588657778068957,-0.07694201293918795,0.6685597826086956
315,d3fb518fbd7b,gap_down_reversal,"{""family"": ""gap_down_reversal"", ""gap_max"": -0.08, ""min_adv20"": 20000000.0, ""prev_return_max"": -0.03}",,0.08,1.5,20,17562.239961666946,0.7562239961666946,0.03184576507283032,0.5686349820707896,-0.07063019976819263,390,228,0.08614976805831677,20,False,-0.04663549025284015,10543.854729902903,0.054385472990290396,0.017785697897187536,0.28614461959512727,-0.06481008268753752,110,31,0.1453104359313078,20,False,-0.05410528926727105,10258.026510767875,0.025802651076787475,0.008550668005445905,0.3408774214638033,-0.023642921084177537,65,43,0.08620689655172414,6,False,-0.01650149062966666,10073.098011713013,0.007309801171301311,0.007368494504445877,0.409024186491837,-0.0142654481908292,22,18,0.088,3,False,-0.006254280108611385,-0.2824903624756623,0.6683695652173913
316,d3fb518fbd7b,gap_down_reversal,"{""family"": ""gap_down_reversal"", ""gap_max"": -0.08, ""min_adv20"": 20000000.0, ""prev_return_max"": -0.03}",,0.08,1.0,20,14645.75235768219,0.4645752357682189,0.0214673921439259,0.5686349820707898,-0.04754560878367908,390,228,0.08614976805831677,20,False,-0.031090326835226768,10376.064563301643,0.03760645633016435,0.012365093171162966,0.2861446195951272,-0.04335067218055366,110,31,0.1453104359313078,20,False,-0.03607019284484737,10173.555543278724,0.017355554327872502,0.00576733672871077,0.3408774214638033,-0.015775039207766572,65,43,0.08620689655172414,6,False,-0.011000993753111107,10049.044583948342,0.00490445839483411,0.004943790889659239,0.40902418649183714,-0.009521026350605144,22,18,0.088,3,False,-0.00416952007240759,-0.28249036247566256,0.6680978260869566
317,a57ed6864f77,strength_pullback,"{""family"": ""strength_pullback"", ""gap_max"": -0.03, ""min_adv20"": 20000000.0, ""mom3_min"": null, ""prev_return_min"": 0.05}",0.02,0.08,1.5,3,27237.69459743743,1.723769459743743,0.05736320699669917,0.45749650228756406,-0.33056080683880407,784,462,0.17318312348133422,3,False,-0.033,11257.498292586652,0.12574982925866518,0.04021867155912551,0.3402067117557649,-0.1762498162901357,137,81,0.1809775429326288,3,False,-0.033,12481.042397827823,0.2481042397827824,0.07688349795857508,0.7935597401525514,-0.14691719365286815,109,67,0.14456233421750664,3,False,-0.033,8468.237888483,-0.1531762111517,-0.15430182371708023,-2.3084711779857194,-0.18014808871909427,38,29,0.152,3,False,-0.033,-0.11728979053179917,0.6660597826086956
318,e6a4cfbe4bad,strength_pullback,"{""family"": ""strength_pullback"", ""gap_max"": -0.02, ""min_adv20"": 20000000.0, ""mom3_min"": null, ""prev_return_min"": 0.05}",0.04,0.08,4.0,10,48490.85617654617,3.849085617654617,0.09186248404471709,0.4295941794228888,-0.6102953413784742,2130,785,0.47051027170311466,10,False,-0.168,12592.938176968844,0.2592938176968844,0.07977085528666561,0.3773426196016772,-0.31701574513505315,378,117,0.49933949801849403,10,False,-0.168,11860.074212379586,0.18600742123795855,0.058671710846646796,0.3755410665104545,-0.41152938218887614,320,118,0.4244031830238727,10,False,-0.11591282424750755,7652.985793435541,-0.23470142065644584,-0.2363373426358607,-1.1904421580041635,-0.3413025892487508,93,47,0.372,10,False,-0.168,-0.0522515598212116,0.6659782608695652
319,5752a31b36ab,gap_down_reversal,"{""family"": ""gap_down_reversal"", ""gap_max"": -0.08, ""min_adv20"": 50000000.0, ""prev_return_max"": 0.0}",,0.08,3.0,5,18073.46326563281,0.807346326563281,0.03349520620100854,0.2611315033854029,-0.7053397596141242,702,527,0.1550695825049702,5,False,-0.3786726177629359,15701.58692261263,0.5701586922612631,0.1620591514259997,0.6297845196191763,-0.24678457071999327,138,95,0.18229854689564068,5,False,-0.20297488008308218,9135.913243259789,-0.08640867567402111,-0.029752303831788063,0.07879594032124236,-0.5218708628296224,218,147,0.2891246684350133,5,False,-0.1726173214333964,5700.653367600124,-0.42993466323998764,-0.43249194348120057,-1.352003763885531,-0.48933252664299587,95,60,0.38,5,False,-0.1770832655499243,-0.36865301623377333,0.665733695652174
320,a25608756395,strength_pullback,"{""family"": ""strength_pullback"", ""gap_max"": -0.02, ""min_adv20"": 20000000.0, ""mom3_min"": null, ""prev_return_min"": 0.05}",0.02,0.08,1.5,5,16395.412187284084,0.6395412187284084,0.027904422530155237,0.28981676636839726,-0.340807439786489,1649,785,0.3642588910978573,5,False,-0.032999999999999995,11061.745445731665,0.10617454457316655,0.03416203324919631,0.3037063755367051,-0.13597042018506367,276,117,0.36459709379128136,5,False,-0.032999999999999995,10007.480694751182,0.0007480694751182959,0.00024995567970331756,0.04772418042903475,-0.1550995930561363,260,118,0.3448275862068966,5,False,-0.032999999999999995,9088.64419033022,-0.09113558096697794,-0.09183011939888908,-1.4120592985830054,-0.13137224743024312,83,47,0.332,5,False,-0.032999999999999995,-0.013889609168307837,0.665679347826087
321,b5567d8c9030,gap_down_reversal,"{""family"": ""gap_down_reversal"", ""gap_max"": -0.08, ""min_adv20"": 50000000.0, ""prev_return_max"": -0.03}",,0.08,1.5,20,16024.335836494176,0.6024335836494177,0.02659533498579103,0.5024928733503746,-0.06652549770629401,335,195,0.07400044179368236,20,False,-0.04663549025284015,10543.854729902903,0.054385472990290396,0.017785697897187536,0.28614461959512727,-0.06481008268753752,110,31,0.1453104359313078,20,False,-0.05410528926727105,10305.178564343707,0.03051785643437066,0.010097703763672472,0.3989841503321009,-0.023642921084176982,64,43,0.08488063660477453,6,False,-0.01650149062966666,10073.098011713013,0.007309801171301311,0.007368494504445877,0.409024186491837,-0.0142654481908292,22,18,0.088,3,False,-0.006254280108611385,-0.21634825375524736,0.6656521739130434
322,b5567d8c9030,gap_down_reversal,"{""family"": ""gap_down_reversal"", ""gap_max"": -0.08, ""min_adv20"": 50000000.0, ""prev_return_max"": -0.03}",,0.08,1.0,20,13769.571559603404,0.3769571559603404,0.017965700509928295,0.5024928733503747,-0.044564327703801476,335,195,0.07400044179368236,20,False,-0.031090326835226768,10376.064563301643,0.03760645633016435,0.012365093171162966,0.2861446195951272,-0.04335067218055366,110,31,0.1453104359313078,20,False,-0.03607019284484737,10204.719308410344,0.02047193084103438,0.006795972335485567,0.398984150332101,-0.015775039207766017,64,43,0.08488063660477453,6,False,-0.011000993753111107,10049.044583948342,0.00490445839483411,0.004943790889659239,0.40902418649183714,-0.009521026350605144,22,18,0.088,3,False,-0.00416952007240759,-0.21634825375524752,0.6653804347826088
323,5752a31b36ab,gap_down_reversal,"{""family"": ""gap_down_reversal"", ""gap_max"": -0.08, ""min_adv20"": 50000000.0, ""prev_return_max"": 0.0}",,0.08,4.0,10,39248.813379412364,2.9248813379412364,0.07908573160431076,0.43812545024160104,-0.42631592783016703,740,527,0.16346366246962668,10,False,-0.2524484118419573,12199.994885004538,0.21999948850045392,0.06843602367329416,0.3725094961147184,-0.2816726634645178,162,95,0.21400264200792601,10,False,-0.23287056104162182,9712.742376940188,-0.028725762305981117,-0.009693952403531214,0.08482877465986055,-0.36683565736785717,226,147,0.29973474801061006,8,False,-0.1218053343842371,6487.321377530081,-0.3512678622469919,-0.3535098140962847,-1.405022464636853,-0.39924390071184024,98,60,0.392,8,False,-0.1810331932011217,-0.06561595412688265,0.6648369565217392
324,5752a31b36ab,gap_down_reversal,"{""family"": ""gap_down_reversal"", ""gap_max"": -0.08, ""min_adv20"": 50000000.0, ""prev_return_max"": 0.0}",,0.08,4.0,3,4807.763984406333,-0.5192236015593666,-0.03994736142905064,0.22292217277180312,-0.943783143746261,670,527,0.1480008835873647,3,False,-0.6368800493166412,21493.534139070256,1.1493534139070256,0.2900987383803628,0.7373246411889665,-0.40197208183958233,124,95,0.16380449141347425,3,False,-0.2315278418447504,6587.722973936488,-0.34122770260635116,-0.13020246352618048,0.13967522224655096,-0.8063262971468028,204,147,0.27055702917771884,3,False,-0.38359404762976973,2631.186220198771,-0.7368813779801229,-0.7396768452137733,-1.3557401850042239,-0.7729570608348786,89,60,0.356,3,False,-0.2610405336296269,-0.5144024684171633,0.6638586956521738
325,72ac675e9377,gap_down_reversal,"{""family"": ""gap_down_reversal"", ""gap_max"": -0.08, ""min_adv20"": 50000000.0, ""prev_return_max"": -0.03}",,0.04,1.5,5,16257.972896374395,0.6257972896374395,0.027422856010915098,0.3675259137914114,-0.20036721265775603,278,195,0.06140932184669759,5,False,-0.1865419610113606,10809.34379913842,0.080934379913842,0.026246196072507777,0.3086891082584808,-0.14847749172497182,57,31,0.07529722589167767,5,False,-0.07719366708100332,10351.044796033471,0.03510447960334706,0.011598037118889737,0.17769818544780644,-0.08782243843051585,63,43,0.08355437665782493,5,False,-0.07067470353144994,10093.435390197174,0.009343539019717406,0.009418638249908406,0.19066208872973262,-0.03759606452588693,22,18,0.088,3,False,-0.02501712043444554,-0.058836805532930636,0.6638315217391304
326,e6a4cfbe4bad,strength_pullback,"{""family"": ""strength_pullback"", ""gap_max"": -0.02, ""min_adv20"": 20000000.0, ""mom3_min"": null, ""prev_return_min"": 0.05}",0.04,0.08,4.0,20,24299.13546368055,1.4299135463680552,0.050665084821026385,0.3273153420262222,-0.5318671526835528,2688,785,0.5937707090788602,20,False,-0.16187119603680117,14119.38661538953,0.4119386615389531,0.12168946499547362,0.5068931883801205,-0.27348240914905664,517,117,0.6829590488771466,20,False,-0.14189093573234463,12044.788282550378,0.20447882825503783,0.06415403799923936,0.5735237741298576,-0.22857796860842383,363,118,0.48143236074270557,20,False,-0.05795641212375378,7993.827180513078,-0.20061728194869222,-0.20204795330686864,-1.1615952026015437,-0.25888387522865297,103,47,0.412,20,False,-0.168,-0.17957784635389834,0.6636413043478261
327,e4f01dfbafdc,strength_pullback,"{""family"": ""strength_pullback"", ""gap_max"": -0.03, ""min_adv20"": 20000000.0, ""mom3_min"": null, ""prev_return_min"": 0.05}",0.04,0.08,4.0,20,15534.953942632876,0.5534953942632876,0.024824410838786948,0.2235841768945365,-0.4156291356252889,1532,462,0.3384139606803623,20,False,-0.14374850336587525,14964.293045994174,0.4964293045994175,0.14360220701203819,0.5883733099996712,-0.1915931127850431,336,81,0.4438573315719947,20,False,-0.14189093573234463,12586.839101415555,0.25868391014155545,0.07992576777864269,1.2402241000644256,-0.04939623730793219,150,67,0.1989389920424403,8,False,-0.04760573240875589,7982.046032209201,-0.20179539677907987,-0.20323336070051,-1.2247522155879411,-0.22611555568545483,55,29,0.22,20,False,-0.168,-0.3647891331051347,0.6631521739130434
328,d3fb518fbd7b,gap_down_reversal,"{""family"": ""gap_down_reversal"", ""gap_max"": -0.08, ""min_adv20"": 20000000.0, ""prev_return_max"": -0.03}",,0.08,2.0,20,20939.463133279598,1.0939463133279599,0.04199796110093401,0.5686349820707898,-0.09326461880799575,390,228,0.08614976805831677,20,False,-0.062180653670453535,10697.263992360158,0.06972639923601576,0.022691582573368452,0.2861446195951272,-0.08612554280565976,110,31,0.1453104359313078,20,False,-0.07214038568969473,10340.898012329377,0.03408980123293759,0.011266506868579995,0.3408774214638033,-0.03149717863578927,65,43,0.08620689655172414,6,False,-0.022001987506222214,10096.835749560663,0.00968357495606642,0.009761420438058721,0.40902418649183714,-0.018999103978220244,22,18,0.088,3,False,-0.00833904014481518,-0.28249036247566256,0.6621739130434783
329,b5567d8c9030,gap_down_reversal,"{""family"": ""gap_down_reversal"", ""gap_max"": -0.08, ""min_adv20"": 50000000.0, ""prev_return_max"": -0.03}",,0.08,2.0,20,18552.40458162332,0.8552404581623319,0.035000994202934343,0.5024928733503747,-0.08827181262472916,335,195,0.07400044179368236,20,False,-0.062180653670453535,10697.263992360158,0.06972639923601576,0.022691582573368452,0.2861446195951272,-0.08612554280565976,110,31,0.1453104359313078,20,False,-0.07214038568969473,10404.299905398637,0.040429990539863736,0.01333452571781324,0.398984150332101,-0.031497178635789935,64,43,0.08488063660477453,6,False,-0.022001987506222214,10096.835749560663,0.00968357495606642,0.009761420438058721,0.40902418649183714,-0.018999103978220244,22,18,0.088,3,False,-0.00833904014481518,-0.21634825375524752,0.6594565217391305
330,a57ed6864f77,strength_pullback,"{""family"": ""strength_pullback"", ""gap_max"": -0.03, ""min_adv20"": 20000000.0, ""mom3_min"": null, ""prev_return_min"": 0.05}",0.02,0.08,2.0,3,35205.26162463247,2.5205261624632467,0.07257448004372047,0.4574965022875642,-0.4181512831192017,784,462,0.17318312348133422,3,False,-0.044000000000000004,11556.027747228833,0.1556027747228832,0.049321412520048735,0.340206711755765,-0.22925085852140148,137,81,0.1809775429326288,3,False,-0.044000000000000004,13354.024621943901,0.33540246219439007,0.1014931156394756,0.7935597401525516,-0.1920305440911234,109,67,0.14456233421750664,3,False,-0.044000000000000004,8002.4640149998195,-0.19975359850001806,-0.20117891475387817,-2.3084711779857185,-0.23321127791256724,38,29,0.152,3,False,-0.044000000000000004,-0.11728979053179922,0.6573369565217392
331,a25608756395,strength_pullback,"{""family"": ""strength_pullback"", ""gap_max"": -0.02, ""min_adv20"": 20000000.0, ""mom3_min"": null, ""prev_return_min"": 0.05}",0.02,0.08,2.0,5,18305.31160121385,0.830531160121385,0.0342287809730939,0.28981676636839737,-0.42948487573462324,1649,785,0.3642588910978573,5,False,-0.044,11296.622247823767,0.12966222478237666,0.04142073504603294,0.30370637553670526,-0.17937980000880094,276,117,0.36459709379128136,5,False,-0.044,9956.319171711508,-0.004368082828849262,-0.0014620177362312248,0.047724180429035055,-0.20237784714733065,260,118,0.3448275862068966,5,False,-0.044,8794.94625528621,-0.12050537447137899,-0.12140838251904307,-1.4120592985830056,-0.171799323547699,83,47,0.332,5,False,-0.044,-0.013889609168307893,0.6571195652173913
332,d44ea1e15914,gap_down_reversal,"{""family"": ""gap_down_reversal"", ""gap_max"": -0.08, ""min_adv20"": 20000000.0, ""prev_return_max"": -0.05}",,0.02,4.0,5,20121.954512858276,1.0121954512858276,0.03969056894610601,0.3799912261151088,-0.32149597577028366,183,131,0.04042412193505633,5,False,-0.2947391780913337,10932.264406434908,0.09322644064349084,0.030116468339746127,0.3030492131759208,-0.1613670841331224,41,21,0.05416116248348745,5,False,-0.1296223560979807,9799.665016940615,-0.02003349830593848,-0.006740701725133191,0.01155555332515466,-0.22469622716648707,29,19,0.038461538461538464,3,False,-0.16227415730337072,10495.54225883031,0.049554225883031044,0.049960402405794024,1.633045009628876,-0.008784877037425365,7,5,0.028,3,False,-0.008784877037425276,-0.07694201293918801,0.654891304347826
333,5752a31b36ab,gap_down_reversal,"{""family"": ""gap_down_reversal"", ""gap_max"": -0.08, ""min_adv20"": 50000000.0, ""prev_return_max"": 0.0}",,0.08,4.0,5,15414.36490625262,0.541436490625262,0.024379949246303267,0.2611315033854032,-0.8203083062679822,702,527,0.1550695825049702,5,False,-0.5048968236839146,17178.02535327862,0.7178025353278619,0.197349525061157,0.6297845196191764,-0.32556236616761947,138,95,0.18229854689564068,5,False,-0.27063317344410953,8218.63153499644,-0.17813684650035588,-0.06346393825749963,0.07879594032124242,-0.6430124060456863,218,147,0.2891246684350133,5,False,-0.23015642857786184,4572.292589423947,-0.5427707410576053,-0.5456243117591029,-1.3520037638855305,-0.6024149844528044,95,60,0.38,5,False,-0.23611102073323237,-0.36865301623377317,0.6542934782608696
334,d3fb518fbd7b,gap_down_reversal,"{""family"": ""gap_down_reversal"", ""gap_max"": -0.08, ""min_adv20"": 20000000.0, ""prev_return_max"": -0.03}",,0.08,3.0,20,29291.346434338753,1.9291346434338754,0.061650365723818545,0.5686349820707896,-0.13720856458332054,390,228,0.08614976805831677,20,False,-0.0932709805056803,10958.404005626728,0.09584040056267273,0.030935750959154573,0.28614461959512727,-0.12832461187531807,110,31,0.1453104359313078,20,False,-0.1082105785345421,10501.66063564918,0.05016606356491793,0.01649392864683974,0.3408774214638033,-0.04716324026382934,65,43,0.08620689655172414,6,False,-0.03300298125933332,10143.354956022917,0.014335495602291637,0.014451004269057766,0.409024186491837,-0.0284340032888315,22,18,0.088,3,False,-0.01250856021722277,-0.2824903624756623,0.653804347826087
335,b5567d8c9030,gap_down_reversal,"{""family"": ""gap_down_reversal"", ""gap_max"": -0.08, ""min_adv20"": 50000000.0, ""prev_return_max"": -0.03}",,0.08,3.0,20,24509.396844657585,1.4509396844657587,0.05116911314513417,0.5024928733503746,-0.13111752993201586,335,195,0.07400044179368236,20,False,-0.0932709805056803,10958.404005626728,0.09584040056267273,0.030935750959154573,0.28614461959512727,-0.12832461187531807,110,31,0.1453104359313078,20,False,-0.1082105785345421,10598.316961707205,0.059831696170720594,0.019611241493713072,0.3989841503321009,-0.04716324026382945,64,43,0.08488063660477453,6,False,-0.03300298125933332,10143.354956022917,0.014335495602291637,0.014451004269057766,0.409024186491837,-0.0284340032888315,22,18,0.088,3,False,-0.01250856021722277,-0.21634825375524736,0.6510869565217391
336,72ac675e9377,gap_down_reversal,"{""family"": ""gap_down_reversal"", ""gap_max"": -0.08, ""min_adv20"": 50000000.0, ""prev_return_max"": -0.03}",,0.04,2.0,5,18533.313394324334,0.8533313394324333,0.03494167782149793,0.36752591379141153,-0.2665613600885045,278,195,0.06140932184669759,5,False,-0.24872261468181414,11016.838636811146,0.1016838636811146,0.032762540027903686,0.3086891082584806,-0.19676720545597026,57,31,0.07529722589167767,5,False,-0.10292488944133778,10417.693534793529,0.041769353479352844,0.013770319904175432,0.17769818544780658,-0.11681922767965025,63,43,0.08355437665782493,5,False,-0.09423293804193325,10117.202263400082,0.011720226340008244,0.011814539867188723,0.19066208872973262,-0.049986538941058756,22,18,0.088,3,False,-0.03335616057926072,-0.058836805532930914,0.6510326086956522
337,d3fb518fbd7b,gap_down_reversal,"{""family"": ""gap_down_reversal"", ""gap_max"": -0.08, ""min_adv20"": 20000000.0, ""prev_return_max"": -0.03}",,0.08,4.0,20,40163.247083315924,3.0163247083315925,0.08047006077972019,0.5686349820707898,-0.17942820818188243,390,228,0.08614976805831677,20,False,-0.12436130734090707,11154.659052750156,0.11546590527501555,0.0370456404766899,0.2861446195951272,-0.16994787938952882,110,31,0.1453104359313078,20,False,-0.14428077137938947,10655.484647429494,0.0655484647429494,0.02144608621692501,0.3408774214638033,-0.06277009178068826,65,43,0.08620689655172414,6,False,-0.04400397501244443,10188.584045633263,0.018858404563326214,0.019010696879208977,0.40902418649183714,-0.03782549837725624,22,18,0.088,3,False,-0.01667808028963036,-0.28249036247566256,0.6407065217391305
338,b5567d8c9030,gap_down_reversal,"{""family"": ""gap_down_reversal"", ""gap_max"": -0.08, ""min_adv20"": 50000000.0, ""prev_return_max"": -0.03}",,0.08,4.0,20,31800.978031943938,2.1800978031943936,0.06651963059887689,0.5024928733503747,-0.17309716576909828,335,195,0.07400044179368236,20,False,-0.12436130734090707,11154.659052750156,0.11546590527501555,0.0370456404766899,0.2861446195951272,-0.16994787938952882,110,31,0.1453104359313078,20,False,-0.14428077137938947,10786.349067166702,0.07863490671667028,0.025621753440178807,0.398984150332101,-0.0627700917806886,64,43,0.08488063660477453,6,False,-0.04400397501244443,10188.584045633263,0.018858404563326214,0.019010696879208977,0.40902418649183714,-0.03782549837725624,22,18,0.088,3,False,-0.01667808028963036,-0.21634825375524752,0.6379891304347827
339,08f00ed65665,gap_down_reversal,"{""family"": ""gap_down_reversal"", ""gap_max"": -0.02, ""min_adv20"": 20000000.0, ""prev_return_max"": 0.0}",,0.08,4.0,3,935768.8842902137,92.57688842902137,0.2874402397003284,0.8720235662804041,-0.9981527128767809,7024,3245,1.5515794124144024,3,False,-0.6701232491971335,10566.33017509074,0.0566330175090739,0.01850740563754183,0.6186495867633378,-0.7830301369437762,1180,527,1.558784676354029,3,False,-0.39518093489166173,11.1095468231836,-0.9988890453176816,-0.8970515059252386,-0.9853597249261998,-0.9989192122646751,1318,569,1.7480106100795756,3,False,-0.746216155399365,598.1497994330587,-0.9401850200566941,-0.9415177004229538,-1.4919174435465719,-0.9400466312098452,427,188,1.708,3,False,-0.358785894697555,-0.2533739795170663,0.6371195652173913
340,72ac675e9377,gap_down_reversal,"{""family"": ""gap_down_reversal"", ""gap_max"": -0.08, ""min_adv20"": 50000000.0, ""prev_return_max"": -0.03}",,0.04,1.0,20,12062.873762171035,0.20628737621710358,0.010494699083610781,0.5184269564719644,-0.033505724925268265,335,195,0.07400044179368236,20,False,-0.031090326835226768,10199.199667908873,0.019919966790887367,0.006587638528946949,0.21089390254664703,-0.04391092451715006,110,31,0.1453104359313078,20,False,-0.029242981445092027,10060.90702891121,0.006090702891121014,0.002031506132295524,0.14563729538232337,-0.014706099584258614,64,43,0.08488063660477453,6,False,-0.013000993753111107,10017.839266935587,0.0017839266935586462,0.0017982109309591099,0.19066208872973262,-0.006310071270849704,22,18,0.088,3,False,-0.00416952007240759,-0.3075330539253173,0.6360326086956521
341,a57ed6864f77,strength_pullback,"{""family"": ""strength_pullback"", ""gap_max"": -0.03, ""min_adv20"": 20000000.0, ""mom3_min"": null, ""prev_return_min"": 0.05}",0.02,0.08,3.0,3,52662.020576834075,4.266202057683407,0.09688951141885727,0.45749650228756406,-0.5740786101018067,784,462,0.17318312348133422,3,False,-0.066,11948.906591101133,0.19489065911011338,0.061065038714321895,0.3402067117557649,-0.3271146269814882,137,81,0.1809775429326288,3,False,-0.066,15149.80095426534,0.514980095426534,0.14893418977259842,0.7935597401525514,-0.2767184258837847,109,67,0.14456233421750664,3,False,-0.066,7133.942977764169,-0.28660570222358306,-0.28853052671817103,-2.3084711779857194,-0.32998055857745245,38,29,0.152,3,False,-0.066,-0.11728979053179917,0.6358423913043478
342,a25608756395,strength_pullback,"{""family"": ""strength_pullback"", ""gap_max"": -0.02, ""min_adv20"": 20000000.0, ""mom3_min"": null, ""prev_return_min"": 0.05}",0.02,0.08,3.0,5,21067.872937847947,1.106787293784795,0.04235263988458371,0.28981676636839726,-0.5762402108734086,1649,785,0.3642588910978573,5,False,-0.06599999999999999,11573.284853888194,0.15732848538881927,0.04984279496357891,0.3037063755367051,-0.26284177590983937,276,117,0.36459709379128136,5,False,-0.06599999999999999,9776.798170163567,-0.022320182983643244,-0.007515920965122214,0.04772418042903475,-0.2906636824319492,260,118,0.3448275862068966,5,False,-0.06599999999999999,8223.280062340575,-0.17767199376594256,-0.17895787100741356,-1.4120592985830054,-0.24791891654992837,83,47,0.332,5,False,-0.06599999999999999,-0.013889609168307837,0.635625
343,72ac675e9377,gap_down_reversal,"{""family"": ""gap_down_reversal"", ""gap_max"": -0.08, ""min_adv20"": 50000000.0, ""prev_return_max"": -0.03}",,0.04,1.5,20,13212.176095169143,0.32121760951691436,0.015626815149289985,0.5184269564719641,-0.05024910251754666,335,195,0.07400044179368236,20,False,-0.04663549025284015,10287.03296827352,0.028703296827351954,0.009465076782248394,0.21089390254664706,-0.06588618143837999,110,31,0.1453104359313078,20,False,-0.04386447216763804,10089.047569985232,0.008904756998523222,0.0029673468689741522,0.1456372953823233,-0.022050522858273913,64,43,0.08488063660477453,6,False,-0.01950149062966666,10026.422824642395,0.002642282464239587,0.00266344884943015,0.19066208872973262,-0.00945851459496061,22,18,0.088,3,False,-0.006254280108611385,-0.30753305392531705,0.6332336956521739
344,72ac675e9377,gap_down_reversal,"{""family"": ""gap_down_reversal"", ""gap_max"": -0.08, ""min_adv20"": 50000000.0, ""prev_return_max"": -0.03}",,0.04,3.0,5,22844.275465187053,1.2844275465187054,0.04706032458186815,0.3675259137914114,-0.39744223665427036,278,195,0.06140932184669759,5,False,-0.3730839220227212,11321.401784154732,0.1321401784154732,0.042180637706825674,0.3086891082584808,-0.2907914616590046,57,31,0.07529722589167767,5,False,-0.15438733416200665,10469.205710151884,0.04692057101518832,0.015442925649731709,0.17769818544780644,-0.17425549345908864,63,43,0.08355437665782493,5,False,-0.1413494070628999,10153.372923477964,0.01533729234779635,0.015460934370439716,0.19066208872973262,-0.07455375682612353,22,18,0.088,3,False,-0.05003424086889108,-0.058836805532930636,0.633179347826087
345,72ac675e9377,gap_down_reversal,"{""family"": ""gap_down_reversal"", ""gap_max"": -0.08, ""min_adv20"": 50000000.0, ""prev_return_max"": -0.03}",,0.04,2.0,20,14444.83970318507,0.44448397031850706,0.020682266382286985,0.5184269564719644,-0.06698402874179077,335,195,0.07400044179368236,20,False,-0.062180653670453535,10366.71426972718,0.03667142697271797,0.01206130910550951,0.21089390254664703,-0.08785536198008748,110,31,0.1453104359313078,20,False,-0.058485962890184054,10115.618685764748,0.011561868576474899,0.003849401013173992,0.14563729538232337,-0.029388678751592345,64,43,0.08488063660477453,6,False,-0.026001987506222214,10034.781137486181,0.0034781137486181724,0.003505987378820574,0.19066208872973262,-0.01260255806091215,22,18,0.088,3,False,-0.00833904014481518,-0.3075330539253173,0.6264130434782609
346,a57ed6864f77,strength_pullback,"{""family"": ""strength_pullback"", ""gap_max"": -0.03, ""min_adv20"": 20000000.0, ""mom3_min"": null, ""prev_return_min"": 0.05}",0.02,0.08,4.0,3,68332.99585666142,5.8332995856661425,0.11291127571268644,0.4574965022875642,-0.7010103461011497,784,462,0.17318312348133422,3,False,-0.08800000000000001,12059.146291940388,0.2059146291940388,0.06431385254440114,0.340206711755765,-0.4147079022586714,137,81,0.1809775429326288,3,False,-0.08800000000000001,16987.00744691802,0.6987007446918021,0.19373819250818203,0.7935597401525516,-0.3543175074894809,109,67,0.14456233421750664,3,False,-0.08800000000000001,6344.8492911083995,-0.36551507088916,-0.3678201031671763,-2.3084711779857185,-0.41539814665807606,38,29,0.152,3,False,-0.08800000000000001,-0.11728979053179922,0.6204347826086957
347,12257827a207,strength_pullback,"{""family"": ""strength_pullback"", ""gap_max"": -0.02, ""min_adv20"": 20000000.0, ""mom3_min"": null, ""prev_return_min"": 0.05}",0.06,0.08,1.0,5,16256.11843137344,0.6256118431373439,0.027416331996583,0.28078942665998935,-0.26092088359381105,1649,785,0.3642588910978573,5,False,-0.062,10722.740605138948,0.07227406051389473,0.02350174786700121,0.23667326219597826,-0.15937194226895157,276,117,0.36459709379128136,5,False,-0.062,10447.317012973774,0.04473170129737736,0.01473286833232379,0.2145231361970107,-0.1677153966244166,260,118,0.3448275862068966,5,False,-0.050747132591754715,8945.08956022448,-0.10549104397755205,-0.10628844981476615,-1.2036208622938411,-0.1641368312687137,83,47,0.332,5,False,-0.062,-0.04411616446401109,0.620163043478261
348,a25608756395,strength_pullback,"{""family"": ""strength_pullback"", ""gap_max"": -0.02, ""min_adv20"": 20000000.0, ""mom3_min"": null, ""prev_return_min"": 0.05}",0.02,0.08,4.0,5,21841.220412299095,1.1841220412299096,0.04444647706916749,0.28981676636839737,-0.6905913722198818,1649,785,0.3642588910978573,5,False,-0.088,11590.066946980329,0.15900669469803286,0.0503493288179806,0.30370637553670526,-0.34143289021518697,276,117,0.36459709379128136,5,False,-0.088,9500.402168557954,-0.049959783144204684,-0.01698310190188501,0.047724180429035055,-0.3709959842806603,260,118,0.3448275862068966,5,False,-0.088,7673.126008296644,-0.23268739917033565,-0.23431152733748517,-1.4120592985830056,-0.318056688317065,83,47,0.332,5,False,-0.088,-0.013889609168307893,0.6193478260869566
349,72ac675e9377,gap_down_reversal,"{""family"": ""gap_down_reversal"", ""gap_max"": -0.08, ""min_adv20"": 50000000.0, ""prev_return_max"": -0.03}",,0.04,4.0,5,25938.462247751257,1.5938462247751257,0.054490377161863224,0.36752591379141153,-0.5256332908057462,278,195,0.06140932184669759,5,False,-0.4974452293636283,11462.395756382886,0.1462395756382886,0.04648345221417882,0.3086891082584806,-0.38067124350113724,57,31,0.07529722589167767,5,False,-0.20584977888267555,10406.702719745697,0.04067027197456974,0.013412734586488284,0.17769818544780658,-0.23079855039333907,63,43,0.08355437665782493,5,False,-0.1884658760838665,10174.107077423887,0.01741070774238862,0.017551208659377204,0.19066208872973262,-0.09883445384353096,22,18,0.088,3,False,-0.06671232115852144,-0.058836805532930914,0.6156521739130435
350,72ac675e9377,gap_down_reversal,"{""family"": ""gap_down_reversal"", ""gap_max"": -0.08, ""min_adv20"": 50000000.0, ""prev_return_max"": -0.03}",,0.04,3.0,20,17174.170220994893,0.7174170220994893,0.030563116519745304,0.5184269564719641,-0.1004221340481316,335,195,0.07400044179368236,20,False,-0.0932709805056803,10500.748839531681,0.05007488395316817,0.01639865024783438,0.21089390254664706,-0.13171895083599994,110,31,0.1453104359313078,20,False,-0.08772894433527607,10163.9730220574,0.016397302205739983,0.005450620749531732,0.1456372953823233,-0.04404464929448093,64,43,0.08488063660477453,6,False,-0.03900298125933332,10050.818512375914,0.005081851237591417,0.005122610000213079,0.19066208872973262,-0.018877430502933112,22,18,0.088,3,False,-0.01250856021722277,-0.30753305392531705,0.6138315217391304
351,72ac675e9377,gap_down_reversal,"{""family"": ""gap_down_reversal"", ""gap_max"": -0.08, ""min_adv20"": 50000000.0, ""prev_return_max"": -0.03}",,0.04,4.0,20,20277.4827126955,1.0277482712695498,0.04013627978490364,0.5184269564719644,-0.13380724307012737,335,195,0.07400044179368236,20,False,-0.12436130734090707,10599.65318452679,0.05996531845267894,0.019575556522142268,0.21089390254664703,-0.17539076263556053,110,31,0.1453104359313078,20,False,-0.11697192578036811,10205.815556366513,0.020581555636651316,0.006832118553810718,0.14563729538232337,-0.05867095009873968,64,43,0.08488063660477453,6,False,-0.05200397501244443,10065.944472310399,0.006594447231039968,0.006647377766314744,0.19066208872973262,-0.025134658826836298,22,18,0.088,3,False,-0.01667808028963036,-0.3075330539253173,0.599945652173913
352,12257827a207,strength_pullback,"{""family"": ""strength_pullback"", ""gap_max"": -0.02, ""min_adv20"": 20000000.0, ""mom3_min"": null, ""prev_return_min"": 0.05}",0.06,0.08,1.5,5,18721.346280390342,0.8721346280390343,0.03552339895779122,0.28078942665998935,-0.38125371435959465,1649,785,0.3642588910978573,5,False,-0.093,10880.308492388864,0.08803084923888638,0.028484147279954186,0.23667326219597837,-0.23583005279881353,276,117,0.36459709379128136,5,False,-0.093,10590.32076035235,0.05903207603523497,0.019354071829975394,0.21452313619701058,-0.2428260871775878,260,118,0.3448275862068966,5,False,-0.07612069888763208,8433.088164037663,-0.15669118359623369,-0.15784014757391962,-1.2036208622938414,-0.23797861386384322,83,47,0.332,5,False,-0.093,-0.04411616446401098,0.5992663043478261
353,7757967a78ef,volatility_reversal,"{""family"": ""volatility_reversal"", ""gap_max"": -0.02, ""min_adv20"": 20000000.0, ""prev_intraday_max"": -0.02, ""prev_range_min"": 0.03}",,0.08,1.0,5,13125.718290625287,0.3125718290625288,0.015255707800105434,0.18117812543343728,-0.6186489104427079,3881,1594,0.8573006406008394,5,False,-0.20131859916315822,12061.659910031725,0.20616599100317257,0.06438769853376458,0.40319247747378606,-0.2828824509180038,702,285,0.9273447820343461,5,False,-0.10863333460044837,9318.337446228192,-0.0681662553771808,-0.02331983541068705,-0.05150646300948379,-0.4091108111333074,706,277,0.9363395225464191,5,False,-0.08340046456611432,9548.20231082265,-0.04517976891773501,-0.04553285110662386,-0.16673855875834503,-0.17227784922226486,241,104,0.964,5,False,-0.0589000987710532,-0.22201435204034878,0.5886956521739131
354,a42b45d26d32,volatility_reversal,"{""family"": ""volatility_reversal"", ""gap_max"": -0.02, ""min_adv20"": 50000000.0, ""prev_intraday_max"": -0.02, ""prev_range_min"": 0.03}",,0.08,1.0,5,13135.530337683946,0.3135530337683945,0.015297940494106932,0.17914340570593162,-0.5864020365818958,3424,1427,0.7563507841837862,5,False,-0.20131859916315822,11967.934694806358,0.1967934694806357,0.06162722917075669,0.39148869762043026,-0.2854741496725197,694,284,0.916776750330251,5,False,-0.10863333460044837,9068.56452087229,-0.09314354791277091,-0.03214869686896493,-0.10256192803319801,-0.42037500513801085,705,277,0.9350132625994695,5,False,-0.08340046456611432,9548.20231082265,-0.04517976891773501,-0.04553285110662386,-0.16673855875834503,-0.17227784922226486,241,104,0.964,5,False,-0.0589000987710532,-0.21234529191449864,0.5842391304347825
355,a42b45d26d32,volatility_reversal,"{""family"": ""volatility_reversal"", ""gap_max"": -0.02, ""min_adv20"": 50000000.0, ""prev_intraday_max"": -0.02, ""prev_range_min"": 0.03}",,0.08,1.0,3,9815.333438112742,-0.018466656188725783,-0.00103703689371748,0.1316676475911645,-0.7569866723558419,2702,1427,0.5968632648553126,3,False,-0.24656334899157747,12404.970120873586,0.24049701208735863,0.07437862841670428,0.40715181196367617,-0.28167597346752804,535,284,0.7067371202113606,3,False,-0.15154621412382455,9757.19939267186,-0.02428006073281397,-0.008181309197701436,0.07515938145376551,-0.4677509402449339,558,277,0.7400530503978779,3,False,-0.0891147033006701,7653.102455901276,-0.2346897544098724,-0.2363256081961732,-1.0714953678227375,-0.27538872278439086,191,104,0.764,3,False,-0.054856311154366545,-0.27548416437251166,0.5828260869565217
356,7757967a78ef,volatility_reversal,"{""family"": ""volatility_reversal"", ""gap_max"": -0.02, ""min_adv20"": 20000000.0, ""prev_intraday_max"": -0.02, ""prev_range_min"": 0.03}",,0.08,1.0,10,14533.61396588383,0.4533613965883829,0.02103044163494716,0.20934180860738827,-0.4853772691847943,5129,1594,1.132979898387453,10,False,-0.15948451022048515,11151.227610245694,0.11512276102456953,0.036939429959070624,0.294529760052236,-0.3050375644556037,994,285,1.3130779392338177,10,False,-0.14006819965667996,9990.359371440893,-0.0009640628559107745,-0.00032231014450179174,0.05843050475173208,-0.29170112333286313,919,277,1.2188328912466844,10,False,-0.05603983364007499,10593.752702116146,0.059375270211614595,0.05986421576829404,0.46516354203649346,-0.09082540701100461,318,104,1.272,10,False,-0.05070515401096759,-0.08518795144484775,0.5827173913043479
357,12257827a207,strength_pullback,"{""family"": ""strength_pullback"", ""gap_max"": -0.02, ""min_adv20"": 20000000.0, ""mom3_min"": null, ""prev_return_min"": 0.05}",0.06,0.08,2.0,5,20146.137362805384,1.0146137362805385,0.039760085005802415,0.28078942665998935,-0.4911543073706539,1649,785,0.3642588910978573,5,False,-0.124,10895.403290547109,0.08954032905471077,0.028958921906079294,0.23667326219597826,-0.3092872815345866,276,117,0.36459709379128136,5,False,-0.124,10675.116408544098,0.06751164085440986,0.022074671957796,0.2145231361970107,-0.312515525844994,260,118,0.3448275862068966,5,False,-0.10149426518350943,7932.541585993324,-0.20674584140066765,-0.20821429549392967,-1.2036208622938411,-0.3066950641899886,83,47,0.332,5,False,-0.124,-0.04411616446401109,0.5796195652173913
358,a68266614904,volatility_reversal,"{""family"": ""volatility_reversal"", ""gap_max"": -0.02, ""min_adv20"": 20000000.0, ""prev_intraday_max"": -0.02, ""prev_range_min"": 0.05}",,0.08,1.0,5,13845.75454614979,0.3845754546149791,0.018278401172747927,0.1932144961425212,-0.5483056132842591,2756,1124,0.6087916942787718,5,False,-0.20131859916315822,11270.958783193035,0.12709587831930347,0.0406325522619404,0.30040864560448827,-0.29619084384856553,485,190,0.6406869220607662,5,False,-0.10863333460044837,10656.015665922449,0.06560156659224492,0.021463098941735037,0.21405883235507636,-0.30259123728008686,428,184,0.5676392572944297,5,False,-0.08226761574083648,9824.043465233146,-0.017595653476685347,-0.017735163041480706,-0.043523596870111696,-0.1540869723522198,145,72,0.58,5,False,-0.03395166839572674,-0.10719414946196706,0.5792391304347826
359,5afba290676c,relative_weakness_reversal,"{""family"": ""relative_weakness_reversal"", ""gap_max"": -0.03, ""min_adv20"": 50000000.0, ""mom3_max"": -0.05, ""prev_return_percentile_max"": 0.2}",0.02,,1.0,20,17432.495619458776,0.7432495619458777,0.03141993836053247,0.6376611376558046,-0.09864587654542456,1676,606,0.37022310580958695,20,False,-0.022,10040.240582732366,0.004024058273236486,0.001337786798154994,0.0516184915355096,-0.1135123948874881,474,105,0.6261558784676354,20,False,-0.022,10234.643295824431,0.023464329582443044,0.007781719658188635,0.15511068207318862,-0.06859251181479353,329,122,0.4363395225464191,20,False,-0.02059449598830235,10311.57270851447,0.031157270851446928,0.03141040347309665,0.7422714957201234,-0.0307955710033333,130,44,0.52,20,False,-0.011678039025499791,-0.586042646120295,0.5759239130434783
360,a42b45d26d32,volatility_reversal,"{""family"": ""volatility_reversal"", ""gap_max"": -0.02, ""min_adv20"": 50000000.0, ""prev_intraday_max"": -0.02, ""prev_range_min"": 0.03}",,0.08,1.0,10,14249.747597185651,0.42497475971856513,0.019909954603904767,0.20458034494965865,-0.4495833384319152,4494,1427,0.9927104042412194,10,False,-0.15948451022048515,11069.816574874705,0.10698165748747046,0.0344131630317448,0.28144474880972487,-0.3080570575809053,983,284,1.298546895640687,10,False,-0.14006819965667996,10113.272912805618,0.011327291280561758,0.00377159291258633,0.0908831610814326,-0.27850685402061903,916,277,1.2148541114058355,10,False,-0.04484200832204931,10593.752702116146,0.059375270211614595,0.05986421576829404,0.46516354203649346,-0.09082540701100461,318,104,1.272,10,False,-0.05070515401096759,-0.07686440386006621,0.5739130434782609
361,e4f01dfbafdc,strength_pullback,"{""family"": ""strength_pullback"", ""gap_max"": -0.03, ""min_adv20"": 20000000.0, ""mom3_min"": null, ""prev_return_min"": 0.05}",0.04,0.08,1.0,3,18036.09231580437,0.8036092315804371,0.03337613255918903,0.3283729421170818,-0.21589082288613892,784,462,0.17318312348133422,3,False,-0.042,10319.122552078441,0.03191225520784413,0.010512250128094092,0.1449891623077394,-0.13436619158900187,137,81,0.1809775429326288,3,False,-0.042,12907.817014016962,0.29078170140169624,0.08905282630634725,1.1595394144140272,-0.04906304865333666,109,67,0.14456233421750664,3,False,-0.029911887652924532,8934.516637012957,-0.1065483362987043,-0.10735324537976842,-1.5726526093815532,-0.15130105024261142,38,29,0.152,3,False,-0.042,-0.1833837798093424,0.573695652173913
362,79bba811cf88,volatility_reversal,"{""family"": ""volatility_reversal"", ""gap_max"": -0.02, ""min_adv20"": 20000000.0, ""prev_intraday_max"": -0.02, ""prev_range_min"": 0.03}",,0.04,1.0,5,9669.652522865816,-0.03303474771341841,-0.0018682250477274343,0.07796404145330851,-0.6388387546185603,3881,1594,0.8573006406008394,5,False,-0.12507324053545044,11935.226749819221,0.1935226749819221,0.06066049498113779,0.4309777452026315,-0.25148607075210794,702,285,0.9273447820343461,5,False,-0.09805161956242134,8312.500679203393,-0.1687499320796607,-0.05990243706600096,-0.33424752008515357,-0.43338684889670587,706,277,0.9363395225464191,5,False,-0.08340046456611432,9525.221558568941,-0.04747784414310585,-0.04784843202134781,-0.25498898842250756,-0.1532127606829633,241,104,0.964,5,False,-0.042717982024324246,-0.35301370374932295,0.5731521739130435
363,5752a31b36ab,gap_down_reversal,"{""family"": ""gap_down_reversal"", ""gap_max"": -0.08, ""min_adv20"": 50000000.0, ""prev_return_max"": 0.0}",,0.08,1.0,20,14363.923712116106,0.4363923712116107,0.0203631466982106,0.508778125618253,-0.0613416301002454,788,527,0.1740667108460349,20,False,-0.031556051480244665,10034.715410519442,0.003471541051944138,0.0011543161056615237,0.04869950953172569,-0.06686817752666596,202,95,0.2668428005284016,20,False,-0.05949007467460045,10065.727270404497,0.006572727040449644,0.002191931476628106,0.08482877465986055,-0.04956652561051911,226,147,0.29973474801061006,8,False,-0.015225666798029638,9517.08839858588,-0.04829116014141199,-0.048667932788085344,-1.405022464636853,-0.058109259864912666,98,60,0.392,8,False,-0.022629149150140214,-0.4600786160865273,0.5718478260869566
364,994a822c44eb,oversold_3d_reversal,"{""family"": ""oversold_3d_reversal"", ""max_abs_gap"": 0.05, ""min_adv20"": 50000000.0, ""momentum_column"": ""mom3"", ""momentum_max"": -0.12}",,,1.0,20,6089.250104946978,-0.3910749895053022,-0.027235913900107822,-0.11902089636361228,-0.5463919519709525,6734,2081,1.4875193284736028,20,False,-0.16883104826883788,11533.663925481063,0.15336639254810636,0.04864496953835773,0.3822141722484059,-0.14337216262535835,1148,342,1.5165125495376486,20,False,-0.06321170708899695,8844.476669219257,-0.11555233307807433,-0.040208508063190984,-0.6394839017300021,-0.14325746265049777,1417,439,1.8793103448275863,20,False,-0.0405872105094409,10260.548843243309,0.026054884324330896,0.026266037269753184,0.22525841377713787,-0.07962304705167023,586,173,2.344,20,False,-0.07643813953186626,-0.5012350686120182,0.5691847826086956
365,7757967a78ef,volatility_reversal,"{""family"": ""volatility_reversal"", ""gap_max"": -0.02, ""min_adv20"": 20000000.0, ""prev_intraday_max"": -0.02, ""prev_range_min"": 0.03}",,0.08,1.5,5,10588.601867949294,0.05886018679492944,0.003188781043627742,0.18117812543343714,-0.8063351819304335,3881,1594,0.8573006406008394,5,False,-0.30197789874473735,12590.473448999277,0.25904734489992776,0.07970049841203042,0.40319247747378595,-0.40579465511217094,702,285,0.9273447820343461,5,False,-0.16295000190067258,8701.391438300194,-0.12986085616998067,-0.04542624880353752,-0.05150646300948404,-0.5533055064771202,706,277,0.9363395225464191,5,False,-0.12510069684917147,9218.973953861356,-0.07810260461386442,-0.0787021690630082,-0.1667385587583446,-0.24860152859940055,241,104,0.964,5,False,-0.0883501481565798,-0.2220143520403488,0.5674728260869565
366,5f7e41cf3ad0,relative_weakness_reversal,"{""family"": ""relative_weakness_reversal"", ""gap_max"": -0.03, ""min_adv20"": 20000000.0, ""mom3_max"": -0.05, ""prev_return_percentile_max"": 0.2}",0.02,,1.0,20,19503.068962442547,0.9503068962442547,0.03788413239073418,0.7564021387161968,-0.08755623761633502,1958,695,0.4325160150209852,20,False,-0.022,9988.389074707457,-0.0011610925292543373,-0.0003866693642721186,0.017243678670669508,-0.11547570695009046,481,105,0.6354029062087186,20,False,-0.022,10223.360365752867,0.02233603657528671,0.0074102662855422,0.1491128300145717,-0.06961931902766605,330,122,0.4376657824933687,20,False,-0.02059449598830235,10311.57270851447,0.031157270851446928,0.03141040347309665,0.7422714957201234,-0.0307955710033333,130,44,0.52,20,False,-0.011678039025499791,-0.7391584600455272,0.5673369565217391
367,59b1c0c0d28c,strength_pullback,"{""family"": ""strength_pullback"", ""gap_max"": -0.05, ""min_adv20"": 20000000.0, ""mom3_min"": null, ""prev_return_min"": 0.03}",0.02,0.08,1.0,3,16600.356792297036,0.6600356792297035,0.02861548338032871,0.402191829108365,-0.22580634718203796,596,405,0.13165451734040204,3,False,-0.022000000000000002,10209.83932649674,0.02098393264967391,0.0069370738465468484,0.1214925677759205,-0.14177287145888806,111,67,0.14663143989431968,3,False,-0.022000000000000002,9552.833230196688,-0.044716676980331216,-0.015173259852746535,-0.21072069269000043,-0.08544469550258804,97,69,0.1286472148541114,3,False,-0.022000000000000002,8944.316107399243,-0.10556838926007572,-0.10636634433192405,-1.8483404039557942,-0.13388572727261472,33,23,0.132,3,False,-0.022000000000000002,-0.2806992613324445,0.5639130434782609
368,a42b45d26d32,volatility_reversal,"{""family"": ""volatility_reversal"", ""gap_max"": -0.02, ""min_adv20"": 50000000.0, ""prev_intraday_max"": -0.02, ""prev_range_min"": 0.03}",,0.08,1.5,5,10999.968023773468,0.09999680237734676,0.005319473454115098,0.17914340570593157,-0.7788170086880091,3424,1427,0.7563507841837862,5,False,-0.30197789874473735,12448.111111965945,0.2448111111965945,0.07562100516222592,0.39148869762043004,-0.40902934475597896,694,284,0.916776750330251,5,False,-0.16295000190067258,8349.722896027324,-0.1650277103972676,-0.05849759853630232,-0.10256192803319825,-0.5663097285364305,705,277,0.9350132625994695,5,False,-0.12510069684917147,9218.973953861356,-0.07810260461386442,-0.0787021690630082,-0.1667385587583446,-0.24860152859940055,241,104,0.964,5,False,-0.0883501481565798,-0.21234529191449847,0.5633967391304349
369,7757967a78ef,volatility_reversal,"{""family"": ""volatility_reversal"", ""gap_max"": -0.02, ""min_adv20"": 20000000.0, ""prev_intraday_max"": -0.02, ""prev_range_min"": 0.03}",,0.08,1.5,10,14441.192014752189,0.4441192014752189,0.02066791686099778,0.20934180860738832,-0.6727045855449254,5129,1594,1.132979898387453,10,False,-0.2392267653307277,11337.628776906564,0.1337628776906563,0.04267766242448623,0.294529760052236,-0.4324827442877235,994,285,1.3130779392338177,10,False,-0.21010229948501996,9819.56109727836,-0.01804389027216402,-0.006067174992774427,0.05843050475173215,-0.4087856938819634,919,277,1.2188328912466844,10,False,-0.08405975046011248,10818.08799829594,0.08180879982959399,0.0824895534917729,0.46516354203649357,-0.1337007683164677,318,104,1.272,10,False,-0.07605773101645139,-0.0851879514448477,0.5622282608695652
370,a42b45d26d32,volatility_reversal,"{""family"": ""volatility_reversal"", ""gap_max"": -0.02, ""min_adv20"": 50000000.0, ""prev_intraday_max"": -0.02, ""prev_range_min"": 0.03}",,0.08,1.5,3,5858.072353825515,-0.4141927646174485,-0.029329493447153077,0.13166764759116445,-0.9119227893242839,2702,1427,0.5968632648553126,3,False,-0.3698450234873662,12763.83842608236,0.2763838426082361,0.08462705193953446,0.4071518119636763,-0.4153717023861744,535,284,0.7067371202113606,3,False,-0.22731932118573683,9107.721912661767,-0.0892278087338233,-0.030753967859983744,0.0751593814537655,-0.6210687581428158,558,277,0.7400530503978779,3,False,-0.13367205495100515,6567.61067844125,-0.3432389321558751,-0.3454442240558073,-1.071495367822737,-0.3940854625093718,191,104,0.764,3,False,-0.08228446673154982,-0.27548416437251183,0.5597010869565217
371,7757967a78ef,volatility_reversal,"{""family"": ""volatility_reversal"", ""gap_max"": -0.02, ""min_adv20"": 20000000.0, ""prev_intraday_max"": -0.02, ""prev_range_min"": 0.03}",,0.08,1.0,3,7338.138787036356,-0.26618612129636443,-0.017081056072260292,0.08168885242318373,-0.7720054821199434,3051,1594,0.6739562624254473,3,False,-0.24656334899157747,11877.517825835204,0.18775178258352043,0.05895049894435722,0.3516725708976949,-0.29397032718788674,542,285,0.7159841479524438,3,False,-0.15154621412382455,9677.672948615489,-0.03223270513845111,-0.010890439945181019,0.06384374855904892,-0.47616513234506563,559,277,0.7413793103448276,3,False,-0.0891147033006701,7653.102455901276,-0.2346897544098724,-0.2363256081961732,-1.0714953678227375,-0.27538872278439086,191,104,0.764,3,False,-0.054856311154366545,-0.26998371847451114,0.5590760869565217
372,5752a31b36ab,gap_down_reversal,"{""family"": ""gap_down_reversal"", ""gap_max"": -0.08, ""min_adv20"": 50000000.0, ""prev_return_max"": 0.0}",,0.08,1.5,20,17033.78702652473,0.7033787026524729,0.030092371377863802,0.5087781256182528,-0.09099686535178875,788,527,0.1740667108460349,20,False,-0.04733407722036699,10016.609677327271,0.0016609677327270589,0.0005526184795561218,0.04869950953172562,-0.09996322781990497,202,95,0.2668428005284016,20,False,-0.08923511201190067,10087.502811681697,0.008750281168169671,0.002916019560056826,0.08482877465986051,-0.07405031723338185,226,147,0.29973474801061006,8,False,-0.02283850019704446,9280.11057189036,-0.07198894281096402,-0.07254344284282754,-1.4050224646368528,-0.08623684560253497,98,60,0.392,8,False,-0.033943723725210324,-0.4600786160865271,0.5573641304347826
373,7757967a78ef,volatility_reversal,"{""family"": ""volatility_reversal"", ""gap_max"": -0.02, ""min_adv20"": 20000000.0, ""prev_intraday_max"": -0.02, ""prev_range_min"": 0.03}",,0.08,2.0,5,6662.303581821315,-0.3337696418178685,-0.02235344069792289,0.18117812543343728,-0.9148297159236407,3881,1594,0.8573006406008394,5,False,-0.40263719832631645,12690.040338329458,0.2690040338329458,0.0825354051456606,0.40319247747378606,-0.515410886136211,702,285,0.9273447820343461,5,False,-0.21726666920089674,7945.878448201554,-0.20541215517984457,-0.07396866932111013,-0.05150646300948379,-0.6661773638548862,706,277,0.9363395225464191,5,False,-0.16680092913222863,8831.233332391179,-0.11687666676088215,-0.11775434045263278,-0.16673855875834503,-0.318905039483499,241,104,0.964,5,False,-0.1178001975421064,-0.22201435204034878,0.5566304347826088
374,79bba811cf88,volatility_reversal,"{""family"": ""volatility_reversal"", ""gap_max"": -0.02, ""min_adv20"": 20000000.0, ""prev_intraday_max"": -0.02, ""prev_range_min"": 0.03}",,0.04,1.5,5,7667.31764230773,-0.23326823576922695,-0.014677132334720011,0.0779640414533084,-0.8055305430079678,3881,1594,0.8573006406008394,5,False,-0.18760986080317565,12597.393901518888,0.25973939015188874,0.07989802282887992,0.4309777452026315,-0.36483442842851377,702,285,0.9273447820343461,5,False,-0.14707742934363202,7383.048150333292,-0.26169518496667077,-0.09642945645088286,-0.33424752008515374,-0.5798277800610163,706,277,0.9363395225464191,5,False,-0.12510069684917147,9220.685453295531,-0.07793145467044682,-0.07852976199143313,-0.25498898842250733,-0.22226084502821453,241,104,0.964,5,False,-0.06407697303648638,-0.35301370374932306,0.5547826086956522
375,a68266614904,volatility_reversal,"{""family"": ""volatility_reversal"", ""gap_max"": -0.02, ""min_adv20"": 20000000.0, ""prev_intraday_max"": -0.02, ""prev_range_min"": 0.05}",,0.08,1.5,5,11888.46545358233,0.1888465453582331,0.009675813745717132,0.19321449614252106,-0.7350048656419892,2756,1124,0.6087916942787718,5,False,-0.30197789874473735,11429.030733074454,0.14290307330744545,0.04546843080729435,0.30040864560448816,-0.4259552081821726,485,190,0.6406869220607662,5,False,-0.16295000190067258,10704.934101473922,0.07049341014739219,0.02302792863731362,0.21405883235507625,-0.4251578307177516,428,184,0.5676392572944297,5,False,-0.1234014236112547,9657.855417018674,-0.03421445829813252,-0.034483399658986724,-0.043523596870111675,-0.2229781542290915,145,72,0.58,5,False,-0.050927502593590114,-0.10719414946196709,0.5547010869565218
376,5afba290676c,relative_weakness_reversal,"{""family"": ""relative_weakness_reversal"", ""gap_max"": -0.03, ""min_adv20"": 50000000.0, ""mom3_max"": -0.05, ""prev_return_percentile_max"": 0.2}",0.02,,1.5,20,22657.947453227815,1.2657947453227814,0.04658308031912206,0.6376611376558046,-0.14494241372080707,1676,606,0.37022310580958695,20,False,-0.032999999999999995,10032.83997109805,0.0032839971098050924,0.0010920243256293816,0.05161849153550953,-0.16628584511877142,474,105,0.6261558784676354,20,False,-0.032999999999999995,10314.383983264175,0.03143839832641748,0.010399178910351914,0.15511068207318868,-0.10181924373069406,329,122,0.4363395225464191,20,False,-0.030891743982453524,10464.036837964184,0.04640368379641835,0.046783465155916915,0.7422714957201235,-0.045929663289442035,130,44,0.52,20,False,-0.017517058538249686,-0.586042646120295,0.554320652173913
377,994a822c44eb,oversold_3d_reversal,"{""family"": ""oversold_3d_reversal"", ""max_abs_gap"": 0.05, ""min_adv20"": 50000000.0, ""momentum_column"": ""mom3"", ""momentum_max"": -0.12}",,,1.5,20,4128.618235846248,-0.5871381764153751,-0.048051652340846185,-0.11902089636361231,-0.729421411763129,6734,2081,1.4875193284736028,20,False,-0.2532465724032568,12088.304395451767,0.20883043954517677,0.06516983951282773,0.38221417224840576,-0.21138517514757826,1148,342,1.5165125495376486,20,False,-0.09481756063349542,8282.440874871185,-0.17175591251288147,-0.06104001227918876,-0.639483901730002,-0.2093934235647491,1417,439,1.8793103448275863,20,False,-0.06088081576416134,10271.133114525419,0.02711331145254192,0.027333155773999307,0.22525841377713762,-0.12057593683835588,586,173,2.344,20,False,-0.1146572092977994,-0.501235068612018,0.5536141304347825
378,e6a4cfbe4bad,strength_pullback,"{""family"": ""strength_pullback"", ""gap_max"": -0.02, ""min_adv20"": 20000000.0, ""mom3_min"": null, ""prev_return_min"": 0.05}",0.04,0.08,1.0,5,16163.35683832773,0.6163356838327732,0.027089096250766165,0.30167603235768714,-0.2600569647008776,1649,785,0.3642588910978573,5,False,-0.042,10111.258334535389,0.011125833453538903,0.0036900517142748335,0.09003529284719954,-0.13066342017152288,276,117,0.36459709379128136,5,False,-0.042,10770.269894170842,0.0770269894170843,0.025110517597171977,0.3658858349480138,-0.14067506759918547,260,118,0.3448275862068966,5,False,-0.03474713259175472,9095.320123349858,-0.09046798766501418,-0.09115769761985715,-1.3344742940568428,-0.14664753902529992,83,47,0.332,5,False,-0.042,-0.21164073951048762,0.5532608695652174
379,a42b45d26d32,volatility_reversal,"{""family"": ""volatility_reversal"", ""gap_max"": -0.02, ""min_adv20"": 50000000.0, ""prev_intraday_max"": -0.02, ""prev_range_min"": 0.03}",,0.08,1.5,10,14272.607581191136,0.4272607581191137,0.020000965183524455,0.20458034494965857,-0.6346825862087903,4494,1427,0.9927104042412194,10,False,-0.2392267653307277,11217.778338570379,0.12177783385703789,0.03899544199493521,0.28144474880972503,-0.4361973430255126,983,284,1.298546895640687,10,False,-0.21010229948501996,10010.591266461237,0.0010591266461237314,0.00035385393654774333,0.09088316108143268,-0.3916762535798275,916,277,1.2148541114058355,10,False,-0.06726301248307395,10818.08799829594,0.08180879982959399,0.0824895534917729,0.46516354203649357,-0.1337007683164677,318,104,1.272,10,False,-0.07605773101645139,-0.07686440386006646,0.5521467391304348
380,e4f01dfbafdc,strength_pullback,"{""family"": ""strength_pullback"", ""gap_max"": -0.03, ""min_adv20"": 20000000.0, ""mom3_min"": null, ""prev_return_min"": 0.05}",0.04,0.08,1.5,3,21966.992482237256,1.1966992482237258,0.04478036867823221,0.3283729421170818,-0.3158240623373353,784,462,0.17318312348133422,3,False,-0.063,10308.987521076462,0.030898752107646255,0.010181750568007297,0.1449891623077394,-0.19639811389069994,137,81,0.1809775429326288,3,False,-0.063,14572.607876803195,0.4572607876803194,0.13411480958226218,1.1595394144140272,-0.07345101998441617,109,67,0.14456233421750664,3,False,-0.0448678314793868,8428.952988786852,-0.1571047011213148,-0.1582564045195387,-1.5726526093815536,-0.21937081335905817,38,29,0.152,3,False,-0.063,-0.1833837798093424,0.5509782608695653
381,a42b45d26d32,volatility_reversal,"{""family"": ""volatility_reversal"", ""gap_max"": -0.02, ""min_adv20"": 50000000.0, ""prev_intraday_max"": -0.02, ""prev_range_min"": 0.03}",,0.08,2.0,5,7372.460336698457,-0.26275396633015435,-0.0168257086555218,0.17914340570593162,-0.8970512556689905,3424,1427,0.7563507841837862,5,False,-0.40263719832631645,12504.41714866789,0.250441714866789,0.07723819627957873,0.39148869762043026,-0.5208585827678167,694,284,0.916776750330251,5,False,-0.21726666920089674,7515.232104385059,-0.2484767895614941,-0.09105463868931851,-0.10256192803319801,-0.6793738700842517,705,277,0.9350132625994695,5,False,-0.16680092913222863,8831.233332391179,-0.11687666676088215,-0.11775434045263278,-0.16673855875834503,-0.318905039483499,241,104,0.964,5,False,-0.1178001975421064,-0.21234529191449864,0.5501086956521739
382,12257827a207,strength_pullback,"{""family"": ""strength_pullback"", ""gap_max"": -0.02, ""min_adv20"": 20000000.0, ""mom3_min"": null, ""prev_return_min"": 0.05}",0.06,0.08,3.0,5,19006.895522198698,0.9006895522198699,0.036396341554550515,0.28078942665998935,-0.6740632232105792,1649,785,0.3642588910978573,5,False,-0.186,10507.826470485343,0.05078264704853419,0.016626652308144863,0.23667326219597837,-0.44535139969219584,276,117,0.36459709379128136,5,False,-0.186,10661.632632990904,0.0661632632990905,0.02164302029674281,0.21452313619701058,-0.4367975338712059,260,118,0.3448275862068966,5,False,-0.15224139777526416,6968.893989220504,-0.3031106010779495,-0.30512102892231663,-1.2036208622938414,-0.42978634788997205,83,47,0.332,5,False,-0.186,-0.04411616446401098,0.5465489130434783
383,5f7e41cf3ad0,relative_weakness_reversal,"{""family"": ""relative_weakness_reversal"", ""gap_max"": -0.03, ""min_adv20"": 20000000.0, ""mom3_max"": -0.05, ""prev_return_percentile_max"": 0.2}",0.02,,1.5,20,26802.633787858205,1.6802633787858205,0.056415899475928954,0.7564021387161969,-0.12916437107480838,1958,695,0.4325160150209852,20,False,-0.032999999999999995,9954.633276388944,-0.004536672361105554,-0.001512517554498105,0.017243678670669324,-0.16906478568131167,481,105,0.6354029062087186,20,False,-0.032999999999999995,10297.308901923363,0.029730890192336323,0.009839832114447278,0.14911283001457182,-0.10330614876515154,330,122,0.4376657824933687,20,False,-0.030891743982453524,10464.036837964184,0.04640368379641835,0.046783465155916915,0.7422714957201235,-0.045929663289442035,130,44,0.52,20,False,-0.017517058538249686,-0.7391584600455275,0.5454076086956522
384,7757967a78ef,volatility_reversal,"{""family"": ""volatility_reversal"", ""gap_max"": -0.02, ""min_adv20"": 20000000.0, ""prev_intraday_max"": -0.02, ""prev_range_min"": 0.03}",,0.08,2.0,10,12537.05563425543,0.25370556342554296,0.012665825467830016,0.20934180860738827,-0.8097972733130916,5129,1594,1.132979898387453,10,False,-0.3189690204409703,11219.342469051267,0.12193424690512678,0.0390436661060809,0.294529760052236,-0.543862459209635,994,285,1.3130779392338177,10,False,-0.28013639931335993,9544.423136135018,-0.045557686386498264,-0.015463117662526282,0.05843050475173208,-0.5093188408607279,919,277,1.2188328912466844,10,False,-0.11207966728014998,10990.435097621836,0.09904350976218357,0.09987417519782671,0.46516354203649346,-0.1749405221782645,318,104,1.272,10,False,-0.10141030802193518,-0.08518795144484775,0.5447826086956522
385,5752a31b36ab,gap_down_reversal,"{""family"": ""gap_down_reversal"", ""gap_max"": -0.08, ""min_adv20"": 50000000.0, ""prev_return_max"": 0.0}",,0.08,2.0,20,20065.977084828588,1.0065977084828588,0.03952935298384408,0.508778125618253,-0.11998266772960697,788,527,0.1740667108460349,20,False,-0.06311210296048933,9974.431431030518,-0.0025568568969481786,-0.0008518867031732658,0.04869950953172569,-0.13283119550406464,202,95,0.2668428005284016,20,False,-0.1189801493492009,10101.873520124718,0.010187352012471784,0.003393309661565702,0.08482877465986055,-0.09831039206984915,226,147,0.29973474801061006,8,False,-0.030451333596059275,9046.172731993418,-0.09538272680065818,-0.09610789075339665,-1.405022464636853,-0.1137560413445311,98,60,0.392,8,False,-0.04525829830028043,-0.4600786160865273,0.5442934782608696
386,59b1c0c0d28c,strength_pullback,"{""family"": ""strength_pullback"", ""gap_max"": -0.05, ""min_adv20"": 20000000.0, ""mom3_min"": null, ""prev_return_min"": 0.03}",0.02,0.08,1.5,3,20566.972704212105,1.0566972704212105,0.04095736713837006,0.402191829108365,-0.32116824588531934,596,405,0.13165451734040204,3,False,-0.033,10232.552380231396,0.023255238023139668,0.0076822202878725765,0.12149256777592056,-0.20571562989694614,111,67,0.14663143989431968,3,False,-0.033,9296.098091048096,-0.07039019089519039,-0.024099505154977163,-0.21072069269000063,-0.12612111853200803,97,69,0.1286472148541114,3,False,-0.033,8447.578084205512,-0.15524219157944885,-0.15638154357087264,-1.8483404039557942,-0.19487941800054698,33,23,0.132,3,False,-0.033,-0.28069926133244444,0.5428532608695652
387,a42b45d26d32,volatility_reversal,"{""family"": ""volatility_reversal"", ""gap_max"": -0.02, ""min_adv20"": 50000000.0, ""prev_intraday_max"": -0.02, ""prev_range_min"": 0.03}",,0.08,1.0,20,16640.496834174515,0.6640496834174516,0.02875377891480002,0.30015161575946986,-0.29466346356048656,5587,1427,1.2341506516456815,20,False,-0.11419845912617954,10337.634186978516,0.03376341869785149,0.011115349066008307,0.15020518670384242,-0.258143245853216,1394,284,1.8414795244385733,20,False,-0.12244865339746731,9953.227595382743,-0.004677240461725685,-0.0015656559321343133,0.025607659767827348,-0.22134223300324296,1142,277,1.5145888594164456,20,False,-0.05038010989517612,10940.250380183403,0.09402503801834028,0.094811824941756,0.8376011231008287,-0.05359084579194995,394,104,1.576,20,False,-0.037067997311972634,-0.14994642905562744,0.5407065217391305
388,79bba811cf88,volatility_reversal,"{""family"": ""volatility_reversal"", ""gap_max"": -0.02, ""min_adv20"": 20000000.0, ""prev_intraday_max"": -0.02, ""prev_range_min"": 0.03}",,0.04,2.0,5,5224.87452187763,-0.47751254781223695,-0.03549072125951269,0.07796404145330851,-0.9032634124562209,3881,1594,0.8573006406008394,5,False,-0.2501464810709009,12981.384830425675,0.2981384830425675,0.09074636846196094,0.4309777452026315,-0.4725317629403716,702,285,0.9273447820343461,5,False,-0.19610323912484268,6441.021514172722,-0.35589784858272777,-0.13672466472506417,-0.33424752008515357,-0.6916581737365937,706,277,0.9363395225464191,5,False,-0.16680092913222863,8877.557533865787,-0.11224424661342125,-0.11308940390048683,-0.25498898842250756,-0.28660182756464503,241,104,0.964,5,False,-0.08543596404864849,-0.35301370374932295,0.5406521739130435
389,994a822c44eb,oversold_3d_reversal,"{""family"": ""oversold_3d_reversal"", ""max_abs_gap"": 0.05, ""min_adv20"": 50000000.0, ""momentum_column"": ""mom3"", ""momentum_max"": -0.12}",,,2.0,20,2542.3889705455144,-0.7457611029454485,-0.07340020758353627,-0.11902089636361228,-0.8521354052170141,6734,2081,1.4875193284736028,20,False,-0.33766209653767576,12476.773670169694,0.2476773670169694,0.07644484384005135,0.3822141722484059,-0.2766842897174263,1148,342,1.5165125495376486,20,False,-0.1264234141779939,7733.884372560757,-0.22661156274392436,-0.08230038581168675,-0.6394839017300021,-0.2722563771193448,1417,439,1.8793103448275863,20,False,-0.0811744210188818,10207.485313036486,0.02074853130364862,0.02091624354894006,0.22525841377713787,-0.16211806312616295,586,173,2.344,20,False,-0.15287627906373252,-0.5012350686120182,0.5406521739130434
390,a68266614904,volatility_reversal,"{""family"": ""volatility_reversal"", ""gap_max"": -0.02, ""min_adv20"": 20000000.0, ""prev_intraday_max"": -0.02, ""prev_range_min"": 0.05}",,0.08,1.0,3,6707.896727697219,-0.3292103272302781,-0.021982206745387756,0.050379024763792135,-0.7089229667430189,2144,1124,0.47360282747956706,3,False,-0.24656334899157747,11280.518237887933,0.12805182378879332,0.040926284424841475,0.2880335983538201,-0.2752745059587328,363,190,0.4795244385733157,3,False,-0.15154621412382455,11246.13519234892,0.12461351923489206,0.040030787631827325,0.29524595236876083,-0.3449070469293173,342,184,0.4535809018567639,3,False,-0.0891147033006701,8210.579265088303,-0.17894207349116964,-0.1802361015530558,-0.9381431123099953,-0.23931361818999253,118,72,0.472,3,False,-0.04544268829253347,-0.23765457359002795,0.5403260869565217
391,a68266614904,volatility_reversal,"{""family"": ""volatility_reversal"", ""gap_max"": -0.02, ""min_adv20"": 20000000.0, ""prev_intraday_max"": -0.02, ""prev_range_min"": 0.05}",,0.08,1.0,10,17385.75382306522,0.738575382306522,0.03126579605930879,0.27428038151996026,-0.44994051832764503,3647,1124,0.8056107797658494,10,False,-0.15948451022048515,10472.272419880903,0.04722724198809036,0.015480260327340956,0.1774494866348141,-0.31235309837392045,687,190,0.9075297225891678,10,False,-0.14006819965667996,9957.630516423895,-0.00423694835761057,-0.001418064303138622,0.03988695788379011,-0.25837043581440566,552,184,0.7320954907161804,10,False,-0.05603983364007499,10940.384760691813,0.09403847606918125,0.09482538023918874,0.7714666797270359,-0.07834836482568475,189,72,0.756,10,False,-0.04039675019019519,-0.09683089488514615,0.5388586956521739
392,a42b45d26d32,volatility_reversal,"{""family"": ""volatility_reversal"", ""gap_max"": -0.02, ""min_adv20"": 50000000.0, ""prev_intraday_max"": -0.02, ""prev_range_min"": 0.03}",,0.08,2.0,3,2419.1172844599982,-0.7580882715540002,-0.07596027134829964,0.1316676475911645,-0.9747015522569329,2702,1427,0.5968632648553126,3,False,-0.49312669798315495,12425.04991952869,0.242504991952869,0.074957245586319,0.40715181196367617,-0.5381708451754168,535,284,0.7067371202113606,3,False,-0.3030924282476491,8181.361949791931,-0.1818638050208069,-0.06488549929552823,0.07515938145376551,-0.7347543500621208,558,277,0.7400530503978779,3,False,-0.1782294066013402,5564.084510276852,-0.4435915489723148,-0.446195006408459,-1.0714953678227375,-0.49937341710176586,191,104,0.764,3,False,-0.10971262230873309,-0.27548416437251166,0.5385326086956521
393,f4f189c68313,volatility_reversal,"{""family"": ""volatility_reversal"", ""gap_max"": -0.02, ""min_adv20"": 20000000.0, ""prev_intraday_max"": -0.02, ""prev_range_min"": 0.05}",,0.04,1.0,5,10321.544395341734,0.03215443953417352,0.0017632875260011893,0.09325531851198213,-0.5574802773089764,2756,1124,0.6087916942787718,5,False,-0.12507324053545044,10997.512226633227,0.09975122266332281,0.032159072870915795,0.280218358135782,-0.2793837243646816,485,190,0.6406869220607662,5,False,-0.09805161956242134,9487.363400043816,-0.05126365999561844,-0.01743421276705437,-0.06410790417546341,-0.329232044438893,428,184,0.5676392572944297,5,False,-0.08226761574083648,9854.869931559317,-0.01451300684406831,-0.014628257544039402,-0.05543251426327253,-0.13476432153599238,145,72,0.58,5,False,-0.026528477793871418,-0.18696303962379987,0.5380434782608696
394,7757967a78ef,volatility_reversal,"{""family"": ""volatility_reversal"", ""gap_max"": -0.02, ""min_adv20"": 20000000.0, ""prev_intraday_max"": -0.02, ""prev_range_min"": 0.03}",,0.08,1.0,20,18110.767925757635,0.8110767925757634,0.033613836964263566,0.32915988108977634,-0.29368866503643665,6421,1594,1.4183786171857742,20,False,-0.11548022730180348,10323.05083533187,0.03230508353318684,0.010640291739753671,0.14673945671222868,-0.25985955196339994,1408,285,1.8599735799207398,20,False,-0.12244865339746731,9913.7711277512,-0.008622887224879916,-0.002890232209619592,0.010987024983169802,-0.22637479538228455,1147,277,1.5212201591511936,20,False,-0.05038010989517612,10940.250380183403,0.09402503801834028,0.094811824941756,0.8376011231008287,-0.05359084579194995,394,104,1.576,20,False,-0.037067997311972634,-0.18242042437754766,0.5376630434782609
395,5afba290676c,relative_weakness_reversal,"{""family"": ""relative_weakness_reversal"", ""gap_max"": -0.03, ""min_adv20"": 50000000.0, ""mom3_max"": -0.05, ""prev_return_percentile_max"": 0.2}",0.02,,2.0,20,29162.64186179179,1.9162641861791792,0.06139015280332094,0.6376611376558046,-0.18929896783623024,1676,606,0.37022310580958695,20,False,-0.044,10007.229568892362,0.0007229568892361815,0.00024060927441293956,0.0516184915355096,-0.21652134755703678,474,105,0.6261558784676354,20,False,-0.044,10370.213681596126,0.037021368159612544,0.012223760395210226,0.15511068207318862,-0.13432249552892628,329,122,0.4363395225464191,20,False,-0.0411889919766047,10614.166013814387,0.061416601381438785,0.06192284314063223,0.7422714957201234,-0.06088974400893499,130,44,0.52,20,False,-0.023356078050999582,-0.586042646120295,0.5373369565217392
396,a68266614904,volatility_reversal,"{""family"": ""volatility_reversal"", ""gap_max"": -0.02, ""min_adv20"": 20000000.0, ""prev_intraday_max"": -0.02, ""prev_range_min"": 0.05}",,0.08,2.0,5,8156.263355268681,-0.18437366447313186,-0.011280565071648319,0.1932144961425212,-0.8598293856129289,2756,1124,0.6087916942787718,5,False,-0.40263719832631645,11227.323295170665,0.12273232951706659,0.039289655219408415,0.30040864560448827,-0.5411970076794623,485,190,0.6406869220607662,5,False,-0.21726666920089674,10559.64658509483,0.05596465850948307,0.018366344079671748,0.21405883235507636,-0.5304459416657409,428,184,0.5676392572944297,5,False,-0.16453523148167296,9444.370227724043,-0.05556297722759573,-0.055994798028418,-0.043523596870111696,-0.2868781243115124,145,72,0.58,5,False,-0.06790333679145348,-0.10719414946196706,0.5368478260869565
397,79bba811cf88,volatility_reversal,"{""family"": ""volatility_reversal"", ""gap_max"": -0.02, ""min_adv20"": 20000000.0, ""prev_intraday_max"": -0.02, ""prev_range_min"": 0.03}",,0.04,1.0,10,10651.841173095507,0.06518411730955065,0.0035213636174677987,0.09237946943985376,-0.5364243120812332,5129,1594,1.132979898387453,10,False,-0.11635740550124622,10832.13169128751,0.08321316912875099,0.02696590337138871,0.2569054211814256,-0.2764797401519419,994,285,1.3130779392338177,10,False,-0.1319702753365007,9410.831882804807,-0.058916811719519346,-0.020090380629046556,-0.13568087560595546,-0.293777308756371,919,277,1.2188328912466844,10,False,-0.05603983364007499,10255.721608444155,0.025572160844415492,0.025779352783106946,0.2734689539024249,-0.080476559782102,318,104,1.272,10,False,-0.042614095637603114,-0.16452595174157186,0.5341304347826087
398,a42b45d26d32,volatility_reversal,"{""family"": ""volatility_reversal"", ""gap_max"": -0.02, ""min_adv20"": 50000000.0, ""prev_intraday_max"": -0.02, ""prev_range_min"": 0.03}",,0.08,2.0,10,12647.521008668524,0.2647521008668523,0.013160462399427919,0.20458034494965865,-0.7762180766932786,4494,1427,0.9927104042412194,10,False,-0.3189690204409703,11066.68478701042,0.1066684787010419,0.034315733279294935,0.28144474880972487,-0.5478604733712126,983,284,1.298546895640687,10,False,-0.28013639931335993,9805.4107821341,-0.019458921786589922,-0.006546101324078846,0.0908831610814326,-0.4896924657564209,916,277,1.2148541114058355,10,False,-0.08968401664409861,10990.435097621836,0.09904350976218357,0.09987417519782671,0.46516354203649346,-0.1749405221782645,318,104,1.272,10,False,-0.10141030802193518,-0.07686440386006621,0.5339130434782609
399,f4f189c68313,volatility_reversal,"{""family"": ""volatility_reversal"", ""gap_max"": -0.02, ""min_adv20"": 20000000.0, ""prev_intraday_max"": -0.02, ""prev_range_min"": 0.05}",,0.04,1.0,10,12136.17765793228,0.2136177657932279,0.010835544421604393,0.15137057690963793,-0.4541471088918627,3647,1124,0.8056107797658494,10,False,-0.11635740550124622,10165.90437492474,0.01659043749247391,0.00549255688464112,0.1107146237722851,-0.2831125013039786,687,190,0.9075297225891678,10,False,-0.1319702753365007,9193.641229629495,-0.08063587703705055,-0.027707578548190726,-0.26054402383459196,-0.2723051051380089,552,184,0.7320954907161804,10,False,-0.05603983364007499,10633.524835995482,0.06335248359954826,0.06387515735478488,0.6710776304249836,-0.06790987392007053,189,72,0.756,10,False,-0.03626467529430043,-0.04065595313735283,0.533695652173913
400,e4f01dfbafdc,strength_pullback,"{""family"": ""strength_pullback"", ""gap_max"": -0.03, ""min_adv20"": 20000000.0, ""mom3_min"": null, ""prev_return_min"": 0.05}",0.04,0.08,2.0,3,25102.826052161596,1.5102826052161595,0.052569934632894055,0.3283729421170818,-0.4104818071161177,784,462,0.17318312348133422,3,False,-0.084,10188.274236240179,0.01882742362401779,0.006228564491412625,0.1449891623077394,-0.25508239002016353,137,81,0.1809775429326288,3,False,-0.084,16384.601307803892,0.6384601307803892,0.1794192842267497,1.1595394144140272,-0.09771577880717941,109,67,0.14456233421750664,3,False,-0.059823775305849064,7941.589293255121,-0.20584107067448787,-0.20730397074048823,-1.5726526093815532,-0.2827628312134761,38,29,0.152,3,False,-0.084,-0.1833837798093424,0.5333152173913044
401,7757967a78ef,volatility_reversal,"{""family"": ""volatility_reversal"", ""gap_max"": -0.02, ""min_adv20"": 20000000.0, ""prev_intraday_max"": -0.02, ""prev_range_min"": 0.03}",,0.08,1.5,3,3572.4402474489643,-0.6427559752551035,-0.05568835257442051,0.08168885242318369,-0.9221217459065245,3051,1594,0.6739562624254473,3,False,-0.3698450234873662,11959.727938649894,0.19597279386498934,0.061384831528821016,0.3516725708976949,-0.43050763241981993,542,285,0.7159841479524438,3,False,-0.22731932118573683,8990.606282082139,-0.10093937179178614,-0.034937438667204446,0.06384374855904891,-0.6301930553845854,559,277,0.7413793103448276,3,False,-0.13367205495100515,6567.61067844125,-0.3432389321558751,-0.3454442240558073,-1.071495367822737,-0.3940854625093718,191,104,0.764,3,False,-0.08228446673154982,-0.2699837184745112,0.5321739130434783
402,a25608756395,strength_pullback,"{""family"": ""strength_pullback"", ""gap_max"": -0.02, ""min_adv20"": 20000000.0, ""mom3_min"": null, ""prev_return_min"": 0.05}",0.02,0.08,1.0,3,19502.948275168586,0.9502948275168586,0.03788377487207839,0.39768420224512246,-0.2918670620679421,1325,785,0.2926883145571018,3,False,-0.022000000000000002,9996.404106615457,-0.00035958933845436913,-0.00011971913370456555,0.05311787579125271,-0.16358912161486816,219,117,0.2892998678996037,3,False,-0.022000000000000002,10402.648990187798,0.04026489901877972,0.013280783339326696,0.19027441653367153,-0.14358437989964534,216,118,0.2864721485411141,3,False,-0.022000000000000002,9105.757976272227,-0.08942420237277726,-0.09010635506911346,-1.3393879637603419,-0.14061751456096205,73,47,0.292,3,False,-0.022000000000000002,-0.34456632645386975,0.5293478260869565
403,8486bd00cb94,prior_day_crash_rebound,"{""family"": ""prior_day_crash_rebound"", ""max_abs_gap"": 0.05, ""min_adv20"": 20000000.0, ""prev_return_max"": -0.1}",,,1.0,20,7824.577159686229,-0.2175422840313771,-0.013562911282838708,-0.08321047605152565,-0.48006439328806183,3021,1289,0.6673293571901922,20,False,-0.1052885556585061,9826.964955504123,-0.017303504449587725,-0.0057937848149233195,-0.03696371279706915,-0.08916759130818719,439,187,0.5799207397622193,20,False,-0.04933902574240111,10280.878121244623,0.02808781212446232,0.009301008055972337,0.3412481688533603,-0.03906123188829136,464,260,0.6153846153846154,17,False,-0.01083587087852555,10044.771586659934,0.004477158665993297,0.004513056637172941,0.10778591254310849,-0.03524388323304761,250,105,1.0,20,False,-0.022865714112411617,-0.0462467632544565,0.52875
404,dc02fb10bc44,oversold_3d_reversal,"{""family"": ""oversold_3d_reversal"", ""max_abs_gap"": 0.05, ""min_adv20"": 50000000.0, ""momentum_column"": ""mom3"", ""momentum_max"": -0.2}",,,1.0,20,7347.124007202934,-0.2652875992797066,-0.017014098516151654,-0.19955078503453771,-0.3938915992554445,1274,704,0.2814225756571681,20,False,-0.16732763092682829,10482.990110778037,0.048299011077803655,0.015826110699334706,0.19127936469412254,-0.08991610712870268,261,97,0.34478203434610305,20,False,-0.06321170708899695,9792.488952582024,-0.020751104741797644,-0.006983850914666356,-0.27784110704457166,-0.046522995739302075,238,150,0.3156498673740053,9,False,-0.014372554689506595,9810.17374682876,-0.018982625317124024,-0.01913302422163632,-0.16321018867429243,-0.07643813953186629,144,73,0.576,20,False,-0.07643813953186626,-0.39083014972866026,0.528695652173913
405,fe3307e645b6,oversold_3d_reversal,"{""family"": ""oversold_3d_reversal"", ""max_abs_gap"": 0.05, ""min_adv20"": 20000000.0, ""momentum_column"": ""mom3"", ""momentum_max"": -0.2}",,,1.0,20,7178.192393142702,-0.28218076068572984,-0.018286110189858373,-0.19146637079099904,-0.4328378625009959,1514,796,0.3344378175392092,20,False,-0.18061300778755152,10481.555648016809,0.04815556480168093,0.015779835536180453,0.19089494884173305,-0.08991610712870257,263,97,0.3474240422721268,20,False,-0.06321170708899695,9785.339845366037,-0.021466015463396215,-0.0072262046976214744,-0.28789397100327707,-0.046522995739302075,239,151,0.3169761273209549,9,False,-0.014372554689506595,9810.17374682876,-0.018982625317124024,-0.01913302422163632,-0.16321018867429243,-0.07643813953186629,144,73,0.576,20,False,-0.07643813953186626,-0.3823613196327321,0.528695652173913
406,5f7e41cf3ad0,relative_weakness_reversal,"{""family"": ""relative_weakness_reversal"", ""gap_max"": -0.03, ""min_adv20"": 20000000.0, ""mom3_max"": -0.05, ""prev_return_percentile_max"": 0.2}",0.02,,2.0,20,36464.7361491414,2.64647361491414,0.07467520485069934,0.7564021387161968,-0.16935358109934062,1958,695,0.4325160150209852,20,False,-0.044,9902.586815826031,-0.009741318417396894,-0.003253410835318604,0.017243678670669508,-0.22001505842472502,481,105,0.6354029062087186,20,False,-0.044,10347.298384188032,0.03472983841880328,0.011475654191811735,0.1491128300145717,-0.1362354028308902,330,122,0.4376657824933687,20,False,-0.0411889919766047,10614.166013814387,0.061416601381438785,0.06192284314063223,0.7422714957201234,-0.06088974400893499,130,44,0.52,20,False,-0.023356078050999582,-0.7391584600455272,0.5275543478260869
407,e6a4cfbe4bad,strength_pullback,"{""family"": ""strength_pullback"", ""gap_max"": -0.02, ""min_adv20"": 20000000.0, ""mom3_min"": null, ""prev_return_min"": 0.05}",0.04,0.08,1.5,5,19038.141464355253,0.9038141464355252,0.036491109503168584,0.30167603235768714,-0.37019578606282844,1649,785,0.3642588910978573,5,False,-0.06300000000000001,10005.059976638155,0.0005059976638155383,0.00016841465825656599,0.09003529284719958,-0.19522647408743798,276,117,0.36459709379128136,5,False,-0.06300000000000001,11106.06111705079,0.11060611170507895,0.03568329017137151,0.3658858349480139,-0.2046807786578666,260,118,0.3448275862068966,5,False,-0.05212069888763208,8657.894445706468,-0.13421055542935323,-0.13520815607124104,-1.3344742940568428,-0.212910046928656,83,47,0.332,5,False,-0.06300000000000001,-0.21164073951048756,0.5267119565217392
408,59b1c0c0d28c,strength_pullback,"{""family"": ""strength_pullback"", ""gap_max"": -0.05, ""min_adv20"": 20000000.0, ""mom3_min"": null, ""prev_return_min"": 0.03}",0.02,0.08,2.0,3,24840.830899271856,1.4840830899271857,0.051955379161774395,0.402191829108365,-0.4061652221510682,596,405,0.13165451734040204,3,False,-0.044000000000000004,10202.140744050042,0.020214074405004334,0.006684255776326475,0.1214925677759205,-0.26537756598500606,111,67,0.14663143989431968,3,False,-0.044000000000000004,9020.412551981735,-0.09795874480182643,-0.03386930739052285,-0.21072069269000043,-0.1654565901511258,97,69,0.1286472148541114,3,False,-0.044000000000000004,7971.176654603208,-0.2028823345396792,-0.20432701422241317,-1.8483404039557942,-0.2521607499000301,33,23,0.132,3,False,-0.044000000000000004,-0.2806992613324445,0.5240760869565217
409,7757967a78ef,volatility_reversal,"{""family"": ""volatility_reversal"", ""gap_max"": -0.02, ""min_adv20"": 20000000.0, ""prev_intraday_max"": -0.02, ""prev_range_min"": 0.03}",,0.08,3.0,5,1159.0557107963746,-0.8840944289203625,-0.11304328331700486,0.18117812543343714,-0.9900257688884503,3881,1594,0.8573006406008394,5,False,-0.6039557974894747,11542.296851126677,0.15422968511266766,0.048906194967167194,0.40319247747378595,-0.6947646651889617,702,285,0.9273447820343461,5,False,-0.32590000380134515,6190.107702476286,-0.38098922975237137,-0.1481131907884734,-0.05150646300948404,-0.8201591639997854,706,277,0.9363395225464191,5,False,-0.25020139369834293,7915.994270519437,-0.20840057294805625,-0.2098791632852105,-0.1667385587583446,-0.4429387146231727,241,104,0.964,5,False,-0.1767002963131596,-0.2220143520403488,0.5240489130434782
410,79bba811cf88,volatility_reversal,"{""family"": ""volatility_reversal"", ""gap_max"": -0.02, ""min_adv20"": 20000000.0, ""prev_intraday_max"": -0.02, ""prev_range_min"": 0.03}",,0.04,3.0,5,1491.6475662871628,-0.8508352433712837,-0.10049972442784827,0.0779640414533084,-0.9815684704700474,3881,1594,0.8573006406008394,5,False,-0.3752197216063513,12778.148359200612,0.2778148359200612,0.08503170149034411,0.4309777452026315,-0.656675805446489,702,285,0.9273447820343461,5,False,-0.29415485868726404,4637.214646299512,-0.5362785353700488,-0.2265053518239697,-0.33424752008515374,-0.8393390660849398,706,277,0.9363395225464191,5,False,-0.25020139369834293,8096.316105005899,-0.19036838949941015,-0.19173503247524426,-0.25498898842250733,-0.4021240212247499,241,104,0.964,5,False,-0.12815394607297276,-0.35301370374932306,0.5214130434782609
411,79bba811cf88,volatility_reversal,"{""family"": ""volatility_reversal"", ""gap_max"": -0.02, ""min_adv20"": 20000000.0, ""prev_intraday_max"": -0.02, ""prev_range_min"": 0.03}",,0.04,1.0,3,7534.428452002885,-0.24655715479971152,-0.015635637648735767,0.042669226007541534,-0.6956589785442739,3051,1594,0.6739562624254473,3,False,-0.1441875715744263,11143.168830677254,0.11431688306772547,0.03668990765967095,0.2779203597785409,-0.3054068222990144,542,285,0.7159841479524438,3,False,-0.10979758878721578,8520.18807697037,-0.14798119230296303,-0.052116640969456784,-0.16298460437876777,-0.5029165027098723,559,277,0.7413793103448276,3,False,-0.0891147033006701,7612.792440175067,-0.23872075598249332,-0.24038008699561675,-1.3091450986736963,-0.26426708022176615,191,104,0.764,3,False,-0.054856311154366545,-0.23525113377099938,0.5206521739130435
412,30a224c68ce7,relative_weakness_reversal,"{""family"": ""relative_weakness_reversal"", ""gap_max"": -0.03, ""min_adv20"": 20000000.0, ""mom3_max"": -0.05, ""prev_return_percentile_max"": 0.1}",,0.08,1.0,20,17461.25310484785,0.7461253104847849,0.03151457926137091,0.5365042988013057,-0.1230248483410823,1547,628,0.34172741329798983,20,False,-0.074595483585426,9902.02262124434,-0.009797737875566037,-0.003272315889461863,0.01161802744354373,-0.17504655952689296,411,95,0.5429326287978864,20,False,-0.1129026688615183,10815.880257591516,0.0815880257591517,0.026559374830880778,0.45793154333789865,-0.07556323217959071,278,115,0.3687002652519894,20,False,-0.035224463908261415,10601.912305592803,0.06019123055928022,0.06068708594556371,0.9464374428984001,-0.016892584622222984,115,41,0.46,20,False,-0.01080056440705911,-0.524886271357762,0.5201630434782608
413,bdd1d95c3f2c,prior_day_crash_rebound,"{""family"": ""prior_day_crash_rebound"", ""max_abs_gap"": 0.05, ""min_adv20"": 50000000.0, ""prev_return_max"": -0.1}",,,1.0,20,7521.91404759981,-0.24780859524001897,-0.01572672259994845,-0.11889918457292618,-0.4460287757107988,2541,1116,0.56129887342611,20,False,-0.09383895784652696,9840.027269837634,-0.015997273016236657,-0.005354051464709464,-0.033010590577344415,-0.08772659076269351,424,185,0.560105680317041,20,False,-0.04933902574240111,10307.498314356733,0.030749831435673336,0.010173691884014957,0.37279646341204514,-0.03696044820959554,460,258,0.610079575596817,17,False,-0.01083587087852555,10044.771586659934,0.004477158665993297,0.004513056637172941,0.10778591254310849,-0.03524388323304761,250,105,1.0,20,False,-0.022865714112411617,-0.08588859399558177,0.5198369565217391
414,7bbe6d4eb49d,relative_weakness_reversal,"{""family"": ""relative_weakness_reversal"", ""gap_max"": -0.03, ""min_adv20"": 20000000.0, ""mom3_max"": -0.05, ""prev_return_percentile_max"": 0.2}",0.02,0.08,1.0,20,14747.539775883772,0.4747539775883771,0.021861282977663432,0.616614834638286,-0.09061785532482358,1958,695,0.4325160150209852,20,False,-0.022,9877.867397677961,-0.012213260232203926,-0.004082384942452721,-0.06464495965975141,-0.11969592846386723,481,105,0.6354029062087186,20,False,-0.022,9820.041461604671,-0.01799585383953295,-0.0060509248258250325,-0.10531379024269273,-0.07804997794604462,330,122,0.4376657824933687,20,False,-0.02059449598830235,10147.034907843723,0.014703490784372386,0.01482198619202868,0.4209175400640641,-0.03111130414978902,130,44,0.52,20,False,-0.012,-0.6812597942980374,0.518804347826087
415,994a822c44eb,oversold_3d_reversal,"{""family"": ""oversold_3d_reversal"", ""max_abs_gap"": 0.05, ""min_adv20"": 50000000.0, ""momentum_column"": ""mom3"", ""momentum_max"": -0.12}",,,3.0,20,708.0489200057348,-0.9291951079994265,-0.13704605767490585,-0.11902089636361231,-0.966719672239688,6734,2081,1.4875193284736028,20,False,-0.5064931448065136,12717.11819075771,0.271711819075771,0.08330380830120365,0.38221417224840576,-0.39854859212024074,1148,342,1.5165125495376486,20,False,-0.18963512126699084,6684.803617072647,-0.33151963829273523,-0.1259393560808184,-0.639483901730002,-0.3885855174839309,1417,439,1.8793103448275863,20,False,-0.12176163152832269,9875.938387379474,-0.012406161262052628,-0.012504787413949225,0.22525841377713762,-0.24646435082168872,586,173,2.344,20,False,-0.2293144185955988,-0.501235068612018,0.5176358695652173
416,a42b45d26d32,volatility_reversal,"{""family"": ""volatility_reversal"", ""gap_max"": -0.02, ""min_adv20"": 50000000.0, ""prev_intraday_max"": -0.02, ""prev_range_min"": 0.03}",,0.08,3.0,5,1580.179911410227,-0.8419820088589773,-0.09760808649197417,0.17914340570593157,-0.9863547358893981,3424,1427,0.7563507841837862,5,False,-0.6039557974894747,11303.837988769297,0.13038379887692964,0.04164213152074958,0.39148869762043004,-0.707884687884253,694,284,0.916776750330251,5,False,-0.32590000380134515,5680.17272743061,-0.431982727256939,-0.1722421136311013,-0.10256192803319825,-0.8312313213784776,705,277,0.9350132625994695,5,False,-0.25020139369834293,7915.994270519437,-0.20840057294805625,-0.2098791632852105,-0.1667385587583446,-0.4429387146231727,241,104,0.964,5,False,-0.1767002963131596,-0.21234529191449847,0.5174728260869567
417,f4f189c68313,volatility_reversal,"{""family"": ""volatility_reversal"", ""gap_max"": -0.02, ""min_adv20"": 20000000.0, ""prev_intraday_max"": -0.02, ""prev_range_min"": 0.05}",,0.04,1.5,5,8711.275879964352,-0.1288724120035647,-0.007650645694394775,0.09325531851198199,-0.7332863647486538,2756,1124,0.6087916942787718,5,False,-0.18760986080317565,11194.97380573612,0.11949738057361192,0.03829183953678328,0.28021835813578194,-0.39985459985008986,485,190,0.6406869220607662,5,False,-0.14707742934363202,9052.173501403946,-0.09478264985960538,-0.03273371152396909,-0.06410790417546354,-0.4569607577000224,428,184,0.5676392572944297,5,False,-0.1234014236112547,9727.278738616396,-0.027272126138360386,-0.02748727685419261,-0.05543251426327248,-0.1961293807859762,145,72,0.58,5,False,-0.039792716690807126,-0.18696303962379995,0.5160597826086957
418,fe3307e645b6,oversold_3d_reversal,"{""family"": ""oversold_3d_reversal"", ""max_abs_gap"": 0.05, ""min_adv20"": 20000000.0, ""momentum_column"": ""mom3"", ""momentum_max"": -0.2}",,,1.5,20,5795.890814198732,-0.4204109185801268,-0.029905934417413516,-0.19146637079099904,-0.5892314638513552,1514,796,0.3344378175392092,20,False,-0.2709195116813273,10596.729567628941,0.05967295676289419,0.01948193130367981,0.19089494884173314,-0.1336097094784935,263,97,0.3474240422721268,20,False,-0.09481756063349542,9673.403404089637,-0.03265965959103634,-0.011036303902863587,-0.28789397100327707,-0.06926007877835572,239,151,0.3169761273209549,9,False,-0.021558832034259894,9683.770427824189,-0.03162295721758113,-0.031871865990729775,-0.1632101886742924,-0.11465720929779943,144,73,0.576,20,False,-0.1146572092977994,-0.3823613196327322,0.5153260869565217
419,dc02fb10bc44,oversold_3d_reversal,"{""family"": ""oversold_3d_reversal"", ""max_abs_gap"": 0.05, ""min_adv20"": 50000000.0, ""momentum_column"": ""mom3"", ""momentum_max"": -0.2}",,,1.5,20,6051.675460096828,-0.3948324539903172,-0.02757103149210116,-0.19955078503453777,-0.5430555515933568,1274,704,0.2814225756571681,20,False,-0.2509914463902424,10598.84755438508,0.05988475543850802,0.019549758932055017,0.19127936469412263,-0.1336097094784935,261,97,0.34478203434610305,20,False,-0.09481756063349542,9684.008268756179,-0.031599173124382096,-0.010674080130427588,-0.2778411070445716,-0.06926007877835572,238,150,0.3156498673740053,9,False,-0.021558832034259894,9683.770427824189,-0.03162295721758113,-0.031871865990729775,-0.1632101886742924,-0.11465720929779943,144,73,0.576,20,False,-0.1146572092977994,-0.39083014972866037,0.5149456521739131
420,a42b45d26d32,volatility_reversal,"{""family"": ""volatility_reversal"", ""gap_max"": -0.02, ""min_adv20"": 50000000.0, ""prev_intraday_max"": -0.02, ""prev_range_min"": 0.03}",,0.08,1.5,20,19520.802583251407,0.9520802583251406,0.037936642992433045,0.30015161575946975,-0.44570356301774083,5587,1427,1.2341506516456815,20,False,-0.1712976886892693,10276.893904379103,0.0276893904379103,0.009133757646501817,0.15020518670384247,-0.3702170023679989,1394,284,1.8414795244385733,20,False,-0.18367298009620098,9845.949424791124,-0.01540505752088761,-0.00517527140910623,0.025607659767827154,-0.3156504906084109,1142,277,1.5145888594164456,20,False,-0.07557016484276417,11389.309094202417,0.13893090942024178,0.14011683481293336,0.8376011231008285,-0.0804712255293506,394,104,1.576,20,False,-0.05560199596795895,-0.14994642905562727,0.5132336956521739
421,79bba811cf88,volatility_reversal,"{""family"": ""volatility_reversal"", ""gap_max"": -0.02, ""min_adv20"": 20000000.0, ""prev_intraday_max"": -0.02, ""prev_range_min"": 0.03}",,0.04,1.5,10,9807.059683305726,-0.019294031669427336,-0.001083930100754582,0.0923794694398536,-0.706002327858222,5129,1594,1.132979898387453,10,False,-0.17453610825186933,10981.018623898948,0.09810186238989482,0.03164350035906449,0.2569054211814258,-0.3932514504553821,994,285,1.3130779392338177,10,False,-0.19795541300475103,9010.782892205132,-0.09892171077948675,-0.03421413657774086,-0.1356808756059557,-0.4115942068252255,919,277,1.2188328912466844,10,False,-0.08405975046011248,10332.337217487764,0.03323372174877637,0.03350399664317938,0.273468953902425,-0.11878147661688021,318,104,1.272,10,False,-0.06392114345640468,-0.1645259517415722,0.5129076086956522
422,a68266614904,volatility_reversal,"{""family"": ""volatility_reversal"", ""gap_max"": -0.02, ""min_adv20"": 20000000.0, ""prev_intraday_max"": -0.02, ""prev_range_min"": 0.05}",,0.08,1.5,10,19207.129440569453,0.9207129440569453,0.03700111321624289,0.27428038151996026,-0.6198028945529372,3647,1124,0.8056107797658494,10,False,-0.2392267653307277,10360.393569069916,0.03603935690699167,0.011855850695970727,0.1774494866348141,-0.441420279350478,687,190,0.9075297225891678,10,False,-0.21010229948501996,9810.740109053091,-0.018925989094690898,-0.006365672913640541,0.03988695788379023,-0.3652854698585566,552,184,0.7320954907161804,10,False,-0.08405975046011248,11378.02654490635,0.137802654490635,0.13897837414916991,0.7714666797270361,-0.11546929409673767,189,72,0.756,10,False,-0.06059512528529278,-0.09683089488514615,0.5122826086956521
423,5752a31b36ab,gap_down_reversal,"{""family"": ""gap_down_reversal"", ""gap_max"": -0.08, ""min_adv20"": 50000000.0, ""prev_return_max"": 0.0}",,0.08,3.0,20,27323.977350980145,1.7323977350980146,0.05754938105062424,0.5087781256182528,-0.1759704173095421,788,527,0.1740667108460349,20,False,-0.09466815444073398,9817.03559991245,-0.018296440008755077,-0.006128310307687235,0.04869950953172562,-0.1978827735169436,202,95,0.2668428005284016,20,False,-0.17847022402380133,10108.444334576641,0.01084443345766406,0.003611393588411005,0.08482877465986051,-0.14609331277771997,226,147,0.29973474801061006,8,False,-0.04567700039408892,8587.565750713007,-0.14124342492869923,-0.14228888941944984,-1.4050224646368528,-0.16699856975385163,98,60,0.392,8,False,-0.06788744745042065,-0.4600786160865271,0.5116032608695652
424,7757967a78ef,volatility_reversal,"{""family"": ""volatility_reversal"", ""gap_max"": -0.02, ""min_adv20"": 20000000.0, ""prev_intraday_max"": -0.02, ""prev_range_min"": 0.03}",,0.08,1.5,20,21935.860966629243,1.1935860966629241,0.044697891177528426,0.3291598810897764,-0.43441079629861334,6421,1594,1.4183786171857742,20,False,-0.1732203409527052,10253.232215872324,0.025323221587232325,0.008359703959435416,0.14673945671222874,-0.37238962084771066,1408,285,1.8599735799207398,20,False,-0.18367298009620098,9786.251459958938,-0.021374854004106214,-0.007195294528064777,0.010987024983169568,-0.32235697950640263,1147,277,1.5212201591511936,20,False,-0.07557016484276417,11389.309094202417,0.13893090942024178,0.14011683481293336,0.8376011231008285,-0.0804712255293506,394,104,1.576,20,False,-0.05560199596795895,-0.18242042437754766,0.5112228260869566
425,a68266614904,volatility_reversal,"{""family"": ""volatility_reversal"", ""gap_max"": -0.02, ""min_adv20"": 20000000.0, ""prev_intraday_max"": -0.02, ""prev_range_min"": 0.05}",,0.08,1.5,3,3324.383523113503,-0.6675616476886497,-0.05946368362687293,0.05037902476379209,-0.8978117643591523,2144,1124,0.47360282747956706,3,False,-0.3698450234873662,11181.596199264695,0.11815961992646962,0.03787864685578746,0.28803359835382014,-0.4100616052237974,363,190,0.4795244385733157,3,False,-0.22731932118573683,11386.548787890953,0.13865487878909533,0.04435278888128402,0.29524595236876083,-0.48048630720140073,342,184,0.4535809018567639,3,False,-0.13367205495100515,7339.61154548932,-0.26603884545106804,-0.2678527090546018,-0.9381431123099953,-0.3389345273862865,118,72,0.472,3,False,-0.0681640324388002,-0.23765457359002806,0.5093206521739131
426,7757967a78ef,volatility_reversal,"{""family"": ""volatility_reversal"", ""gap_max"": -0.02, ""min_adv20"": 20000000.0, ""prev_intraday_max"": -0.02, ""prev_range_min"": 0.03}",,0.08,2.0,3,1154.5579516324706,-0.8845442048367529,-0.11323523033766203,0.08168885242318373,-0.9794184056078912,3051,1594,0.6739562624254473,3,False,-0.49312669798315495,11393.938835335755,0.1393938835335755,0.0443987397790524,0.3516725708976949,-0.5542404963738605,542,285,0.7159841479524438,3,False,-0.3030924282476491,8034.106586777925,-0.1965893413222075,-0.07054476454587466,0.06384374855904892,-0.7434036243516247,559,277,0.7413793103448276,3,False,-0.1782294066013402,5564.084510276852,-0.4435915489723148,-0.446195006408459,-1.0714953678227375,-0.49937341710176586,191,104,0.764,3,False,-0.10971262230873309,-0.26998371847451114,0.5092934782608696
427,7757967a78ef,volatility_reversal,"{""family"": ""volatility_reversal"", ""gap_max"": -0.02, ""min_adv20"": 20000000.0, ""prev_intraday_max"": -0.02, ""prev_range_min"": 0.03}",,0.08,3.0,10,6115.694608640733,-0.3884305391359266,-0.027001231653947633,0.20934180860738832,-0.9523245302896659,5129,1594,1.132979898387453,10,False,-0.4784535306614554,10043.893913267186,0.004389391326718561,0.0014590635093052473,0.294529760052236,-0.7216603453165569,994,285,1.3130779392338177,10,False,-0.4202045989700399,8718.357252358128,-0.12816427476418724,-0.044804602997987164,0.05843050475173215,-0.6679625509800604,919,277,1.2188328912466844,10,False,-0.16811950092022496,11171.994635390254,0.11719946353902544,0.11819041247592077,0.46516354203649357,-0.2526813348324579,318,104,1.272,10,False,-0.15211546203290277,-0.0851879514448477,0.5078260869565216
428,5afba290676c,relative_weakness_reversal,"{""family"": ""relative_weakness_reversal"", ""gap_max"": -0.03, ""min_adv20"": 50000000.0, ""mom3_max"": -0.05, ""prev_return_percentile_max"": 0.2}",0.02,,3.0,20,46991.20769063382,3.6991207690633816,0.08995477693191423,0.6376611376558046,-0.2724226046043079,1676,606,0.37022310580958695,20,False,-0.06599999999999999,9902.299486048463,-0.009770051395153634,-0.0032630386029705027,0.05161849153550953,-0.3097243136493375,474,105,0.6261558784676354,20,False,-0.06599999999999999,10413.764145406441,0.04137641454064411,0.013642506383959585,0.15511068207318868,-0.19713581046860196,329,122,0.4363395225464191,20,False,-0.06178348796490705,10907.071944485078,0.09070719444850783,0.09146507409037796,0.7422714957201235,-0.09029319456087592,130,44,0.52,20,False,-0.03503411707649937,-0.586042646120295,0.5076358695652173
429,8486bd00cb94,prior_day_crash_rebound,"{""family"": ""prior_day_crash_rebound"", ""max_abs_gap"": 0.05, ""min_adv20"": 20000000.0, ""prev_return_max"": -0.1}",,,1.5,20,6472.883100280791,-0.3527116899719209,-0.023921903073625517,-0.08321047605152558,-0.638069866398691,3021,1289,0.6673293571901922,20,False,-0.15793283348775916,9678.904879710793,-0.03210951202892065,-0.010805601375434959,-0.03696371279706912,-0.13273192696339442,439,187,0.5799207397622193,20,False,-0.07400853861360165,10414.957491614718,0.04149574916147181,0.013681326440430297,0.3412481688533603,-0.05811800000543166,464,260,0.6153846153846154,17,False,-0.016253806317788326,10055.751874706664,0.005575187470666432,0.00561991406553819,0.10778591254310844,-0.05264204520712146,250,105,1.0,20,False,-0.034298571168617425,-0.04624676325445646,0.5051902173913043
430,12257827a207,strength_pullback,"{""family"": ""strength_pullback"", ""gap_max"": -0.02, ""min_adv20"": 20000000.0, ""mom3_min"": null, ""prev_return_min"": 0.05}",0.06,0.08,1.0,3,15959.87413370733,0.595987413370733,0.02636501196965435,0.24393048778921855,-0.38515989251104066,1325,785,0.2926883145571018,3,False,-0.062,10021.804412057147,0.0021804412057147005,0.000725326341310506,0.08484769909797528,-0.27389841172951834,219,117,0.2892998678996037,3,False,-0.062,11796.27313885168,0.17962731388516806,0.056764887582723134,0.5506311050627821,-0.14620654742846773,216,118,0.2864721485411141,3,False,-0.062,8569.28073008887,-0.14307192699111293,-0.1441297599514173,-1.22024827606272,-0.2177388443367837,73,47,0.292,3,False,-0.062,-0.15908278869124326,0.5045108695652173
431,f4f189c68313,volatility_reversal,"{""family"": ""volatility_reversal"", ""gap_max"": -0.02, ""min_adv20"": 20000000.0, ""prev_intraday_max"": -0.02, ""prev_range_min"": 0.05}",,0.04,1.5,10,12088.003350734782,0.20880033507347817,0.010611765375918791,0.1513705769096379,-0.6140964384959735,3647,1124,0.8056107797658494,10,False,-0.17453610825186933,10016.355942005493,0.0016355942005492619,0.0005441810833888283,0.11071462377228508,-0.40324150254645275,687,190,0.9075297225891678,10,False,-0.19795541300475103,8730.323672262974,-0.1269676327737026,-0.044366624626187456,-0.2605440238345921,-0.3830741632974708,552,184,0.7320954907161804,10,False,-0.08405975046011248,10925.922927364982,0.09259229273649816,0.09336658664528885,0.671077630424984,-0.10037917032134924,189,72,0.756,10,False,-0.05439701294145065,-0.04065595313735282,0.503125
432,f4f189c68313,volatility_reversal,"{""family"": ""volatility_reversal"", ""gap_max"": -0.02, ""min_adv20"": 20000000.0, ""prev_intraday_max"": -0.02, ""prev_range_min"": 0.05}",,0.04,2.0,5,6448.1512961153085,-0.35518487038846913,-0.024129881066785708,0.09325531851198213,-0.8503414190858771,2756,1124,0.6087916942787718,5,False,-0.2501464810709009,11161.458766832484,0.11614587668324838,0.0372560418638892,0.280218358135782,-0.507032892763863,485,190,0.6406869220607662,5,False,-0.19610323912484268,8515.380645701833,-0.14846193542981678,-0.05229542535563225,-0.06410790417546341,-0.5639184869223364,428,184,0.5676392572944297,5,False,-0.16453523148167296,9565.288321077738,-0.04347116789222616,-0.04381120583385345,-0.05543251426327253,-0.25374425866566497,145,72,0.58,5,False,-0.053056955587742836,-0.18696303962379987,0.5014673913043478
433,12257827a207,strength_pullback,"{""family"": ""strength_pullback"", ""gap_max"": -0.02, ""min_adv20"": 20000000.0, ""mom3_min"": null, ""prev_return_min"": 0.05}",0.06,0.08,4.0,5,13582.77482947282,0.3582774829472821,0.0171920059772408,0.28078942665998935,-0.80620617481361,1649,785,0.3642588910978573,5,False,-0.248,9624.464802571094,-0.03755351974289056,-0.012661248494393429,0.23667326219597826,-0.564934998994578,276,117,0.36459709379128136,5,False,-0.248,10399.205744259194,0.03992057442591945,0.01316867679680711,0.2145231361970107,-0.542791111384276,260,118,0.3448275862068966,5,False,-0.20298853036701886,6059.661995441668,-0.39403380045583314,-0.3964573195260589,-1.2036208622938411,-0.5354052750849951,83,47,0.332,5,False,-0.248,-0.04411616446401109,0.5010326086956522
434,dc02fb10bc44,oversold_3d_reversal,"{""family"": ""oversold_3d_reversal"", ""max_abs_gap"": 0.05, ""min_adv20"": 50000000.0, ""momentum_column"": ""mom3"", ""momentum_max"": -0.2}",,,2.0,20,4836.2377987089785,-0.5163762201291022,-0.03963173301310596,-0.19955078503453771,-0.6641242627226909,1274,704,0.2814225756571681,20,False,-0.33465526185365657,10634.625443720683,0.06346254437206822,0.02069416671430102,0.19127936469412254,-0.17645224377460278,261,97,0.34478203434610305,20,False,-0.1264234141779939,9572.546658014915,-0.042745334198508456,-0.01449449261250646,-0.27784110704457166,-0.09164785956519139,238,150,0.3156498673740053,9,False,-0.02874510937901319,9535.819080406534,-0.04641809195934654,-0.04678061267497391,-0.16321018867429243,-0.1528762790637327,144,73,0.576,20,False,-0.15287627906373252,-0.39083014972866026,0.5003804347826087
435,fe3307e645b6,oversold_3d_reversal,"{""family"": ""oversold_3d_reversal"", ""max_abs_gap"": 0.05, ""min_adv20"": 20000000.0, ""momentum_column"": ""mom3"", ""momentum_max"": -0.2}",,,2.0,20,4510.2206745700105,-0.5489779325429989,-0.04335551342575217,-0.19146637079099904,-0.711619181043876,1514,796,0.3344378175392092,20,False,-0.36122601557510303,10631.8671684626,0.0631867168462601,0.02060603072671441,0.19089494884173305,-0.1764522437746029,263,97,0.3474240422721268,20,False,-0.1264234141779939,9558.569585848774,-0.0441430414151226,-0.014975651132012713,-0.28789397100327707,-0.09164785956519139,239,151,0.3169761273209549,9,False,-0.02874510937901319,9535.819080406534,-0.04641809195934654,-0.04678061267497391,-0.16321018867429243,-0.1528762790637327,144,73,0.576,20,False,-0.15287627906373252,-0.3823613196327321,0.500054347826087
436,a25608756395,strength_pullback,"{""family"": ""strength_pullback"", ""gap_max"": -0.02, ""min_adv20"": 20000000.0, ""mom3_min"": null, ""prev_return_min"": 0.05}",0.02,0.08,1.5,3,25250.809072027405,1.5250809072027405,0.05291438318289288,0.39768420224512235,-0.40627326256838625,1325,785,0.2926883145571018,3,False,-0.033,9864.067859049072,-0.013593214095092843,-0.004545759231084356,0.0531178757912526,-0.2376764005535209,219,117,0.2892998678996037,3,False,-0.033,10514.853025708353,0.05148530257083528,0.016920525808090225,0.19027441653367122,-0.2085489148979317,216,118,0.2864721485411141,3,False,-0.033,8673.797904990379,-0.1326202095009621,-0.13360692274378672,-1.339387963760342,-0.20415132144480996,73,47,0.292,3,False,-0.033,-0.34456632645386975,0.49921195652173916
437,e6a4cfbe4bad,strength_pullback,"{""family"": ""strength_pullback"", ""gap_max"": -0.02, ""min_adv20"": 20000000.0, ""mom3_min"": null, ""prev_return_min"": 0.05}",0.04,0.08,2.0,5,21325.25888555139,1.132525888555139,0.043057456557078044,0.30167603235768714,-0.4712247276825712,1649,785,0.3642588910978573,5,False,-0.084,9797.57817661434,-0.020242182338566117,-0.006784496788168171,0.09003529284719954,-0.25848676862345055,276,117,0.36459709379128136,5,False,-0.084,11403.498509424378,0.1403498509424379,0.044872104995834494,0.3658858349480138,-0.2647322266343751,260,118,0.3448275862068966,5,False,-0.06949426518350944,8230.92255967375,-0.176907744032625,-0.17818870903828277,-1.3344742940568428,-0.2747994852786725,83,47,0.332,5,False,-0.084,-0.21164073951048762,0.49760869565217397
438,f4f189c68313,volatility_reversal,"{""family"": ""volatility_reversal"", ""gap_max"": -0.02, ""min_adv20"": 20000000.0, ""prev_intraday_max"": -0.02, ""prev_range_min"": 0.05}",,0.04,1.0,3,6718.3047899753155,-0.32816952100246843,-0.02189779510366563,-0.00359381491696535,-0.6224578855604095,2144,1124,0.47360282747956706,3,False,-0.1441875715744263,10368.032167749976,0.03680321677499765,0.01210413769251506,0.1604809321384072,-0.31004836749060094,363,190,0.4795244385733157,3,False,-0.10979758878721578,9898.788662086657,-0.01012113379133428,-0.0033941215678777725,0.07115491164853442,-0.3752940158153323,342,184,0.4535809018567639,3,False,-0.0891147033006701,8458.086022761912,-0.15419139772380874,-0.15532376668084624,-0.938023976791109,-0.21002638810075647,118,72,0.472,3,False,-0.04544268829253347,-0.16407474705537253,0.497554347826087
439,bdd1d95c3f2c,prior_day_crash_rebound,"{""family"": ""prior_day_crash_rebound"", ""max_abs_gap"": 0.05, ""min_adv20"": 50000000.0, ""prev_return_max"": -0.1}",,,1.5,20,6154.689811031768,-0.3845310188968232,-0.02665691055463537,-0.11889918457292606,-0.6006737094849033,2541,1116,0.56129887342611,20,False,-0.14075843676979044,9700.311205360904,-0.02996887946390958,-0.01007785154836116,-0.03301059057734432,-0.13049039047423983,424,185,0.560105680317041,20,False,-0.07400853861360165,10455.488721700494,0.04554887217004944,0.014998069834623484,0.3727964634120449,-0.05502593683159174,460,258,0.610079575596817,17,False,-0.016253806317788326,10055.751874706664,0.005575187470666432,0.00561991406553819,0.10778591254310844,-0.05264204520712146,250,105,1.0,20,False,-0.034298571168617425,-0.08588859399558174,0.49698369565217393
440,994a822c44eb,oversold_3d_reversal,"{""family"": ""oversold_3d_reversal"", ""max_abs_gap"": 0.05, ""min_adv20"": 50000000.0, ""momentum_column"": ""mom3"", ""momentum_max"": -0.12}",,,4.0,20,121.83036729381911,-0.9878169632706181,-0.21757690523183715,-0.11902089636361228,-0.9952316418986755,6734,2081,1.4875193284736028,20,False,-0.6753241930753515,12243.811089155008,0.22438110891550078,0.0697119004905351,0.3822141722484059,-0.5080945747494637,1148,342,1.5165125495376486,20,False,-0.2528468283559878,5710.046425562017,-0.42899535744379824,-0.1707896637106695,-0.6394839017300021,-0.49168329657242216,1417,439,1.8793103448275863,20,False,-0.1623488420377636,9304.955606785981,-0.06950443932140182,-0.07004053294881407,0.22525841377713787,-0.3316698912953837,586,173,2.344,20,False,-0.30575255812746505,-0.5012350686120182,0.4961413043478261
441,79bba811cf88,volatility_reversal,"{""family"": ""volatility_reversal"", ""gap_max"": -0.02, ""min_adv20"": 20000000.0, ""prev_intraday_max"": -0.02, ""prev_range_min"": 0.03}",,0.04,2.0,10,8334.480666147569,-0.1665519333852431,-0.010090197847475224,0.09237946943985376,-0.82284897057852,5129,1594,1.132979898387453,10,False,-0.23271481100249244,10922.060739729533,0.09220607397295333,0.029796304423242104,0.2569054211814256,-0.49674843433889504,994,285,1.3130779392338177,10,False,-0.2639405506730014,8551.592122344735,-0.14484078776552656,-0.050950399719934314,-0.13568087560595546,-0.5126505573194516,919,277,1.2188328912466844,10,False,-0.11207966728014998,10373.716123455046,0.03737161234550457,0.037676148164819345,0.2734689539024249,-0.15583052769986183,318,104,1.272,10,False,-0.08522819127520623,-0.16452595174157186,0.49532608695652175
442,59b1c0c0d28c,strength_pullback,"{""family"": ""strength_pullback"", ""gap_max"": -0.05, ""min_adv20"": 20000000.0, ""mom3_min"": null, ""prev_return_min"": 0.03}",0.02,0.08,3.0,3,33630.214754140485,2.3630214754140484,0.06984517972658599,0.402191829108365,-0.5487272099940551,596,405,0.13165451734040204,3,False,-0.066,9990.96293585023,-0.0009037064149770568,-0.00030092826676919593,0.12149256777592056,-0.3728364423199817,111,67,0.14663143989431968,3,False,-0.066,8421.886608906383,-0.15781133910936174,-0.05578583310410301,-0.21072069269000063,-0.2401816716125441,97,69,0.1286472148541114,3,False,-0.066,7077.979779600619,-0.29220202203993817,-0.2941562197544567,-1.8483404039557942,-0.3563127070300357,33,23,0.132,3,False,-0.066,-0.28069926133244444,0.49491847826086954
443,a42b45d26d32,volatility_reversal,"{""family"": ""volatility_reversal"", ""gap_max"": -0.02, ""min_adv20"": 50000000.0, ""prev_intraday_max"": -0.02, ""prev_range_min"": 0.03}",,0.08,2.0,20,21458.274963664244,1.1458274963664246,0.04341856057726701,0.30015161575946986,-0.5841765174400446,5587,1427,1.2341506516456815,20,False,-0.22839691825235908,10055.691525859587,0.005569152585958692,0.00185049864004605,0.15020518670384242,-0.4710593938450732,1394,284,1.8414795244385733,20,False,-0.24489730679493463,9685.154972316386,-0.031484502768361344,-0.010634928714479575,0.025607659767827348,-0.4002056325847886,1142,277,1.5145888594164456,20,False,-0.10076021979035224,11821.233306828519,0.1821233306828518,0.18370665984172785,0.8376011231008287,-0.1073677652688303,394,104,1.576,20,False,-0.07413599462394527,-0.14994642905562744,0.4923369565217391
444,79bba811cf88,volatility_reversal,"{""family"": ""volatility_reversal"", ""gap_max"": -0.02, ""min_adv20"": 20000000.0, ""prev_intraday_max"": -0.02, ""prev_range_min"": 0.03}",,0.04,1.5,3,4589.732525292388,-0.5410267474707612,-0.04242443636074533,0.042669226007541465,-0.8613804394727812,3051,1594,0.6739562624254473,3,False,-0.21628135736163945,11153.69037853143,0.1153690378531429,0.03701566013679081,0.2779203597785408,-0.4445568058232804,542,285,0.7159841479524438,3,False,-0.16469638318082366,7500.065285297037,-0.24999347147029627,-0.09166813376178451,-0.1629846043787677,-0.6574536627903171,559,277,0.7413793103448276,3,False,-0.13367205495100515,6546.59832194711,-0.345340167805289,-0.3475551305105202,-1.3091450986736963,-0.37753486736854514,191,104,0.764,3,False,-0.08228446673154982,-0.23525113377099932,0.49165760869565217
445,a42b45d26d32,volatility_reversal,"{""family"": ""volatility_reversal"", ""gap_max"": -0.02, ""min_adv20"": 50000000.0, ""prev_intraday_max"": -0.02, ""prev_range_min"": 0.03}",,0.08,3.0,10,6693.37741091778,-0.330662258908222,-0.022100168402611864,0.20458034494965857,-0.9357802235045997,4494,1427,0.9927104042412194,10,False,-0.4784535306614554,9852.86806223841,-0.014713193776158873,-0.004922154888277519,0.28144474880972503,-0.7253517634768978,983,284,1.298546895640687,10,False,-0.4202045989700399,9116.012713415368,-0.08839872865846321,-0.030459174033491743,0.09088316108143268,-0.6464945773012414,916,277,1.2148541114058355,10,False,-0.1345260249661479,11171.994635390254,0.11719946353902544,0.11819041247592077,0.46516354203649357,-0.2526813348324579,318,104,1.272,10,False,-0.15211546203290277,-0.07686440386006646,0.49144021739130433
446,5f7e41cf3ad0,relative_weakness_reversal,"{""family"": ""relative_weakness_reversal"", ""gap_max"": -0.03, ""min_adv20"": 20000000.0, ""mom3_max"": -0.05, ""prev_return_percentile_max"": 0.2}",0.02,,3.0,20,65587.94139379407,5.558794139379407,0.11037411258644947,0.7564021387161969,-0.24556624009867856,1958,695,0.4325160150209852,20,False,-0.06599999999999999,9745.15858982116,-0.025484141017883988,-0.008556643468747627,0.017243678670669324,-0.31495144173586687,481,105,0.6354029062087186,20,False,-0.06599999999999999,10379.17040504018,0.03791704050401812,0.012515867659013358,0.14911283001457182,-0.1998028648529928,330,122,0.4376657824933687,20,False,-0.06178348796490705,10907.071944485078,0.09070719444850783,0.09146507409037796,0.7422714957201235,-0.09029319456087592,130,44,0.52,20,False,-0.03503411707649937,-0.7391584600455275,0.4914402173913043
447,e01ec9ad1e07,oversold_5d_reversal,"{""family"": ""oversold_5d_reversal"", ""max_abs_gap"": 0.05, ""min_adv20"": 50000000.0, ""momentum_column"": ""mom5"", ""momentum_max"": -0.2}",,,1.0,20,7748.6279765697855,-0.22513720234302148,-0.014098362713807933,-0.08231372969044119,-0.4354227860502512,2756,1169,0.6087916942787718,20,False,-0.1803911135653249,9606.03928227637,-0.03939607177236304,-0.013290887391980588,-0.07406188516194798,-0.1335544680173958,493,162,0.6512549537648613,20,False,-0.06724353147886412,10283.842562916945,0.0283842562916945,0.00939826506707897,0.23033579981406158,-0.06362237025189454,523,245,0.6936339522546419,19,False,-0.021010092704339574,11227.663637087277,0.12276636370872773,0.12380693691529854,0.7146871769752535,-0.06330911192121125,245,106,0.98,20,False,-0.06330911192121132,-0.008251844528493216,0.49114130434782616
448,7bbe6d4eb49d,relative_weakness_reversal,"{""family"": ""relative_weakness_reversal"", ""gap_max"": -0.03, ""min_adv20"": 20000000.0, ""mom3_max"": -0.05, ""prev_return_percentile_max"": 0.2}",0.02,0.08,1.5,20,17757.5397268327,0.7757539726832701,0.03248117892022839,0.6166148346382858,-0.1335042380939161,1958,695,0.4325160150209852,20,False,-0.032999999999999995,9793.566971754495,-0.020643302824550513,-0.006919879613402458,-0.06464495965975174,-0.1751463151606406,481,105,0.6354029062087186,20,False,-0.032999999999999995,9708.304834760083,-0.02916951652399169,-0.00984519193200517,-0.10531379024269254,-0.11553452934751063,330,122,0.4376657824933687,20,False,-0.030891743982453524,10216.429356789282,0.021642935678928277,0.021817954447823418,0.4209175400640642,-0.04639863847830206,130,44,0.52,20,False,-0.018,-0.6812597942980375,0.49040760869565214
449,79bba811cf88,volatility_reversal,"{""family"": ""volatility_reversal"", ""gap_max"": -0.02, ""min_adv20"": 20000000.0, ""prev_intraday_max"": -0.02, ""prev_range_min"": 0.03}",,0.04,4.0,5,206.95707865165474,-0.9793042921348345,-0.19415449962859033,0.07796404145330851,-0.9976507233629822,3881,1594,0.8573006406008394,5,False,-0.5002929621418017,11270.193763064693,0.1270193763064693,0.040609038403387254,0.4309777452026315,-0.7949252964575443,702,285,0.9273447820343461,5,False,-0.39220647824968535,3088.625081417656,-0.6911374918582345,-0.32474066723199635,-0.33424752008515357,-0.9201634758006199,706,277,0.9363395225464191,5,False,-0.33360185826445726,7225.032344489169,-0.27749676555108305,-0.27937302646407536,-0.25498898842250756,-0.5016394091323712,241,104,0.964,5,False,-0.17087192809729698,-0.35301370374932295,0.49038043478260873
450,a68266614904,volatility_reversal,"{""family"": ""volatility_reversal"", ""gap_max"": -0.02, ""min_adv20"": 20000000.0, ""prev_intraday_max"": -0.02, ""prev_range_min"": 0.05}",,0.08,2.0,10,18746.328844888132,0.8746328844888132,0.035600272415230005,0.27428038151996026,-0.7508157796804994,3647,1124,0.8056107797658494,10,False,-0.3189690204409703,10003.007241955926,0.00030072419559257213,0.00010009893923168534,0.1774494866348141,-0.5534155637329817,687,190,0.9075297225891678,10,False,-0.28013639931335993,9583.9023664015,-0.041609763359850005,-0.014103918400319881,0.03988695788379011,-0.4591378997791017,552,184,0.7320954907161804,10,False,-0.11207966728014998,11790.04542432195,0.1790045424321951,0.18055874382968318,0.7714666797270359,-0.15127557437829486,189,72,0.756,10,False,-0.08079350038039038,-0.09683089488514615,0.4902717391304348
451,7757967a78ef,volatility_reversal,"{""family"": ""volatility_reversal"", ""gap_max"": -0.02, ""min_adv20"": 20000000.0, ""prev_intraday_max"": -0.02, ""prev_range_min"": 0.03}",,0.08,2.0,20,24720.259861539347,1.4720259861539349,0.051670499432394656,0.32915988108977634,-0.5765672674514852,6421,1594,1.4183786171857742,20,False,-0.23096045460360695,10022.38991213101,0.0022389912131008938,0.0007447885498113038,0.14673945671222868,-0.4734782081401987,1408,285,1.8599735799207398,20,False,-0.24489730679493463,9605.318434553854,-0.03946815654461466,-0.013368160533089868,0.010987024983169802,-0.40812796801552687,1147,277,1.5212201591511936,20,False,-0.10076021979035224,11821.233306828519,0.1821233306828518,0.18370665984172785,0.8376011231008287,-0.1073677652688303,394,104,1.576,20,False,-0.07413599462394527,-0.18242042437754766,0.4888586956521739
452,37e8e6129018,relative_weakness_reversal,"{""family"": ""relative_weakness_reversal"", ""gap_max"": -0.03, ""min_adv20"": 50000000.0, ""mom3_max"": -0.05, ""prev_return_percentile_max"": 0.2}",0.06,,1.0,20,21448.23876825525,1.1448238768255252,0.04339138875075221,0.5696471509805265,-0.12542328950467596,1676,606,0.37022310580958695,20,False,-0.05646583574595236,9774.565948913107,-0.02254340510868935,-0.007561689341886169,-0.060767564701810495,-0.18177176550522778,474,105,0.6261558784676354,20,False,-0.062,11137.336585278832,0.1137336585278832,0.03665714280485077,0.4899343207024592,-0.08576787814839204,329,122,0.4363395225464191,20,False,-0.0333279262920529,10590.900789915933,0.05909007899159335,0.059576610647663175,0.7970691945136295,-0.034502268350569576,130,44,0.52,20,False,-0.02070391269924854,-0.630414715682337,0.48478260869565215
453,e4f01dfbafdc,strength_pullback,"{""family"": ""strength_pullback"", ""gap_max"": -0.03, ""min_adv20"": 20000000.0, ""mom3_min"": null, ""prev_return_min"": 0.05}",0.04,0.08,3.0,3,27160.5141493455,1.71605141493455,0.05719620066986786,0.3283729421170818,-0.6067532199680902,784,462,0.17318312348133422,3,False,-0.126,9641.210475442174,-0.03587895245578254,-0.012089710659785924,0.1449891623077394,-0.36272924988474586,137,81,0.1809775429326288,3,False,-0.126,20463.86423627308,1.046386423627308,0.2703913137005296,1.1595394144140272,-0.1457981951037265,109,67,0.14456233421750664,3,False,-0.0897356629587736,7021.3974175346275,-0.2978602582465373,-0.2998437923857985,-1.5726526093815536,-0.39656965833185465,38,29,0.152,3,False,-0.126,-0.1833837798093424,0.4847282608695652
454,30a224c68ce7,relative_weakness_reversal,"{""family"": ""relative_weakness_reversal"", ""gap_max"": -0.03, ""min_adv20"": 20000000.0, ""mom3_max"": -0.05, ""prev_return_percentile_max"": 0.1}",,0.08,1.5,20,22507.75951040036,1.250775951040036,0.04619569672812007,0.5365042988013057,-0.18116446683566012,1547,628,0.34172741329798983,20,False,-0.11189322537813902,9750.56139188162,-0.02494386081183797,-0.008373697678927261,0.011618027443543663,-0.25676567979496867,411,95,0.5429326287978864,20,False,-0.16935400329227743,11203.29906106655,0.12032990610665495,0.03870512253579195,0.4579315433378984,-0.11201361264676357,278,115,0.3687002652519894,20,False,-0.052836695862392126,10900.596279455543,0.09005962794555433,0.09081187504463561,0.9464374428984003,-0.025325116730472552,115,41,0.46,20,False,-0.016200846610588664,-0.524886271357762,0.48464673913043477
455,a68266614904,volatility_reversal,"{""family"": ""volatility_reversal"", ""gap_max"": -0.02, ""min_adv20"": 20000000.0, ""prev_intraday_max"": -0.02, ""prev_range_min"": 0.05}",,0.08,3.0,5,1816.4239071892414,-0.8183576092810758,-0.09058192391200226,0.19321449614252106,-0.9777112706410479,2756,1124,0.6087916942787718,5,False,-0.6039557974894747,9797.909544742473,-0.020209045525752645,-0.006773314382355844,0.30040864560448816,-0.72594850733793,485,190,0.6406869220607662,5,False,-0.32590000380134515,9720.04111839297,-0.027995888160702975,-0.009445298015771653,0.21405883235507625,-0.6954502016736951,428,184,0.5676392572944297,5,False,-0.2468028472225094,8892.841607760778,-0.11071583922392214,-0.11155022536639969,-0.043523596870111675,-0.4009372417204513,145,72,0.58,5,False,-0.10185500518718023,-0.10719414946196709,0.48366847826086956
456,5752a31b36ab,gap_down_reversal,"{""family"": ""gap_down_reversal"", ""gap_max"": -0.08, ""min_adv20"": 50000000.0, ""prev_return_max"": 0.0}",,0.08,4.0,20,36334.87626051277,2.633487626051277,0.07446180182782913,0.508778125618253,-0.22935622295324454,788,527,0.1740667108460349,20,False,-0.12622420592097866,9561.718865689167,-0.04382811343108328,-0.014808716358269747,0.04869950953172569,-0.2620167947736426,202,95,0.2668428005284016,20,False,-0.2379602986984018,10085.662678730856,0.008566267873085565,0.0028548710793394605,0.08482877465986055,-0.19279301268673454,226,147,0.29973474801061006,8,False,-0.06090266719211855,8141.539796757537,-0.18584602032424624,-0.1871840775986875,-1.405022464636853,-0.2178960282634953,98,60,0.392,8,False,-0.09051659660056086,-0.4600786160865273,0.4816304347826087
457,8486bd00cb94,prior_day_crash_rebound,"{""family"": ""prior_day_crash_rebound"", ""max_abs_gap"": 0.05, ""min_adv20"": 20000000.0, ""prev_return_max"": -0.1}",,,2.0,20,5126.899510777046,-0.48731004892229535,-0.036506528166678875,-0.08321047605152565,-0.7540648070264706,3021,1289,0.6673293571901922,20,False,-0.2105771113170122,9493.29160060749,-0.05067083993925103,-0.017161370066701043,-0.03696371279706915,-0.17551958707604964,439,187,0.5799207397622193,20,False,-0.09867805148480221,10544.532159465274,0.05445321594652741,0.017878947423417557,0.3412481688533603,-0.07686401644921592,464,260,0.6153846153846154,17,False,-0.0216717417570511,10059.238052420113,0.005923805242011193,0.00597133689641427,0.10778591254310849,-0.0698906911696262,250,105,1.0,20,False,-0.045731428224823234,-0.0462467632544565,0.48092391304347826
458,f8be557fd27c,oversold_5d_reversal,"{""family"": ""oversold_5d_reversal"", ""max_abs_gap"": 0.01, ""min_adv20"": 20000000.0, ""momentum_column"": ""mom5"", ""momentum_max"": -0.2}",,,1.0,20,7382.686801472357,-0.2617313198527643,-0.016749842275352034,-0.3090752708611072,-0.3619657387814983,1499,881,0.33112436492158165,20,False,-0.11607052748018218,10005.579590835496,0.0005579590835496084,0.00018570611512824797,0.04087315695335051,-0.08082672239925803,231,101,0.3051519154557464,20,False,-0.04212162726888043,10184.77402798714,0.018477402798714015,0.0061378713632174176,0.28926510589095666,-0.032658995964566784,263,169,0.34880636604774534,9,False,-0.00778253968253968,11334.00322046486,0.1334003220464859,0.1345363064513736,1.1231246115981786,-0.008003682996290284,139,80,0.556,14,False,-0.005839290620961363,-0.34994842781445773,0.4801086956521739
459,5afba290676c,relative_weakness_reversal,"{""family"": ""relative_weakness_reversal"", ""gap_max"": -0.03, ""min_adv20"": 50000000.0, ""mom3_max"": -0.05, ""prev_return_percentile_max"": 0.2}",0.02,,4.0,20,73153.98446610698,6.315398446610698,0.11714275966651555,0.6376611376558046,-0.34847255768852925,1676,606,0.37022310580958695,20,False,-0.088,9728.10023474679,-0.02718997652532107,-0.009134705640554852,0.0516184915355096,-0.39380156991560444,474,105,0.6261558784676354,20,False,-0.088,10372.796662178516,0.037279666217851615,0.012308016844301273,0.15511068207318862,-0.2570003458150717,329,122,0.4363395225464191,20,False,-0.0823779839532094,11189.617419468233,0.11896174194682341,0.11996837595831811,0.7422714957201234,-0.11901652330568091,130,44,0.52,20,False,-0.046712156101999164,-0.586042646120295,0.4798369565217392
460,387eb13d7c7a,prior_day_crash_rebound,"{""family"": ""prior_day_crash_rebound"", ""max_abs_gap"": 0.01, ""min_adv20"": 50000000.0, ""prev_return_max"": -0.15}",,,1.5,20,8098.795817648708,-0.19012041823512915,-0.011669649177236563,-0.5571572314615563,-0.22437563530943538,280,235,0.061851115529047936,8,False,-0.02885370588402897,10510.960434302766,0.051096043430276517,0.01672757853532092,0.26964575434115023,-0.037134325808954594,71,37,0.09379128137384413,20,False,-0.02871608880037744,10360.621876332034,0.03606218763320346,0.011910754772463283,0.7512705096925889,-0.011291757976382932,66,60,0.08753315649867374,3,False,-0.007320144899144817,9999.820443920922,-1.795560790773809e-05,-1.8099251471115352e-05,0.006968009229128134,-0.01223613211753738,41,36,0.164,2,False,-0.004526496198922892,-0.8268029858027065,0.47910326086956523
461,a68266614904,volatility_reversal,"{""family"": ""volatility_reversal"", ""gap_max"": -0.02, ""min_adv20"": 20000000.0, ""prev_intraday_max"": -0.02, ""prev_range_min"": 0.05}",,0.08,2.0,3,1141.0249483426594,-0.8858975051657341,-0.11381705509420526,0.050379024763792135,-0.9738779469208233,2144,1124,0.47360282747956706,3,False,-0.49312669798315495,10558.826659794398,0.055882665979439805,0.0182665746613202,0.2880335983538201,-0.5351818882617183,363,190,0.4795244385733157,3,False,-0.3030924282476491,11173.003920773303,0.11730039207733034,0.03776552934223654,0.29524595236876083,-0.5937644177508952,342,184,0.4535809018567639,3,False,-0.1782294066013402,6502.36028075397,-0.34976397192460296,-0.35199911752309987,-0.9381431123099953,-0.4269303567871092,118,72,0.472,3,False,-0.09088537658506694,-0.23765457359002795,0.478858695652174
462,387eb13d7c7a,prior_day_crash_rebound,"{""family"": ""prior_day_crash_rebound"", ""max_abs_gap"": 0.01, ""min_adv20"": 50000000.0, ""prev_return_max"": -0.15}",,,2.0,20,7536.151962114459,-0.2463848037885541,-0.015623104432059165,-0.5571572314615564,-0.2883667537763115,280,235,0.061851115529047936,8,False,-0.03847160784537196,10657.148901774073,0.06571489017740739,0.021413295398320598,0.26964575434115035,-0.04940288928048542,71,37,0.09379128137384413,20,False,-0.038288118400503245,10481.938500458778,0.04819385004587784,0.015855515764345185,0.7512705096925886,-0.015045257059842054,66,60,0.08753315649867374,3,False,-0.009760193198859757,9999.18236838389,-8.176316161101482e-05,-8.241723994839578e-05,0.00696800922912808,-0.016297767265067042,41,36,0.164,2,False,-0.006035328265230522,-0.8268029858027067,0.4780978260869565
463,387eb13d7c7a,prior_day_crash_rebound,"{""family"": ""prior_day_crash_rebound"", ""max_abs_gap"": 0.01, ""min_adv20"": 50000000.0, ""prev_return_max"": -0.15}",,,3.0,20,6508.604330696833,-0.34913956693031667,-0.023622832155784534,-0.5571572314615563,-0.40222969526233854,280,235,0.061851115529047936,8,False,-0.05770741176805794,10915.08370848256,0.09150837084825603,0.02957726886147638,0.26964575434115023,-0.07377533318864005,71,37,0.09379128137384413,20,False,-0.05743217760075488,10726.16760517891,0.07261676051789112,0.023705675953090255,0.7512705096925889,-0.022536519722191617,66,60,0.08753315649867374,3,False,-0.014640289798289635,9997.040320448483,-0.00029596795515174357,-0.0002983353455671134,0.006968009229128134,-0.024395307840920033,41,36,0.164,2,False,-0.009052992397845783,-0.8268029858027065,0.4770380434782609
464,387eb13d7c7a,prior_day_crash_rebound,"{""family"": ""prior_day_crash_rebound"", ""max_abs_gap"": 0.01, ""min_adv20"": 50000000.0, ""prev_return_max"": -0.15}",,,1.0,20,8695.984823656845,-0.1304015176343155,-0.007747690113047101,-0.5571572314615564,-0.1552288333800198,280,235,0.061851115529047936,8,False,-0.01923580392268598,10352.904039761475,0.035290403976147466,0.011612290492312383,0.26964575434115035,-0.024810947886619972,71,37,0.09379128137384413,20,False,-0.019144059200251622,10239.852488048424,0.02398524880484243,0.007953123193102263,0.7512705096925886,-0.007533037036416723,66,60,0.08753315649867374,3,False,-0.0048800965994298786,10000.169553239411,1.6955323941081346e-05,1.709096769175744e-05,0.00696800922912808,-0.008165946125148982,41,36,0.164,2,False,-0.003017664132615261,-0.8268029858027067,0.4765760869565217
465,f4f189c68313,volatility_reversal,"{""family"": ""volatility_reversal"", ""gap_max"": -0.02, ""min_adv20"": 20000000.0, ""prev_intraday_max"": -0.02, ""prev_range_min"": 0.05}",,0.04,2.0,10,11215.221233085203,0.12152212330852041,0.00640457809799444,0.15137057690963793,-0.7359630900749142,3647,1124,0.8056107797658494,10,False,-0.23271481100249244,9704.293835618004,-0.029570616438199582,-0.009942572494111013,0.1107146237722851,-0.5095975975680538,687,190,0.9075297225891678,10,False,-0.2639405506730014,8235.696222616938,-0.17643037773830617,-0.06281447798329798,-0.26054402383459196,-0.4792388450812012,552,184,0.7320954907161804,10,False,-0.11207966728014998,11200.035932364644,0.12000359323646448,0.12101951073430972,0.6710776304249836,-0.13188870459441948,189,72,0.756,10,False,-0.07252935058860085,-0.04065595313735283,0.47293478260869565
466,bdd1d95c3f2c,prior_day_crash_rebound,"{""family"": ""prior_day_crash_rebound"", ""max_abs_gap"": 0.05, ""min_adv20"": 50000000.0, ""prev_return_max"": -0.1}",,,2.0,20,4850.025781919328,-0.5149974218080672,-0.03947952517657449,-0.11889918457292618,-0.7183410834667181,2541,1116,0.56129887342611,20,False,-0.18767791569305392,9524.071015996413,-0.04759289840035874,-0.01610172274348598,-0.033010590577344415,-0.17244334220063162,424,185,0.560105680317041,20,False,-0.09867805148480221,10599.354629331421,0.059935462933142114,0.019644604948733768,0.37279646341204514,-0.07281889299990463,460,258,0.610079575596817,17,False,-0.0216717417570511,10059.238052420113,0.005923805242011193,0.00597133689641427,0.10778591254310849,-0.0698906911696262,250,105,1.0,20,False,-0.045731428224823234,-0.08588859399558177,0.47282608695652173
467,994a822c44eb,oversold_3d_reversal,"{""family"": ""oversold_3d_reversal"", ""max_abs_gap"": 0.05, ""min_adv20"": 50000000.0, ""momentum_column"": ""mom3"", ""momentum_max"": -0.12}",,,1.0,10,2639.7868994563196,-0.736021310054368,-0.07145907381335392,-0.2809845805880898,-0.8155899903348106,5737,2081,1.2672851778219572,10,False,-0.20819721843796626,10921.000094545234,0.09210000945452346,0.029763012752154427,0.2488138677859326,-0.24191549066128915,918,342,1.2126816380449141,10,False,-0.08424325453776085,8015.313205399165,-0.1984686794600835,-0.07127198067673668,-0.6450656055404301,-0.2447313214160054,1285,439,1.7042440318302388,10,False,-0.060659419336916064,9543.55231064514,-0.04564476893548597,-0.046001396884045476,-0.11400075253150213,-0.12258844227280041,522,173,2.088,10,False,-0.07991264991027358,-0.5297984483740223,0.4726086956521739
468,387eb13d7c7a,prior_day_crash_rebound,"{""family"": ""prior_day_crash_rebound"", ""max_abs_gap"": 0.01, ""min_adv20"": 50000000.0, ""prev_return_max"": -0.15}",,,4.0,20,5601.789747798288,-0.4398210252201712,-0.03174363875444142,-0.5571572314615564,-0.4993257387104647,280,235,0.061851115529047936,8,False,-0.07694321569074392,11128.989276018643,0.11289892760186437,0.036250576671845725,0.26964575434115035,-0.097927819550924,71,37,0.09379128137384413,20,False,-0.07657623680100649,10972.445999187614,0.09724459991876144,0.031502106672130825,0.7512705096925886,-0.030006685950517475,66,60,0.08753315649867374,3,False,-0.019520386397719514,9993.745626528935,-0.0006254373471065167,-0.0006304392683520454,0.00696800922912808,-0.03245841549381179,41,36,0.164,2,False,-0.012070656530461044,-0.8268029858027067,0.47233695652173907
469,fe3307e645b6,oversold_3d_reversal,"{""family"": ""oversold_3d_reversal"", ""max_abs_gap"": 0.05, ""min_adv20"": 20000000.0, ""momentum_column"": ""mom3"", ""momentum_max"": -0.2}",,,3.0,20,2383.79156465909,-0.761620843534091,-0.07671662932186463,-0.19146637079099904,-0.8738677727890158,1514,796,0.3344378175392092,20,False,-0.5418390233626545,10477.264883940707,0.047726488394070676,0.015641392074474902,0.19089494884173314,-0.2595598064738531,263,97,0.3474240422721268,20,False,-0.18963512126699084,9320.739944777166,-0.06792600552228345,-0.023235682528988,-0.28789397100327707,-0.13537731536419828,239,151,0.3169761273209549,9,False,-0.04311766406851979,9173.66357067054,-0.08263364293294595,-0.08326639543286496,-0.1632101886742924,-0.22931441859559887,144,73,0.576,20,False,-0.2293144185955988,-0.3823613196327322,0.47187500000000004
470,dc02fb10bc44,oversold_3d_reversal,"{""family"": ""oversold_3d_reversal"", ""max_abs_gap"": 0.05, ""min_adv20"": 50000000.0, ""momentum_column"": ""mom3"", ""momentum_max"": -0.2}",,,3.0,20,2770.027390828056,-0.7229972609171944,-0.06896648322489263,-0.19955078503453777,-0.8349367898303444,1274,704,0.2814225756571681,20,False,-0.5019828927804848,10481.127251945049,0.048112725194504824,0.015766014840484566,0.19127936469412263,-0.25955980647385324,261,97,0.34478203434610305,20,False,-0.18963512126699084,9341.198859511467,-0.0658801140488533,-0.022519647750477878,-0.2778411070445716,-0.13537731536419828,238,150,0.3156498673740053,9,False,-0.04311766406851979,9173.66357067054,-0.08263364293294595,-0.08326639543286496,-0.1632101886742924,-0.22931441859559887,144,73,0.576,20,False,-0.2293144185955988,-0.39083014972866037,0.47133152173913045
471,a42b45d26d32,volatility_reversal,"{""family"": ""volatility_reversal"", ""gap_max"": -0.02, ""min_adv20"": 50000000.0, ""prev_intraday_max"": -0.02, ""prev_range_min"": 0.03}",,0.08,3.0,3,112.80499204168181,-0.9887195007958318,-0.22092207215116721,0.13166764759116445,-0.9991282833006323,2702,1427,0.5968632648553126,3,False,-0.7396900469747324,9840.63800164873,-0.015936199835127063,-0.005333501152315012,0.4071518119636763,-0.7399427166472345,535,284,0.7067371202113606,3,False,-0.45463864237147367,5865.9099643311965,-0.4134090035668804,-0.16329255646825402,0.0751593814537655,-0.8767847717370856,558,277,0.7400530503978779,3,False,-0.2673441099020103,3841.232656628485,-0.6158767343371515,-0.6188057181711375,-1.071495367822737,-0.6704631123861831,191,104,0.764,3,False,-0.16456893346309964,-0.27548416437251183,0.4712228260869565
472,a25608756395,strength_pullback,"{""family"": ""strength_pullback"", ""gap_max"": -0.02, ""min_adv20"": 20000000.0, ""mom3_min"": null, ""prev_return_min"": 0.05}",0.02,0.08,2.0,3,31124.819963131242,2.1124819963131243,0.06524446861301181,0.39768420224512246,-0.5036423297489199,1325,785,0.2926883145571018,3,False,-0.044000000000000004,9651.364677324047,-0.03486353226759531,-0.01174346535418802,0.05311787579125271,-0.30677563482774406,219,117,0.2892998678996037,3,False,-0.044000000000000004,10565.718775355803,0.05657187753558035,0.018562023928546667,0.19027441653367153,-0.27026779733541473,216,118,0.2864721485411141,3,False,-0.044000000000000004,8252.63411852358,-0.17473658814764204,-0.17600356683648233,-1.3393879637603419,-0.2635042895413301,73,47,0.292,3,False,-0.044000000000000004,-0.34456632645386975,0.4708152173913044
473,021ce8ad71a1,oversold_3d_reversal,"{""family"": ""oversold_3d_reversal"", ""max_abs_gap"": 0.03, ""min_adv20"": 50000000.0, ""momentum_column"": ""mom3"", ""momentum_max"": -0.12}",,,1.0,20,4677.222025309004,-0.5322777974690996,-0.04141738140798257,-0.2946863813058985,-0.6095659718166104,6083,2015,1.3437154848685664,20,False,-0.16899928048488477,10128.10987984676,0.012810987984675837,0.004246593192346104,0.09563715703264088,-0.15070151153271638,991,328,1.309114927344782,20,False,-0.0748164172867211,8830.913609805411,-0.11690863901945892,-0.040700676150215664,-0.7561551066395414,-0.1454159507517352,1300,427,1.7241379310344827,20,False,-0.0405872105094409,10533.832004394726,0.05338320043947253,0.053821558699084227,0.3715646420712687,-0.0668946657588596,548,169,2.192,20,False,-0.06689466575885969,-0.3903235383385394,0.4706521739130435
474,79bba811cf88,volatility_reversal,"{""family"": ""volatility_reversal"", ""gap_max"": -0.02, ""min_adv20"": 20000000.0, ""prev_intraday_max"": -0.02, ""prev_range_min"": 0.03}",,0.04,2.0,3,2174.4380002035045,-0.7825561999796495,-0.08142894330597694,0.042669226007541534,-0.9449870087860995,3051,1594,0.6739562624254473,3,False,-0.2883751431488526,10756.028849482684,0.07560288494826839,0.02455839303188645,0.2779203597785409,-0.5687292642844268,542,285,0.7159841479524438,3,False,-0.21959517757443156,6388.94259140361,-0.361105740859639,-0.13906381652808353,-0.16298460437876777,-0.7677018571231804,559,277,0.7413793103448276,3,False,-0.1782294066013402,5574.5345890253875,-0.4425465410974613,-0.4451465593498565,-1.3091450986736963,-0.4782681854422365,191,104,0.764,3,False,-0.10971262230873309,-0.23525113377099938,0.47043478260869565
475,7bbe6d4eb49d,relative_weakness_reversal,"{""family"": ""relative_weakness_reversal"", ""gap_max"": -0.03, ""min_adv20"": 20000000.0, ""mom3_max"": -0.05, ""prev_return_percentile_max"": 0.2}",0.02,0.08,2.0,20,21263.90609308771,1.1263906093087708,0.04289018235858766,0.616614834638286,-0.17481911622616053,1958,695,0.4325160150209852,20,False,-0.044,9694.337892847803,-0.0305662107152197,-0.010280818110749324,-0.06464495965975141,-0.2277947728984624,481,105,0.6354029062087186,20,False,-0.044,9583.362611437551,-0.04166373885624486,-0.014122476040170917,-0.10531379024269273,-0.15199198439612627,330,122,0.4376657824933687,20,False,-0.0411889919766047,10283.051126575436,0.02830511265754354,0.028534754098560322,0.4209175400640641,-0.061508919219852576,130,44,0.52,20,False,-0.024,-0.6812597942980374,0.46956521739130436
476,089ab2b4aab5,oversold_5d_reversal,"{""family"": ""oversold_5d_reversal"", ""max_abs_gap"": 0.01, ""min_adv20"": 50000000.0, ""momentum_column"": ""mom5"", ""momentum_max"": -0.2}",,,1.0,20,8191.106946134809,-0.18088930538651915,-0.011045915208273027,-0.23671436452163544,-0.2720724267521245,1197,757,0.2644135188866799,18,False,-0.10735809428970591,9780.987128086805,-0.021901287191319563,-0.007344704022895887,-0.061795797077647825,-0.0892281417549935,230,101,0.3038309114927345,20,False,-0.04212162726888043,10175.376172076962,0.0175376172076962,0.00582748864941296,0.2754779171650322,-0.032658995964566784,262,169,0.34748010610079577,9,False,-0.00778253968253968,11334.00322046486,0.1334003220464859,0.1345363064513736,1.1231246115981786,-0.008003682996290284,139,80,0.556,14,False,-0.005839290620961363,-0.17491856744398762,0.4693478260869566
477,f4f189c68313,volatility_reversal,"{""family"": ""volatility_reversal"", ""gap_max"": -0.02, ""min_adv20"": 20000000.0, ""prev_intraday_max"": -0.02, ""prev_range_min"": 0.05}",,0.04,3.0,5,2312.1497093618073,-0.7687850290638193,-0.07828361172684795,0.09325531851198199,-0.9628278488553992,2756,1124,0.6087916942787718,5,False,-0.3752197216063513,10384.260746838798,0.03842607468387982,0.012631230896694712,0.28021835813578194,-0.6821491453977213,485,190,0.6406869220607662,5,False,-0.29415485868726404,7210.551154287153,-0.27894488457128475,-0.10354070707490237,-0.06410790417546354,-0.725935626859963,428,184,0.5676392572944297,5,False,-0.2468028472225094,9146.7575287996,-0.08532424712003994,-0.08597662193799449,-0.05543251426327248,-0.3584665732568595,145,72,0.58,5,False,-0.07958543338161425,-0.18696303962379995,0.468125
478,f4f189c68313,volatility_reversal,"{""family"": ""volatility_reversal"", ""gap_max"": -0.02, ""min_adv20"": 20000000.0, ""prev_intraday_max"": -0.02, ""prev_range_min"": 0.05}",,0.04,1.5,3,4072.1070226782745,-0.5927892977321725,-0.04878170818879901,-0.0035938149169654513,-0.8035590795240085,2144,1124,0.47360282747956706,3,False,-0.21628135736163945,10106.675692798926,0.010667569279892541,0.0035385977497675025,0.16048093213840722,-0.44120606097377457,363,190,0.4795244385733157,3,False,-0.16469638318082366,9490.87274557155,-0.050912725442844975,-0.017312757051131666,0.07115491164853452,-0.5152343742691345,342,184,0.4535809018567639,3,False,-0.13367205495100515,7699.279789459496,-0.23007202105405045,-0.2316807704823678,-0.9380239767911092,-0.30021222459639063,118,72,0.472,3,False,-0.0681640324388002,-0.16407474705537267,0.4671467391304348
479,e21ba93123fd,oversold_5d_reversal,"{""family"": ""oversold_5d_reversal"", ""max_abs_gap"": 0.05, ""min_adv20"": 20000000.0, ""momentum_column"": ""mom5"", ""momentum_max"": -0.2}",,,1.0,20,6399.778111576871,-0.36002218884231285,-0.02453885406228673,-0.1591040915387141,-0.5135927473126014,3265,1296,0.721228186436934,20,False,-0.18702525036989462,9553.611548856641,-0.04463884511433591,-0.015086872890854308,-0.09047890511429793,-0.13627490647006846,497,162,0.6565389696169088,20,False,-0.06724353147886412,10270.826519947515,0.027082651994751572,0.008971097396881955,0.22084768108163103,-0.06362237025189454,527,245,0.6989389920424404,19,False,-0.021010092704339574,11227.663637087277,0.12276636370872773,0.12380693691529854,0.7146871769752535,-0.06330911192121125,245,106,0.98,20,False,-0.06330911192121132,-0.06862518642441617,0.4652717391304348
480,e01ec9ad1e07,oversold_5d_reversal,"{""family"": ""oversold_5d_reversal"", ""max_abs_gap"": 0.05, ""min_adv20"": 50000000.0, ""momentum_column"": ""mom5"", ""momentum_max"": -0.2}",,,1.0,10,4738.281610731147,-0.5261718389268852,-0.04072503608079825,-0.20513681182061033,-0.6486012298362618,2460,1169,0.5434062292909212,10,False,-0.22704453379635364,9940.54559565037,-0.005945440434963034,-0.0019831335012993057,0.06630864892904079,-0.20698627073368758,378,162,0.49933949801849403,10,False,-0.08557886617223887,10315.207929777445,0.03152079297774457,0.010426154214864258,0.1640509043510008,-0.1256206664234526,505,245,0.669761273209549,10,False,-0.04202018540867915,11096.701949151842,0.10967019491518415,0.11059438309612868,0.6186735125741295,-0.07483743360862949,222,106,0.888,10,False,-0.07483743360862943,-0.27144546074965115,0.4652173913043478
481,79bba811cf88,volatility_reversal,"{""family"": ""volatility_reversal"", ""gap_max"": -0.02, ""min_adv20"": 20000000.0, ""prev_intraday_max"": -0.02, ""prev_range_min"": 0.03}",,0.04,3.0,10,4660.979763886864,-0.5339020236113137,-0.04160298707113752,0.0923794694398536,-0.9456556660193609,5129,1594,1.132979898387453,10,False,-0.34907221650373865,10139.812883744195,0.013981288374419476,0.00463273485568183,0.2569054211814258,-0.6690714841058121,994,285,1.3130779392338177,10,False,-0.39591082600950206,7496.022551439205,-0.25039774485607946,-0.09183180101664767,-0.1356808756059557,-0.6717758193338939,919,277,1.2188328912466844,10,False,-0.16811950092022496,10349.384803064186,0.03493848030641855,0.035222854107849866,0.273468953902425,-0.22626199132744718,318,104,1.272,10,False,-0.12784228691280936,-0.1645259517415722,0.4648641304347827
482,5f7e41cf3ad0,relative_weakness_reversal,"{""family"": ""relative_weakness_reversal"", ""gap_max"": -0.03, ""min_adv20"": 20000000.0, ""mom3_max"": -0.05, ""prev_return_percentile_max"": 0.2}",0.02,,4.0,20,113812.55422657171,10.381255422657171,0.14496941623482051,0.7564021387161968,-0.3163873329954099,1958,695,0.4325160150209852,20,False,-0.088,9519.968189159015,-0.04800318108409851,-0.016242839257048836,0.017243678670669508,-0.4011847771091447,481,105,0.6354029062087186,20,False,-0.088,10326.751156414206,0.03267511564142067,0.010803918847884564,0.1491128300145717,-0.2602985686544719,330,122,0.4376657824933687,20,False,-0.0823779839532094,11189.617419468233,0.11896174194682341,0.11996837595831811,0.7422714957201234,-0.11901652330568091,130,44,0.52,20,False,-0.046712156101999164,-0.7391584600455272,0.4646195652173913
483,f8be557fd27c,oversold_5d_reversal,"{""family"": ""oversold_5d_reversal"", ""max_abs_gap"": 0.01, ""min_adv20"": 20000000.0, ""momentum_column"": ""mom5"", ""momentum_max"": -0.2}",,,1.5,20,6228.840019526851,-0.3771159980473149,-0.026007822118875867,-0.30907527086110703,-0.4981534061849445,1499,881,0.33112436492158165,20,False,-0.17410579122027328,9942.824956446078,-0.0057175043553922,-0.001906958550681681,0.0408731569533505,-0.11960422486255762,231,101,0.3051519154557464,20,False,-0.06318244090332065,10272.942204924237,0.027294220492423582,0.009040555633106795,0.2892651058909569,-0.04865691452221432,263,169,0.34880636604774534,9,False,-0.01167380952380952,12013.921422528623,0.2013921422528624,0.20315689821406924,1.1231246115981786,-0.01199311384922741,139,80,0.556,14,False,-0.008758935931442044,-0.3499484278144575,0.46394021739130437
484,a68266614904,volatility_reversal,"{""family"": ""volatility_reversal"", ""gap_max"": -0.02, ""min_adv20"": 20000000.0, ""prev_intraday_max"": -0.02, ""prev_range_min"": 0.05}",,0.08,1.0,20,19262.641835313618,0.9262641835313619,0.03716772465338547,0.3702197142565771,-0.28463562013002475,4551,1124,1.0053015241882042,20,False,-0.11548022730180348,9759.813563347449,-0.02401864366525519,-0.008060564313777774,0.004409098851949191,-0.25410945032841525,980,190,1.2945838837516512,20,False,-0.12244865339746731,10050.875903976665,0.005087590397666375,0.0016974901280901733,0.05999842151930149,-0.1789839879759999,677,184,0.8978779840848806,20,False,-0.05004704548996993,11009.135087071536,0.10091350870715354,0.10176057163199115,0.9498920755694383,-0.03998118547019358,239,72,0.956,20,False,-0.037067997311972634,-0.36581061540462795,0.4638043478260869
485,12257827a207,strength_pullback,"{""family"": ""strength_pullback"", ""gap_max"": -0.02, ""min_adv20"": 20000000.0, ""mom3_min"": null, ""prev_return_min"": 0.05}",0.06,0.08,1.5,3,17082.618100893444,0.7082618100893443,0.030256530162863227,0.2439304877892185,-0.539002798219831,1325,785,0.2926883145571018,3,False,-0.09300000000000001,9745.09441171696,-0.025490558828303977,-0.008558817028057164,0.08484769909797517,-0.3894586563046525,219,117,0.2892998678996037,3,False,-0.09300000000000001,12633.30583006248,0.263330583006248,0.08125657626815919,0.5506311050627819,-0.21277783271926798,216,118,0.2864721485411141,3,False,-0.09300000000000001,7886.92422037722,-0.21130757796227795,-0.21280390803117633,-1.2202482760627198,-0.3115535242721079,73,47,0.292,3,False,-0.09300000000000001,-0.15908278869124332,0.4629619565217392
486,021ce8ad71a1,oversold_3d_reversal,"{""family"": ""oversold_3d_reversal"", ""max_abs_gap"": 0.03, ""min_adv20"": 50000000.0, ""momentum_column"": ""mom3"", ""momentum_max"": -0.12}",,,1.0,10,2529.1771512736655,-0.7470822848726335,-0.0736689095084434,-0.35601748161409125,-0.8078816241931838,5250,2015,1.1597084161696487,10,False,-0.23351718932754065,10789.837692509042,0.07898376925090411,0.025629332565725083,0.23257572336700838,-0.21571224362599117,828,328,1.0937912813738442,10,False,-0.08424325453776085,7924.557442419435,-0.20754425575805657,-0.07479987591687043,-0.7814638094440701,-0.2562099909725216,1195,427,1.5848806366047745,10,False,-0.060659419336916064,9884.908115171465,-0.011509188482853427,-0.011600725861974137,0.040265738466406034,-0.12305956335139656,497,169,1.988,10,False,-0.06807161718379875,-0.5885932049810996,0.4625
487,79bba811cf88,volatility_reversal,"{""family"": ""volatility_reversal"", ""gap_max"": -0.02, ""min_adv20"": 20000000.0, ""prev_intraday_max"": -0.02, ""prev_range_min"": 0.03}",,0.04,1.0,20,12969.267611498844,0.2969267611498845,0.014578259533774895,0.20068875839913342,-0.3901630635126747,6421,1594,1.4183786171857742,20,False,-0.11137027732927654,9817.446465712319,-0.01825535342876805,-0.006114463535561554,0.0063670542343608316,-0.2559547837742133,1408,285,1.8599735799207398,20,False,-0.11850733632804397,9436.916805617268,-0.0563083194382733,-0.019183445004825717,-0.21779482485973906,-0.22226536621342607,1147,277,1.5212201591511936,20,False,-0.05038010989517612,10526.172867407568,0.05261728674075683,0.05304919865803548,0.6460244828776109,-0.043285606059089377,394,104,1.576,20,False,-0.03500195986402525,-0.1943217041647726,0.4622826086956522
488,59b1c0c0d28c,strength_pullback,"{""family"": ""strength_pullback"", ""gap_max"": -0.05, ""min_adv20"": 20000000.0, ""mom3_min"": null, ""prev_return_min"": 0.03}",0.02,0.08,4.0,3,41319.35365443556,3.1319353654435558,0.08217825792016287,0.402191829108365,-0.6602560392312464,596,405,0.13165451734040204,3,False,-0.08800000000000001,9599.722229842502,-0.04002777701574978,-0.013506939849303956,0.1214925677759205,-0.46599525677580156,111,67,0.14663143989431968,3,False,-0.08800000000000001,7776.616187820744,-0.2223383812179256,-0.08060883005335817,-0.21072069269000043,-0.3097855030486898,97,69,0.1286472148541114,3,False,-0.08800000000000001,6261.630431445925,-0.3738369568554075,-0.3761776492159151,-1.8483404039557942,-0.44773491304485635,33,23,0.132,3,False,-0.08800000000000001,-0.2806992613324445,0.45951086956521736
489,e01ec9ad1e07,oversold_5d_reversal,"{""family"": ""oversold_5d_reversal"", ""max_abs_gap"": 0.05, ""min_adv20"": 50000000.0, ""momentum_column"": ""mom5"", ""momentum_max"": -0.2}",,,1.5,20,6313.409556322805,-0.36865904436771957,-0.02527637382969905,-0.08231372969044111,-0.6003923247000669,2756,1169,0.6087916942787718,20,False,-0.27058667034798733,9300.166586791298,-0.06998334132087025,-0.023862979574157728,-0.07406188516194799,-0.19629429875404047,493,162,0.6512549537648613,20,False,-0.10086529721829618,10405.587196460676,0.0405587196460675,0.013376427070146635,0.23033579981406163,-0.0942488868075737,523,245,0.6936339522546419,19,False,-0.03151513905650936,11772.273656079817,0.1772273656079817,0.1787649989385376,0.7146871769752543,-0.09496366788181698,245,106,0.98,20,False,-0.09496366788181697,-0.008251844528493119,0.4571467391304348
490,30a224c68ce7,relative_weakness_reversal,"{""family"": ""relative_weakness_reversal"", ""gap_max"": -0.03, ""min_adv20"": 20000000.0, ""mom3_max"": -0.05, ""prev_return_percentile_max"": 0.1}",,0.08,2.0,20,28541.280460993967,1.8541280460993965,0.060118435701070894,0.5365042988013057,-0.23707410344639823,1547,628,0.34172741329798983,20,False,-0.149190967170852,9527.1022742395,-0.04728977257605005,-0.015997488822786177,0.01161802744354373,-0.3345393351196573,411,95,0.5429326287978864,20,False,-0.2258053377230366,11574.506080075025,0.15745060800750244,0.050083020941293466,0.45793154333789865,-0.1475832690803669,278,115,0.3687002652519894,20,False,-0.07044892781652283,11197.469641792719,0.11974696417927189,0.12076059424018037,0.9464374428984001,-0.03374750688380468,115,41,0.46,20,False,-0.02160112881411822,-0.524886271357762,0.45646739130434777
491,dc02fb10bc44,oversold_3d_reversal,"{""family"": ""oversold_3d_reversal"", ""max_abs_gap"": 0.05, ""min_adv20"": 50000000.0, ""momentum_column"": ""mom3"", ""momentum_max"": -0.2}",,,1.0,10,6286.787418132237,-0.3713212581867763,-0.025505627713862222,-0.18645342326844405,-0.5176828693382503,1178,704,0.2602164789043517,10,False,-0.20819721843796626,9291.036489516013,-0.07089635104839875,-0.02418209102449953,-0.12296159829983667,-0.12883167185115907,211,97,0.27873183619550856,10,False,-0.08424325453776085,9572.546658014915,-0.042745334198508456,-0.01449449261250646,-0.27784110704457166,-0.09164785956519139,238,150,0.3156498673740053,9,False,-0.02874510937901319,9926.91897394998,-0.0073081026050020315,-0.00736635156103238,-0.018368537252144507,-0.07991264991027358,124,73,0.496,10,False,-0.07991264991027358,-0.06349182496860738,0.4507608695652174
492,fe3307e645b6,oversold_3d_reversal,"{""family"": ""oversold_3d_reversal"", ""max_abs_gap"": 0.05, ""min_adv20"": 20000000.0, ""momentum_column"": ""mom3"", ""momentum_max"": -0.2}",,,1.0,10,5976.242918101576,-0.40237570818984236,-0.028249766556971645,-0.188490240452571,-0.5553580392935937,1401,796,0.30947647448641485,10,False,-0.22080219412575425,9262.139273378758,-0.07378607266212422,-0.025193475727618098,-0.13113838860096594,-0.13249824072484329,212,97,0.2800528401585205,10,False,-0.08424325453776085,9558.569585848774,-0.0441430414151226,-0.014975651132012713,-0.28789397100327707,-0.09164785956519139,239,151,0.3169761273209549,9,False,-0.02874510937901319,9926.91897394998,-0.0073081026050020315,-0.00736635156103238,-0.018368537252144507,-0.07991264991027358,124,73,0.496,10,False,-0.07991264991027358,-0.057351851851605073,0.44907608695652174
493,37e8e6129018,relative_weakness_reversal,"{""family"": ""relative_weakness_reversal"", ""gap_max"": -0.03, ""min_adv20"": 50000000.0, ""mom3_max"": -0.05, ""prev_return_percentile_max"": 0.2}",0.06,,1.5,20,30251.431315509624,2.0251431315509625,0.06355806379701567,0.5696471509805264,-0.18427497304153828,1676,606,0.37022310580958695,20,False,-0.08469875361892855,9598.550284862118,-0.04014497151378815,-0.013547032515453195,-0.06076756470181053,-0.2629352329396194,474,105,0.6261558784676354,20,False,-0.093,11676.335683931713,0.16763356839317134,0.05316164622412378,0.4899343207024591,-0.1274302489518011,329,122,0.4363395225464191,20,False,-0.04999188943807936,10877.247859565172,0.08772478595651712,0.0884567503542395,0.7970691945136296,-0.05162187279792707,130,44,0.52,20,False,-0.03105586904887281,-0.630414715682337,0.44904891304347827
494,994a822c44eb,oversold_3d_reversal,"{""family"": ""oversold_3d_reversal"", ""max_abs_gap"": 0.05, ""min_adv20"": 50000000.0, ""momentum_column"": ""mom3"", ""momentum_max"": -0.12}",,,1.5,10,1049.1504724900624,-0.8950849527509938,-0.1179484814308881,-0.2809845805880898,-0.936708814371365,5737,2081,1.2672851778219572,10,False,-0.3122958276569494,10998.443467555742,0.0998443467555743,0.032188167084896246,0.24881386778593254,-0.34587910810635214,918,342,1.2126816380449141,10,False,-0.1263648818066413,7085.421841993075,-0.2914578158006925,-0.10877040166230934,-0.6450656055404299,-0.3505949624774477,1285,439,1.7042440318302388,10,False,-0.0909891290053741,9180.62526687416,-0.08193747331258405,-0.08256513835114165,-0.11400075253150171,-0.18254294710870023,522,173,2.088,10,False,-0.11986897486541037,-0.5297984483740223,0.44807065217391306
495,021ce8ad71a1,oversold_3d_reversal,"{""family"": ""oversold_3d_reversal"", ""max_abs_gap"": 0.03, ""min_adv20"": 50000000.0, ""momentum_column"": ""mom3"", ""momentum_max"": -0.12}",,,1.5,20,2892.527886867483,-0.7107472113132517,-0.06672104196244977,-0.29468638130589847,-0.7777448298905846,6083,2015,1.3437154848685664,20,False,-0.25349892072732716,10014.011877782772,0.0014011877782771354,0.00046622776762306195,0.0956371570326409,-0.22058524743155106,991,328,1.309114927344782,20,False,-0.11222462593008165,8272.145714464368,-0.17278542855356316,-0.06143025143781755,-0.7561551066395412,-0.2121834890546892,1300,427,1.7241379310344827,20,False,-0.06088081576416134,10697.96968422958,0.06979696842295802,0.07037454832130696,0.3715646420712687,-0.10034199863828963,548,169,2.192,20,False,-0.10034199863828952,-0.3903235383385394,0.4452989130434783
496,e6a4cfbe4bad,strength_pullback,"{""family"": ""strength_pullback"", ""gap_max"": -0.02, ""min_adv20"": 20000000.0, ""mom3_min"": null, ""prev_return_min"": 0.05}",0.04,0.08,3.0,5,23043.334499711207,1.3043334499711206,0.04756613270759513,0.30167603235768714,-0.6587161921226627,1649,785,0.3642588910978573,5,False,-0.12600000000000003,9113.893163265326,-0.08861068367346747,-0.030415371907349553,0.09003529284719958,-0.3792082498732984,276,117,0.36459709379128136,5,False,-0.12600000000000003,11868.913734527014,0.18689137345270135,0.0589353586537682,0.3658858349480139,-0.37373407158390626,260,118,0.3448275862068966,5,False,-0.10424139777526416,7409.642295462442,-0.2590357704537558,-0.2608107869471926,-1.3344742940568428,-0.38640118921670974,83,47,0.332,5,False,-0.12600000000000003,-0.21164073951048756,0.44459239130434786
497,dc02fb10bc44,oversold_3d_reversal,"{""family"": ""oversold_3d_reversal"", ""max_abs_gap"": 0.05, ""min_adv20"": 50000000.0, ""momentum_column"": ""mom3"", ""momentum_max"": -0.2}",,,4.0,20,1295.9179148191092,-0.8704082085180891,-0.10751539132799326,-0.19955078503453771,-0.9325419465911153,1274,704,0.2814225756571681,20,False,-0.6693105237073131,10058.39259204691,0.005839259204690972,0.001940074700247374,0.19127936469412254,-0.3391901917626061,261,97,0.34478203434610305,20,False,-0.2528468283559878,9099.496392365347,-0.09005036076346529,-0.031046617138786203,-0.27784110704457166,-0.17771637535537443,238,150,0.3156498673740053,9,False,-0.05749021875802638,8720.585014330578,-0.12794149856694226,-0.12889604564567114,-0.16321018867429243,-0.30575255812746516,144,73,0.576,20,False,-0.30575255812746505,-0.39083014972866026,0.4445108695652174
498,fe3307e645b6,oversold_3d_reversal,"{""family"": ""oversold_3d_reversal"", ""max_abs_gap"": 0.05, ""min_adv20"": 20000000.0, ""momentum_column"": ""mom3"", ""momentum_max"": -0.2}",,,4.0,20,962.0744169185188,-0.9037925583081481,-0.12219249509253538,-0.19146637079099904,-0.9569769612605762,1514,796,0.3344378175392092,20,False,-0.7224520311502061,10053.714367324206,0.005371436732420687,0.0017849195152404018,0.19089494884173305,-0.3392253334606369,263,97,0.3474240422721268,20,False,-0.2528468283559878,9072.923668868592,-0.09270763311314079,-0.031993232302796826,-0.28789397100327707,-0.17771637535537443,239,151,0.3169761273209549,9,False,-0.05749021875802638,8720.585014330578,-0.12794149856694226,-0.12889604564567114,-0.16321018867429243,-0.30575255812746516,144,73,0.576,20,False,-0.30575255812746505,-0.3823613196327321,0.4439673913043478
499,f8be557fd27c,oversold_5d_reversal,"{""family"": ""oversold_5d_reversal"", ""max_abs_gap"": 0.01, ""min_adv20"": 20000000.0, ""momentum_column"": ""mom5"", ""momentum_max"": -0.2}",,,2.0,20,5187.760451486738,-0.4812239548513262,-0.03587338742757107,-0.3090752708611072,-0.6096367652641419,1499,881,0.33112436492158165,20,False,-0.23214105496036436,9841.343697073291,-0.01586563029267085,-0.005309756500278873,0.04087315695335051,-0.15731376814282527,231,101,0.3051519154557464,20,False,-0.08424325453776085,10358.217059360415,0.035821705936041504,0.01183224907597058,0.28926510589095666,-0.06443680706104915,263,169,0.34880636604774534,9,False,-0.01556507936507936,12702.397100233333,0.27023971002333336,0.27267282526819625,1.1231246115981786,-0.015974251412496088,139,80,0.556,14,False,-0.011678581241922725,-0.34994842781445773,0.4438586956521739
500,089ab2b4aab5,oversold_5d_reversal,"{""family"": ""oversold_5d_reversal"", ""max_abs_gap"": 0.01, ""min_adv20"": 50000000.0, ""momentum_column"": ""mom5"", ""momentum_max"": -0.2}",,,1.5,20,7316.356831613907,-0.2683643168386093,-0.017243696356096794,-0.23671436452163555,-0.38589066865933674,1197,757,0.2644135188866799,18,False,-0.16103714143455888,9617.981839980113,-0.03820181600198869,-0.012882693236687892,-0.06179579707764791,-0.13179010234472244,230,101,0.3038309114927345,20,False,-0.06318244090332065,10258.737644951607,0.025873764495160767,0.008574035095503696,0.27547791716503234,-0.04865691452221432,262,169,0.34748010610079577,9,False,-0.01167380952380952,12013.921422528623,0.2013921422528624,0.20315689821406924,1.1231246115981786,-0.01199311384922741,139,80,0.556,14,False,-0.008758935931442044,-0.17491856744398765,0.44377717391304344
501,8486bd00cb94,prior_day_crash_rebound,"{""family"": ""prior_day_crash_rebound"", ""max_abs_gap"": 0.05, ""min_adv20"": 20000000.0, ""prev_return_max"": -0.1}",,,3.0,20,2825.788966724675,-0.7174211033275325,-0.06793297900544637,-0.08321047605152558,-0.8947139852934596,3021,1289,0.6673293571901922,20,False,-0.3158656669755183,9020.77964776239,-0.09792203522376097,-0.03372428284583684,-0.03696371279706912,-0.2585061179729833,439,187,0.5799207397622193,20,False,-0.1480170772272033,10789.405514516497,0.07894055145164969,0.025718875504522787,0.3412481688533603,-0.11343907458519831,464,260,0.6153846153846154,17,False,-0.03250761263557665,10044.111814371781,0.004411181437178113,0.004446549231246211,0.10778591254310844,-0.10393858443232695,250,105,1.0,20,False,-0.06859714233723485,-0.04624676325445646,0.4430163043478261
502,7757967a78ef,volatility_reversal,"{""family"": ""volatility_reversal"", ""gap_max"": -0.02, ""min_adv20"": 20000000.0, ""prev_intraday_max"": -0.02, ""prev_range_min"": 0.03}",,0.08,4.0,5,51.43893100081133,-0.9948561068999189,-0.25424398016356686,0.18117812543343728,-0.9995652597544178,3881,1594,0.8573006406008394,5,False,-0.8052743966526329,8935.95197866635,-0.106404802133365,-0.03675863794070022,0.40319247747378606,-0.827954030130198,702,285,0.9273447820343461,5,False,-0.4345333384017935,4392.351532945378,-0.5607648467054622,-0.2404032243895302,-0.05150646300948379,-0.9079430756904722,706,277,0.9363395225464191,5,False,-0.33360185826445726,6877.378675670578,-0.3122621324329422,-0.31431867517078715,-0.16673855875834503,-0.5472089904305004,241,104,0.964,5,False,-0.2356003950842128,-0.22201435204034878,0.4426086956521739
503,a42b45d26d32,volatility_reversal,"{""family"": ""volatility_reversal"", ""gap_max"": -0.02, ""min_adv20"": 50000000.0, ""prev_intraday_max"": -0.02, ""prev_range_min"": 0.03}",,0.08,3.0,20,21159.98410707074,1.115998410707074,0.042605803557955735,0.30015161575946975,-0.7983427784110757,5587,1427,1.2341506516456815,20,False,-0.3425953773785386,9143.225419718146,-0.08567745802818538,-0.029377685124959307,0.15020518670384247,-0.640326650029772,1394,284,1.8414795244385733,20,False,-0.36734596019240195,9214.626187998874,-0.07853738120011255,-0.02696641004845579,0.025607659767827154,-0.5432499361082208,1142,277,1.5145888594164456,20,False,-0.15114032968552835,12624.757329788676,0.2624757329788676,0.26483193780640746,0.8376011231008285,-0.16109038325058544,394,104,1.576,20,False,-0.1112039919359179,-0.14994642905562727,0.4398097826086957
504,e4f01dfbafdc,strength_pullback,"{""family"": ""strength_pullback"", ""gap_max"": -0.03, ""min_adv20"": 20000000.0, ""mom3_min"": null, ""prev_return_min"": 0.05}",0.04,0.08,4.0,3,22945.010257605118,1.2945010257605118,0.047316809161336515,0.3283729421170818,-0.7683315380878172,784,462,0.17318312348133422,3,False,-0.168,8754.677752745483,-0.12453222472545167,-0.043307971441887694,0.1449891623077394,-0.4580295054388659,137,81,0.1809775429326288,3,False,-0.168,25160.027145490716,1.5160027145490718,0.36120854432888505,1.1595394144140272,-0.19316364704199473,109,67,0.14456233421750664,3,False,-0.11964755061169813,6173.342089774134,-0.3826657910225866,-0.3850433441102127,-1.5726526093815532,-0.4947180477903982,38,29,0.152,3,False,-0.168,-0.1833837798093424,0.4392391304347826
505,021ce8ad71a1,oversold_3d_reversal,"{""family"": ""oversold_3d_reversal"", ""max_abs_gap"": 0.03, ""min_adv20"": 50000000.0, ""momentum_column"": ""mom3"", ""momentum_max"": -0.12}",,,1.5,10,1032.9731409137437,-0.8967026859086257,-0.11871114901223989,-0.35601748161409125,-0.9300783068306138,5250,2015,1.1597084161696487,10,False,-0.350275783991311,10870.455356003855,0.08704553560038542,0.028174000855148318,0.23257572336700827,-0.31027808707167615,828,328,1.0937912813738442,10,False,-0.1263648818066413,6984.25061350361,-0.301574938649639,-0.11304392409228292,-0.7814638094440699,-0.3638484365714346,1195,427,1.5848806366047745,10,False,-0.0909891290053741,9695.123755070406,-0.030487624492959386,-0.030727739398032416,0.04026573846640607,-0.1795180437881605,497,169,1.988,10,False,-0.10210742577569812,-0.5885932049810996,0.436983695652174
506,7757967a78ef,volatility_reversal,"{""family"": ""volatility_reversal"", ""gap_max"": -0.02, ""min_adv20"": 20000000.0, ""prev_intraday_max"": -0.02, ""prev_range_min"": 0.03}",,0.08,3.0,20,25052.24058137893,1.5052240581378928,0.052451750886806314,0.3291598810897764,-0.7984997963692855,6421,1594,1.4183786171857742,20,False,-0.3464406819054104,9091.420688359625,-0.09085793116403751,-0.03121188860519175,0.14673945671222874,-0.6427657622639575,1408,285,1.8599735799207398,20,False,-0.36734596019240195,9096.171397368455,-0.09038286026315456,-0.031164964492730984,0.010987024983169568,-0.5524979014809408,1147,277,1.5212201591511936,20,False,-0.15114032968552835,12624.757329788676,0.2624757329788676,0.26483193780640746,0.8376011231008285,-0.16109038325058544,394,104,1.576,20,False,-0.1112039919359179,-0.18242042437754766,0.4363858695652174
507,bdd1d95c3f2c,prior_day_crash_rebound,"{""family"": ""prior_day_crash_rebound"", ""max_abs_gap"": 0.05, ""min_adv20"": 50000000.0, ""prev_return_max"": -0.1}",,,3.0,20,2694.242114522479,-0.7305757885477522,-0.07040306601727175,-0.11889918457292606,-0.8690202949710074,2541,1116,0.56129887342611,20,False,-0.2815168735395809,9072.721063819828,-0.09272789361801714,-0.03187568178824063,-0.03301059057734432,-0.253711264715772,424,185,0.560105680317041,20,False,-0.1480170772272033,10873.883060801141,0.08738830608011416,0.028396026024258836,0.3727964634120449,-0.10759899837363629,460,258,0.610079575596817,17,False,-0.03250761263557665,10044.111814371781,0.004411181437178113,0.004446549231246211,0.10778591254310844,-0.10393858443232695,250,105,1.0,20,False,-0.06859714233723485,-0.08588859399558174,0.4357880434782609
508,e21ba93123fd,oversold_5d_reversal,"{""family"": ""oversold_5d_reversal"", ""max_abs_gap"": 0.05, ""min_adv20"": 20000000.0, ""momentum_column"": ""mom5"", ""momentum_max"": -0.2}",,,1.0,10,3551.9810056135093,-0.6448018994386491,-0.05599021364257639,-0.28012031199176385,-0.7147264006062033,2913,1296,0.6434724983432737,10,False,-0.21956412878973702,9838.122459472117,-0.016187754052788272,-0.005418151263585913,0.0448758707429235,-0.21166066139197692,378,162,0.49933949801849403,10,False,-0.08557886617223887,10289.061769339063,0.02890617693390629,0.009569450752011432,0.15404519902848704,-0.1256206664234526,509,245,0.6750663129973474,10,False,-0.04202018540867915,11096.701949151842,0.10967019491518415,0.11059438309612868,0.6186735125741295,-0.07483743360862949,222,106,0.888,10,False,-0.07483743360862943,-0.32499618273468733,0.43576086956521737
509,e21ba93123fd,oversold_5d_reversal,"{""family"": ""oversold_5d_reversal"", ""max_abs_gap"": 0.05, ""min_adv20"": 20000000.0, ""momentum_column"": ""mom5"", ""momentum_max"": -0.2}",,,1.5,20,4661.518635970812,-0.5338481364029188,-0.04159681941348237,-0.15910409153871408,-0.6849673302527612,3265,1296,0.721228186436934,20,False,-0.2805378755548419,9223.093834226875,-0.07769061657731258,-0.02656339119729978,-0.09047890511429788,-0.2001811568557491,497,162,0.6565389696169088,20,False,-0.10086529721829618,10385.81887096856,0.03858188709685595,0.012732586791616596,0.2208476810816311,-0.0942488868075737,527,245,0.6989389920424404,19,False,-0.03151513905650936,11772.273656079817,0.1772273656079817,0.1787649989385376,0.7146871769752543,-0.09496366788181698,245,106,0.98,20,False,-0.09496366788181697,-0.0686251864244162,0.4340489130434783
510,7757967a78ef,volatility_reversal,"{""family"": ""volatility_reversal"", ""gap_max"": -0.02, ""min_adv20"": 20000000.0, ""prev_intraday_max"": -0.02, ""prev_range_min"": 0.03}",,0.08,4.0,10,1536.036891998588,-0.8463963108001412,-0.09903020641997662,0.20934180860738827,-0.9926124357075491,5129,1594,1.132979898387453,10,False,-0.6379380408819406,7794.619778487,-0.22053802215130003,-0.0795943170893918,0.294529760052236,-0.8463724314855172,994,285,1.3130779392338177,10,False,-0.5602727986267199,7609.879748076738,-0.23901202519232623,-0.08724466069503634,0.05843050475173208,-0.7808665711370749,919,277,1.2188328912466844,10,False,-0.22415933456029996,11130.675698854975,0.11306756988549749,0.11402183113506625,0.46516354203649346,-0.32590203512257565,318,104,1.272,10,False,-0.20282061604387036,-0.08518795144484775,0.4339673913043478
511,a42b45d26d32,volatility_reversal,"{""family"": ""volatility_reversal"", ""gap_max"": -0.02, ""min_adv20"": 50000000.0, ""prev_intraday_max"": -0.02, ""prev_range_min"": 0.03}",,0.08,4.0,5,97.56738909494989,-0.990243261090505,-0.22719018971075733,0.17914340570593162,-0.9992574409059647,3424,1427,0.7563507841837862,5,False,-0.8052743966526329,8704.185486401395,-0.12958145135986054,-0.045148314864568384,0.39148869762043026,-0.8398383717313519,694,284,0.916776750330251,5,False,-0.4345333384017935,3902.3160376708065,-0.6097683962329193,-0.26984879804030726,-0.10256192803319801,-0.9158005884450137,705,277,0.9350132625994695,5,False,-0.33360185826445726,6877.378675670578,-0.3122621324329422,-0.31431867517078715,-0.16673855875834503,-0.5472089904305004,241,104,0.964,5,False,-0.2356003950842128,-0.21234529191449864,0.43358695652173906
512,7bbe6d4eb49d,relative_weakness_reversal,"{""family"": ""relative_weakness_reversal"", ""gap_max"": -0.03, ""min_adv20"": 20000000.0, ""mom3_max"": -0.05, ""prev_return_percentile_max"": 0.2}",0.02,0.08,3.0,20,30000.117465861626,2.0000117465861624,0.06306428647641216,0.6166148346382858,-0.25286922147177804,1958,695,0.4325160150209852,20,False,-0.06599999999999999,9453.11096998061,-0.05468890300193907,-0.018548128911262007,-0.06464495965975174,-0.32507285039123424,481,105,0.6354029062087186,20,False,-0.06599999999999999,9297.691524225871,-0.07023084757741294,-0.02404360112558268,-0.10531379024269254,-0.22183597206148742,330,122,0.4376657824933687,20,False,-0.06178348796490705,10407.913836160807,0.0407913836160807,0.04112433498023993,0.4209175400640642,-0.09120376589227253,130,44,0.52,20,False,-0.036,-0.6812597942980375,0.43355978260869565
513,12257827a207,strength_pullback,"{""family"": ""strength_pullback"", ""gap_max"": -0.02, ""min_adv20"": 20000000.0, ""mom3_min"": null, ""prev_return_min"": 0.05}",0.06,0.08,2.0,3,16366.287241221864,0.6366287241221864,0.027802692281157615,0.24393048778921855,-0.6646540148660793,1325,785,0.2926883145571018,3,False,-0.124,9296.474906030176,-0.07035250939698234,-0.023991984521717247,0.08484769909797528,-0.49122077423730925,219,117,0.2892998678996037,3,False,-0.124,13402.63914527694,0.340263914527694,0.10283168005643084,0.5506311050627821,-0.2752735881576266,216,118,0.2864721485411141,3,False,-0.124,7229.748539233143,-0.2770251460766857,-0.2788988673376208,-1.22024827606272,-0.39623367447084756,73,47,0.292,3,False,-0.124,-0.15908278869124326,0.43163043478260865
514,e01ec9ad1e07,oversold_5d_reversal,"{""family"": ""oversold_5d_reversal"", ""max_abs_gap"": 0.05, ""min_adv20"": 50000000.0, ""momentum_column"": ""mom5"", ""momentum_max"": -0.2}",,,2.0,20,4867.557072828215,-0.5132442927171785,-0.03928658334393531,-0.08231372969044119,-0.7293884577650875,2756,1169,0.6087916942787718,20,False,-0.3607822271306498,8931.612996087224,-0.10683870039127763,-0.03691436253820091,-0.07406188516194798,-0.25636432024781375,493,162,0.6512549537648613,20,False,-0.13448706295772825,10513.369985198047,0.051336998519804666,0.01687258709095163,0.23033579981406158,-0.12410416096319676,523,245,0.6936339522546419,19,False,-0.04202018540867915,12267.493021801884,0.2267493021801883,0.22875660736221826,0.7146871769752535,-0.1266182238424225,245,106,0.98,20,False,-0.12661822384242263,-0.008251844528493216,0.4298913043478261
515,a68266614904,volatility_reversal,"{""family"": ""volatility_reversal"", ""gap_max"": -0.02, ""min_adv20"": 20000000.0, ""prev_intraday_max"": -0.02, ""prev_range_min"": 0.05}",,0.08,3.0,10,11956.729552111023,0.19567295521110228,0.009997671423906285,0.27428038151996026,-0.9134369366342201,3647,1124,0.8056107797658494,10,False,-0.4784535306614554,8593.889588114671,-0.14061104118853296,-0.049193296275729215,0.1774494866348141,-0.7303596277874461,687,190,0.9075297225891678,10,False,-0.4202045989700399,8912.52441764925,-0.10874755823507498,-0.03774678776601659,0.03988695788379023,-0.6125862561607105,552,184,0.7320954907161804,10,False,-0.16811950092022496,12526.458241573799,0.2526458241573799,0.2549052070025879,0.7714666797270361,-0.2191011271849157,189,72,0.756,10,False,-0.12119025057058556,-0.09683089488514615,0.4281521739130435
516,96ecb9436c7e,oversold_3d_reversal,"{""family"": ""oversold_3d_reversal"", ""max_abs_gap"": 0.03, ""min_adv20"": 50000000.0, ""momentum_column"": ""mom3"", ""momentum_max"": -0.2}",,,1.0,20,6384.519774083767,-0.36154802259162333,-0.024668462031293803,-0.42299359810687354,-0.42605435967287153,1037,637,0.22907002429865253,19,False,-0.13181862539377007,9822.519659050628,-0.017748034094937193,-0.005943521425055165,-0.017324913375627114,-0.09356680042330501,184,88,0.2430647291941876,20,False,-0.0748164172867211,9648.494814538,-0.035150518546199994,-0.01188813212221218,-0.5805149358098595,-0.04926825520384648,219,142,0.29045092838196285,8,False,-0.014279560940051995,10107.447725714508,0.0107447725714509,0.010831194601895744,0.3145903367499704,-0.020746501252107308,115,72,0.46,8,False,-0.020746501252107207,-0.4056686847312464,0.42809782608695657
517,994a822c44eb,oversold_3d_reversal,"{""family"": ""oversold_3d_reversal"", ""max_abs_gap"": 0.05, ""min_adv20"": 50000000.0, ""momentum_column"": ""mom3"", ""momentum_max"": -0.12}",,,2.0,10,349.40136483467893,-0.9650598635165321,-0.17031602638615362,-0.2809845805880898,-0.9814631249363903,5737,2081,1.2672851778219572,10,False,-0.4163944368759325,10812.229276699334,0.08122292766993344,0.02633738370230354,0.2488138677859326,-0.4391491787191797,918,342,1.2126816380449141,10,False,-0.1684865090755217,6210.0991802966455,-0.37899008197033546,-0.14719466478113064,-0.6450656055404301,-0.4456291424113489,1285,439,1.7042440318302388,10,False,-0.12131883867383213,8747.841960153242,-0.1252158039846758,-0.12615151861750562,-0.11400075253150213,-0.24131926702947082,522,173,2.088,10,False,-0.15982529982054716,-0.5297984483740223,0.4276086956521739
518,f4f189c68313,volatility_reversal,"{""family"": ""volatility_reversal"", ""gap_max"": -0.02, ""min_adv20"": 20000000.0, ""prev_intraday_max"": -0.02, ""prev_range_min"": 0.05}",,0.04,2.0,3,1989.3606614398823,-0.8010639338560117,-0.08596635036417355,-0.00359381491696535,-0.9128745501281537,2144,1124,0.47360282747956706,3,False,-0.2883751431488526,9554.053426032195,-0.04459465739678048,-0.015071708328623923,0.1604809321384072,-0.5556844390286563,363,190,0.4795244385733157,3,False,-0.21959517757443156,8869.298950662076,-0.11307010493379244,-0.03930907191099797,0.07115491164853442,-0.6286336330261943,342,184,0.4535809018567639,3,False,-0.1782294066013402,6960.235094327213,-0.3039764905672787,-0.30599132324729905,-0.938023976791109,-0.38152861301986396,118,72,0.472,3,False,-0.09088537658506694,-0.16407474705537253,0.4271195652173913
519,37e8e6129018,relative_weakness_reversal,"{""family"": ""relative_weakness_reversal"", ""gap_max"": -0.03, ""min_adv20"": 50000000.0, ""mom3_max"": -0.05, ""prev_return_percentile_max"": 0.2}",0.06,,2.0,20,41702.96271310492,3.170296271310492,0.08273509436794191,0.5696471509805265,-0.2405819535516298,1676,606,0.37022310580958695,20,False,-0.11293167149190472,9382.01861328861,-0.061798138671139036,-0.021011412710472244,-0.060767564701810495,-0.33800540886602404,474,105,0.6261558784676354,20,False,-0.124,12190.612631825737,0.21906126318257368,0.06844270603642211,0.4899343207024592,-0.1682133811691474,329,122,0.4363395225464191,20,False,-0.0666558525841058,11156.92900281434,0.11569290028143397,0.11667045791202924,0.7970691945136295,-0.06864963780153854,130,44,0.52,20,False,-0.04140782539849708,-0.630414715682337,0.4261956521739131
520,56e51a7a32c6,prior_day_crash_rebound,"{""family"": ""prior_day_crash_rebound"", ""max_abs_gap"": 0.01, ""min_adv20"": 50000000.0, ""prev_return_max"": -0.15}",,0.04,1.0,20,9234.312055386237,-0.07656879446137632,-0.004424479857842889,-0.4504040867646197,-0.08777158177067101,280,235,0.061851115529047936,8,False,-0.01923580392268598,9910.951704817711,-0.008904829518228907,-0.002973204069881996,-0.1093904287134869,-0.027628373261403216,71,37,0.09379128137384413,20,False,-0.025619531516606737,10093.569064489477,0.0093569064489476,0.0031175514043761954,0.4242884371310038,-0.009971406278903694,66,60,0.08753315649867374,3,False,-0.0048800965994298786,10056.486651551433,0.005648665155143284,0.005693982887470694,0.522154390758603,-0.007340160842118748,41,36,0.164,2,False,-0.003017664132615261,-0.34101365805113276,0.4254891304347826
521,a42b45d26d32,volatility_reversal,"{""family"": ""volatility_reversal"", ""gap_max"": -0.02, ""min_adv20"": 50000000.0, ""prev_intraday_max"": -0.02, ""prev_range_min"": 0.03}",,0.08,4.0,10,1939.296804715955,-0.8060703195284045,-0.0872622692542363,0.20458034494965865,-0.9880505652614078,4494,1427,0.9927104042412194,10,False,-0.6379380408819406,7610.548734898496,-0.23894512651015043,-0.08688767022641997,0.28144474880972487,-0.8491129806957823,983,284,1.298546895640687,10,False,-0.5602727986267199,8125.347778250796,-0.18746522217492034,-0.06703016085977476,0.0908831610814326,-0.7604209970108046,916,277,1.2148541114058355,10,False,-0.17936803328819723,11130.675698854975,0.11306756988549749,0.11402183113506625,0.46516354203649346,-0.32590203512257565,318,104,1.272,10,False,-0.20282061604387036,-0.07686440386006621,0.4247282608695652
522,089ab2b4aab5,oversold_5d_reversal,"{""family"": ""oversold_5d_reversal"", ""max_abs_gap"": 0.01, ""min_adv20"": 50000000.0, ""momentum_column"": ""mom5"", ""momentum_max"": -0.2}",,,1.0,10,6909.773977081163,-0.3090226022918837,-0.02036657776486317,-0.2577482179415184,-0.44933958563529575,1167,757,0.2577866136514248,10,False,-0.14268970676925324,9272.761533248993,-0.07272384667510068,-0.02482145884885356,-0.1862613826703522,-0.13682646440718904,195,101,0.2575957727873184,10,False,-0.08424325453776085,10339.139561336278,0.03391395613362791,0.011209030222364191,0.2754779171650322,-0.06443680706104915,262,169,0.34748010610079577,9,False,-0.01556507936507936,12071.128331632255,0.20711283316322548,0.20893193497009843,1.1594068533536561,-0.01597425141249631,135,80,0.54,10,False,-0.011678581241922725,-0.07148683527116623,0.4245652173913044
523,79bba811cf88,volatility_reversal,"{""family"": ""volatility_reversal"", ""gap_max"": -0.02, ""min_adv20"": 20000000.0, ""prev_intraday_max"": -0.02, ""prev_range_min"": 0.03}",,0.04,1.5,20,13855.66294599039,0.385566294599039,0.018318951724769272,0.20068875839913336,-0.5447236845322425,6421,1594,1.4183786171857742,20,False,-0.1670554159939148,9570.224640512157,-0.042977535948784285,-0.014517058075320666,0.0063670542343609105,-0.36497614677848467,1408,285,1.8599735799207398,20,False,-0.17776100449206597,9107.658115371834,-0.08923418846281661,-0.030756236976036355,-0.21779482485973917,-0.31689429609138764,1147,277,1.5212201591511936,20,False,-0.07557016484276417,10770.691056317906,0.0770691056317907,0.07770901921800544,0.646024482877611,-0.06524523530392112,394,104,1.576,20,False,-0.05250293979603789,-0.19432170416477246,0.4242663043478261
524,e01ec9ad1e07,oversold_5d_reversal,"{""family"": ""oversold_5d_reversal"", ""max_abs_gap"": 0.05, ""min_adv20"": 50000000.0, ""momentum_column"": ""mom5"", ""momentum_max"": -0.2}",,,1.5,10,2785.3097776199006,-0.72146902223801,-0.06868129359808983,-0.2051368118206104,-0.814886513763822,2460,1169,0.5434062292909212,10,False,-0.34056680069453044,9640.302469703909,-0.03596975302960914,-0.01212068434230984,0.06630864892904072,-0.29948169112928547,378,162,0.49933949801849403,10,False,-0.1283682992583583,10393.668088855846,0.039366808885584526,0.012988327809507094,0.16405090435100086,-0.18366693679740687,505,245,0.669761273209549,10,False,-0.06303027811301871,11544.984261498039,0.1544984261498039,0.15582608620520988,0.6186735125741295,-0.11225615041294401,222,106,0.888,10,False,-0.11225615041294415,-0.2714454607496511,0.4239945652173913
525,f4f189c68313,volatility_reversal,"{""family"": ""volatility_reversal"", ""gap_max"": -0.02, ""min_adv20"": 20000000.0, ""prev_intraday_max"": -0.02, ""prev_range_min"": 0.05}",,0.04,3.0,10,7686.638529544304,-0.2313361470455696,-0.014539082457575292,0.1513705769096379,-0.8969882342536177,3647,1124,0.8056107797658494,10,False,-0.34907221650373865,8605.753693295455,-0.1394246306704544,-0.04875653689823101,0.11071462377228508,-0.6834653951000371,687,190,0.9075297225891678,10,False,-0.39591082600950206,7180.735538050633,-0.2819264461949367,-0.10478131304837124,-0.2605440238345921,-0.6339569790071192,552,184,0.7320954907161804,10,False,-0.16811950092022496,11687.766229703619,0.16877662297036178,0.17023576963393494,0.671077630424984,-0.1921183891418231,189,72,0.756,10,False,-0.1087940258829013,-0.04065595313735282,0.4235597826086957
526,089ab2b4aab5,oversold_5d_reversal,"{""family"": ""oversold_5d_reversal"", ""max_abs_gap"": 0.01, ""min_adv20"": 50000000.0, ""momentum_column"": ""mom5"", ""momentum_max"": -0.2}",,,2.0,20,6474.390864174096,-0.35256091358259034,-0.023909248065515643,-0.23671436452163544,-0.48607645468807115,1197,757,0.2644135188866799,18,False,-0.21471618857941183,9424.256478009052,-0.05757435219909479,-0.019546415047387855,-0.061795797077647825,-0.17301578774647097,230,101,0.3038309114927345,20,False,-0.08424325453776085,10339.139561336278,0.03391395613362791,0.011209030222364191,0.2754779171650322,-0.06443680706104915,262,169,0.34748010610079577,9,False,-0.01556507936507936,12702.397100233333,0.27023971002333336,0.27267282526819625,1.1231246115981786,-0.015974251412496088,139,80,0.556,14,False,-0.011678581241922725,-0.17491856744398762,0.42282608695652174
527,a68266614904,volatility_reversal,"{""family"": ""volatility_reversal"", ""gap_max"": -0.02, ""min_adv20"": 20000000.0, ""prev_intraday_max"": -0.02, ""prev_range_min"": 0.05}",,0.08,1.5,20,24326.761979645944,1.4326761979645943,0.05073154425115112,0.37021971425657696,-0.4125812117854901,4551,1124,1.0053015241882042,20,False,-0.1732203409527052,9448.3758635118,-0.05516241364882013,-0.018711811029411662,0.004409098851949074,-0.36431053675450253,980,190,1.2945838837516512,20,False,-0.18367298009620098,10012.613086507263,0.0012613086507262672,0.0004213745557681836,0.05999842151930161,-0.2582266700584649,677,184,0.8978779840848806,20,False,-0.0750705682349549,11504.754433082353,0.15047544330823537,0.15176631275843455,0.9498920755694384,-0.059966894631286016,239,72,0.956,20,False,-0.05560199596795895,-0.3658106154046279,0.42263586956521737
528,a25608756395,strength_pullback,"{""family"": ""strength_pullback"", ""gap_max"": -0.02, ""min_adv20"": 20000000.0, ""mom3_min"": null, ""prev_return_min"": 0.05}",0.02,0.08,3.0,3,40946.8523401751,3.0946852340175104,0.08163285345081595,0.39768420224512235,-0.665707604730569,1325,785,0.2926883145571018,3,False,-0.066,9014.546148094976,-0.09854538519050238,-0.03394661062048554,0.0531178757912526,-0.43061584825002996,219,117,0.2892998678996037,3,False,-0.066,10483.799209867011,0.048379920986701075,0.01591578177194264,0.19027441653367122,-0.3826731175346296,216,118,0.2864721485411141,3,False,-0.066,7444.370982838194,-0.25556290171618057,-0.25731845587294844,-1.339387963760342,-0.37060712428389786,73,47,0.292,3,False,-0.066,-0.34456632645386975,0.4223097826086956
529,56e51a7a32c6,prior_day_crash_rebound,"{""family"": ""prior_day_crash_rebound"", ""max_abs_gap"": 0.01, ""min_adv20"": 50000000.0, ""prev_return_max"": -0.15}",,0.04,1.5,20,8867.992436526514,-0.11320075634734861,-0.006665215719486306,-0.45040408676461974,-0.12926395371824495,280,235,0.061851115529047936,8,False,-0.02885370588402897,9860.151091114456,-0.013984890888554369,-0.004677359046774354,-0.10939042871348682,-0.041417700677068514,71,37,0.09379128137384413,20,False,-0.0384292972749101,10140.058090041164,0.01400580900411641,0.004659330039155973,0.42428843713100384,-0.014943879957028727,66,60,0.08753315649867374,3,False,-0.007320144899144817,10084.39822522779,0.008439822522778861,0.008507627506595616,0.5221543907586028,-0.01099821460098982,41,36,0.164,2,False,-0.004526496198922892,-0.34101365805113293,0.42067934782608696
530,a68266614904,volatility_reversal,"{""family"": ""volatility_reversal"", ""gap_max"": -0.02, ""min_adv20"": 20000000.0, ""prev_intraday_max"": -0.02, ""prev_range_min"": 0.05}",,0.08,4.0,5,114.23669144751675,-0.9885763308552483,-0.2203749234106187,0.1932144961425212,-0.9986352667064456,2756,1124,0.6087916942787718,5,False,-0.8052743966526329,7377.068325909747,-0.2622931674090253,-0.09631006773151995,0.30040864560448827,-0.852509292515493,485,190,0.6406869220607662,5,False,-0.4345333384017935,8291.166374848817,-0.17088336251511826,-0.0607095240363521,0.21405883235507636,-0.8102873543242106,428,184,0.5676392572944297,5,False,-0.3290704629633459,8207.169872329425,-0.1792830127670575,-0.180579226137224,-0.043523596870111696,-0.49857490394988135,145,72,0.58,5,False,-0.13580667358290696,-0.10719414946196706,0.41994565217391305
531,0c910a5068ad,gap_up_continuation,"{""family"": ""gap_up_continuation"", ""gap_min"": 0.08, ""min_adv20"": 50000000.0, ""mom3_min"": 0.0, ""prev_return_min"": 0.05}",,0.02,1.0,3,7406.37210997512,-0.259362789002488,-0.01657451008290234,-0.3879938928349008,-0.30350084915690756,126,95,0.027833001988071572,3,False,-0.06673941439154796,9854.850816586279,-0.014514918341372085,-0.004855498955081861,-0.07175203237908565,-0.11090000812031675,40,21,0.052840158520475564,3,False,-0.06437633664845077,10069.646232028595,0.00696462320285951,0.0023223230931463945,0.1159070208231499,-0.026885460976143305,11,10,0.014588859416445624,2,False,-0.026885460976143343,9888.759929541844,-0.01112400704581562,-0.011212498322775266,-0.31840643998225265,-0.03885987185700923,9,9,0.036,1,False,-0.025849815794145543,-0.31624186045581515,0.4189130434782608
532,021ce8ad71a1,oversold_3d_reversal,"{""family"": ""oversold_3d_reversal"", ""max_abs_gap"": 0.03, ""min_adv20"": 50000000.0, ""momentum_column"": ""mom3"", ""momentum_max"": -0.12}",,,2.0,10,363.3558392839938,-0.9636644160716006,-0.16850538031053508,-0.35601748161409125,-0.977793908130057,5250,2015,1.1597084161696487,10,False,-0.4670343786550813,10734.562962253176,0.07345629622531757,0.023877266832866173,0.23257572336700838,-0.39647831584293936,828,328,1.0937912813738442,10,False,-0.1684865090755217,6114.14284450298,-0.388585715549702,-0.15162158457494868,-0.7814638094440701,-0.4589686800777877,1195,427,1.5848806366047745,10,False,-0.12131883867383213,9431.561404633398,-0.05684385953666027,-0.05728533005427361,0.040265738466406034,-0.23280099012620636,497,169,1.988,10,False,-0.1361432343675975,-0.5885932049810996,0.41847826086956524
533,dc02fb10bc44,oversold_3d_reversal,"{""family"": ""oversold_3d_reversal"", ""max_abs_gap"": 0.05, ""min_adv20"": 50000000.0, ""momentum_column"": ""mom3"", ""momentum_max"": -0.2}",,,1.5,10,4577.23941684868,-0.542276058315132,-0.042569716091558574,-0.18645342326844408,-0.6899487223627241,1178,704,0.2602164789043517,10,False,-0.3122958276569494,8794.286314719931,-0.12057136852800687,-0.041869267317031,-0.12296159829983666,-0.19022646142483168,211,97,0.27873183619550856,10,False,-0.1263648818066413,9341.198859511467,-0.0658801140488533,-0.022519647750477878,-0.2778411070445716,-0.13537731536419828,238,150,0.3156498673740053,9,False,-0.04311766406851979,9848.524495959506,-0.01514755040404947,-0.015267801002719406,-0.018368537252144445,-0.11986897486541037,124,73,0.496,10,False,-0.11986897486541037,-0.06349182496860742,0.414429347826087
534,7757967a78ef,volatility_reversal,"{""family"": ""volatility_reversal"", ""gap_max"": -0.02, ""min_adv20"": 20000000.0, ""prev_intraday_max"": -0.02, ""prev_range_min"": 0.03}",,0.08,3.0,3,28.799410062678938,-0.9971200589937321,-0.2779387532377774,0.08168885242318369,-0.9994980699787391,3051,1594,0.6739562624254473,3,False,-0.7396900469747324,8644.401562210618,-0.13555984377893815,-0.047336552538563614,0.3516725708976949,-0.7537163902177525,542,285,0.7159841479524438,3,False,-0.45463864237147367,5692.229302208582,-0.43077706977914176,-0.1716553160558899,0.06384374855904891,-0.8830065973054302,559,277,0.7413793103448276,3,False,-0.2673441099020103,3841.232656628485,-0.6158767343371515,-0.6188057181711375,-1.071495367822737,-0.6704631123861831,191,104,0.764,3,False,-0.16456893346309964,-0.2699837184745112,0.4141847826086956
535,b2e74e658b61,gap_up_continuation,"{""family"": ""gap_up_continuation"", ""gap_min"": 0.05, ""min_adv20"": 50000000.0, ""mom3_min"": 0.0, ""prev_return_min"": 0.05}",,0.08,1.0,20,7677.983145734287,-0.23220168542657127,-0.014600885568190725,-0.502317011689418,-0.23656495865519855,434,202,0.09586922907002429,20,False,-0.04975953661262345,9893.195692556079,-0.010680430744392067,-0.0035681825728330896,-0.0495795699873078,-0.06506805428713458,253,43,0.3342140026420079,20,False,-0.05236578185066889,10029.340726595725,0.002934072659572573,0.0009796622093127816,0.10464218537293683,-0.013965768800438094,30,25,0.03978779840848806,3,False,-0.009171291820824361,9996.756650453885,-0.0003243349546115937,-0.0003269292100641641,-0.02396798149417304,-0.007710780213440849,22,20,0.088,2,False,-0.0038774723691218315,-0.4527374417021102,0.41358695652173916
536,021ce8ad71a1,oversold_3d_reversal,"{""family"": ""oversold_3d_reversal"", ""max_abs_gap"": 0.03, ""min_adv20"": 50000000.0, ""momentum_column"": ""mom3"", ""momentum_max"": -0.12}",,,2.0,20,1665.3537808389449,-0.8334646219161055,-0.09496707694987361,-0.2946863813058985,-0.8816674064235593,6083,2015,1.3437154848685664,20,False,-0.33799856096976955,9788.436950762118,-0.021156304923788283,-0.007093077699995787,0.09563715703264088,-0.2868712440870752,991,328,1.309114927344782,20,False,-0.1496328345734422,7732.0387425207955,-0.2267961257479204,-0.08237358583576271,-0.7561551066395414,-0.275096532080062,1300,427,1.7241379310344827,20,False,-0.0811744210188818,10796.322909953198,0.07963229099531977,0.0802942696892488,0.3715646420712687,-0.13378933151771943,548,169,2.192,20,False,-0.13378933151771938,-0.3903235383385394,0.4133152173913044
537,56e51a7a32c6,prior_day_crash_rebound,"{""family"": ""prior_day_crash_rebound"", ""max_abs_gap"": 0.01, ""min_adv20"": 50000000.0, ""prev_return_max"": -0.15}",,0.04,2.0,20,8512.483850170469,-0.14875161498295308,-0.008925016810647612,-0.4504040867646197,-0.16921606863127248,280,235,0.061851115529047936,8,False,-0.03847160784537196,9805.288590593258,-0.019471140940674148,-0.006524365169187529,-0.1093904287134869,-0.055189889179496965,71,37,0.09379128137384413,20,False,-0.051239063033213475,10186.343513911663,0.018634351391166204,0.006189688145569194,0.4242884371310038,-0.019907420929325514,66,60,0.08753315649867374,3,False,-0.009760193198859757,10112.085814102005,0.011208581410200535,0.011298754743888084,0.522154390758603,-0.014648247232517897,41,36,0.164,2,False,-0.006035328265230522,-0.34101365805113276,0.4129891304347826
538,30a224c68ce7,relative_weakness_reversal,"{""family"": ""relative_weakness_reversal"", ""gap_max"": -0.03, ""min_adv20"": 20000000.0, ""mom3_max"": -0.05, ""prev_return_percentile_max"": 0.1}",,0.08,3.0,20,43696.92207151159,3.369692207151159,0.08555376866798903,0.5365042988013057,-0.34227849089859574,1547,628,0.34172741329798983,20,False,-0.22378645075627804,8857.772532065033,-0.11422274679349664,-0.039572243729357415,0.011618027443543663,-0.4780918289361997,411,95,0.5429326287978864,20,False,-0.33870800658455485,12260.989046724362,0.2260989046724362,0.07050025078693811,0.4579315433378984,-0.21610259963703715,278,115,0.3687002652519894,20,False,-0.10567339172478425,11784.911728802,0.1784911728802001,0.18004058606984108,0.9464374428984003,-0.05055900380190159,115,41,0.46,20,False,-0.03240169322117733,-0.524886271357762,0.41013586956521736
539,fe3307e645b6,oversold_3d_reversal,"{""family"": ""oversold_3d_reversal"", ""max_abs_gap"": 0.05, ""min_adv20"": 20000000.0, ""momentum_column"": ""mom3"", ""momentum_max"": -0.2}",,,1.5,10,4179.0056140782435,-0.5820994385921756,-0.04740862368403487,-0.1884902404525711,-0.7283089437828671,1401,796,0.30947647448641485,10,False,-0.3312032911886314,8753.630833458921,-0.12463691665410792,-0.04334605760087251,-0.13113838860096608,-0.1952919449901911,212,97,0.2800528401585205,10,False,-0.1263648818066413,9320.739944777166,-0.06792600552228345,-0.023235682528988,-0.28789397100327707,-0.13537731536419828,239,151,0.3169761273209549,9,False,-0.04311766406851979,9848.524495959506,-0.01514755040404947,-0.015267801002719406,-0.018368537252144445,-0.11986897486541037,124,73,0.496,10,False,-0.11986897486541037,-0.05735185185160502,0.409320652173913
540,8486bd00cb94,prior_day_crash_rebound,"{""family"": ""prior_day_crash_rebound"", ""max_abs_gap"": 0.05, ""min_adv20"": 20000000.0, ""prev_return_max"": -0.1}",,,4.0,20,1306.8815533425552,-0.8693118446657445,-0.10709675281204034,-0.08321047605152565,-0.9595863008371588,3021,1289,0.6673293571901922,20,False,-0.4211542226340244,8433.343995847123,-0.15666560041528776,-0.05514349648751682,-0.03696371279706915,-0.33766300637639246,439,187,0.5799207397622193,20,False,-0.19735610296960443,11014.036365790726,0.10140363657907248,0.03280719955772704,0.3412481688533603,-0.14881669754324056,464,260,0.6153846153846154,17,False,-0.0433434835141022,10000.246171522684,2.4617152268424647e-05,2.4814091929892257e-05,0.10778591254310849,-0.13738608841769373,250,105,1.0,20,False,-0.09146285644964647,-0.0462467632544565,0.4090217391304348
541,7bbe6d4eb49d,relative_weakness_reversal,"{""family"": ""relative_weakness_reversal"", ""gap_max"": -0.03, ""min_adv20"": 20000000.0, ""mom3_max"": -0.05, ""prev_return_percentile_max"": 0.2}",0.02,0.08,4.0,20,41444.98623791154,3.1444986237911534,0.08236115842852043,0.616614834638286,-0.32504341486869537,1958,695,0.4325160150209852,20,False,-0.088,9158.724447652183,-0.08412755523478177,-0.0288302728015003,-0.06464495965975141,-0.41229677172607204,481,105,0.6354029062087186,20,False,-0.088,8970.535826912324,-0.10294641730876752,-0.035658008253116824,-0.10531379024269273,-0.2876189174689633,330,122,0.4376657824933687,20,False,-0.0823779839532094,10521.512682054903,0.05215126820549032,0.052579260059473665,0.4209175400640641,-0.12020668764267817,130,44,0.52,20,False,-0.048,-0.6812597942980374,0.4086413043478261
542,f4f189c68313,volatility_reversal,"{""family"": ""volatility_reversal"", ""gap_max"": -0.02, ""min_adv20"": 20000000.0, ""prev_intraday_max"": -0.02, ""prev_range_min"": 0.05}",,0.04,4.0,5,439.37940100437874,-0.9560620598995622,-0.15966527744260728,0.09325531851198213,-0.9936075706201547,2756,1124,0.6087916942787718,5,False,-0.5002929621418017,8771.061633017269,-0.12289383669827314,-0.0427123332778625,0.280218358135782,-0.8087682646337685,485,190,0.6406869220607662,5,False,-0.39220647824968535,5738.816334038648,-0.4261183665961352,-0.16939565419047775,-0.06410790417546341,-0.8340598195171796,428,184,0.5676392572944297,5,False,-0.3290704629633459,8618.937329030792,-0.13810626709692075,-0.13913043801005698,-0.05543251426327253,-0.45035094654643537,145,72,0.58,5,False,-0.10611391117548567,-0.18696303962379987,0.40695652173913044
543,f8be557fd27c,oversold_5d_reversal,"{""family"": ""oversold_5d_reversal"", ""max_abs_gap"": 0.01, ""min_adv20"": 20000000.0, ""momentum_column"": ""mom5"", ""momentum_max"": -0.2}",,,3.0,20,3449.7438816528706,-0.6550256118347129,-0.057523693261165576,-0.30907527086110703,-0.7723656520742617,1499,881,0.33112436492158165,20,False,-0.34821158244054656,9536.411711357277,-0.04635882886427223,-0.01567750946213664,0.0408731569533505,-0.2306372533493145,231,101,0.3051519154557464,20,False,-0.1263648818066413,10519.859103721526,0.05198591037215272,0.017082312128267274,0.2892651058909569,-0.09535151507027917,263,169,0.34880636604774534,9,False,-0.02334761904761904,14104.844608231153,0.4104844608231153,0.4143707046688849,1.1231246115981786,-0.023911588958370755,139,80,0.556,14,False,-0.017517871862884088,-0.3499484278144575,0.40448369565217385
544,e6a4cfbe4bad,strength_pullback,"{""family"": ""strength_pullback"", ""gap_max"": -0.02, ""min_adv20"": 20000000.0, ""mom3_min"": null, ""prev_return_min"": 0.05}",0.04,0.08,4.0,5,20426.094842916515,1.0426094842916513,0.04055916467080767,0.30167603235768714,-0.7967270085338494,1649,785,0.3642588910978573,5,False,-0.168,8148.664944570506,-0.18513350554294938,-0.06588293660306932,0.09003529284719954,-0.48981269134313743,276,117,0.36459709379128136,5,False,-0.168,12142.088289645151,0.2142088289645152,0.06701942416105622,0.3658858349480138,-0.4691399837494169,260,118,0.3448275862068966,5,False,-0.1389885303670189,6633.705206992443,-0.3366294793007557,-0.33880400013771406,-1.3344742940568428,-0.48323867272166265,83,47,0.332,5,False,-0.168,-0.21164073951048762,0.4042391304347826
545,e21ba93123fd,oversold_5d_reversal,"{""family"": ""oversold_5d_reversal"", ""max_abs_gap"": 0.05, ""min_adv20"": 20000000.0, ""momentum_column"": ""mom5"", ""momentum_max"": -0.2}",,,2.0,20,3171.574288286831,-0.6828425711713169,-0.06192412752190546,-0.1591040915387141,-0.8070052834706035,3265,1296,0.721228186436934,20,False,-0.37405050073978924,8831.642380382129,-0.11683576196178713,-0.04051633633508456,-0.09047890511429793,-0.26129182275825313,497,162,0.6565389696169088,20,False,-0.13448706295772825,10486.721539499962,0.04867215394999613,0.01601041793291147,0.22084768108163103,-0.12410416096319676,527,245,0.6989389920424404,19,False,-0.04202018540867915,12267.493021801884,0.2267493021801883,0.22875660736221826,0.7146871769752535,-0.1266182238424225,245,106,0.98,20,False,-0.12661822384242263,-0.06862518642441617,0.40304347826086956
546,96ecb9436c7e,oversold_3d_reversal,"{""family"": ""oversold_3d_reversal"", ""max_abs_gap"": 0.03, ""min_adv20"": 50000000.0, ""momentum_column"": ""mom3"", ""momentum_max"": -0.2}",,,1.5,20,4985.608593072381,-0.5014391406927619,-0.03800419319661841,-0.42299359810687354,-0.5731452981627886,1037,637,0.22907002429865253,19,False,-0.1977279380906551,9646.154972222896,-0.035384502777710436,-0.011921079266762113,-0.017324913375627093,-0.13910934474895464,184,88,0.2430647291941876,20,False,-0.11222462593008165,9473.032719743465,-0.052696728025653505,-0.017930497151564584,-0.5805149358098597,-0.07320953811335651,219,142,0.29045092838196285,8,False,-0.02141934141007799,10156.649852363333,0.015664985236333306,0.015791289452337764,0.3145903367499704,-0.03111975187816085,115,72,0.46,8,False,-0.031119751878160812,-0.40566868473124645,0.4020923913043479
547,bdd1d95c3f2c,prior_day_crash_rebound,"{""family"": ""prior_day_crash_rebound"", ""max_abs_gap"": 0.05, ""min_adv20"": 50000000.0, ""prev_return_max"": -0.1}",,,4.0,20,1288.9435071062844,-0.8711056492893716,-0.10778344803002127,-0.11889918457292618,-0.9446524806237248,2541,1116,0.56129887342611,20,False,-0.37535583138610784,8508.390752197438,-0.14916092478025622,-0.05235276545751788,-0.033010590577344415,-0.3311650082830566,424,185,0.560105680317041,20,False,-0.19735610296960443,11129.475012802239,0.1129475012802239,0.036412521377725326,0.37279646341204514,-0.141324203197143,460,258,0.610079575596817,17,False,-0.0433434835141022,10000.246171522684,2.4617152268424647e-05,2.4814091929892257e-05,0.10778591254310849,-0.13738608841769373,250,105,1.0,20,False,-0.09146285644964647,-0.08588859399558177,0.40097826086956523
548,79bba811cf88,volatility_reversal,"{""family"": ""volatility_reversal"", ""gap_max"": -0.02, ""min_adv20"": 20000000.0, ""prev_intraday_max"": -0.02, ""prev_range_min"": 0.03}",,0.04,4.0,10,1789.4918600764943,-0.8210508139923506,-0.09133782493703313,0.09237946943985376,-0.9871253741820721,5129,1594,1.132979898387453,10,False,-0.4654296220049849,8507.84190013363,-0.14921580998663708,-0.05237311565276359,0.2569054211814256,-0.8005314323652514,994,285,1.3130779392338177,10,False,-0.5278811013460027,6330.358815302123,-0.3669641184697877,-0.14171035950838218,-0.13568087560595546,-0.7845750167886378,919,277,1.2188328912466844,10,False,-0.22415933456029996,10183.09926906441,0.018309926906441065,0.01845774995321592,0.2734689539024249,-0.29197513541978903,318,104,1.272,10,False,-0.17045638255041246,-0.16452595174157186,0.4008152173913043
549,387eb13d7c7a,prior_day_crash_rebound,"{""family"": ""prior_day_crash_rebound"", ""max_abs_gap"": 0.01, ""min_adv20"": 50000000.0, ""prev_return_max"": -0.15}",,,1.0,10,7536.151962114459,-0.2463848037885541,-0.015623104432059165,-0.5571572314615564,-0.2883667537763115,280,235,0.061851115529047936,8,False,-0.03847160784537196,9916.828919624499,-0.008317108037550147,-0.002776423681568163,-0.037166708762076506,-0.04495648738358138,59,37,0.07793923381770146,10,False,-0.03378972735092134,10481.938500458778,0.04819385004587784,0.015855515764345185,0.7512705096925886,-0.015045257059842054,66,60,0.08753315649867374,3,False,-0.009760193198859757,9999.18236838389,-8.176316161101482e-05,-8.241723994839578e-05,0.00696800922912808,-0.016297767265067042,41,36,0.164,2,False,-0.006035328265230522,-0.5199905226994799,0.39978260869565213
550,a42b45d26d32,volatility_reversal,"{""family"": ""volatility_reversal"", ""gap_max"": -0.02, ""min_adv20"": 50000000.0, ""prev_intraday_max"": -0.02, ""prev_range_min"": 0.03}",,0.08,4.0,20,15584.142982454361,0.5584142982454361,0.025004774664687313,0.30015161575946986,-0.9215859846625702,5587,1427,1.2341506516456815,20,False,-0.45679383650471816,7680.2985738180205,-0.23197014261819793,-0.0841103037848635,0.15020518670384242,-0.7696911504779458,1394,284,1.8414795244385733,20,False,-0.48979461358986925,8571.05471157104,-0.142894528842896,-0.050229054761663616,0.025607659767827348,-0.6564084347526116,1142,277,1.5145888594164456,20,False,-0.20152043958070448,13333.786262745438,0.33337862627454373,0.3364512364371721,0.8376011231008287,-0.21452554466268603,394,104,1.576,20,False,-0.14827198924789053,-0.14994642905562744,0.39853260869565216
551,56e51a7a32c6,prior_day_crash_rebound,"{""family"": ""prior_day_crash_rebound"", ""max_abs_gap"": 0.01, ""min_adv20"": 50000000.0, ""prev_return_max"": -0.15}",,0.04,3.0,20,7833.256955482783,-0.21667430445172164,-0.013502030433716228,-0.45040408676461974,-0.2446633405253078,280,235,0.061851115529047936,8,False,-0.05770741176805794,9683.741651431088,-0.03162583485689119,-0.010641072055532441,-0.10939042871348682,-0.08268115991302671,71,37,0.09379128137384413,20,False,-0.0768585945498202,10278.283729084795,0.027828372908479393,0.009215876258885425,0.42428843713100384,-0.029807369327807698,66,60,0.08753315649867374,3,False,-0.014640289798289635,10166.780662034818,0.01667806620348178,0.016812606131477503,0.5221543907586028,-0.021924239588176242,41,36,0.164,2,False,-0.009052992397845783,-0.34101365805113293,0.3985054347826087
552,b2e74e658b61,gap_up_continuation,"{""family"": ""gap_up_continuation"", ""gap_min"": 0.05, ""min_adv20"": 50000000.0, ""mom3_min"": 0.0, ""prev_return_min"": 0.05}",,0.08,1.5,20,6689.365545458484,-0.33106344545415156,-0.022132805265184352,-0.5023170116894178,-0.33674713873021644,434,202,0.09586922907002429,20,False,-0.07463930491893518,9813.921063637921,-0.01860789363620785,-0.0062332872629977665,-0.04957956998730775,-0.097748235963528,253,43,0.3342140026420079,20,False,-0.07854867277600333,10042.955583688306,0.004295558368830665,0.0014336027758656833,0.10464218537293667,-0.020915369283508567,30,25,0.03978779840848806,3,False,-0.013756937731236544,9994.680856321067,-0.0005319143678933491,-0.0005361685418503459,-0.023967981494173046,-0.011552226298432,22,20,0.088,2,False,-0.005816208553682747,-0.45273744170211005,0.39823369565217387
553,79bba811cf88,volatility_reversal,"{""family"": ""volatility_reversal"", ""gap_max"": -0.02, ""min_adv20"": 20000000.0, ""prev_intraday_max"": -0.02, ""prev_range_min"": 0.03}",,0.04,2.0,20,14156.279439712822,0.4156279439712822,0.01953639743105695,0.20068875839913342,-0.6708715267482592,6421,1594,1.4183786171857742,20,False,-0.22274055465855308,9220.151391880665,-0.07798486081193345,-0.026666783900927582,0.0063670542343608316,-0.4623620800149433,1408,285,1.8599735799207398,20,False,-0.23701467265608794,8751.046774524926,-0.12489532254750735,-0.043609090724139765,-0.21779482485973906,-0.4016924365776474,1147,277,1.5212201591511936,20,False,-0.10076021979035224,11001.469108996249,0.10014691089962491,0.10098724864344888,0.6460244828776109,-0.08738443342202251,394,104,1.576,20,False,-0.0700039197280505,-0.1943217041647726,0.3964673913043478
554,8486bd00cb94,prior_day_crash_rebound,"{""family"": ""prior_day_crash_rebound"", ""max_abs_gap"": 0.05, ""min_adv20"": 20000000.0, ""prev_return_max"": -0.1}",,,1.0,10,3442.950089611812,-0.6557049910388189,-0.05762710981166663,-0.3392434077578882,-0.7480901544880921,2666,1289,0.5889109785730064,10,False,-0.14229435418963746,9112.813651867094,-0.08871863481329056,-0.030453604243926513,-0.24296117948589888,-0.12599399187189775,367,187,0.4848084544253633,10,False,-0.08936531713917237,10464.438728441135,0.04644387284411344,0.015288371629590625,0.30838297496791794,-0.07686401644921581,455,260,0.603448275862069,10,False,-0.01868584111970989,9750.183009491253,-0.02498169905087466,-0.02517901528258748,-0.25365985675621827,-0.06832349204330679,224,105,0.896,10,False,-0.03902637909799014,-0.09628222827198932,0.39625
555,7757967a78ef,volatility_reversal,"{""family"": ""volatility_reversal"", ""gap_max"": -0.02, ""min_adv20"": 20000000.0, ""prev_intraday_max"": -0.02, ""prev_range_min"": 0.03}",,0.08,4.0,20,18347.89450260204,0.834789450260204,0.03436256005875116,0.32915988108977634,-0.9248747474829662,6421,1594,1.4183786171857742,20,False,-0.4619209092072139,7615.454913681314,-0.23845450863186857,-0.08669175738411183,0.14673945671222868,-0.7717505713138402,1408,285,1.8599735799207398,20,False,-0.48979461358986925,8418.336796223786,-0.15816632037762135,-0.055918865282055696,0.010987024983169802,-0.6658887887370981,1147,277,1.5212201591511936,20,False,-0.20152043958070448,13333.786262745438,0.33337862627454373,0.3364512364371721,0.8376011231008287,-0.21452554466268603,394,104,1.576,20,False,-0.14827198924789053,-0.18242042437754766,0.3958152173913044
556,869cb7749fba,prior_day_crash_rebound,"{""family"": ""prior_day_crash_rebound"", ""max_abs_gap"": 0.01, ""min_adv20"": 20000000.0, ""prev_return_max"": -0.15}",,0.04,1.0,20,8952.46636518722,-0.10475336348127806,-0.006140846302460479,-0.5384353440903384,-0.11393389117347197,353,288,0.07797658493483543,11,False,-0.01923580392268598,9929.782513056865,-0.00702174869431349,-0.0023429871467424146,-0.08348543107536725,-0.025780867170599908,72,38,0.095112285336856,20,False,-0.025619531516606737,10102.407911974211,0.010240791197421162,0.003411049540313904,0.45749272747854985,-0.009971406278903694,68,62,0.09018567639257294,3,False,-0.0048800965994298786,10056.486651551433,0.005648665155143284,0.005693982887470694,0.522154390758603,-0.007340160842118748,41,36,0.164,2,False,-0.003017664132615261,-0.4549499130149712,0.3958152173913043
557,79bba811cf88,volatility_reversal,"{""family"": ""volatility_reversal"", ""gap_max"": -0.02, ""min_adv20"": 20000000.0, ""prev_intraday_max"": -0.02, ""prev_range_min"": 0.03}",,0.04,3.0,3,215.7307182479127,-0.9784269281752087,-0.19228985418742517,0.042669226007541465,-0.9952893850724307,3051,1594,0.6739562624254473,3,False,-0.4325627147232789,8881.660805202253,-0.11183391947977472,-0.03871077536049283,0.2779203597785408,-0.7637562174380927,542,285,0.7159841479524438,3,False,-0.3293927663616473,4182.999033611021,-0.5817000966388979,-0.25270068470781537,-0.1629846043787677,-0.8984813584649731,559,277,0.7413793103448276,3,False,-0.2673441099020103,3921.649733846228,-0.6078350266153771,-0.6107608172642213,-1.3091450986736963,-0.6438644563722855,191,104,0.764,3,False,-0.16456893346309964,-0.23525113377099932,0.395625
558,bdd1d95c3f2c,prior_day_crash_rebound,"{""family"": ""prior_day_crash_rebound"", ""max_abs_gap"": 0.05, ""min_adv20"": 50000000.0, ""prev_return_max"": -0.1}",,,1.0,10,3710.1127659652057,-0.6289887234034794,-0.05369855960455361,-0.3407108879695454,-0.7025877553501281,2253,1116,0.49768058316766073,10,False,-0.11572360046819101,9110.772644850704,-0.08892273551492957,-0.03052589748791501,-0.2523688299951,-0.12691951550472125,353,185,0.4663143989431968,10,False,-0.08936531713917237,10518.844781567113,0.05188447815671138,0.017049535428363072,0.34147107112848446,-0.0728188929999043,451,258,0.5981432360742706,10,False,-0.01868584111970989,9750.183009491253,-0.02498169905087466,-0.02517901528258748,-0.25365985675621827,-0.06832349204330679,224,105,0.896,10,False,-0.03902637909799014,-0.08834205797444539,0.39451086956521736
559,f4f189c68313,volatility_reversal,"{""family"": ""volatility_reversal"", ""gap_max"": -0.02, ""min_adv20"": 20000000.0, ""prev_intraday_max"": -0.02, ""prev_range_min"": 0.05}",,0.04,4.0,10,3757.6146215163785,-0.6242385378483621,-0.05302816376596353,0.15137057690963793,-0.968553485412535,3647,1124,0.8056107797658494,10,False,-0.4654296220049849,6960.74240121435,-0.30392575987856496,-0.11361757127846217,0.1107146237722851,-0.8108084895575809,687,190,0.9075297225891678,10,False,-0.5278811013460027,6085.802241397687,-0.39141977586023136,-0.15293791116846978,-0.26054402383459196,-0.7476517821222212,552,184,0.7320954907161804,10,False,-0.22415933456029996,12086.395212006626,0.20863952120066265,0.2104731634082253,0.6710776304249836,-0.24877524073442392,189,72,0.756,10,False,-0.1450587011772017,-0.04065595313735283,0.3942391304347826
560,0c910a5068ad,gap_up_continuation,"{""family"": ""gap_up_continuation"", ""gap_min"": 0.08, ""min_adv20"": 50000000.0, ""mom3_min"": 0.0, ""prev_return_min"": 0.05}",,0.02,1.0,5,7943.03041907456,-0.20569695809254396,-0.012737518912090628,-0.41954649466782046,-0.23991362593175436,143,95,0.03158824828804948,5,False,-0.06637311749613499,9571.502807652767,-0.04284971923472336,-0.014473245382876199,-0.31671796855805534,-0.07965681291042526,56,21,0.07397622192866579,5,False,-0.051769888010575874,10043.526652834946,0.00435266528349465,0.0014526341562313139,0.1159070208231498,-0.01613127658568614,11,10,0.014588859416445624,2,False,-0.016131276585686007,9934.463346132365,-0.006553665386763496,-0.006605921156803807,-0.3184064399822527,-0.02339877872923879,9,9,0.036,1,False,-0.015509889476487326,-0.10282852610976512,0.39407608695652174
561,a68266614904,volatility_reversal,"{""family"": ""volatility_reversal"", ""gap_max"": -0.02, ""min_adv20"": 20000000.0, ""prev_intraday_max"": -0.02, ""prev_range_min"": 0.05}",,0.08,2.0,20,28798.956342761514,1.8798956342761515,0.060648953899502756,0.3702197142565771,-0.5285174912842276,4551,1124,1.0053015241882042,20,False,-0.23096045460360695,9016.036109171906,-0.09839638908280945,-0.03389345944115996,0.004409098851949191,-0.4635808891343254,980,190,1.2945838837516512,20,False,-0.24489730679493463,9932.565798280644,-0.006743420171935632,-0.0022588474238866008,0.05999842151930149,-0.33116992055600636,677,184,0.8978779840848806,20,False,-0.10009409097993986,11992.041088936174,0.1992041088936174,0.20094813691736846,0.9498920755694383,-0.07994453552056724,239,72,0.956,20,False,-0.07413599462394527,-0.36581061540462795,0.3938586956521739
562,a68266614904,volatility_reversal,"{""family"": ""volatility_reversal"", ""gap_max"": -0.02, ""min_adv20"": 20000000.0, ""prev_intraday_max"": -0.02, ""prev_range_min"": 0.05}",,0.08,4.0,10,4113.1273877503845,-0.5886872612249616,-0.04825083177231493,0.27428038151996026,-0.980188895377695,3647,1124,0.8056107797658494,10,False,-0.6379380408819406,6469.777685648226,-0.3530222314351774,-0.1349396806775487,0.1774494866348141,-0.8527421353933906,687,190,0.9075297225891678,10,False,-0.5602727986267199,8002.3653629228265,-0.19976346370771736,-0.07177366247082506,0.03988695788379011,-0.7278341448278116,552,184,0.7320954907161804,10,False,-0.22415933456029996,13130.152412715797,0.31301524127157965,0.3158789071874777,0.7714666797270359,-0.2821297315137298,189,72,0.756,10,False,-0.16158700076078075,-0.09683089488514615,0.393804347826087
563,e21ba93123fd,oversold_5d_reversal,"{""family"": ""oversold_5d_reversal"", ""max_abs_gap"": 0.05, ""min_adv20"": 20000000.0, ""momentum_column"": ""mom5"", ""momentum_max"": -0.2}",,,1.5,10,1761.7130515790234,-0.8238286948420976,-0.09212883158271745,-0.2801203119917639,-0.8709853558710356,2913,1296,0.6434724983432737,10,False,-0.3293461931846055,9492.739237832948,-0.05072607621670522,-0.017180407258670094,0.044875870742923415,-0.3056246757743023,378,162,0.49933949801849403,10,False,-0.1283682992583583,10354.098261882978,0.0354098261882978,0.011697761972884635,0.15404519902848704,-0.18366693679740687,509,245,0.6750663129973474,10,False,-0.06303027811301871,11544.984261498039,0.1544984261498039,0.15582608620520988,0.6186735125741295,-0.11225615041294401,222,106,0.888,10,False,-0.11225615041294415,-0.32499618273468733,0.39328804347826085
564,869cb7749fba,prior_day_crash_rebound,"{""family"": ""prior_day_crash_rebound"", ""max_abs_gap"": 0.01, ""min_adv20"": 20000000.0, ""prev_return_max"": -0.15}",,0.04,1.5,20,8463.177198031426,-0.15368228019685737,-0.009245449179435261,-0.5384353440903384,-0.16664389300835236,353,288,0.07797658493483543,11,False,-0.02885370588402897,9888.252521724135,-0.01117474782758654,-0.00373394788733572,-0.08348543107536716,-0.03868574112399814,72,38,0.095112285336856,20,False,-0.0384292972749101,10153.3626535299,0.015336265352990042,0.005099700935984552,0.4574927274785497,-0.014943879957028727,68,62,0.09018567639257294,3,False,-0.007320144899144817,10084.39822522779,0.008439822522778861,0.008507627506595616,0.5221543907586028,-0.01099821460098982,41,36,0.164,2,False,-0.004526496198922892,-0.4549499130149713,0.39296195652173915
565,387eb13d7c7a,prior_day_crash_rebound,"{""family"": ""prior_day_crash_rebound"", ""max_abs_gap"": 0.01, ""min_adv20"": 50000000.0, ""prev_return_max"": -0.15}",,,1.5,10,6508.604330696833,-0.34913956693031667,-0.023622832155784534,-0.5571572314615563,-0.40222969526233854,280,235,0.061851115529047936,8,False,-0.05770741176805794,9853.158660106667,-0.014684133989333326,-0.004912385053871593,-0.0371667087620764,-0.06714474281826155,59,37,0.07793923381770146,10,False,-0.05068459102638201,10726.16760517891,0.07261676051789112,0.023705675953090255,0.7512705096925889,-0.022536519722191617,66,60,0.08753315649867374,3,False,-0.014640289798289635,9997.040320448483,-0.00029596795515174357,-0.0002983353455671134,0.006968009229128134,-0.024395307840920033,41,36,0.164,2,False,-0.009052992397845783,-0.5199905226994799,0.39274456521739126
566,a25608756395,strength_pullback,"{""family"": ""strength_pullback"", ""gap_max"": -0.02, ""min_adv20"": 20000000.0, ""mom3_min"": null, ""prev_return_min"": 0.05}",0.02,0.08,4.0,3,44674.23535787605,3.4674235357876055,0.0868912254173595,0.39768420224512246,-0.7888953983000403,1325,785,0.2926883145571018,3,False,-0.08800000000000001,8156.27275869496,-0.18437272413050398,-0.06559270533291939,0.05311787579125271,-0.5365088652350531,219,117,0.2892998678996037,3,False,-0.08800000000000001,10167.484836447442,0.01674848364474424,0.005566714287452479,0.19027441653367153,-0.4812011429240619,216,118,0.2864721485411141,3,False,-0.08800000000000001,6683.701511542016,-0.3316298488457984,-0.33378074142451064,-1.3393879637603419,-0.46369715127446176,73,47,0.292,3,False,-0.08800000000000001,-0.34456632645386975,0.3915217391304348
567,0c910a5068ad,gap_up_continuation,"{""family"": ""gap_up_continuation"", ""gap_min"": 0.08, ""min_adv20"": 50000000.0, ""mom3_min"": 0.0, ""prev_return_min"": 0.05}",,0.02,1.5,3,6297.887399937764,-0.3702112600062236,-0.025409930105913525,-0.3879938928349007,-0.4255399514307635,126,95,0.027833001988071572,3,False,-0.10010912158732194,9753.665648718632,-0.02463343512813676,-0.008268614159140597,-0.07175203237908566,-0.16360857853437638,40,21,0.052840158520475564,3,False,-0.09656450497267616,10098.946715647515,0.009894671564751434,0.0032961392434274206,0.11590702082314978,-0.04032819146421496,11,10,0.014588859416445624,2,False,-0.04032819146421501,9829.364765104288,-0.017063523489571186,-0.01719885102408969,-0.3184064399822527,-0.05803088398853473,9,9,0.036,1,False,-0.038774723691218316,-0.31624186045581504,0.39125000000000004
568,e01ec9ad1e07,oversold_5d_reversal,"{""family"": ""oversold_5d_reversal"", ""max_abs_gap"": 0.05, ""min_adv20"": 50000000.0, ""momentum_column"": ""mom5"", ""momentum_max"": -0.2}",,,2.0,10,1457.142263599196,-0.8542857736400804,-0.10167084151041739,-0.20513681182061033,-0.9109345249759693,2460,1169,0.5434062292909212,10,False,-0.4540890675927073,9183.247694862432,-0.0816752305137568,-0.027965393888982337,0.06630864892904079,-0.38474566346336325,378,162,0.49933949801849403,10,False,-0.17115773234447773,10418.187609499322,0.04181876094993231,0.013786388685999684,0.1640509043510008,-0.23869526500414973,505,245,0.669761273209549,10,False,-0.0840403708173583,11922.463711361495,0.1922463711361495,0.1939247008379339,0.6186735125741295,-0.14967486721725887,222,106,0.888,10,False,-0.14967486721725887,-0.27144546074965115,0.391141304347826
569,a68266614904,volatility_reversal,"{""family"": ""volatility_reversal"", ""gap_max"": -0.02, ""min_adv20"": 20000000.0, ""prev_intraday_max"": -0.02, ""prev_range_min"": 0.05}",,0.08,3.0,3,36.532274534816594,-0.9963467725465184,-0.2683153363148729,0.05037902476379209,-0.9994557064097284,2144,1124,0.47360282747956706,3,False,-0.7396900469747324,8038.768708495028,-0.19612312915049723,-0.07009569252946901,0.28803359835382014,-0.741711363603983,363,190,0.4795244385733157,3,False,-0.45463864237147367,9769.4213898373,-0.023057861016270054,-0.0077662620094294255,0.29524595236876083,-0.7623297207338952,342,184,0.4535809018567639,3,False,-0.2673441099020103,4967.8505003640175,-0.5032149499635983,-0.5059875818060107,-0.9381431123099953,-0.5726387153251744,118,72,0.472,3,False,-0.1363280648776004,-0.23765457359002806,0.3911141304347826
570,a42b45d26d32,volatility_reversal,"{""family"": ""volatility_reversal"", ""gap_max"": -0.02, ""min_adv20"": 50000000.0, ""prev_intraday_max"": -0.02, ""prev_range_min"": 0.03}",,0.08,4.0,3,0.10527430471021117,-0.999989472569529,-0.4716611118552152,0.1316676475911645,-0.9999988917918614,2702,1427,0.5968632648553126,3,False,-0.9862533959663099,5907.733920563942,-0.40922660794360577,-0.1607185450632831,0.40715181196367617,-0.8769454999660978,535,284,0.7067371202113606,3,False,-0.6061848564952982,3567.0345958126736,-0.6432965404187326,-0.29144548583789154,0.07515938145376551,-0.9469740442669996,558,277,0.7400530503978779,3,False,-0.3564588132026804,2515.492458729687,-0.7484507541270313,-0.7512128163165067,-1.0714953678227375,-0.7935935228415102,191,104,0.764,3,False,-0.21942524461746618,-0.27548416437251166,0.39059782608695653
571,089ab2b4aab5,oversold_5d_reversal,"{""family"": ""oversold_5d_reversal"", ""max_abs_gap"": 0.01, ""min_adv20"": 50000000.0, ""momentum_column"": ""mom5"", ""momentum_max"": -0.2}",,,1.5,10,5544.622267448711,-0.4455377732551289,-0.03229635748481652,-0.25774821794151836,-0.6026510805764977,1167,757,0.2577866136514248,10,False,-0.21403456015387984,8824.746364727083,-0.1175253635272917,-0.04076580279015207,-0.18626138267035222,-0.20094852003531094,195,101,0.2575957727873184,10,False,-0.1263648818066413,10490.854404592063,0.049085440459206264,0.01614422587172526,0.27547791716503234,-0.09535151507027917,262,169,0.34748010610079577,9,False,-0.02334761904761904,13144.198474429453,0.3144198474429454,0.3172978442094194,1.1594068533536568,-0.023911588958370533,135,80,0.54,10,False,-0.017517871862884088,-0.07148683527116614,0.3882065217391304
572,dc02fb10bc44,oversold_3d_reversal,"{""family"": ""oversold_3d_reversal"", ""max_abs_gap"": 0.05, ""min_adv20"": 50000000.0, ""momentum_column"": ""mom3"", ""momentum_max"": -0.2}",,,2.0,10,3123.3048507795297,-0.6876695149220471,-0.06272463610550472,-0.18645342326844405,-0.8123039633501462,1178,704,0.2602164789043517,10,False,-0.4163944368759325,8226.430422086325,-0.1773569577913675,-0.06292472661034842,-0.12296159829983667,-0.24953589180910396,211,97,0.27873183619550856,10,False,-0.1684865090755217,9099.496392365347,-0.09005036076346529,-0.031046617138786203,-0.27784110704457166,-0.17771637535537443,238,150,0.3156498673740053,9,False,-0.05749021875802638,9741.209975802147,-0.025879002419785357,-0.026083310706923046,-0.018368537252144507,-0.15982529982054727,124,73,0.496,10,False,-0.15982529982054716,-0.06349182496860738,0.38706521739130434
573,f8be557fd27c,oversold_5d_reversal,"{""family"": ""oversold_5d_reversal"", ""max_abs_gap"": 0.01, ""min_adv20"": 20000000.0, ""momentum_column"": ""mom5"", ""momentum_max"": -0.2}",,,1.0,10,5484.642078220488,-0.45153579217795126,-0.03288208620238686,-0.362817401496299,-0.5677169515103466,1443,881,0.31875414181577205,10,False,-0.14268970676925324,9277.112155809531,-0.07228878441904685,-0.02466917173358596,-0.18457381528979652,-0.1368264644071885,196,101,0.25891677675033026,10,False,-0.08424325453776085,10358.217059360415,0.035821705936041504,0.01183224907597058,0.28926510589095666,-0.06443680706104915,263,169,0.34880636604774534,9,False,-0.01556507936507936,12071.128331632255,0.20711283316322548,0.20893193497009843,1.1594068533536561,-0.01597425141249631,135,80,0.54,10,False,-0.011678581241922725,-0.17824358620650246,0.3865760869565217
574,869cb7749fba,prior_day_crash_rebound,"{""family"": ""prior_day_crash_rebound"", ""max_abs_gap"": 0.01, ""min_adv20"": 20000000.0, ""prev_return_max"": -0.15}",,0.04,2.0,20,7995.902558616836,-0.20040974413831636,-0.012372847175536106,-0.5384353440903384,-0.21666691228637247,353,288,0.07797658493483543,11,False,-0.03847160784537196,9842.548687237515,-0.015745131276248547,-0.005269214620075124,-0.08348543107536725,-0.051599610758379044,72,38,0.095112285336856,20,False,-0.051239063033213475,10204.144118509286,0.020414411850928627,0.0067770057565754716,0.45749272747854985,-0.019907420929326403,68,62,0.09018567639257294,3,False,-0.009760193198859757,10112.085814102005,0.011208581410200535,0.011298754743888084,0.522154390758603,-0.014648247232517897,41,36,0.164,2,False,-0.006035328265230522,-0.4549499130149712,0.38592391304347823
575,12257827a207,strength_pullback,"{""family"": ""strength_pullback"", ""gap_max"": -0.02, ""min_adv20"": 20000000.0, ""mom3_min"": null, ""prev_return_min"": 0.05}",0.06,0.08,3.0,3,10737.382312337939,0.07373823123379397,0.003968279387455809,0.2439304877892185,-0.8382622782824876,1325,785,0.2926883145571018,3,False,-0.18600000000000003,7990.356538940765,-0.2009643461059235,-0.07196371622904829,0.08484769909797517,-0.6562742895572792,219,117,0.2892998678996037,3,False,-0.18600000000000003,14658.4937404946,0.46584937404946003,0.13634437648687903,0.5506311050627819,-0.3888283084493026,216,118,0.2864721485411141,3,False,-0.18600000000000003,5998.585480336423,-0.40014145196635775,-0.40258896166414304,-1.2202482760627198,-0.5407729929690714,73,47,0.292,3,False,-0.18600000000000003,-0.15908278869124332,0.38524456521739137
576,37e8e6129018,relative_weakness_reversal,"{""family"": ""relative_weakness_reversal"", ""gap_max"": -0.03, ""min_adv20"": 50000000.0, ""mom3_max"": -0.05, ""prev_return_percentile_max"": 0.2}",0.06,,3.0,20,74369.30475938212,6.436930475938213,0.11816786356651554,0.5696471509805264,-0.3456769140506678,1676,606,0.37022310580958695,20,False,-0.1693975072378571,8835.19279884368,-0.11648072011563204,-0.04038794902851095,-0.06076756470181053,-0.47102283078201646,474,105,0.6261558784676354,20,False,-0.186,13131.028344883265,0.31310283448832643,0.09531115206567442,0.4899343207024591,-0.24697647360698427,329,122,0.4363395225464191,20,False,-0.09998377887615872,11694.582780713263,0.1694582780713263,0.17092373739339717,0.7970691945136296,-0.10241750397008842,130,44,0.52,20,False,-0.06211173809774562,-0.630414715682337,0.3850815217391304
577,daaf4bf7437f,gap_up_continuation,"{""family"": ""gap_up_continuation"", ""gap_min"": 0.05, ""min_adv20"": 50000000.0, ""mom3_min"": 0.05, ""prev_return_min"": 0.05}",,0.08,1.0,20,7623.557116735376,-0.23764428832646234,-0.014991024736078495,-0.5646194447480055,-0.24224830439641698,321,158,0.07090788601722996,20,False,-0.05317988677229618,9881.067383283242,-0.011893261671675814,-0.003974994412456412,-0.05870501921547546,-0.07737647452213603,228,35,0.3011889035667107,20,False,-0.05236578185066889,10016.969196281725,0.001696919628172422,0.0005668201769266634,0.0725674895295934,-0.01396576880043765,21,18,0.027851458885941646,2,False,-0.009171291820824361,10014.960997159526,0.001496099715952548,0.0015080775341023145,0.14351175706119165,-0.007710780213440516,19,17,0.076,2,False,-0.0038774723691218315,-0.5059144255325301,0.384945652173913
578,e01ec9ad1e07,oversold_5d_reversal,"{""family"": ""oversold_5d_reversal"", ""max_abs_gap"": 0.05, ""min_adv20"": 50000000.0, ""momentum_column"": ""mom5"", ""momentum_max"": -0.2}",,,3.0,20,2396.4026222602133,-0.7603597377739787,-0.076445406759854,-0.08231372969044111,-0.8939239743758475,2756,1169,0.6087916942787718,20,False,-0.5411733406959747,8040.460005991788,-0.19595399940082114,-0.07003056825193643,-0.07406188516194799,-0.3685777258081798,493,162,0.6512549537648613,20,False,-0.20173059443659236,10685.828503985475,0.0685828503985475,0.02241733606643992,0.23033579981406163,-0.18155581713232394,523,245,0.6936339522546419,19,False,-0.06303027811301871,13100.562965494772,0.3100562965494771,0.31288981283229367,0.7146871769752543,-0.18992733576363408,245,106,0.98,20,False,-0.18992733576363394,-0.008251844528493119,0.38453804347826087
579,b5fec6e443c0,gap_up_continuation,"{""family"": ""gap_up_continuation"", ""gap_min"": 0.05, ""min_adv20"": 50000000.0, ""mom3_min"": 0.0, ""prev_return_min"": 0.05}",,0.02,1.0,20,8333.221062493076,-0.16667789375069242,-0.010098526448008238,-0.6231022285230324,-0.17228406539655672,434,202,0.09586922907002429,20,False,-0.028798970216287356,9961.878812835646,-0.0038121187164353865,-0.0012706446842868369,-0.042584198615647384,-0.047535085005127486,253,43,0.3342140026420079,20,False,-0.023096356203912018,9898.081676553993,-0.010191832344600749,-0.003417911403421736,-0.4741328481586533,-0.013211704083613052,30,25,0.03978779840848806,3,False,-0.009171291820824361,9933.734919163044,-0.006626508083695581,-0.006679342711562342,-1.0096149706864623,-0.0068296274507245736,22,20,0.088,2,False,-0.0038774723691218315,-0.5805180299073851,0.3845108695652174
580,2b5d9a02eb33,gap_up_continuation,"{""family"": ""gap_up_continuation"", ""gap_min"": 0.08, ""min_adv20"": 20000000.0, ""mom3_min"": 0.0, ""prev_return_min"": 0.05}",,0.02,1.0,3,6381.174660987741,-0.36188253390122593,-0.024696915311802625,-0.5131430478822041,-0.40349001942416474,139,103,0.030704660923348795,3,False,-0.07336821412599541,9854.850816586279,-0.014514918341372085,-0.004855498955081861,-0.07175203237908565,-0.11090000812031675,40,21,0.052840158520475564,3,False,-0.06437633664845077,10069.646232028595,0.00696462320285951,0.0023223230931463945,0.1159070208231499,-0.026885460976143305,11,10,0.014588859416445624,2,False,-0.026885460976143343,9888.759929541844,-0.01112400704581562,-0.011212498322775266,-0.31840643998225265,-0.03885987185700923,9,9,0.036,1,False,-0.025849815794145543,-0.44139101550311843,0.3844565217391304
581,fe3307e645b6,oversold_3d_reversal,"{""family"": ""oversold_3d_reversal"", ""max_abs_gap"": 0.05, ""min_adv20"": 20000000.0, ""momentum_column"": ""mom3"", ""momentum_max"": -0.2}",,,2.0,10,2705.0602247110937,-0.7294939775288907,-0.07019568094196615,-0.188490240452571,-0.8460077209297705,1401,796,0.30947647448641485,10,False,-0.4416043882515085,8176.179962497464,-0.1823820037502536,-0.06483411697345443,-0.13113838860096594,-0.25573844716283045,212,97,0.2800528401585205,10,False,-0.1684865090755217,9072.923668868592,-0.09270763311314079,-0.031993232302796826,-0.28789397100327707,-0.17771637535537443,239,151,0.3169761273209549,9,False,-0.05749021875802638,9741.209975802147,-0.025879002419785357,-0.026083310706923046,-0.018368537252144507,-0.15982529982054727,124,73,0.496,10,False,-0.15982529982054716,-0.057351851851605073,0.3839673913043478
582,089ab2b4aab5,oversold_5d_reversal,"{""family"": ""oversold_5d_reversal"", ""max_abs_gap"": 0.01, ""min_adv20"": 50000000.0, ""momentum_column"": ""mom5"", ""momentum_max"": -0.2}",,,3.0,20,4918.8173074374545,-0.5081182692562545,-0.03872617670756706,-0.23671436452163555,-0.6495255720429665,1197,757,0.2644135188866799,18,False,-0.32207428286911777,8958.58419763235,-0.10414158023676501,-0.03594719205029029,-0.06179579707764791,-0.2530775473157726,230,101,0.3038309114927345,20,False,-0.1263648818066413,10490.854404592063,0.049085440459206264,0.01614422587172526,0.27547791716503234,-0.09535151507027917,262,169,0.34748010610079577,9,False,-0.02334761904761904,14104.844608231153,0.4104844608231153,0.4143707046688849,1.1231246115981786,-0.023911588958370755,139,80,0.556,14,False,-0.017517871862884088,-0.17491856744398765,0.3836684782608695
583,56e51a7a32c6,prior_day_crash_rebound,"{""family"": ""prior_day_crash_rebound"", ""max_abs_gap"": 0.01, ""min_adv20"": 50000000.0, ""prev_return_max"": -0.15}",,0.04,4.0,20,7195.305465138956,-0.2804694534861044,-0.018155973584080498,-0.4504040867646197,-0.3144368272679082,280,235,0.061851115529047936,8,False,-0.07694321569074392,9547.032300204239,-0.0452967699795761,-0.015312718210967247,-0.1093904287134869,-0.11009882131223936,71,37,0.09379128137384413,20,False,-0.10247812606642695,10369.350006292847,0.03693500062928479,0.01219558431601353,0.4242884371310038,-0.03967058690891556,66,60,0.08753315649867374,3,False,-0.019520386397719514,10220.554572949311,0.02205545729493119,0.022233848143271562,0.522154390758603,-0.02916811974064837,41,36,0.164,2,False,-0.012070656530461044,-0.34101365805113276,0.3829891304347826
584,56e51a7a32c6,prior_day_crash_rebound,"{""family"": ""prior_day_crash_rebound"", ""max_abs_gap"": 0.01, ""min_adv20"": 50000000.0, ""prev_return_max"": -0.15}",,0.04,1.0,10,8512.483850170469,-0.14875161498295308,-0.008925016810647612,-0.4504040867646197,-0.16921606863127248,280,235,0.061851115529047936,8,False,-0.03847160784537196,9499.956095124397,-0.050004390487560335,-0.016931736376133433,-0.49553751287471876,-0.05071023031025945,59,37,0.07793923381770146,10,False,-0.04674067198363156,10186.343513911663,0.018634351391166204,0.006189688145569194,0.4242884371310038,-0.019907420929325514,66,60,0.08753315649867374,3,False,-0.009760193198859757,10112.085814102005,0.011208581410200535,0.011298754743888084,0.522154390758603,-0.014648247232517897,41,36,0.164,2,False,-0.006035328265230522,-0.04513342611009907,0.3814130434782609
585,7fdc1a696fcc,oversold_5d_reversal,"{""family"": ""oversold_5d_reversal"", ""max_abs_gap"": 0.05, ""min_adv20"": 50000000.0, ""momentum_column"": ""mom5"", ""momentum_max"": -0.2}",0.02,,1.0,20,7171.497600224895,-0.28285023997751046,-0.01833710058288429,-0.42827308983688905,-0.307871698377032,2756,1169,0.6087916942787718,20,False,-0.022,9400.703791762402,-0.059929620823759744,-0.020362785788796134,-0.3884649092654882,-0.12155370901028617,493,162,0.6512549537648613,20,False,-0.022,9606.12751994356,-0.03938724800564397,-0.01334038549036709,-0.4457624423210382,-0.0575260929913155,523,245,0.6936339522546419,19,False,-0.012305163008784568,11002.912927039633,0.10029129270396342,0.10113289674575365,0.8427481270672686,-0.023928663992444976,245,106,0.98,20,False,-0.017599999999999998,-0.03980818057140084,0.38
586,b5fec6e443c0,gap_up_continuation,"{""family"": ""gap_up_continuation"", ""gap_min"": 0.05, ""min_adv20"": 50000000.0, ""mom3_min"": 0.0, ""prev_return_min"": 0.05}",,0.02,1.5,20,7593.446580509417,-0.24065534194905835,-0.015207996042506555,-0.6231022285230324,-0.24829102673143721,434,202,0.09586922907002429,20,False,-0.043198455324431034,9936.687777568728,-0.00633122224312721,-0.0021120861574425165,-0.0425841986156473,-0.07078452640124355,253,43,0.3342140026420079,20,False,-0.03464453430586803,9846.939904419625,-0.015306009558037514,-0.005141825025157143,-0.4741328481586534,-0.019802366094815893,30,25,0.03978779840848806,3,False,-0.013756937731236544,9900.605500414158,-0.009939449958584201,-0.010018565910530741,-1.009614970686462,-0.010239685775363605,22,20,0.088,2,False,-0.005816208553682747,-0.5805180299073851,0.37953804347826087
587,7fdc1a696fcc,oversold_5d_reversal,"{""family"": ""oversold_5d_reversal"", ""max_abs_gap"": 0.05, ""min_adv20"": 50000000.0, ""momentum_column"": ""mom5"", ""momentum_max"": -0.2}",0.02,,1.0,10,5465.280530232521,-0.45347194697674786,-0.03307245080799759,-0.46646001198280546,-0.4750541526050235,2460,1169,0.5434062292909212,10,False,-0.022,9719.950438776996,-0.028004956122300473,-0.009411119220475772,-0.09879678241680333,-0.12188627838740607,378,162,0.49933949801849403,10,False,-0.022,9264.158850926044,-0.07358411490739558,-0.025221409935389016,-0.41847752741821576,-0.11388331331865054,505,245,0.669761273209549,10,False,-0.016804251060602547,11141.113315181874,0.11411133151818742,0.11507484881162977,0.8003141304786431,-0.03760179702354294,222,106,0.888,10,False,-0.022,-0.3676632295660021,0.37918478260869565
588,30a224c68ce7,relative_weakness_reversal,"{""family"": ""relative_weakness_reversal"", ""gap_max"": -0.03, ""min_adv20"": 20000000.0, ""mom3_max"": -0.05, ""prev_return_percentile_max"": 0.1}",,0.08,4.0,20,62629.58293233926,5.262958293233926,0.1075249837703991,0.5365042988013057,-0.4388179124097442,1547,628,0.34172741329798983,20,False,-0.298381934341704,7890.452353051556,-0.21095476469484442,-0.07584260404355647,0.01161802744354373,-0.605503672345565,411,95,0.5429326287978864,20,False,-0.4516106754460732,12861.413820802441,0.2861413820802441,0.08774275881080307,0.45793154333789865,-0.2811686612903943,278,115,0.3687002652519894,20,False,-0.14089785563304566,12362.520350095492,0.23625203500954917,0.23835133210326753,0.9464374428984001,-0.06732144012129626,115,41,0.46,20,False,-0.04320225762823644,-0.524886271357762,0.37907608695652173
589,b2e74e658b61,gap_up_continuation,"{""family"": ""gap_up_continuation"", ""gap_min"": 0.05, ""min_adv20"": 50000000.0, ""mom3_min"": 0.0, ""prev_return_min"": 0.05}",,0.08,2.0,20,5804.947820615514,-0.41950521793844864,-0.02982161101108638,-0.502317011689418,-0.426060231278898,434,202,0.09586922907002429,20,False,-0.0995190732252469,9717.628383052921,-0.028237161694707913,-0.009489903815497969,-0.0495795699873078,-0.1304498029759168,253,43,0.3342140026420079,20,False,-0.10473156370133778,10055.861185910191,0.005586118591019096,0.0018635175784942337,0.10464218537293683,-0.027842780488480323,30,25,0.03978779840848806,3,False,-0.018342583641648723,9992.303040738241,-0.0007696959261759284,-0.0007758511042920135,-0.02396798149417304,-0.015384390684954896,22,20,0.088,2,False,-0.007754944738243663,-0.4527374417021102,0.3785869565217391
590,387eb13d7c7a,prior_day_crash_rebound,"{""family"": ""prior_day_crash_rebound"", ""max_abs_gap"": 0.01, ""min_adv20"": 50000000.0, ""prev_return_max"": -0.15}",,,2.0,10,5601.789747798288,-0.4398210252201712,-0.03174363875444142,-0.5571572314615564,-0.4993257387104647,280,235,0.061851115529047936,8,False,-0.07694321569074392,9775.892276962022,-0.022410772303797732,-0.007516862101948019,-0.037166708762076506,-0.08913906278652917,59,37,0.07793923381770146,10,False,-0.06757945470184268,10972.445999187614,0.09724459991876144,0.031502106672130825,0.7512705096925886,-0.030006685950517475,66,60,0.08753315649867374,3,False,-0.019520386397719514,9993.745626528935,-0.0006254373471065167,-0.0006304392683520454,0.00696800922912808,-0.03245841549381179,41,36,0.164,2,False,-0.012070656530461044,-0.5199905226994799,0.37853260869565214
591,96ecb9436c7e,oversold_3d_reversal,"{""family"": ""oversold_3d_reversal"", ""max_abs_gap"": 0.03, ""min_adv20"": 50000000.0, ""momentum_column"": ""mom3"", ""momentum_max"": -0.2}",,,1.0,10,4512.989151258735,-0.5487010848741265,-0.043322835245775404,-0.4256334447854478,-0.6233102091241614,992,637,0.21912966644576984,10,False,-0.23351718932754065,9403.774725629975,-0.05962252743700247,-0.02025626540668901,-0.12061439055296273,-0.12094090764808785,154,88,0.20343461030383092,10,False,-0.08424325453776085,9297.895349850987,-0.07021046501490125,-0.024036450564989043,-0.5805149358098595,-0.09669529672645971,219,142,0.29045092838196285,8,False,-0.02855912188010399,10202.78045157189,0.020278045157189117,0.020441916467160093,0.3145903367499704,-0.04149300250421428,115,72,0.46,8,False,-0.041493002504214414,-0.30501905423248504,0.3772282608695652
592,994a822c44eb,oversold_3d_reversal,"{""family"": ""oversold_3d_reversal"", ""max_abs_gap"": 0.05, ""min_adv20"": 50000000.0, ""momentum_column"": ""mom3"", ""momentum_max"": -0.12}",,,3.0,10,21.65355263785389,-0.9978346447362146,-0.28931106199481316,-0.2809845805880898,-0.9990906992863453,5737,2081,1.2672851778219572,10,False,-0.6245916553138988,9722.08112154189,-0.02779188784581088,-0.00933883872836927,0.24881386778593254,-0.5959230976167753,918,342,1.2126816380449141,10,False,-0.2527297636132826,4648.178435859997,-0.5351821564140002,-0.2258946228841976,-0.6450656055404299,-0.6047870402991713,1285,439,1.7042440318302388,10,False,-0.1819782580107482,7728.856882975619,-0.22711431170243812,-0.22870558331375168,-0.11400075253150171,-0.3545769545516888,522,173,2.088,10,False,-0.23973794973082074,-0.5297984483740223,0.3766576086956522
593,96ecb9436c7e,oversold_3d_reversal,"{""family"": ""oversold_3d_reversal"", ""max_abs_gap"": 0.03, ""min_adv20"": 50000000.0, ""momentum_column"": ""mom3"", ""momentum_max"": -0.2}",,,2.0,20,3827.651508164955,-0.6172348491835045,-0.052054186767724886,-0.42299359810687354,-0.6869839883297206,1037,637,0.22907002429865253,19,False,-0.26363725078754013,9418.607062656652,-0.058139293734334796,-0.019742107901203565,-0.017324913375627114,-0.18383663814267026,184,88,0.2430647291941876,20,False,-0.1496328345734422,9297.895349850987,-0.07021046501490125,-0.024036450564989043,-0.5805149358098595,-0.09669529672645971,219,142,0.29045092838196285,8,False,-0.02855912188010399,10202.78045157189,0.020278045157189117,0.020441916467160093,0.3145903367499704,-0.04149300250421428,115,72,0.46,8,False,-0.041493002504214414,-0.4056686847312464,0.37576086956521737
594,021ce8ad71a1,oversold_3d_reversal,"{""family"": ""oversold_3d_reversal"", ""max_abs_gap"": 0.03, ""min_adv20"": 50000000.0, ""momentum_column"": ""mom3"", ""momentum_max"": -0.12}",,,3.0,10,26.35665995187382,-0.9973643340048126,-0.2814925538006112,-0.35601748161409125,-0.9986394385297332,5250,2015,1.1597084161696487,10,False,-0.700551567982622,9856.23535632557,-0.01437646436744311,-0.004808959013996472,0.23257572336700827,-0.5454053702528813,828,328,1.0937912813738442,10,False,-0.2527297636132826,4590.367842564208,-0.5409632157435791,-0.22912579997546956,-0.7814638094440699,-0.615358887218881,1195,427,1.5848806366047745,10,False,-0.1819782580107482,8725.03373537028,-0.127496626462972,-0.12844810449944055,0.04026573846640607,-0.33042651524462996,497,169,1.988,10,False,-0.20421485155139624,-0.5885932049810996,0.37421195652173916
595,0c910a5068ad,gap_up_continuation,"{""family"": ""gap_up_continuation"", ""gap_min"": 0.08, ""min_adv20"": 50000000.0, ""mom3_min"": 0.0, ""prev_return_min"": 0.05}",,0.02,1.5,5,7035.263484452312,-0.2964736515547688,-0.019384602239560067,-0.4195464946678205,-0.34133962872815693,143,95,0.03158824828804948,5,False,-0.09955967624420249,9343.648819411657,-0.06563511805883426,-0.022346067191310492,-0.3167179685580552,-0.11834195901568967,56,21,0.07397622192866579,5,False,-0.0776548320158638,10063.337247546297,0.006333724754629566,0.0021123940889096193,0.11590702082314978,-0.02419691487852893,11,10,0.014588859416445624,2,False,-0.024196914878529006,9900.336800409717,-0.009966319959028302,-0.010045648703673304,-0.31840643998225276,-0.035004955526945714,9,9,0.036,1,False,-0.023264834214730988,-0.10282852610976534,0.3735326086956522
596,f8be557fd27c,oversold_5d_reversal,"{""family"": ""oversold_5d_reversal"", ""max_abs_gap"": 0.01, ""min_adv20"": 20000000.0, ""momentum_column"": ""mom5"", ""momentum_max"": -0.2}",,,4.0,20,2150.3634567185254,-0.7849636543281475,-0.08199805118839398,-0.3090752708611072,-0.8747112602725963,1499,881,0.33112436492158165,20,False,-0.4642821099207287,9117.939129143819,-0.08820608708561817,-0.030272105500778745,0.04087315695335051,-0.30141337992272266,231,101,0.3051519154557464,20,False,-0.1684865090755217,10669.269975010875,0.06692699750108755,0.021887556609155423,0.28926510589095666,-0.1254209880626389,263,169,0.34880636604774534,9,False,-0.03113015873015872,15540.967184734149,0.5540967184734149,0.5595879383958966,1.1231246115981786,-0.031815581653097724,139,80,0.556,14,False,-0.02335716248384545,-0.34994842781445773,0.37304347826086953
597,869cb7749fba,prior_day_crash_rebound,"{""family"": ""prior_day_crash_rebound"", ""max_abs_gap"": 0.01, ""min_adv20"": 20000000.0, ""prev_return_max"": -0.15}",,0.04,3.0,20,7124.5338745176305,-0.287546612548237,-0.018696065175446197,-0.5384353440903384,-0.3090874267156858,353,288,0.07797658493483543,11,False,-0.05770741176805794,9738.938978844248,-0.02610610211557518,-0.008767331252696686,-0.08348543107536716,-0.07745244252453087,72,38,0.095112285336856,20,False,-0.0768585945498202,10305.165737268027,0.03051657372680272,0.01009728355511319,0.4574927274785497,-0.029807369327807698,68,62,0.09018567639257294,3,False,-0.014640289798289635,10166.780662034818,0.01667806620348178,0.016812606131477503,0.5221543907586028,-0.021924239588176242,41,36,0.164,2,False,-0.009052992397845783,-0.4549499130149713,0.37301630434782607
598,f4f189c68313,volatility_reversal,"{""family"": ""volatility_reversal"", ""gap_max"": -0.02, ""min_adv20"": 20000000.0, ""prev_intraday_max"": -0.02, ""prev_range_min"": 0.05}",,0.04,3.0,3,234.33186025182601,-0.9765668139748174,-0.18856259255534102,-0.0035938149169654513,-0.9916026032963612,2144,1124,0.47360282747956706,3,False,-0.4325627147232789,7736.304974251099,-0.22636950257489008,-0.08189234219023889,0.16048093213840722,-0.7357907507655779,363,190,0.4795244385733157,3,False,-0.3293927663616473,7145.332941927361,-0.28546670580726385,-0.10625885104587318,0.07115491164853452,-0.7907734003424831,342,184,0.4535809018567639,3,False,-0.2673441099020103,5569.674155711704,-0.44303258442882965,-0.4456342042367045,-0.9380239767911092,-0.5203567736334644,118,72,0.472,3,False,-0.1363280648776004,-0.16407474705537267,0.37187499999999996
599,0c910a5068ad,gap_up_continuation,"{""family"": ""gap_up_continuation"", ""gap_min"": 0.08, ""min_adv20"": 50000000.0, ""mom3_min"": 0.0, ""prev_return_min"": 0.05}",,0.02,2.0,3,5310.258226122467,-0.46897417738775327,-0.03462002456891666,-0.3879938928349008,-0.5301156209715092,126,95,0.027833001988071572,3,False,-0.13347882878309592,9632.99446604167,-0.036700553395833,-0.012370044173872996,-0.07175203237908565,-0.21451998755166313,40,21,0.052840158520475564,3,False,-0.12875267329690154,10124.43477415206,0.012443477415206017,0.004141718830689811,0.1159070208231499,-0.05377092195228672,11,10,0.014588859416445624,2,False,-0.053770921952286686,9767.450831002254,-0.023254916899774658,-0.02343875880109514,-0.31840643998225265,-0.07702928025540745,9,9,0.036,1,False,-0.051699631588291085,-0.31624186045581515,0.3695652173913044
600,7757967a78ef,volatility_reversal,"{""family"": ""volatility_reversal"", ""gap_max"": -0.02, ""min_adv20"": 20000000.0, ""prev_intraday_max"": -0.02, ""prev_range_min"": 0.03}",,0.08,4.0,3,0.011670704124479578,-0.9999988329295876,-0.5325458698606783,0.08168885242318373,-0.9999998095868875,3051,1594,0.6739562624254473,3,False,-0.9862533959663099,4972.030604238154,-0.5027969395761845,-0.20753840464981144,0.3516725708976949,-0.8945337414763196,542,285,0.7159841479524438,3,False,-0.6061848564952982,3413.4327640145534,-0.6586567235985447,-0.3017927118209932,0.06384374855904892,-0.9506635353598296,559,277,0.7413793103448276,3,False,-0.3564588132026804,2515.492458729687,-0.7484507541270313,-0.7512128163165067,-1.0714953678227375,-0.7935935228415102,191,104,0.764,3,False,-0.21942524461746618,-0.26998371847451114,0.3694021739130435
601,b5fec6e443c0,gap_up_continuation,"{""family"": ""gap_up_continuation"", ""gap_min"": 0.05, ""min_adv20"": 50000000.0, ""mom3_min"": 0.0, ""prev_return_min"": 0.05}",,0.02,2.0,20,6910.856282340675,-0.3089143717659325,-0.020358036789876244,-0.6231022285230324,-0.31814743833844095,434,202,0.09586922907002429,20,False,-0.05759794043257471,9907.416129485979,-0.00925838705140214,-0.003091619394767653,-0.042584198615647384,-0.09369017975566718,253,43,0.3342140026420079,20,False,-0.046192712407824035,9795.679503036215,-0.020432049696378463,-0.006875729695387522,-0.4741328481586533,-0.02638268630412066,30,25,0.03978779840848806,3,False,-0.018342583641648723,9867.478854310537,-0.01325211456894626,-0.013357420268010012,-1.0096149706864623,-0.013646533685719109,22,20,0.088,2,False,-0.007754944738243663,-0.5805180299073851,0.3694021739130435
602,daaf4bf7437f,gap_up_continuation,"{""family"": ""gap_up_continuation"", ""gap_min"": 0.05, ""min_adv20"": 50000000.0, ""mom3_min"": 0.05, ""prev_return_min"": 0.05}",,0.08,1.0,3,3069.3601892543256,-0.6930639810745675,-0.06363320639266268,-0.5168999065382832,-0.7290200221265359,229,158,0.050585376629114207,3,False,-0.23399037170049353,9754.691837004522,-0.024530816299547786,-0.008233881129450449,-0.002985680559473994,-0.18779894931410968,69,35,0.09114927344782034,3,False,-0.11276849111766034,10073.894773511474,0.007389477351147367,0.0024636423223851622,0.07256748952959335,-0.09142860210211579,21,18,0.027851458885941646,2,False,-0.061141945472162416,10077.87807405033,0.007787807405033043,0.00785035377754606,0.14351175706119154,-0.05070563015849827,19,17,0.076,2,False,-0.025849815794145543,-0.5139142259788092,0.36815217391304345
603,56e51a7a32c6,prior_day_crash_rebound,"{""family"": ""prior_day_crash_rebound"", ""max_abs_gap"": 0.01, ""min_adv20"": 50000000.0, ""prev_return_max"": -0.15}",,0.04,1.5,10,7833.256955482783,-0.21667430445172164,-0.013502030433716228,-0.45040408676461974,-0.2446633405253078,280,235,0.061851115529047936,8,False,-0.05770741176805794,9247.273184511427,-0.07527268154885736,-0.02571459982730362,-0.49553751287471876,-0.07597613265149716,59,37,0.07793923381770146,10,False,-0.07011100797544735,10278.283729084795,0.027828372908479393,0.009215876258885425,0.42428843713100384,-0.029807369327807698,66,60,0.08753315649867374,3,False,-0.014640289798289635,10166.780662034818,0.01667806620348178,0.016812606131477503,0.5221543907586028,-0.021924239588176242,41,36,0.164,2,False,-0.009052992397845783,-0.04513342611009902,0.3667391304347827
604,f4f189c68313,volatility_reversal,"{""family"": ""volatility_reversal"", ""gap_max"": -0.02, ""min_adv20"": 20000000.0, ""prev_intraday_max"": -0.02, ""prev_range_min"": 0.05}",,0.04,1.0,20,13498.997494286948,0.34989974942869484,0.016841739124206168,0.23471449239726813,-0.319504373852862,4551,1124,1.0053015241882042,20,False,-0.11137027732927654,9311.709036779679,-0.06882909632203205,-0.023459851522961483,-0.16474719146399575,-0.2539167898549336,980,190,1.2945838837516512,20,False,-0.11850733632804397,9484.382928013612,-0.05156170719863873,-0.01753738807432792,-0.24837983321992077,-0.18115648239718696,677,184,0.8978779840848806,20,False,-0.05004704548996993,10596.406256682116,0.0596406256682116,0.06013181778895227,0.7982718710259002,-0.038095480795934944,239,72,0.956,20,False,-0.03500195986402525,-0.3994616838612639,0.36543478260869566
605,daaf4bf7437f,gap_up_continuation,"{""family"": ""gap_up_continuation"", ""gap_min"": 0.05, ""min_adv20"": 50000000.0, ""mom3_min"": 0.05, ""prev_return_min"": 0.05}",,0.08,1.5,20,6624.000064686473,-0.3375999935313527,-0.022667179263863968,-0.5646194447480056,-0.3435812245577887,321,158,0.07090788601722996,20,False,-0.07976983015844427,9796.160544353823,-0.020383945564617756,-0.006832339298878165,-0.05870501921547539,-0.11554592950418485,228,35,0.3011889035667107,20,False,-0.07854867277600333,10024.689797525936,0.0024689797525936363,0.0008244989712822282,0.07256748952959327,-0.020915369283508456,21,18,0.027851458885941646,2,False,-0.013756937731236544,10022.008504205245,0.002200850420524425,0.002218476739661357,0.1435117570611914,-0.011552226298431889,19,17,0.076,2,False,-0.005816208553682747,-0.5059144255325302,0.3648097826086957
606,021ce8ad71a1,oversold_3d_reversal,"{""family"": ""oversold_3d_reversal"", ""max_abs_gap"": 0.03, ""min_adv20"": 50000000.0, ""momentum_column"": ""mom3"", ""momentum_max"": -0.12}",,,3.0,20,435.4580251616678,-0.9564541974838332,-0.16008453221419838,-0.29468638130589847,-0.9731932237373918,6083,2015,1.3437154848685664,20,False,-0.5069978414546543,9040.25651585462,-0.095974348414538,-0.03303026878710302,0.0956371570326409,-0.4088460809234067,991,328,1.309114927344782,20,False,-0.2244492518601633,6711.219291254755,-0.3288780708745245,-0.1247865045292974,-0.7561551066395412,-0.3897485698412053,1300,427,1.7241379310344827,20,False,-0.12176163152832269,10805.234949067084,0.0805234949067084,0.0811931570141311,0.3715646420712687,-0.20068399727657915,548,169,2.192,20,False,-0.20068399727657904,-0.3903235383385394,0.3619836956521739
607,0c910a5068ad,gap_up_continuation,"{""family"": ""gap_up_continuation"", ""gap_min"": 0.08, ""min_adv20"": 50000000.0, ""mom3_min"": 0.0, ""prev_return_min"": 0.05}",,0.02,1.0,20,8921.662151084165,-0.10783378489158346,-0.00633151917428687,-0.5839327670093937,-0.11126918396924956,180,95,0.039761431411530816,20,False,-0.025283760819691158,9873.664821595155,-0.012633517840484498,-0.004223457360233218,-0.20316240789597467,-0.031201700749014516,121,21,0.15984147952443858,20,False,-0.024896356203912017,10011.363185589571,0.0011363185589570168,0.000379633987440231,0.1159070208231498,-0.004032819146421507,11,10,0.014588859416445624,2,False,-0.004032819146421502,9983.955186144423,-0.0016044813855576878,-0.0016173068513091193,-0.3184064399822527,-0.005872997824037718,9,9,0.036,1,False,-0.0038774723691218315,-0.380770359113419,0.3617934782608696
608,089ab2b4aab5,oversold_5d_reversal,"{""family"": ""oversold_5d_reversal"", ""max_abs_gap"": 0.01, ""min_adv20"": 50000000.0, ""momentum_column"": ""mom5"", ""momentum_max"": -0.2}",,,2.0,10,4338.321266211666,-0.5661678733788335,-0.04542259825359107,-0.2577482179415184,-0.7191089509611224,1167,757,0.2577866136514248,10,False,-0.2853794135385065,8334.85284190039,-0.1665147158099609,-0.05883129731410974,-0.1862613826703522,-0.26229524138018634,195,101,0.2575957727873184,10,False,-0.1684865090755217,10630.126048085702,0.06301260480857018,0.020632991610123552,0.2754779171650322,-0.1254209880626389,262,169,0.34748010610079577,9,False,-0.03113015873015872,14241.88007371055,0.4241880073710551,0.4282224749684811,1.1594068533536561,-0.031815581653097946,135,80,0.54,10,False,-0.02335716248384545,-0.07148683527116623,0.36157608695652177
609,e21ba93123fd,oversold_5d_reversal,"{""family"": ""oversold_5d_reversal"", ""max_abs_gap"": 0.05, ""min_adv20"": 20000000.0, ""momentum_column"": ""mom5"", ""momentum_max"": -0.2}",,,2.0,10,763.3254550306419,-0.9236674544969358,-0.13342747342868644,-0.28012031199176385,-0.9485301024525403,2913,1296,0.6434724983432737,10,False,-0.43912825757947405,8997.608448830628,-0.10023915511693726,-0.0345512392713202,0.0448758707429235,-0.39188087640583,378,162,0.49933949801849403,10,False,-0.17115773234447773,10365.233695337281,0.036523369533728145,0.012061274524750365,0.15404519902848704,-0.23869526500414973,509,245,0.6750663129973474,10,False,-0.0840403708173583,11922.463711361495,0.1922463711361495,0.1939247008379339,0.6186735125741295,-0.14967486721725887,222,106,0.888,10,False,-0.14967486721725887,-0.32499618273468733,0.36135869565217393
610,12257827a207,strength_pullback,"{""family"": ""strength_pullback"", ""gap_max"": -0.02, ""min_adv20"": 20000000.0, ""mom3_min"": null, ""prev_return_min"": 0.05}",0.06,0.08,4.0,3,4457.752799158434,-0.5542247200841566,-0.04397843489514741,0.24393048778921855,-0.9313796481070298,1325,785,0.2926883145571018,3,False,-0.248,6360.865730869558,-0.3639134269130442,-0.1398148751355982,0.08484769909797528,-0.776427482665288,219,117,0.2892998678996037,3,False,-0.248,15418.351155310364,0.5418351155310364,0.15570121266005787,0.5506311050627821,-0.4883746712436031,216,118,0.2864721485411141,3,False,-0.248,4887.909340039445,-0.5112090659960555,-0.514000158931808,-1.22024827606272,-0.6562875223864447,73,47,0.292,3,False,-0.248,-0.15908278869124326,0.36114130434782604
611,37e8e6129018,relative_weakness_reversal,"{""family"": ""relative_weakness_reversal"", ""gap_max"": -0.03, ""min_adv20"": 50000000.0, ""mom3_max"": -0.05, ""prev_return_percentile_max"": 0.2}",0.06,,4.0,20,122637.61973809802,11.263761973809801,0.14973918192884428,0.5696471509805265,-0.4409827404532076,1676,606,0.37022310580958695,20,False,-0.22586334298380945,8153.885548081238,-0.18461144519187622,-0.06568375582148445,-0.060767564701810495,-0.5831119494680272,474,105,0.6261558784676354,20,False,-0.248,13932.576450426817,0.3932576450426817,0.11721774998291234,0.4899343207024592,-0.32177201523378407,329,122,0.4363395225464191,20,False,-0.1333117051682116,12200.58426185205,0.220058426185205,0.2220013162757024,0.7970691945136295,-0.13578210267990387,130,44,0.52,20,False,-0.08281565079699416,-0.630414715682337,0.36081521739130434
612,e21ba93123fd,oversold_5d_reversal,"{""family"": ""oversold_5d_reversal"", ""max_abs_gap"": 0.05, ""min_adv20"": 20000000.0, ""momentum_column"": ""mom5"", ""momentum_max"": -0.2}",,,3.0,20,1158.0562238319235,-0.8841943776168076,-0.11308587670514547,-0.15910409153871408,-0.9407602375535774,3265,1296,0.721228186436934,20,False,-0.5610757511096838,7901.641461152226,-0.20983585388477743,-0.07540655145827957,-0.09047890511429788,-0.3752203949128242,497,162,0.6565389696169088,20,False,-0.20173059443659236,10645.146390476597,0.06451463904765964,0.021114757499171466,0.2208476810816311,-0.18155581713232394,527,245,0.6989389920424404,19,False,-0.06303027811301871,13100.562965494772,0.3100562965494771,0.31288981283229367,0.7146871769752543,-0.18992733576363408,245,106,0.98,20,False,-0.18992733576363394,-0.0686251864244162,0.3595923913043478
613,2b5d9a02eb33,gap_up_continuation,"{""family"": ""gap_up_continuation"", ""gap_min"": 0.08, ""min_adv20"": 20000000.0, ""mom3_min"": 0.0, ""prev_return_min"": 0.05}",,0.02,1.0,5,7462.861631729602,-0.25371383682703985,-0.016158470406516967,-0.5013932037941924,-0.2884237274053465,157,103,0.03468080406450188,5,False,-0.06637311749613499,9571.502807652767,-0.04284971923472336,-0.014473245382876199,-0.31671796855805534,-0.07965681291042526,56,21,0.07397622192866579,5,False,-0.051769888010575874,10043.526652834946,0.00435266528349465,0.0014526341562313139,0.1159070208231498,-0.01613127658568614,11,10,0.014588859416445624,2,False,-0.016131276585686007,9934.463346132365,-0.006553665386763496,-0.006605921156803807,-0.3184064399822527,-0.02339877872923879,9,9,0.036,1,False,-0.015509889476487326,-0.18467523523613705,0.3583152173913044
614,79bba811cf88,volatility_reversal,"{""family"": ""volatility_reversal"", ""gap_max"": -0.02, ""min_adv20"": 20000000.0, ""prev_intraday_max"": -0.02, ""prev_range_min"": 0.03}",,0.04,3.0,20,12820.370909684492,0.2820370909684493,0.013926314965553965,0.20068875839913336,-0.8451190324110245,6421,1594,1.4183786171857742,20,False,-0.3341108319878296,8230.14509483175,-0.17698549051682488,-0.06278388763091636,0.0063670542343609105,-0.6252824719735339,1408,285,1.8599735799207398,20,False,-0.35552200898413194,7970.487206961683,-0.20295127930383172,-0.07301113255901259,-0.21779482485973917,-0.5450312217461315,1147,277,1.5212201591511936,20,False,-0.15114032968552835,11417.93553179035,0.14179355317903508,0.14300541334661876,0.646024482877611,-0.13210674976121362,394,104,1.576,20,False,-0.10500587959207577,-0.19432170416477246,0.35828804347826093
615,869cb7749fba,prior_day_crash_rebound,"{""family"": ""prior_day_crash_rebound"", ""max_abs_gap"": 0.01, ""min_adv20"": 20000000.0, ""prev_return_max"": -0.15}",,0.04,4.0,20,6332.727166900142,-0.36672728330998583,-0.02511059298943996,-0.5384353440903384,-0.39203695629070134,353,288,0.07797658493483543,11,False,-0.07694321569074392,9619.58974568579,-0.03804102543142107,-0.01282776118305684,-0.08348543107536725,-0.10333557235421231,72,38,0.095112285336856,20,False,-0.10247812606642695,10405.429682677659,0.04054296826776582,0.013371300178367518,0.45749272747854985,-0.03967058690891523,68,62,0.09018567639257294,3,False,-0.019520386397719514,10220.554572949311,0.02205545729493119,0.022233848143271562,0.522154390758603,-0.02916811974064837,41,36,0.164,2,False,-0.012070656530461044,-0.4549499130149712,0.3575
616,bdd1d95c3f2c,prior_day_crash_rebound,"{""family"": ""prior_day_crash_rebound"", ""max_abs_gap"": 0.05, ""min_adv20"": 50000000.0, ""prev_return_max"": -0.1}",,,1.5,10,2007.090332462846,-0.7992909667537154,-0.08551478719037531,-0.3407108879695453,-0.8481647128210328,2253,1116,0.49768058316766073,10,False,-0.1735854007022865,8592.01455343923,-0.140798544656077,-0.04926235968910009,-0.25236882999509996,-0.19381040598395394,353,185,0.4663143989431968,10,False,-0.13404797570875857,10753.680440577502,0.07536804405775022,0.02458252455582488,0.34147107112848424,-0.10759899837363585,451,258,0.5981432360742706,10,False,-0.028028761679564834,9601.556515137047,-0.03984434848629537,-0.04015661613339927,-0.25365985675621777,-0.10116438614984447,224,105,0.896,10,False,-0.05853956864698521,-0.08834205797444533,0.3572554347826087
617,0c910a5068ad,gap_up_continuation,"{""family"": ""gap_up_continuation"", ""gap_min"": 0.08, ""min_adv20"": 50000000.0, ""mom3_min"": 0.0, ""prev_return_min"": 0.05}",,0.02,1.5,20,8420.131700870423,-0.15798682991295776,-0.009526636403562105,-0.5839327670093936,-0.16284452594989485,180,95,0.039761431411530816,20,False,-0.03792564122953674,9806.652797934239,-0.019334720206576117,-0.006478354163053646,-0.20316240789597453,-0.04668502812985331,121,21,0.15984147952443858,20,False,-0.037344534305868024,10016.925231408784,0.0016925231408784214,0.0005653524494968476,0.11590702082314978,-0.006049228719632316,11,10,0.014588859416445624,2,False,-0.006049228719632252,9975.847970449888,-0.0024152029550111864,-0.0024345010403615808,-0.31840643998225276,-0.00880367095062462,9,9,0.036,1,False,-0.005816208553682747,-0.38077035911341905,0.35663043478260864
618,8486bd00cb94,prior_day_crash_rebound,"{""family"": ""prior_day_crash_rebound"", ""max_abs_gap"": 0.05, ""min_adv20"": 20000000.0, ""prev_return_max"": -0.1}",,,1.5,10,1760.8972290705146,-0.8239102770929485,-0.09215223987654153,-0.33924340775788814,-0.8828434751490863,2666,1289,0.5889109785730064,10,False,-0.21344153128445614,8589.80498523927,-0.1410195014760729,-0.04934375792884671,-0.242961179485899,-0.1930067770784244,367,187,0.4848084544253633,10,False,-0.13404797570875857,10670.13673019644,0.067013673019644,0.021915301454301206,0.3083829749679178,-0.11343907458519809,455,260,0.603448275862069,10,False,-0.028028761679564834,9601.556515137047,-0.03984434848629537,-0.04015661613339927,-0.25365985675621777,-0.10116438614984447,224,105,0.896,10,False,-0.05853956864698521,-0.09628222827198915,0.3564945652173913
619,b2e74e658b61,gap_up_continuation,"{""family"": ""gap_up_continuation"", ""gap_min"": 0.05, ""min_adv20"": 50000000.0, ""mom3_min"": 0.0, ""prev_return_min"": 0.05}",,0.08,1.0,10,6596.620848229967,-0.3403379151770033,-0.02289249018540862,-0.4663095748391663,-0.34973098204493547,397,202,0.08769604594654297,10,False,-0.09582880193374642,9153.796914748904,-0.0846203085251096,-0.02900424197135054,-0.3973406383556349,-0.11762363360103256,163,43,0.21532364597093792,10,False,-0.06664194829076898,10055.861185910191,0.005586118591019096,0.0018635175784942337,0.10464218537293683,-0.027842780488480323,30,25,0.03978779840848806,3,False,-0.018342583641648723,9992.303040738241,-0.0007696959261759284,-0.0007758511042920135,-0.02396798149417304,-0.015384390684954896,22,20,0.088,2,False,-0.007754944738243663,-0.06896893648353142,0.35614130434782615
620,a68266614904,volatility_reversal,"{""family"": ""volatility_reversal"", ""gap_max"": -0.02, ""min_adv20"": 20000000.0, ""prev_intraday_max"": -0.02, ""prev_range_min"": 0.05}",,0.08,4.0,3,0.022692909537164494,-0.9999977307090463,-0.5149182223631108,0.050379024763792135,-0.99999972894509,2144,1124,0.47360282747956706,3,False,-0.9862533959663099,4778.870339405151,-0.522112966059485,-0.21792280905703898,0.2880335983538201,-0.8806636376227308,363,190,0.4795244385733157,3,False,-0.6061848564952982,7468.529912695257,-0.25314700873047435,-0.09294638301278535,0.29524595236876083,-0.8694368914533287,342,184,0.4535809018567639,3,False,-0.3564588132026804,3660.7702392903147,-0.6339229760709686,-0.6368541780374009,-0.9381431123099953,-0.6916727913230791,118,72,0.472,3,False,-0.1817707531701339,-0.23765457359002795,0.3560869565217392
621,2b5d9a02eb33,gap_up_continuation,"{""family"": ""gap_up_continuation"", ""gap_min"": 0.08, ""min_adv20"": 20000000.0, ""mom3_min"": 0.0, ""prev_return_min"": 0.05}",,0.02,1.5,3,5017.9249783806,-0.49820750216194,-0.03765814054872729,-0.5131430478822041,-0.5463740019063482,139,103,0.030704660923348795,3,False,-0.11005232118899311,9753.665648718632,-0.02463343512813676,-0.008268614159140597,-0.07175203237908566,-0.16360857853437638,40,21,0.052840158520475564,3,False,-0.09656450497267616,10098.946715647515,0.009894671564751434,0.0032961392434274206,0.11590702082314978,-0.04032819146421496,11,10,0.014588859416445624,2,False,-0.04032819146421501,9829.364765104288,-0.017063523489571186,-0.01719885102408969,-0.3184064399822527,-0.05803088398853473,9,9,0.036,1,False,-0.038774723691218316,-0.44139101550311843,0.35597826086956524
622,e01ec9ad1e07,oversold_5d_reversal,"{""family"": ""oversold_5d_reversal"", ""max_abs_gap"": 0.05, ""min_adv20"": 50000000.0, ""momentum_column"": ""mom5"", ""momentum_max"": -0.2}",,,4.0,20,843.4336264339646,-0.9156566373566035,-0.12860001970268709,-0.08231372969044119,-0.9690644067758489,2756,1169,0.6087916942787718,20,False,-0.7215644542612996,7004.387622755594,-0.29956123772444065,-0.11177127734155745,-0.07406188516194798,-0.4703886504255541,493,162,0.6512549537648613,20,False,-0.2689741259154565,10799.311527282844,0.07993115272828444,0.026033524407009567,0.23033579981406158,-0.23608569953724123,523,245,0.6936339522546419,19,False,-0.0840403708173583,13709.403841542107,0.3709403841542107,0.37440497429248176,0.7146871769752535,-0.2532364476848451,245,106,0.98,20,False,-0.25323644768484527,-0.008251844528493216,0.3559239130434783
623,79bba811cf88,volatility_reversal,"{""family"": ""volatility_reversal"", ""gap_max"": -0.02, ""min_adv20"": 20000000.0, ""prev_intraday_max"": -0.02, ""prev_range_min"": 0.03}",,0.04,4.0,3,6.224549368988838,-0.9993775450631012,-0.3369583677933611,0.042669226007541534,-0.9998261215106636,3051,1594,0.6739562624254473,3,False,-0.5767502862977052,6159.572238449602,-0.3840427761550398,-0.1489739531302725,0.2779203597785409,-0.8879583355145538,542,285,0.7159841479524438,3,False,-0.4391903551488631,2365.9443682437036,-0.7634055631756296,-0.3822946619876092,-0.16298460437876777,-0.958797445253631,559,277,0.7413793103448276,3,False,-0.3564588132026804,2646.3467275829867,-0.7353653272417013,-0.7381648672162149,-1.3091450986736963,-0.7663801780366257,191,104,0.764,3,False,-0.21942524461746618,-0.23525113377099938,0.3551086956521739
624,387eb13d7c7a,prior_day_crash_rebound,"{""family"": ""prior_day_crash_rebound"", ""max_abs_gap"": 0.01, ""min_adv20"": 50000000.0, ""prev_return_max"": -0.15}",,,3.0,10,4106.49122464431,-0.5893508775355689,-0.04833637556652348,-0.5571572314615563,-0.6518651500795045,280,235,0.061851115529047936,8,False,-0.11541482353611587,9583.795310277776,-0.04162046897222249,-0.014052085195726427,-0.0371667087620764,-0.1325442307623934,59,37,0.07793923381770146,10,False,-0.10136918205276402,11470.758798215184,0.14707587982151837,0.04692781653997602,0.7512705096925889,-0.04488317919481433,66,60,0.08753315649867374,3,False,-0.02928057959657927,9983.708869495553,-0.0016291130504447748,-0.0016421352481135187,0.006968009229128134,-0.048480738627138975,41,36,0.164,2,False,-0.018105984795691567,-0.5199905226994799,0.3545923913043478
625,089ab2b4aab5,oversold_5d_reversal,"{""family"": ""oversold_5d_reversal"", ""max_abs_gap"": 0.01, ""min_adv20"": 50000000.0, ""momentum_column"": ""mom5"", ""momentum_max"": -0.2}",,,4.0,20,3569.3213948910657,-0.6430678605108935,-0.055734263320589394,-0.23671436452163544,-0.7706185092292226,1197,757,0.2644135188866799,18,False,-0.42943237715882365,8410.28089374914,-0.15897191062508587,-0.05600446050924612,-0.061795797077647825,-0.32909359711366026,230,101,0.3038309114927345,20,False,-0.1684865090755217,10630.126048085702,0.06301260480857018,0.020632991610123552,0.2754779171650322,-0.1254209880626389,262,169,0.34748010610079577,9,False,-0.03113015873015872,15540.967184734149,0.5540967184734149,0.5595879383958966,1.1231246115981786,-0.031815581653097724,139,80,0.556,14,False,-0.02335716248384545,-0.17491856744398762,0.3538586956521739
626,869cb7749fba,prior_day_crash_rebound,"{""family"": ""prior_day_crash_rebound"", ""max_abs_gap"": 0.01, ""min_adv20"": 20000000.0, ""prev_return_max"": -0.15}",,0.04,1.0,10,7965.81878918678,-0.20341812108132196,-0.01258006186557048,-0.5496286939657078,-0.21961412328912744,352,288,0.07775568809366026,10,False,-0.03847160784537196,9536.055928285872,-0.046394407171412744,-0.01568973443100008,-0.456552075199985,-0.04710292918543835,60,38,0.07926023778071334,10,False,-0.04674067198363156,10204.144118509286,0.020414411850928627,0.0067770057565754716,0.45749272747854985,-0.019907420929326403,68,62,0.09018567639257294,3,False,-0.009760193198859757,10112.085814102005,0.011208581410200535,0.011298754743888084,0.522154390758603,-0.014648247232517897,41,36,0.164,2,False,-0.006035328265230522,-0.09307661876572282,0.35282608695652173
627,a68266614904,volatility_reversal,"{""family"": ""volatility_reversal"", ""gap_max"": -0.02, ""min_adv20"": 20000000.0, ""prev_intraday_max"": -0.02, ""prev_range_min"": 0.05}",,0.08,3.0,20,32962.58948461203,2.296258948461203,0.06865169014044903,0.37021971425657696,-0.7177177967119691,4551,1124,1.0053015241882042,20,False,-0.3464406819054104,7830.613447663393,-0.21693865523366063,-0.07818162534892348,0.004409098851949074,-0.6309237578284015,980,190,1.2945838837516512,20,False,-0.36734596019240195,9651.614460625467,-0.034838553937453276,-0.01178136578803568,0.05999842151930161,-0.4596753237930148,677,184,0.8978779840848806,20,False,-0.1501411364699098,12934.526478487569,0.2934526478487569,0.29611798956477053,0.9498920755694384,-0.1198614273153572,239,72,0.956,20,False,-0.1112039919359179,-0.3658106154046279,0.3519836956521739
628,2b5d9a02eb33,gap_up_continuation,"{""family"": ""gap_up_continuation"", ""gap_min"": 0.08, ""min_adv20"": 20000000.0, ""mom3_min"": 0.0, ""prev_return_min"": 0.05}",,0.02,1.0,20,8742.876502837835,-0.12571234971621648,-0.0074506015893828215,-0.6039252926633232,-0.12907890511423148,198,103,0.0437375745526839,20,False,-0.03210281025526128,9873.664821595155,-0.012633517840484498,-0.004223457360233218,-0.20316240789597467,-0.031201700749014516,121,21,0.15984147952443858,20,False,-0.024896356203912017,10011.363185589571,0.0011363185589570168,0.000379633987440231,0.1159070208231498,-0.004032819146421507,11,10,0.014588859416445624,2,False,-0.004032819146421502,9983.955186144423,-0.0016044813855576878,-0.0016173068513091193,-0.3184064399822527,-0.005872997824037718,9,9,0.036,1,False,-0.0038774723691218315,-0.4007628847673485,0.3519021739130435
629,0c910a5068ad,gap_up_continuation,"{""family"": ""gap_up_continuation"", ""gap_min"": 0.08, ""min_adv20"": 50000000.0, ""mom3_min"": 0.0, ""prev_return_min"": 0.05}",,0.02,1.0,10,8485.304030171728,-0.15146959698282714,-0.00910143462624613,-0.548509819324282,-0.16453895366693128,162,95,0.03578528827037773,10,False,-0.033186558748067495,9739.35810887853,-0.026064189112146918,-0.008753130506280793,-0.34575675258516025,-0.047489403911300965,89,21,0.11756935270805813,10,False,-0.029587282875593736,10022.407134415787,0.0022407134415787233,0.0007483277492716933,0.1159070208231498,-0.008065638292843014,11,10,0.014588859416445624,2,False,-0.008065638292843003,9967.6841995968,-0.0032315800403199813,-0.003257390528958126,-0.3184064399822527,-0.011730460220257033,9,9,0.036,1,False,-0.007754944738243663,-0.20275306673912175,0.35168478260869573
630,e6a4cfbe4bad,strength_pullback,"{""family"": ""strength_pullback"", ""gap_max"": -0.02, ""min_adv20"": 20000000.0, ""mom3_min"": null, ""prev_return_min"": 0.05}",0.04,0.08,1.0,3,16842.271671043127,0.6842271671043128,0.029444222317207336,0.2797015734450711,-0.27755815500905123,1325,785,0.2926883145571018,3,False,-0.042,8923.966698871778,-0.1076033301128222,-0.0371889083995115,-0.195955071535328,-0.23130353060202313,219,117,0.2892998678996037,3,False,-0.042,11914.748870792462,0.1914748870792462,0.06030034631734882,0.6170952265866503,-0.13302714945336092,216,118,0.2864721485411141,3,False,-0.042,8691.725784064822,-0.1308274215935178,-0.13180183337344487,-1.3764792568222892,-0.20656124233663575,73,47,0.292,3,False,-0.042,-0.47565664498039917,0.35048913043478264
631,f8be557fd27c,oversold_5d_reversal,"{""family"": ""oversold_5d_reversal"", ""max_abs_gap"": 0.01, ""min_adv20"": 20000000.0, ""momentum_column"": ""mom5"", ""momentum_max"": -0.2}",,,1.5,10,3865.640632251191,-0.613435936774881,-0.05153290381330766,-0.362817401496299,-0.7271107501205776,1443,881,0.31875414181577205,10,False,-0.21403456015387984,8830.811399932147,-0.11691886000678531,-0.040546390537584576,-0.18457381528979652,-0.20094852003531094,196,101,0.25891677675033026,10,False,-0.1263648818066413,10519.859103721526,0.05198591037215272,0.017082312128267274,0.2892651058909569,-0.09535151507027917,263,169,0.34880636604774534,9,False,-0.02334761904761904,13144.198474429453,0.3144198474429454,0.3172978442094194,1.1594068533536568,-0.023911588958370533,135,80,0.54,10,False,-0.017517871862884088,-0.17824358620650246,0.35040760869565213
632,7fdc1a696fcc,oversold_5d_reversal,"{""family"": ""oversold_5d_reversal"", ""max_abs_gap"": 0.05, ""min_adv20"": 50000000.0, ""momentum_column"": ""mom5"", ""momentum_max"": -0.2}",0.02,,1.5,10,3928.67853149312,-0.6071321468506881,-0.05067848486958659,-0.4664600119828054,-0.6299537188544755,2460,1169,0.5434062292909212,10,False,-0.032999999999999995,9531.693826747642,-0.04683061732523586,-0.015839644199155067,-0.09879678241680352,-0.17864097891255426,378,162,0.49933949801849403,10,False,-0.032999999999999995,8885.25567202063,-0.111474432797937,-0.03873176423285274,-0.41847752741821587,-0.1663610072385987,505,245,0.669761273209549,10,False,-0.025206376590903818,11680.384038834167,0.16803840388341662,0.16949071768235147,0.800314130478643,-0.05616314414773438,222,106,0.888,10,False,-0.032999999999999995,-0.3676632295660019,0.35008152173913043
633,0c910a5068ad,gap_up_continuation,"{""family"": ""gap_up_continuation"", ""gap_min"": 0.08, ""min_adv20"": 50000000.0, ""mom3_min"": 0.0, ""prev_return_min"": 0.05}",,0.02,2.0,5,6204.182407563941,-0.37958175924360593,-0.026222853791163403,-0.41954649466782046,-0.4316532430767809,143,95,0.03158824828804948,5,False,-0.13274623499226998,9107.280708036787,-0.08927192919632121,-0.030649608275217677,-0.31671796855805534,-0.1562635169787151,56,21,0.07397622192866579,5,False,-0.10353977602115175,10081.817665200228,0.008181766520022782,0.0027270754970023514,0.1159070208231498,-0.032262553171372166,11,10,0.014588859416445624,2,False,-0.03226255317137201,9865.30406088005,-0.013469593911995092,-0.013576615857483265,-0.3184064399822527,-0.046548990613377694,9,9,0.036,1,False,-0.031019778952974652,-0.10282852610976512,0.34983695652173913
634,56e51a7a32c6,prior_day_crash_rebound,"{""family"": ""prior_day_crash_rebound"", ""max_abs_gap"": 0.01, ""min_adv20"": 50000000.0, ""prev_return_max"": -0.15}",,0.04,2.0,10,7195.305465138956,-0.2804694534861044,-0.018155973584080498,-0.4504040867646197,-0.3144368272679082,280,235,0.061851115529047936,8,False,-0.07694321569074392,8993.137071541498,-0.10068629284585018,-0.034710981640013516,-0.49553751287471876,-0.10117842925610598,59,37,0.07793923381770146,10,False,-0.09348134396726313,10369.350006292847,0.03693500062928479,0.01219558431601353,0.4242884371310038,-0.03967058690891556,66,60,0.08753315649867374,3,False,-0.019520386397719514,10220.554572949311,0.02205545729493119,0.022233848143271562,0.522154390758603,-0.02916811974064837,41,36,0.164,2,False,-0.012070656530461044,-0.04513342611009907,0.3494021739130435
635,7fdc1a696fcc,oversold_5d_reversal,"{""family"": ""oversold_5d_reversal"", ""max_abs_gap"": 0.05, ""min_adv20"": 50000000.0, ""momentum_column"": ""mom5"", ""momentum_max"": -0.2}",0.02,,1.5,20,6007.5177965260955,-0.3992482203473905,-0.02796738178237579,-0.42827308983688905,-0.42964664856071355,2756,1169,0.6087916942787718,20,False,-0.032999999999999995,9089.790405725398,-0.09102095942746014,-0.0312697235850089,-0.38846490926548827,-0.1773572672631698,493,162,0.6512549537648613,20,False,-0.032999999999999995,9406.20418188238,-0.05937958181176195,-0.020251453941728115,-0.4457624423210384,-0.08516724871894055,523,245,0.6936339522546419,19,False,-0.01845774451317685,11487.556757727227,0.14875567577272264,0.15003085239466274,0.8427481270672689,-0.035824230277424096,245,106,0.98,20,False,-0.0264,-0.039808180571400786,0.34915760869565216
636,b5fec6e443c0,gap_up_continuation,"{""family"": ""gap_up_continuation"", ""gap_min"": 0.05, ""min_adv20"": 50000000.0, ""mom3_min"": 0.0, ""prev_return_min"": 0.05}",,0.02,3.0,20,5702.663103124186,-0.4297336896875814,-0.030781218847851677,-0.6231022285230324,-0.4410817517116643,434,202,0.09586922907002429,20,False,-0.08639691064886207,9836.671041152855,-0.016332895884714538,-0.0054669992806843926,-0.0425841986156473,-0.13847526805743426,253,43,0.3342140026420079,20,False,-0.06928906861173606,9692.8121925655,-0.030718780743450025,-0.0103735705523742,-0.4741328481586534,-0.03951165909410781,30,25,0.03978779840848806,3,False,-0.027513875462473088,9801.235948750404,-0.019876405124959584,-0.02003381286340422,-1.009614970686462,-0.020450478471165767,22,20,0.088,2,False,-0.011632417107365494,-0.5805180299073851,0.34828804347826087
637,dc02fb10bc44,oversold_3d_reversal,"{""family"": ""oversold_3d_reversal"", ""max_abs_gap"": 0.05, ""min_adv20"": 50000000.0, ""momentum_column"": ""mom3"", ""momentum_max"": -0.2}",,,1.0,5,4285.645260714629,-0.571435473928537,-0.04607152355080546,-0.20711079683018546,-0.7346752791257722,1085,704,0.23967307267506074,5,False,-0.22634624087537122,8117.6673015028255,-0.18823326984971744,-0.06706734109875656,-0.28160580340596253,-0.2394818264367543,171,97,0.22589167767503301,5,False,-0.1684865090755217,9372.525335248216,-0.06274746647517837,-0.021425283375090975,-0.18950028964396656,-0.15304388590035556,230,150,0.3050397877984085,5,False,-0.05711824376020798,10304.850535518668,0.030485053551866814,0.030732643864100018,0.29414435438112985,-0.07477120320785668,114,73,0.456,5,False,-0.07477120320785662,-0.07449500657577707,0.3471195652173913
638,b2e74e658b61,gap_up_continuation,"{""family"": ""gap_up_continuation"", ""gap_min"": 0.05, ""min_adv20"": 50000000.0, ""mom3_min"": 0.0, ""prev_return_min"": 0.05}",,0.08,3.0,20,4317.436924663488,-0.5682563075336512,-0.04567898134318282,-0.5023170116894178,-0.5755220330937523,434,202,0.09586922907002429,20,False,-0.14927860983787036,9474.969844080206,-0.05250301559197945,-0.01779322437620101,-0.04957956998730775,-0.19598124891310298,253,43,0.3342140026420079,20,False,-0.15709734555200666,10079.528481003346,0.007952848100334586,0.002650975144776524,0.10464218537293667,-0.04163103506412702,30,25,0.03978779840848806,3,False,-0.027513875462473088,9986.643650606635,-0.0013356349393365274,-0.0013463128229042054,-0.023967981494173046,-0.023020917310646705,22,20,0.088,2,False,-0.011632417107365494,-0.45273744170211005,0.3469836956521739
639,0c910a5068ad,gap_up_continuation,"{""family"": ""gap_up_continuation"", ""gap_min"": 0.08, ""min_adv20"": 50000000.0, ""mom3_min"": 0.0, ""prev_return_min"": 0.05}",,0.02,2.0,20,7942.431315011779,-0.20575686849882213,-0.012741664195089708,-0.5839327670093937,-0.21185915754954343,180,95,0.039761431411530816,20,False,-0.050567521639382315,9737.10153406459,-0.026289846593541055,-0.008829591415581595,-0.20316240789597467,-0.062089868275328475,121,21,0.15984147952443858,20,False,-0.049792712407824034,10022.407134415787,0.0022407134415787233,0.0007483277492716933,0.1159070208231498,-0.008065638292843014,11,10,0.014588859416445624,2,False,-0.008065638292843003,9967.6841995968,-0.0032315800403199813,-0.003257390528958126,-0.3184064399822527,-0.011730460220257033,9,9,0.036,1,False,-0.007754944738243663,-0.380770359113419,0.3458695652173913
640,2b5d9a02eb33,gap_up_continuation,"{""family"": ""gap_up_continuation"", ""gap_min"": 0.08, ""min_adv20"": 20000000.0, ""mom3_min"": 0.0, ""prev_return_min"": 0.05}",,0.02,1.5,20,8166.306344492178,-0.1833693655507822,-0.011212834848341235,-0.6039252926633233,-0.18808062606015807,198,103,0.0437375745526839,20,False,-0.04815421538289193,9806.652797934239,-0.019334720206576117,-0.006478354163053646,-0.20316240789597453,-0.04668502812985331,121,21,0.15984147952443858,20,False,-0.037344534305868024,10016.925231408784,0.0016925231408784214,0.0005653524494968476,0.11590702082314978,-0.006049228719632316,11,10,0.014588859416445624,2,False,-0.006049228719632252,9975.847970449888,-0.0024152029550111864,-0.0024345010403615808,-0.31840643998225276,-0.00880367095062462,9,9,0.036,1,False,-0.005816208553682747,-0.4007628847673488,0.3456521739130435
641,f4f189c68313,volatility_reversal,"{""family"": ""volatility_reversal"", ""gap_max"": -0.02, ""min_adv20"": 20000000.0, ""prev_intraday_max"": -0.02, ""prev_range_min"": 0.05}",,0.04,4.0,3,9.357397450148307,-0.9990642602549852,-0.3217398424436565,-0.00359381491696535,-0.9996835574632691,2144,1124,0.47360282747956706,3,False,-0.5767502862977052,5413.112199682884,-0.45868878003171154,-0.18479584947373295,0.1604809321384072,-0.8571831155265682,363,190,0.4795244385733157,3,False,-0.4391903551488631,5129.493076928115,-0.48705069230718845,-0.19997823030772044,0.07115491164853442,-0.8888815458499129,342,184,0.4535809018567639,3,False,-0.3564588132026804,4330.850003557277,-0.5669149996442723,-0.5698046343224946,-0.938023976791109,-0.6317205720805381,118,72,0.472,3,False,-0.1817707531701339,-0.16407474705537253,0.3442934782608696
642,daaf4bf7437f,gap_up_continuation,"{""family"": ""gap_up_continuation"", ""gap_min"": 0.05, ""min_adv20"": 50000000.0, ""mom3_min"": 0.05, ""prev_return_min"": 0.05}",,0.08,2.0,20,5735.936421090308,-0.42640635789096926,-0.030467286066215182,-0.5646194447480055,-0.43328994697483014,321,158,0.07090788601722996,20,False,-0.10635977354459236,9694.527267825844,-0.03054727321741557,-0.010274382077758104,-0.05870501921547546,-0.1532953341693858,228,35,0.3011889035667107,20,False,-0.10473156370133778,10031.897099351827,0.0031897099351827496,0.0010649269345268664,0.0725674895295934,-0.027842780488480323,21,18,0.027851458885941646,2,False,-0.018342583641648723,10028.76701935857,0.0028767019358570955,0.0028997488861195464,0.14351175706119165,-0.015384390684954896,19,17,0.076,2,False,-0.007754944738243663,-0.5059144255325301,0.34418478260869567
643,96ecb9436c7e,oversold_3d_reversal,"{""family"": ""oversold_3d_reversal"", ""max_abs_gap"": 0.03, ""min_adv20"": 50000000.0, ""momentum_column"": ""mom3"", ""momentum_max"": -0.2}",,,1.5,10,2824.833253299457,-0.7175166746700543,-0.06795052970827598,-0.4256334447854479,-0.7836067363423216,992,637,0.21912966644576984,10,False,-0.350275783991311,8991.099018877923,-0.10089009811220762,-0.03478380975135675,-0.12061439055296269,-0.1784688463742491,154,88,0.20343461030383092,10,False,-0.1263648818066413,8948.975337568825,-0.10510246624311748,-0.036433269909070254,-0.5805149358098597,-0.1423451688811579,219,142,0.29045092838196285,8,False,-0.04283868282015598,10285.66345710394,0.02856634571039396,0.02879813608881343,0.3145903367499704,-0.06223950375632159,115,72,0.46,8,False,-0.062239503756321625,-0.3050190542324852,0.3435054347826087
644,dc02fb10bc44,oversold_3d_reversal,"{""family"": ""oversold_3d_reversal"", ""max_abs_gap"": 0.05, ""min_adv20"": 50000000.0, ""momentum_column"": ""mom3"", ""momentum_max"": -0.2}",,,3.0,10,1139.039607673378,-0.8860960392326622,-0.11390295850039645,-0.18645342326844408,-0.9454119530724967,1178,704,0.2602164789043517,10,False,-0.6245916553138988,6948.106072995597,-0.3051893927004403,-0.11415355832823981,-0.12296159829983666,-0.361718551474151,211,97,0.27873183619550856,10,False,-0.2527297636132826,8589.316291863137,-0.14106837081368628,-0.04955321398549606,-0.2778411070445716,-0.2582541571115242,238,150,0.3156498673740053,9,False,-0.08623532813703957,9437.045741715703,-0.056295425828429724,-0.056732766354750885,-0.018368537252144445,-0.23973794973082085,124,73,0.496,10,False,-0.23973794973082074,-0.06349182496860742,0.34328804347826086
645,0c910a5068ad,gap_up_continuation,"{""family"": ""gap_up_continuation"", ""gap_min"": 0.08, ""min_adv20"": 50000000.0, ""mom3_min"": 0.0, ""prev_return_min"": 0.05}",,0.02,1.5,10,7801.641858302464,-0.21983581416975362,-0.013724088928601441,-0.5485098193242821,-0.23778256147715449,162,95,0.03578528827037773,10,False,-0.049779838122101246,9604.890911023585,-0.03951090889764142,-0.013330156322430065,-0.34575675258516014,-0.07096613928400275,89,21,0.11756935270805813,10,False,-0.0443809243133906,10033.129178528783,0.00331291785287835,0.0011060162810727636,0.11590702082314978,-0.01209845743926452,11,10,0.014588859416445624,2,False,-0.012098457439264503,9951.18694765601,-0.004881305234399003,-0.0049202594497976815,-0.31840643998225276,-0.017572387188657168,9,9,0.036,1,False,-0.011632417107365494,-0.20275306673912197,0.34157608695652175
646,b5fec6e443c0,gap_up_continuation,"{""family"": ""gap_up_continuation"", ""gap_min"": 0.05, ""min_adv20"": 50000000.0, ""mom3_min"": 0.0, ""prev_return_min"": 0.05}",,0.02,1.0,10,7486.924136235403,-0.25130758637645967,-0.0159821549689958,-0.5502274963575103,-0.2613102931538853,397,202,0.08769604594654297,10,False,-0.05759794043257471,9421.001535767118,-0.05789984642328816,-0.019659155020878116,-0.5200591900909128,-0.096497917556157,163,43,0.21532364597093792,10,False,-0.029587282875593736,9795.679503036215,-0.020432049696378463,-0.006875729695387522,-0.4741328481586533,-0.02638268630412066,30,25,0.03978779840848806,3,False,-0.018342583641648723,9867.478854310537,-0.01325211456894626,-0.013357420268010012,-1.0096149706864623,-0.013646533685719109,22,20,0.088,2,False,-0.007754944738243663,-0.0301683062665975,0.34
647,fe3307e645b6,oversold_3d_reversal,"{""family"": ""oversold_3d_reversal"", ""max_abs_gap"": 0.05, ""min_adv20"": 20000000.0, ""momentum_column"": ""mom3"", ""momentum_max"": -0.2}",,,3.0,10,839.9063335084115,-0.9160093666491589,-0.1288032822018491,-0.1884902404525711,-0.9628276928177831,1401,796,0.30947647448641485,10,False,-0.6624065823772628,6885.56946056034,-0.311443053943966,-0.11681575064920202,-0.13113838860096608,-0.36949067997118956,212,97,0.2800528401585205,10,False,-0.2527297636132826,8551.691979976822,-0.1448308020023178,-0.05094669589285761,-0.28789397100327707,-0.2582541571115242,239,151,0.3169761273209549,9,False,-0.08623532813703957,9437.045741715703,-0.056295425828429724,-0.056732766354750885,-0.018368537252144445,-0.23973794973082085,124,73,0.496,10,False,-0.23973794973082074,-0.05735185185160502,0.3389402173913043
648,2b5d9a02eb33,gap_up_continuation,"{""family"": ""gap_up_continuation"", ""gap_min"": 0.08, ""min_adv20"": 20000000.0, ""mom3_min"": 0.0, ""prev_return_min"": 0.05}",,0.02,1.5,5,6401.563258618239,-0.3598436741381761,-0.024523709668034965,-0.5013932037941923,-0.4038873638752144,157,103,0.03468080406450188,5,False,-0.09955967624420249,9343.648819411657,-0.06563511805883426,-0.022346067191310492,-0.3167179685580552,-0.11834195901568967,56,21,0.07397622192866579,5,False,-0.0776548320158638,10063.337247546297,0.006333724754629566,0.0021123940889096193,0.11590702082314978,-0.02419691487852893,11,10,0.014588859416445624,2,False,-0.024196914878529006,9900.336800409717,-0.009966319959028302,-0.010045648703673304,-0.31840643998225276,-0.035004955526945714,9,9,0.036,1,False,-0.023264834214730988,-0.1846752352361371,0.3388586956521739
649,e01ec9ad1e07,oversold_5d_reversal,"{""family"": ""oversold_5d_reversal"", ""max_abs_gap"": 0.05, ""min_adv20"": 50000000.0, ""momentum_column"": ""mom5"", ""momentum_max"": -0.2}",,,3.0,10,259.5271104429364,-0.9740472889557064,-0.1839366202990873,-0.2051368118206104,-0.9855099912078203,2460,1169,0.5434062292909212,10,False,-0.6811336013890609,7898.714959494876,-0.21012850405051242,-0.0755205608391043,0.06630864892904072,-0.5342300257101757,378,162,0.49933949801849403,10,False,-0.2567365985167166,10306.363055594538,0.030636305559453847,0.01013650560164292,0.16405090435100086,-0.34015600798115886,505,245,0.669761273209549,10,False,-0.12606055622603743,12454.8560237196,0.24548560237196004,0.2476748509491291,0.6186735125741295,-0.22451230082588813,222,106,0.888,10,False,-0.2245123008258883,-0.2714454607496511,0.3388315217391304
650,869cb7749fba,prior_day_crash_rebound,"{""family"": ""prior_day_crash_rebound"", ""max_abs_gap"": 0.01, ""min_adv20"": 20000000.0, ""prev_return_max"": -0.15}",,0.04,1.5,10,7084.523828223155,-0.2915476171776845,-0.01900364683377065,-0.549628693965708,-0.31296746217195803,352,288,0.07775568809366026,10,False,-0.05770741176805794,9299.982641663144,-0.07000173583368563,-0.023869406686222283,-0.45655207519998503,-0.07070919660761066,60,38,0.07926023778071334,10,False,-0.07011100797544735,10305.165737268027,0.03051657372680272,0.01009728355511319,0.4574927274785497,-0.029807369327807698,68,62,0.09018567639257294,3,False,-0.014640289798289635,10166.780662034818,0.01667806620348178,0.016812606131477503,0.5221543907586028,-0.021924239588176242,41,36,0.164,2,False,-0.009052992397845783,-0.09307661876572298,0.3380706521739131
651,2b5d9a02eb33,gap_up_continuation,"{""family"": ""gap_up_continuation"", ""gap_min"": 0.08, ""min_adv20"": 20000000.0, ""mom3_min"": 0.0, ""prev_return_min"": 0.05}",,0.02,1.0,10,8240.031196218211,-0.17599688037817884,-0.010718026870642161,-0.5963723112701723,-0.1901461962665686,178,103,0.03931963772918047,10,False,-0.033186558748067495,9739.35810887853,-0.026064189112146918,-0.008753130506280793,-0.34575675258516025,-0.047489403911300965,89,21,0.11756935270805813,10,False,-0.029587282875593736,10022.407134415787,0.0022407134415787233,0.0007483277492716933,0.1159070208231498,-0.008065638292843014,11,10,0.014588859416445624,2,False,-0.008065638292843003,9967.6841995968,-0.0032315800403199813,-0.003257390528958126,-0.3184064399822527,-0.011730460220257033,9,9,0.036,1,False,-0.007754944738243663,-0.25061555868501206,0.33625000000000005
652,daaf4bf7437f,gap_up_continuation,"{""family"": ""gap_up_continuation"", ""gap_min"": 0.05, ""min_adv20"": 50000000.0, ""mom3_min"": 0.05, ""prev_return_min"": 0.05}",,0.08,1.0,10,6523.504731399741,-0.3476495268600259,-0.02349853856645745,-0.5277366179880966,-0.3558347082613885,294,158,0.06494367130550033,10,False,-0.09582880193374642,9429.343331770115,-0.057065666822988526,-0.01937027598421892,-0.25265779651066567,-0.10247802124573269,141,35,0.18626155878467635,10,False,-0.06664194829076898,10031.897099351827,0.0031897099351827496,0.0010649269345268664,0.0725674895295934,-0.027842780488480323,21,18,0.027851458885941646,2,False,-0.018342583641648723,10028.76701935857,0.0028767019358570955,0.0028997488861195464,0.14351175706119165,-0.015384390684954896,19,17,0.076,2,False,-0.007754944738243663,-0.2750788214774309,0.33625
653,2b5d9a02eb33,gap_up_continuation,"{""family"": ""gap_up_continuation"", ""gap_min"": 0.08, ""min_adv20"": 20000000.0, ""mom3_min"": 0.0, ""prev_return_min"": 0.05}",,0.02,2.0,20,7622.267887190832,-0.23777321128091677,-0.015000298104310361,-0.6039252926633232,-0.24362951397021493,198,103,0.0437375745526839,20,False,-0.06420562051052256,9737.10153406459,-0.026289846593541055,-0.008829591415581595,-0.20316240789597467,-0.062089868275328475,121,21,0.15984147952443858,20,False,-0.049792712407824034,10022.407134415787,0.0022407134415787233,0.0007483277492716933,0.1159070208231498,-0.008065638292843014,11,10,0.014588859416445624,2,False,-0.008065638292843003,9967.6841995968,-0.0032315800403199813,-0.003257390528958126,-0.3184064399822527,-0.011730460220257033,9,9,0.036,1,False,-0.007754944738243663,-0.4007628847673485,0.3359782608695652
654,fe3307e645b6,oversold_3d_reversal,"{""family"": ""oversold_3d_reversal"", ""max_abs_gap"": 0.05, ""min_adv20"": 20000000.0, ""momentum_column"": ""mom3"", ""momentum_max"": -0.2}",,,1.0,5,3783.3493745963415,-0.6216650625403659,-0.05266830305413339,-0.22134468473897267,-0.7743554479775897,1269,796,0.2803180914512923,5,False,-0.22634624087537122,8038.646538522388,-0.19613534614776118,-0.070100397100885,-0.2990254950219539,-0.23782806780790677,172,97,0.22721268163804492,5,False,-0.1684865090755217,9345.155301406692,-0.06548446985933076,-0.022381298062958632,-0.20007185133125568,-0.15304388590035556,231,151,0.3063660477453581,5,False,-0.05711824376020798,10304.850535518668,0.030485053551866814,0.030732643864100018,0.29414435438112985,-0.07477120320785668,114,73,0.456,5,False,-0.07477120320785662,-0.07768081028298124,0.33576086956521745
655,2b5d9a02eb33,gap_up_continuation,"{""family"": ""gap_up_continuation"", ""gap_min"": 0.08, ""min_adv20"": 20000000.0, ""mom3_min"": 0.0, ""prev_return_min"": 0.05}",,0.02,2.0,3,3902.1943574209045,-0.6097805642579095,-0.051035864274284415,-0.5131430478822041,-0.6588041413520951,139,103,0.030704660923348795,3,False,-0.14673642825199082,9632.99446604167,-0.036700553395833,-0.012370044173872996,-0.07175203237908565,-0.21451998755166313,40,21,0.052840158520475564,3,False,-0.12875267329690154,10124.43477415206,0.012443477415206017,0.004141718830689811,0.1159070208231499,-0.05377092195228672,11,10,0.014588859416445624,2,False,-0.053770921952286686,9767.450831002254,-0.023254916899774658,-0.02343875880109514,-0.31840643998225265,-0.07702928025540745,9,9,0.036,1,False,-0.051699631588291085,-0.44139101550311843,0.3351086956521739
656,96ecb9436c7e,oversold_3d_reversal,"{""family"": ""oversold_3d_reversal"", ""max_abs_gap"": 0.03, ""min_adv20"": 50000000.0, ""momentum_column"": ""mom3"", ""momentum_max"": -0.2}",,,3.0,20,2128.7897691570975,-0.7871210230842902,-0.08251317543701397,-0.42299359810687354,-0.8398433818007536,1037,637,0.22907002429865253,19,False,-0.3954558761813102,8830.724235110609,-0.11692757648893914,-0.040549543150916856,-0.017324913375627093,-0.27088117286133095,184,88,0.2430647291941876,20,False,-0.2244492518601633,8948.975337568825,-0.10510246624311748,-0.036433269909070254,-0.5805149358098597,-0.1423451688811579,219,142,0.29045092838196285,8,False,-0.04283868282015598,10285.66345710394,0.02856634571039396,0.02879813608881343,0.3145903367499704,-0.06223950375632159,115,72,0.46,8,False,-0.062239503756321625,-0.40566868473124645,0.3332336956521739
657,0c910a5068ad,gap_up_continuation,"{""family"": ""gap_up_continuation"", ""gap_min"": 0.08, ""min_adv20"": 50000000.0, ""mom3_min"": 0.0, ""prev_return_min"": 0.05}",,0.02,3.0,20,7054.889442474548,-0.2945110557525452,-0.019232523724235673,-0.5839327670093936,-0.30262253499278335,180,95,0.039761431411530816,20,False,-0.07585128245907348,9590.459213851582,-0.04095407861484179,-0.013823920151171065,-0.20316240789597453,-0.09266367744784088,121,21,0.15984147952443858,20,False,-0.07468906861173605,10033.129178528783,0.00331291785287835,0.0011060162810727636,0.11590702082314978,-0.01209845743926452,11,10,0.014588859416445624,2,False,-0.012098457439264503,9951.18694765601,-0.004881305234399003,-0.0049202594497976815,-0.31840643998225276,-0.017572387188657168,9,9,0.036,1,False,-0.011632417107365494,-0.38077035911341905,0.3320652173913043
658,0c910a5068ad,gap_up_continuation,"{""family"": ""gap_up_continuation"", ""gap_min"": 0.08, ""min_adv20"": 50000000.0, ""mom3_min"": 0.0, ""prev_return_min"": 0.05}",,0.02,3.0,3,3675.296307651965,-0.6324703692348035,-0.05419509342059592,-0.3879938928349007,-0.6938267049730411,126,95,0.027833001988071572,3,False,-0.20021824317464387,9332.30402172408,-0.06676959782759206,-0.022741384681934873,-0.07175203237908566,-0.31104408802738814,40,21,0.052840158520475564,3,False,-0.19312900994535231,10163.585385407501,0.01635853854075009,0.005437804623094955,0.11590702082314978,-0.08065638292843014,11,10,0.014588859416445624,2,False,-0.08065638292843003,9636.067177913448,-0.03639328220865523,-0.03667902274355206,-0.3184064399822527,-0.1145082251951951,9,9,0.036,1,False,-0.07754944738243663,-0.31624186045581504,0.33152173913043476
659,e21ba93123fd,oversold_5d_reversal,"{""family"": ""oversold_5d_reversal"", ""max_abs_gap"": 0.05, ""min_adv20"": 20000000.0, ""momentum_column"": ""mom5"", ""momentum_max"": -0.2}",,,4.0,20,273.22642047378815,-0.9726773579526212,-0.18159652268246596,-0.1591040915387141,-0.9876914910348644,3265,1296,0.721228186436934,20,False,-0.7481010014795785,6838.044828770997,-0.3161955171229003,-0.11884968721464961,-0.09047890511429793,-0.47827850771588853,497,162,0.6565389696169088,20,False,-0.2689741259154565,10744.420423660998,0.07444204236609986,0.02428756985225844,0.22084768108163103,-0.23608569953724123,527,245,0.6989389920424404,19,False,-0.0840403708173583,13709.403841542107,0.3709403841542107,0.37440497429248176,0.7146871769752535,-0.2532364476848451,245,106,0.98,20,False,-0.25323644768484527,-0.06862518642441617,0.33076086956521744
660,79bba811cf88,volatility_reversal,"{""family"": ""volatility_reversal"", ""gap_max"": -0.02, ""min_adv20"": 20000000.0, ""prev_intraday_max"": -0.02, ""prev_range_min"": 0.03}",,0.04,4.0,20,9434.006899046706,-0.05659931009532937,-0.0032380799736533294,0.20068875839913342,-0.9377899141805411,6421,1594,1.4183786171857742,20,False,-0.44548110931710616,6909.701715800284,-0.3090298284199716,-0.1157865335029431,0.0063670542343608316,-0.7507921953866239,1408,285,1.8599735799207398,20,False,-0.4740293453121759,7126.007101887199,-0.28739928981128016,-0.10706747815065476,-0.21779482485973906,-0.6582877456317484,1147,277,1.5212201591511936,20,False,-0.20152043958070448,11768.26832784724,0.176826832784724,0.17836073506249117,0.6460244828776109,-0.17726370810152636,394,104,1.576,20,False,-0.140007839456101,-0.1943217041647726,0.3304891304347826
661,387eb13d7c7a,prior_day_crash_rebound,"{""family"": ""prior_day_crash_rebound"", ""max_abs_gap"": 0.01, ""min_adv20"": 50000000.0, ""prev_return_max"": -0.15}",,,4.0,10,2968.187993768309,-0.7031812006231691,-0.06537863535961397,-0.5571572314615564,-0.7608530996576014,280,235,0.061851115529047936,8,False,-0.15388643138148783,9346.731918014362,-0.06532680819856373,-0.02223868978061938,-0.037166708762076506,-0.17516893189374172,59,37,0.07793923381770146,10,False,-0.13515890940368536,11976.060464940754,0.19760604649407543,0.06212077364496027,0.7512705096925886,-0.05967364974784961,66,60,0.08753315649867374,3,False,-0.03904077279543903,9969.09660950496,-0.003090339049503954,-0.003115023216102686,0.00696800922912808,-0.06436358176151336,41,36,0.164,2,False,-0.024141313060922088,-0.5199905226994799,0.32994565217391303
662,a68266614904,volatility_reversal,"{""family"": ""volatility_reversal"", ""gap_max"": -0.02, ""min_adv20"": 20000000.0, ""prev_intraday_max"": -0.02, ""prev_range_min"": 0.05}",,0.08,4.0,20,28177.109309289113,1.8177109309289112,0.059360893505953305,0.3702197142565771,-0.8705332311089363,4551,1124,1.0053015241882042,20,False,-0.4619209092072139,6318.794111564938,-0.3681205888435062,-0.1417130236505172,0.004409098851949191,-0.7602546017996551,980,190,1.2945838837516512,20,False,-0.48979461358986925,9220.81736134533,-0.07791826386546707,-0.026747958484226064,0.05999842151930149,-0.5673927155615681,677,184,0.8978779840848806,20,False,-0.20018818195987972,13822.525662029735,0.38225256620297343,0.38583684650836236,0.9498920755694383,-0.15970390786886646,239,72,0.956,20,False,-0.14827198924789053,-0.36581061540462795,0.32831521739130437
663,daaf4bf7437f,gap_up_continuation,"{""family"": ""gap_up_continuation"", ""gap_min"": 0.05, ""min_adv20"": 50000000.0, ""mom3_min"": 0.05, ""prev_return_min"": 0.05}",,0.08,1.5,3,1522.396032120061,-0.8477603967879939,-0.09947747472061041,-0.5168999065382832,-0.8725077571214018,229,158,0.050585376629114207,3,False,-0.3509855575507403,9461.361370096414,-0.05386386299035861,-0.018263061523375534,-0.0029856805594740067,-0.2777456880092791,69,35,0.09114927344782034,3,False,-0.16915273667649053,10075.141881475585,0.007514188147558443,0.002505117339241858,0.07256748952959334,-0.13566361794658277,21,18,0.027851458885941646,2,False,-0.09171291820824362,10097.48250897518,0.009748250897517963,0.009826618830081513,0.14351175706119168,-0.07544547128021861,19,17,0.076,2,False,-0.038774723691218316,-0.5139142259788092,0.32758152173913035
664,b5fec6e443c0,gap_up_continuation,"{""family"": ""gap_up_continuation"", ""gap_min"": 0.05, ""min_adv20"": 50000000.0, ""mom3_min"": 0.0, ""prev_return_min"": 0.05}",,0.02,4.0,20,4681.288833379979,-0.531871116662002,-0.04137100393799453,-0.6231022285230324,-0.544204852523339,434,202,0.09586922907002429,20,False,-0.11519588086514942,9749.758756807241,-0.02502412431927592,-0.008400871651752961,-0.042584198615647384,-0.18190114321589956,253,43,0.3342140026420079,20,False,-0.09238542481564807,9589.498581054555,-0.04105014189454448,-0.013911552575322395,-0.4741328481586533,-0.052597343323430024,30,25,0.03978779840848806,3,False,-0.036685167283297446,9735.01032990676,-0.02649896700932408,-0.026708102353128815,-1.0096149706864623,-0.027241223308247076,22,20,0.088,2,False,-0.015509889476487326,-0.5805180299073851,0.3269565217391304
665,f4f189c68313,volatility_reversal,"{""family"": ""volatility_reversal"", ""gap_max"": -0.02, ""min_adv20"": 20000000.0, ""prev_intraday_max"": -0.02, ""prev_range_min"": 0.05}",,0.04,1.5,20,14846.02492024107,0.484602492024107,0.022239958724984632,0.23471449239726805,-0.45559725735782763,4551,1124,1.0053015241882042,20,False,-0.1670554159939148,8857.515955149762,-0.11424840448502382,-0.03958150491556067,-0.16474719146399563,-0.36191459904942436,980,190,1.2945838837516512,20,False,-0.17776100449206597,9194.503188238503,-0.08054968117614969,-0.027677112831356654,-0.24837983321992083,-0.261177693882785,677,184,0.8978779840848806,20,False,-0.0750705682349549,10884.492654167812,0.08844926541678122,0.08918751902200173,0.7982718710259004,-0.05713660677763022,239,72,0.956,20,False,-0.05250293979603789,-0.3994616838612637,0.326875
666,2b5d9a02eb33,gap_up_continuation,"{""family"": ""gap_up_continuation"", ""gap_min"": 0.08, ""min_adv20"": 20000000.0, ""mom3_min"": 0.0, ""prev_return_min"": 0.05}",,0.02,1.5,10,7463.339649951329,-0.25366603500486706,-0.016154962555618657,-0.5963723112701723,-0.2727980037900575,178,103,0.03931963772918047,10,False,-0.049779838122101246,9604.890911023585,-0.03951090889764142,-0.013330156322430065,-0.34575675258516014,-0.07096613928400275,89,21,0.11756935270805813,10,False,-0.0443809243133906,10033.129178528783,0.00331291785287835,0.0011060162810727636,0.11590702082314978,-0.01209845743926452,11,10,0.014588859416445624,2,False,-0.012098457439264503,9951.18694765601,-0.004881305234399003,-0.0049202594497976815,-0.31840643998225276,-0.017572387188657168,9,9,0.036,1,False,-0.011632417107365494,-0.2506155586850122,0.3266847826086957
667,8486bd00cb94,prior_day_crash_rebound,"{""family"": ""prior_day_crash_rebound"", ""max_abs_gap"": 0.05, ""min_adv20"": 20000000.0, ""prev_return_max"": -0.1}",,,2.0,10,821.2558170213974,-0.9178744182978602,-0.12989161557686524,-0.3392434077578882,-0.9484010348902755,2666,1289,0.5889109785730064,10,False,-0.2845887083792749,8026.3700488753175,-0.19736299511246824,-0.07057338861854168,-0.24296117948589888,-0.261258439155002,367,187,0.4848084544253633,10,False,-0.17873063427834474,10856.57358243566,0.08565735824356602,0.027848607882554166,0.30838297496791794,-0.1488166975432399,455,260,0.603448275862069,10,False,-0.03737168223941978,9438.25023114481,-0.05617497688551898,-0.056611410024491104,-0.25365985675621827,-0.13313803427915882,224,105,0.896,10,False,-0.07805275819598027,-0.09628222827198932,0.3266304347826087
668,7fdc1a696fcc,oversold_5d_reversal,"{""family"": ""oversold_5d_reversal"", ""max_abs_gap"": 0.05, ""min_adv20"": 50000000.0, ""momentum_column"": ""mom5"", ""momentum_max"": -0.2}",0.02,,2.0,10,2774.808423656666,-0.7225191576343334,-0.06887710343170106,-0.46646001198280546,-0.7435997603433155,2460,1169,0.5434062292909212,10,False,-0.044,9315.05750917733,-0.06849424908226698,-0.023342966193223735,-0.09879678241680333,-0.2326484076074825,378,162,0.49933949801849403,10,False,-0.044,8502.25127747044,-0.14977487225295605,-0.05278403830978873,-0.41847752741821576,-0.2160432264886818,505,245,0.669761273209549,10,False,-0.03360850212120509,12198.145387864211,0.2198145387864212,0.22175508648748687,0.8003141304786431,-0.07456237114727093,222,106,0.888,10,False,-0.044,-0.3676632295660021,0.32657608695652174
669,0c910a5068ad,gap_up_continuation,"{""family"": ""gap_up_continuation"", ""gap_min"": 0.08, ""min_adv20"": 50000000.0, ""mom3_min"": 0.0, ""prev_return_min"": 0.05}",,0.02,2.0,10,7163.856781471971,-0.2836143218528029,-0.01839535126826697,-0.548509819324282,-0.30549248861874556,162,95,0.03578528827037773,10,False,-0.06637311749613499,9467.769190990737,-0.05322308090092631,-0.01804177322746514,-0.34575675258516025,-0.09425487022054702,89,21,0.11756935270805813,10,False,-0.05917456575118747,10043.526652834946,0.00435266528349465,0.0014526341562313139,0.1159070208231498,-0.01613127658568614,11,10,0.014588859416445624,2,False,-0.016131276585686007,9934.463346132365,-0.006553665386763496,-0.006605921156803807,-0.3184064399822527,-0.02339877872923879,9,9,0.036,1,False,-0.015509889476487326,-0.20275306673912175,0.32657608695652174
670,8486bd00cb94,prior_day_crash_rebound,"{""family"": ""prior_day_crash_rebound"", ""max_abs_gap"": 0.05, ""min_adv20"": 20000000.0, ""prev_return_max"": -0.1}",,,1.0,3,158.67089290355312,-0.9841329107096447,-0.2059846951667088,-0.8304708341638404,-0.9881294311321238,2026,1289,0.4475370002208968,3,False,-0.20452241718384465,9772.186373497465,-0.022781362650253545,-0.007642124411742723,0.049374791520040553,-0.25189318650709436,276,187,0.36459709379128136,3,False,-0.09939213873053128,10083.918752386913,0.008391875238691338,0.002796912733418644,0.09353390768583088,-0.20800451553148025,394,260,0.5225464190981433,3,False,-0.05804838904614681,8529.621867741878,-0.14703781322581222,-0.14812236440481896,-0.7621681243934003,-0.18661880464689795,179,105,0.716,3,False,-0.03731382548005102,-0.8798456256838809,0.3263586956521739
671,b5fec6e443c0,gap_up_continuation,"{""family"": ""gap_up_continuation"", ""gap_min"": 0.05, ""min_adv20"": 50000000.0, ""mom3_min"": 0.0, ""prev_return_min"": 0.05}",,0.02,1.0,3,4191.950391152047,-0.5808049608847954,-0.04724460854544854,-0.5170771799148315,-0.5941436516150238,301,202,0.06648994919372653,3,False,-0.19199313477524904,9665.134536106283,-0.03348654638937165,-0.011274318774015635,-0.1129303800249973,-0.20295159572818955,87,43,0.11492734478203434,3,False,-0.06437633664845077,9311.958198448483,-0.06880418015515166,-0.02354335294593468,-0.4741328481586535,-0.087271234738175,30,25,0.03978779840848806,3,False,-0.061141945472162416,9558.52440475033,-0.04414755952496707,-0.044492764296254816,-1.009614970686462,-0.04528354817364044,22,20,0.088,2,False,-0.025849815794145543,-0.40414679988983415,0.3254891304347826
672,bdd1d95c3f2c,prior_day_crash_rebound,"{""family"": ""prior_day_crash_rebound"", ""max_abs_gap"": 0.05, ""min_adv20"": 50000000.0, ""prev_return_max"": -0.1}",,,2.0,10,1004.0297176863787,-0.8995970282313621,-0.1201042491058224,-0.3407108879695454,-0.9287870208987247,2253,1116,0.49768058316766073,10,False,-0.23144720093638202,8035.474730736742,-0.19645252692632587,-0.07022255507385966,-0.2523688299951,-0.26165578530457023,353,185,0.4663143989431968,10,False,-0.17873063427834474,10970.361854411063,0.09703618544110637,0.03143662025818572,0.34147107112848446,-0.141324203197142,451,258,0.5981432360742706,10,False,-0.03737168223941978,9438.25023114481,-0.05617497688551898,-0.056611410024491104,-0.25365985675621827,-0.13313803427915882,224,105,0.896,10,False,-0.07805275819598027,-0.08834205797444539,0.3253260869565217
673,7fdc1a696fcc,oversold_5d_reversal,"{""family"": ""oversold_5d_reversal"", ""max_abs_gap"": 0.05, ""min_adv20"": 50000000.0, ""momentum_column"": ""mom5"", ""momentum_max"": -0.2}",0.02,,2.0,20,4997.475661730432,-0.5002524338269567,-0.03787687195000522,-0.42827308983688905,-0.5328506568016642,2756,1169,0.6087916942787718,20,False,-0.044,8773.405778299963,-0.1226594221700037,-0.04262717227337598,-0.3884649092654882,-0.23005403413969716,493,162,0.6512549537648613,20,False,-0.044,9204.743786152421,-0.07952562138475783,-0.02731530680330685,-0.4457624423210382,-0.11208280786232272,523,245,0.6936339522546419,19,False,-0.024610326017569135,11960.81120579723,0.19608112057972304,0.19779561940207824,0.8427481270672686,-0.04767334538312895,245,106,0.98,20,False,-0.035199999999999995,-0.03980818057140084,0.32467391304347826
674,f8be557fd27c,oversold_5d_reversal,"{""family"": ""oversold_5d_reversal"", ""max_abs_gap"": 0.01, ""min_adv20"": 20000000.0, ""momentum_column"": ""mom5"", ""momentum_max"": -0.2}",,,2.0,10,2628.960473873229,-0.737103952612677,-0.07167147148296305,-0.362817401496299,-0.8328287568073612,1443,881,0.31875414181577205,10,False,-0.2853794135385065,8342.315680206742,-0.16576843197932578,-0.05855085175056085,-0.18457381528979652,-0.26229524138018656,196,101,0.25891677675033026,10,False,-0.1684865090755217,10669.269975010875,0.06692699750108755,0.021887556609155423,0.28926510589095666,-0.1254209880626389,263,169,0.34880636604774534,9,False,-0.03113015873015872,14241.88007371055,0.4241880073710551,0.4282224749684811,1.1594068533536561,-0.031815581653097946,135,80,0.54,10,False,-0.02335716248384545,-0.17824358620650246,0.323695652173913
675,b2e74e658b61,gap_up_continuation,"{""family"": ""gap_up_continuation"", ""gap_min"": 0.05, ""min_adv20"": 50000000.0, ""mom3_min"": 0.0, ""prev_return_min"": 0.05}",,0.08,1.5,10,5272.308458104389,-0.4727691541895611,-0.03500537123794445,-0.46630957483916613,-0.48301338891029477,397,202,0.08769604594654297,10,False,-0.14374320290061965,8710.670719719892,-0.12893292802801082,-0.04491154297059807,-0.3973406383556348,-0.17522769587503662,163,43,0.21532364597093792,10,False,-0.09996292243615348,10079.528481003346,0.007952848100334586,0.002650975144776524,0.10464218537293667,-0.04163103506412702,30,25,0.03978779840848806,3,False,-0.027513875462473088,9986.643650606635,-0.0013356349393365274,-0.0013463128229042054,-0.023967981494173046,-0.023020917310646705,22,20,0.088,2,False,-0.011632417107365494,-0.0689689364835313,0.32334239130434783
676,869cb7749fba,prior_day_crash_rebound,"{""family"": ""prior_day_crash_rebound"", ""max_abs_gap"": 0.01, ""min_adv20"": 20000000.0, ""prev_return_max"": -0.15}",,0.04,2.0,10,6285.541595363241,-0.3714458404636759,-0.025516378432830833,-0.5496286939657078,-0.39656692938675964,352,288,0.07775568809366026,10,False,-0.07694321569074392,9061.48491328521,-0.09385150867147896,-0.032274978073703275,-0.456552075199985,-0.09434738531845255,60,38,0.07926023778071334,10,False,-0.09348134396726313,10405.429682677659,0.04054296826776582,0.013371300178367518,0.45749272747854985,-0.03967058690891523,68,62,0.09018567639257294,3,False,-0.019520386397719514,10220.554572949311,0.02205545729493119,0.022233848143271562,0.522154390758603,-0.02916811974064837,41,36,0.164,2,False,-0.012070656530461044,-0.09307661876572282,0.3228804347826087
677,021ce8ad71a1,oversold_3d_reversal,"{""family"": ""oversold_3d_reversal"", ""max_abs_gap"": 0.03, ""min_adv20"": 50000000.0, ""momentum_column"": ""mom3"", ""momentum_max"": -0.12}",,,4.0,20,77.36182280423726,-0.9922638177195763,-0.23710860106670317,-0.2946863813058985,-0.9958069261224085,6083,2015,1.3437154848685664,20,False,-0.6759971219395391,7978.123314464707,-0.20218766855352932,-0.07243693974443954,0.09563715703264088,-0.5170996920957501,991,328,1.309114927344782,20,False,-0.2992656691468844,5773.65520872654,-0.422634479127346,-0.16771379517733376,-0.7561551066395414,-0.49024646184414133,1300,427,1.7241379310344827,20,False,-0.1623488420377636,10581.554175698117,0.058155417569811574,0.05863404245702686,0.3715646420712687,-0.26757866303543887,548,169,2.192,20,False,-0.26757866303543876,-0.3903235383385394,0.3227717391304348
678,994a822c44eb,oversold_3d_reversal,"{""family"": ""oversold_3d_reversal"", ""max_abs_gap"": 0.05, ""min_adv20"": 50000000.0, ""momentum_column"": ""mom3"", ""momentum_max"": -0.12}",,,4.0,10,0.47923492724045136,-0.9999520765072759,-0.4251515118083643,-0.2809845805880898,-0.9999837952550099,5737,2081,1.2672851778219572,10,False,-0.832788873751865,7928.762717138797,-0.20712372828612036,-0.07435131107979087,0.2488138677859326,-0.7172773342689299,918,342,1.2126816380449141,10,False,-0.3369730181510434,3358.268009849625,-0.6641731990150375,-0.3055844223849009,-0.6450656055404301,-0.7265822140907114,1285,439,1.7042440318302388,10,False,-0.24263767734766425,6590.40124168272,-0.34095987583172804,-0.3431546174416005,-0.11400075253150213,-0.46100264680586645,522,173,2.088,10,False,-0.3196505996410943,-0.5297984483740223,0.32217391304347825
679,2b5d9a02eb33,gap_up_continuation,"{""family"": ""gap_up_continuation"", ""gap_min"": 0.08, ""min_adv20"": 20000000.0, ""mom3_min"": 0.0, ""prev_return_min"": 0.05}",,0.02,3.0,20,6625.742092963988,-0.3374257907036011,-0.02265287342002764,-0.6039252926633233,-0.345043850472855,198,103,0.0437375745526839,20,False,-0.09630843076578385,9590.459213851582,-0.04095407861484179,-0.013823920151171065,-0.20316240789597453,-0.09266367744784088,121,21,0.15984147952443858,20,False,-0.07468906861173605,10033.129178528783,0.00331291785287835,0.0011060162810727636,0.11590702082314978,-0.01209845743926452,11,10,0.014588859416445624,2,False,-0.012098457439264503,9951.18694765601,-0.004881305234399003,-0.0049202594497976815,-0.31840643998225276,-0.017572387188657168,9,9,0.036,1,False,-0.011632417107365494,-0.4007628847673488,0.32108695652173913
680,b5fec6e443c0,gap_up_continuation,"{""family"": ""gap_up_continuation"", ""gap_min"": 0.05, ""min_adv20"": 50000000.0, ""mom3_min"": 0.0, ""prev_return_min"": 0.05}",,0.02,1.0,5,5793.446282589531,-0.42065537174104695,-0.02992871505416017,-0.5240364152326925,-0.4359192955704838,346,202,0.07643030704660923,5,False,-0.11519588086514942,9175.156997297665,-0.08248430027023346,-0.028250563817509566,-0.43793891674152013,-0.15499888455130872,114,43,0.15059445178335534,5,False,-0.06070095331117602,9589.498581054555,-0.04105014189454448,-0.013911552575322395,-0.4741328481586533,-0.052597343323430024,30,25,0.03978779840848806,3,False,-0.036685167283297446,9735.01032990676,-0.02649896700932408,-0.026708102353128815,-1.0096149706864623,-0.027241223308247076,22,20,0.088,2,False,-0.015509889476487326,-0.08609749849117238,0.32005434782608694
681,089ab2b4aab5,oversold_5d_reversal,"{""family"": ""oversold_5d_reversal"", ""max_abs_gap"": 0.01, ""min_adv20"": 50000000.0, ""momentum_column"": ""mom5"", ""momentum_max"": -0.2}",,,3.0,10,2442.672629531794,-0.7557327370468205,-0.07546170323096257,-0.25774821794151836,-0.8691370765109907,1167,757,0.2577866136514248,10,False,-0.4280691203077597,7269.059157057399,-0.2730940842942601,-0.10073629831140107,-0.18626138267035222,-0.3769202020254029,195,101,0.2575957727873184,10,False,-0.2527297636132826,10869.975060432598,0.08699750604325973,0.028272484917357676,0.27547791716503234,-0.18309462262892684,262,169,0.34748010610079577,9,False,-0.04669523809523808,16509.714332976644,0.6509714332976644,0.6576066303068089,1.1594068533536568,-0.047523088083973986,135,80,0.54,10,False,-0.035035743725768176,-0.07148683527116614,0.31839673913043476
682,021ce8ad71a1,oversold_3d_reversal,"{""family"": ""oversold_3d_reversal"", ""max_abs_gap"": 0.03, ""min_adv20"": 50000000.0, ""momentum_column"": ""mom3"", ""momentum_max"": -0.12}",,,4.0,10,0.45922481544839366,-0.9999540775184551,-0.42651470585289875,-0.35601748161409125,-0.9999794019874776,5250,2015,1.1597084161696487,10,False,-0.9340687573101626,8333.585360630444,-0.16664146393695556,-0.05887894455777065,0.23257572336700838,-0.6658831762414146,828,328,1.0937912813738442,10,False,-0.3369730181510434,3351.0961124172827,-0.6648903887582718,-0.30608041632749006,-0.7814638094440701,-0.7329431662355246,1195,427,1.5848806366047745,10,False,-0.24263767734766425,7845.361182418814,-0.2154638817581186,-0.2169854254139405,0.040265738466406034,-0.41705958514344343,497,169,1.988,10,False,-0.272286468735195,-0.5885932049810996,0.3179891304347826
683,56e51a7a32c6,prior_day_crash_rebound,"{""family"": ""prior_day_crash_rebound"", ""max_abs_gap"": 0.01, ""min_adv20"": 50000000.0, ""prev_return_max"": -0.15}",,0.04,3.0,10,6037.647667791537,-0.3962352332208463,-0.02769664530967708,-0.45040408676461974,-0.43821904427041647,280,235,0.061851115529047936,8,False,-0.11541482353611587,8481.440214900918,-0.15185597850990817,-0.05335306662841155,-0.49553751287471876,-0.15185597850990817,59,37,0.07793923381770146,10,False,-0.1402220159508947,10548.701644155291,0.054870164415529166,0.018013447718456366,0.42428843713100384,-0.05928422181619086,66,60,0.08753315649867374,3,False,-0.02928057959657927,10325.274154968582,0.032527415496858225,0.032791855654187296,0.5221543907586028,-0.043559477777042055,41,36,0.164,2,False,-0.018105984795691567,-0.04513342611009902,0.31766304347826085
684,b2e74e658b61,gap_up_continuation,"{""family"": ""gap_up_continuation"", ""gap_min"": 0.05, ""min_adv20"": 50000000.0, ""mom3_min"": 0.0, ""prev_return_min"": 0.05}",,0.08,4.0,20,3155.228487152313,-0.6844771512847687,-0.062193912914209615,-0.502317011689418,-0.6915113617549777,434,202,0.09586922907002429,20,False,-0.1990381464504938,9167.645657755147,-0.08323543422448532,-0.0285154635245074,-0.0495795699873078,-0.2614853808827915,253,43,0.3342140026420079,20,False,-0.20946312740267556,10100.311353532661,0.010031135353266052,0.0033414477914257557,0.10464218537293683,-0.05533053252737863,30,25,0.03978779840848806,3,False,-0.036685167283297446,9979.783307332807,-0.002021669266719206,-0.0020378261304502265,-0.02396798149417304,-0.03062044598662006,22,20,0.088,2,False,-0.015509889476487326,-0.4527374417021102,0.31717391304347825
685,96ecb9436c7e,oversold_3d_reversal,"{""family"": ""oversold_3d_reversal"", ""max_abs_gap"": 0.03, ""min_adv20"": 50000000.0, ""momentum_column"": ""mom3"", ""momentum_max"": -0.2}",,,2.0,10,1667.0411699822248,-0.8332958830017775,-0.09491605518447876,-0.4256334447854478,-0.8824710680406705,992,637,0.21912966644576984,10,False,-0.4670343786550813,8517.590431908997,-0.14824095680910032,-0.052011792389500155,-0.12061439055296273,-0.23408984435290714,154,88,0.20343461030383092,10,False,-0.1684865090755217,8602.473896324636,-0.1397526103675364,-0.04906685840938563,-0.5805149358098595,-0.18665012996658015,219,142,0.29045092838196285,8,False,-0.05711824376020798,10355.782312681742,0.035578231268174276,0.035867901864910845,0.3145903367499704,-0.0829860050084289,115,72,0.46,8,False,-0.08298600500842883,-0.30501905423248504,0.3148369565217391
686,0c910a5068ad,gap_up_continuation,"{""family"": ""gap_up_continuation"", ""gap_min"": 0.08, ""min_adv20"": 50000000.0, ""mom3_min"": 0.0, ""prev_return_min"": 0.05}",,0.02,3.0,5,4758.973663248782,-0.5241026336751218,-0.0404923223692184,-0.4195464946678205,-0.5824921327698862,143,95,0.03158824828804948,5,False,-0.19911935248840498,8610.81596583851,-0.13891840341614903,-0.04857029912765776,-0.3167179685580552,-0.22981237889026862,56,21,0.07397622192866579,5,False,-0.1553096640317276,10114.703280981985,0.011470328098198479,0.0038190389297128036,0.11590702082314978,-0.04839382975705797,11,10,0.014588859416445624,2,False,-0.04839382975705801,9792.518691209667,-0.020748130879033266,-0.02091236817796771,-0.31840643998225276,-0.06945063565241649,9,9,0.036,1,False,-0.046529668429461976,-0.10282852610976534,0.31467391304347825
687,e01ec9ad1e07,oversold_5d_reversal,"{""family"": ""oversold_5d_reversal"", ""max_abs_gap"": 0.05, ""min_adv20"": 50000000.0, ""momentum_column"": ""mom5"", ""momentum_max"": -0.2}",,,4.0,10,15.408263831948583,-0.9984591736168051,-0.3026456944635689,-0.20513681182061033,-0.9992250556074681,2460,1169,0.5434062292909212,10,False,-0.9081781351854146,6313.160347347888,-0.3686839652652112,-0.1419678420871373,0.06630864892904079,-0.6571938098869538,378,162,0.49933949801849403,10,False,-0.34231546468895546,9988.884554883773,-0.001111544511622764,-0.00037163518292104847,0.1640509043510008,-0.43089143571892785,505,245,0.669761273209549,10,False,-0.1680807416347166,12677.220300495153,0.26772203004951534,0.2701301628875805,0.6186735125741295,-0.29934973443451773,222,106,0.888,10,False,-0.29934973443451773,-0.27144546074965115,0.3141304347826087
688,2b5d9a02eb33,gap_up_continuation,"{""family"": ""gap_up_continuation"", ""gap_min"": 0.08, ""min_adv20"": 20000000.0, ""mom3_min"": 0.0, ""prev_return_min"": 0.05}",,0.02,2.0,5,5464.089147294754,-0.4535910852705246,-0.03308418538941893,-0.5013932037941924,-0.5030291823949382,157,103,0.03468080406450188,5,False,-0.13274623499226998,9107.280708036787,-0.08927192919632121,-0.030649608275217677,-0.31671796855805534,-0.1562635169787151,56,21,0.07397622192866579,5,False,-0.10353977602115175,10081.817665200228,0.008181766520022782,0.0027270754970023514,0.1159070208231498,-0.032262553171372166,11,10,0.014588859416445624,2,False,-0.03226255317137201,9865.30406088005,-0.013469593911995092,-0.013576615857483265,-0.3184064399822527,-0.046548990613377694,9,9,0.036,1,False,-0.031019778952974652,-0.18467523523613705,0.3140760869565218
689,e01ec9ad1e07,oversold_5d_reversal,"{""family"": ""oversold_5d_reversal"", ""max_abs_gap"": 0.05, ""min_adv20"": 50000000.0, ""momentum_column"": ""mom5"", ""momentum_max"": -0.2}",,,1.0,5,2069.19967934389,-0.7930800320656111,-0.08396207606802975,-0.318740198959242,-0.8463491817415928,2145,1169,0.4738237243207422,5,False,-0.20372988339642495,7799.942159217642,-0.2200057840782358,-0.079385148692797,-0.27087078319611363,-0.3446849370804953,300,162,0.3963011889035667,5,False,-0.1684865090755217,9513.056574885073,-0.04869434251149274,-0.0165456830521703,-0.0434984520570139,-0.21565673642390948,461,245,0.6114058355437666,5,False,-0.0729621226139976,11316.996070066945,0.13169960700669447,0.13282027776702843,0.6194266265977277,-0.07401048624192408,207,106,0.828,5,False,-0.07401048624192416,-0.047869415763128365,0.3140760869565217
690,b5fec6e443c0,gap_up_continuation,"{""family"": ""gap_up_continuation"", ""gap_min"": 0.05, ""min_adv20"": 50000000.0, ""mom3_min"": 0.0, ""prev_return_min"": 0.05}",,0.02,1.5,10,6440.744787311003,-0.35592552126889965,-0.024192311455490834,-0.5502274963575103,-0.368742335098854,397,202,0.08769604594654297,10,False,-0.08639691064886207,9129.791477566167,-0.0870208522433833,-0.0298526614267125,-0.520059190090913,-0.14244724370470319,163,43,0.21532364597093792,10,False,-0.0443809243133906,9692.8121925655,-0.030718780743450025,-0.0103735705523742,-0.4741328481586534,-0.03951165909410781,30,25,0.03978779840848806,3,False,-0.027513875462473088,9801.235948750404,-0.019876405124959584,-0.02003381286340422,-1.009614970686462,-0.020450478471165767,22,20,0.088,2,False,-0.011632417107365494,-0.03016830626659739,0.31399456521739133
691,dc02fb10bc44,oversold_3d_reversal,"{""family"": ""oversold_3d_reversal"", ""max_abs_gap"": 0.05, ""min_adv20"": 50000000.0, ""momentum_column"": ""mom3"", ""momentum_max"": -0.2}",,,4.0,10,236.79172043024673,-0.9763208279569753,-0.1880907676875706,-0.18645342326844405,-0.9908066475565366,1178,704,0.2602164789043517,10,False,-0.832788873751865,5590.076720483348,-0.4409923279516652,-0.17601910247840058,-0.12296159829983667,-0.4650751199506574,211,97,0.27873183619550856,10,False,-0.3369730181510434,8050.663417187252,-0.19493365828127485,-0.06990503032261963,-0.27784110704457166,-0.3333430005328407,238,150,0.3156498673740053,9,False,-0.11498043751605276,9009.363440588237,-0.09906365594117628,-0.0998152325721664,-0.018368537252144507,-0.31965059964109444,124,73,0.496,10,False,-0.3196505996410943,-0.06349182496860738,0.3139673913043478
692,0c910a5068ad,gap_up_continuation,"{""family"": ""gap_up_continuation"", ""gap_min"": 0.08, ""min_adv20"": 50000000.0, ""mom3_min"": 0.0, ""prev_return_min"": 0.05}",,0.02,4.0,20,6252.027519832787,-0.3747972480167213,-0.025806342980750685,-0.5839327670093937,-0.3843592788023754,180,95,0.039761431411530816,20,False,-0.10113504327876463,9433.90504214764,-0.056609495785236,-0.01921237461112335,-0.20316240789597467,-0.1229223199888998,121,21,0.15984147952443858,20,False,-0.09958542481564807,10043.526652834946,0.00435266528349465,0.0014526341562313139,0.1159070208231498,-0.01613127658568614,11,10,0.014588859416445624,2,False,-0.016131276585686007,9934.463346132365,-0.006553665386763496,-0.006605921156803807,-0.3184064399822527,-0.02339877872923879,9,9,0.036,1,False,-0.015509889476487326,-0.380770359113419,0.31271739130434784
693,fe3307e645b6,oversold_3d_reversal,"{""family"": ""oversold_3d_reversal"", ""max_abs_gap"": 0.05, ""min_adv20"": 20000000.0, ""momentum_column"": ""mom3"", ""momentum_max"": -0.2}",,,4.0,10,118.00192513852122,-0.9881998074861479,-0.21896630473274548,-0.188490240452571,-0.9958716683652119,1401,796,0.30947647448641485,10,False,-0.883208776503017,5524.158002169538,-0.4475841997830462,-0.1792664508872006,-0.13113838860096594,-0.47360794463946965,212,97,0.2800528401585205,10,False,-0.3369730181510434,8003.643660548888,-0.1996356339451112,-0.07172410905512772,-0.28789397100327707,-0.3333430005328407,239,151,0.3169761273209549,9,False,-0.11498043751605276,9009.363440588237,-0.09906365594117628,-0.0998152325721664,-0.018368537252144507,-0.31965059964109444,124,73,0.496,10,False,-0.3196505996410943,-0.057351851851605073,0.31114130434782605
694,2b5d9a02eb33,gap_up_continuation,"{""family"": ""gap_up_continuation"", ""gap_min"": 0.08, ""min_adv20"": 20000000.0, ""mom3_min"": 0.0, ""prev_return_min"": 0.05}",,0.02,2.0,10,6749.622176152501,-0.3250377823847499,-0.021644547097470657,-0.5963723112701723,-0.34799809807535187,178,103,0.03931963772918047,10,False,-0.06637311749613499,9467.769190990737,-0.05322308090092631,-0.01804177322746514,-0.34575675258516025,-0.09425487022054702,89,21,0.11756935270805813,10,False,-0.05917456575118747,10043.526652834946,0.00435266528349465,0.0014526341562313139,0.1159070208231498,-0.01613127658568614,11,10,0.014588859416445624,2,False,-0.016131276585686007,9934.463346132365,-0.006553665386763496,-0.006605921156803807,-0.3184064399822527,-0.02339877872923879,9,9,0.036,1,False,-0.015509889476487326,-0.25061555868501206,0.31114130434782605
695,e21ba93123fd,oversold_5d_reversal,"{""family"": ""oversold_5d_reversal"", ""max_abs_gap"": 0.05, ""min_adv20"": 20000000.0, ""momentum_column"": ""mom5"", ""momentum_max"": -0.2}",,,3.0,10,88.21906629722014,-0.991178093370278,-0.23151097153886313,-0.2801203119917639,-0.9948003376890499,2913,1296,0.6434724983432737,10,False,-0.658692386369211,7663.681572703908,-0.23363184272960913,-0.084770443805119,0.044875870742923415,-0.5422027707543775,378,162,0.49933949801849403,10,False,-0.2567365985167166,10227.578783178373,0.022757878317837266,0.0075491757398093995,0.15404519902848704,-0.34015600798115886,509,245,0.6750663129973474,10,False,-0.12606055622603743,12454.8560237196,0.24548560237196004,0.2476748509491291,0.6186735125741295,-0.22451230082588813,222,106,0.888,10,False,-0.2245123008258883,-0.32499618273468733,0.31105978260869566
696,daaf4bf7437f,gap_up_continuation,"{""family"": ""gap_up_continuation"", ""gap_min"": 0.05, ""min_adv20"": 50000000.0, ""mom3_min"": 0.05, ""prev_return_min"": 0.05}",,0.08,3.0,20,4255.091061297591,-0.5744908938702409,-0.04645138639748081,-0.5646194447480056,-0.5821015014846443,321,158,0.07090788601722996,20,False,-0.15953966031688854,9442.07033410299,-0.05579296658970101,-0.01892986416041509,-0.05870501921547539,-0.22733394316349642,228,35,0.3011889035667107,20,False,-0.15709734555200666,10044.76013372648,0.0044760133726480245,0.0014937385306661444,0.07256748952959327,-0.04163103506412724,21,18,0.027851458885941646,2,False,-0.027513875462473088,10041.416206240454,0.004141620624045439,0.004174822655499177,0.1435117570611914,-0.023020917310646705,19,17,0.076,2,False,-0.011632417107365494,-0.5059144255325302,0.3108967391304348
697,e6a4cfbe4bad,strength_pullback,"{""family"": ""strength_pullback"", ""gap_max"": -0.02, ""min_adv20"": 20000000.0, ""mom3_min"": null, ""prev_return_min"": 0.05}",0.04,0.08,1.5,3,19313.35692555748,0.9313356925557481,0.037319541893693575,0.27970157344507107,-0.41573679929703156,1325,785,0.2926883145571018,3,False,-0.063,8246.039469793677,-0.17539605302063233,-0.06218174299792778,-0.19595507153532804,-0.33322855718384947,219,117,0.2892998678996037,3,False,-0.063,12852.034301180938,0.2852034301180939,0.08747757149749513,0.6170952265866502,-0.19380111765429953,216,118,0.2864721485411141,3,False,-0.063,8072.795573509922,-0.19272044264900778,-0.1941018725363386,-1.3764792568222894,-0.29532888784510003,73,47,0.292,3,False,-0.063,-0.4756566449803991,0.3103532608695652
698,daaf4bf7437f,gap_up_continuation,"{""family"": ""gap_up_continuation"", ""gap_min"": 0.05, ""min_adv20"": 50000000.0, ""mom3_min"": 0.05, ""prev_return_min"": 0.05}",,0.08,1.5,10,5197.228315309065,-0.4802771684690935,-0.0357755235892252,-0.5277366179880967,-0.48957287209105604,294,158,0.06494367130550033,10,False,-0.14374320290061965,9107.078846766217,-0.08929211532337833,-0.030656760694115492,-0.25265779651066556,-0.1539143363215827,141,35,0.18626155878467635,10,False,-0.09996292243615348,10044.76013372648,0.0044760133726480245,0.0014937385306661444,0.07256748952959327,-0.04163103506412724,21,18,0.027851458885941646,2,False,-0.027513875462473088,10041.416206240454,0.004141620624045439,0.004174822655499177,0.1435117570611914,-0.023020917310646705,19,17,0.076,2,False,-0.011632417107365494,-0.2750788214774311,0.30752717391304346
699,dc02fb10bc44,oversold_3d_reversal,"{""family"": ""oversold_3d_reversal"", ""max_abs_gap"": 0.05, ""min_adv20"": 50000000.0, ""momentum_column"": ""mom3"", ""momentum_max"": -0.2}",,,1.5,5,2336.133932806457,-0.7663866067193543,-0.07775397390184025,-0.20711079683018546,-0.8832496201309239,1085,704,0.23967307267506074,5,False,-0.3395193613130568,7025.7297472433165,-0.29742702527566833,-0.110871249201008,-0.28160580340596253,-0.34991479681136095,171,97,0.22589167767503301,5,False,-0.2527297636132826,8988.579748020178,-0.10114202519798221,-0.035010146664365305,-0.1895002896439665,-0.2237750439017424,230,150,0.3050397877984085,5,False,-0.08567736564031196,10393.365626297893,0.03933656262978924,0.039657414508247335,0.29414435438112985,-0.11215680481178492,114,73,0.456,5,False,-0.11215680481178492,-0.07449500657577707,0.30679347826086956
700,daaf4bf7437f,gap_up_continuation,"{""family"": ""gap_up_continuation"", ""gap_min"": 0.05, ""min_adv20"": 50000000.0, ""mom3_min"": 0.05, ""prev_return_min"": 0.05}",,0.08,1.0,5,4618.516991987195,-0.5381483008012805,-0.04209112417363725,-0.4877841117292155,-0.5697750178829727,261,158,0.05765407554671968,5,False,-0.20725760386749284,8836.363934998722,-0.11636360650012778,-0.04034560691701461,-0.3886485180227677,-0.2015060256848512,94,35,0.12417437252311757,5,False,-0.09189037383296779,10055.53535550356,0.005553535550355981,0.0018526679521266853,0.0725674895295934,-0.05533053252737874,21,18,0.027851458885941646,2,False,-0.036685167283297446,10052.907030096956,0.005290703009695585,0.005333141298726973,0.14351175706119165,-0.03062044598662017,19,17,0.076,2,False,-0.015509889476487326,-0.09913559370644781,0.30532608695652175
701,0c910a5068ad,gap_up_continuation,"{""family"": ""gap_up_continuation"", ""gap_min"": 0.08, ""min_adv20"": 50000000.0, ""mom3_min"": 0.0, ""prev_return_min"": 0.05}",,0.02,4.0,3,2447.121121587582,-0.7552878878412418,-0.07536805720777362,-0.3879938928349008,-0.8079724346994834,126,95,0.027833001988071572,3,False,-0.26695765756619183,8951.640590588375,-0.10483594094116255,-0.036195999599028306,-0.07175203237908565,-0.4006600849245935,40,21,0.052840158520475564,3,False,-0.2575053465938031,10186.3298908213,0.018632989082129958,0.006189238400334807,0.1159070208231499,-0.10754184390457333,11,10,0.014588859416445624,2,False,-0.10754184390457337,9494.621272619648,-0.05053787273803523,-0.0509317011239655,-0.31840643998225265,-0.15129670667637218,9,9,0.036,1,False,-0.10339926317658217,-0.31624186045581515,0.3029891304347826
702,2b5d9a02eb33,gap_up_continuation,"{""family"": ""gap_up_continuation"", ""gap_min"": 0.08, ""min_adv20"": 20000000.0, ""mom3_min"": 0.0, ""prev_return_min"": 0.05}",,0.02,4.0,20,5741.762709818262,-0.4258237290181738,-0.03041249219491482,-0.6039252926633232,-0.43460534612095203,198,103,0.0437375745526839,20,False,-0.12841124102104512,9433.90504214764,-0.056609495785236,-0.01921237461112335,-0.20316240789597467,-0.1229223199888998,121,21,0.15984147952443858,20,False,-0.09958542481564807,10043.526652834946,0.00435266528349465,0.0014526341562313139,0.1159070208231498,-0.01613127658568614,11,10,0.014588859416445624,2,False,-0.016131276585686007,9934.463346132365,-0.006553665386763496,-0.006605921156803807,-0.3184064399822527,-0.02339877872923879,9,9,0.036,1,False,-0.015509889476487326,-0.4007628847673485,0.30282608695652175
703,0c910a5068ad,gap_up_continuation,"{""family"": ""gap_up_continuation"", ""gap_min"": 0.08, ""min_adv20"": 50000000.0, ""mom3_min"": 0.0, ""prev_return_min"": 0.05}",,0.02,3.0,10,6016.58376750992,-0.398341623249008,-0.02788578352580595,-0.5485098193242821,-0.4256671150992706,162,95,0.03578528827037773,10,False,-0.09955967624420249,9185.904609615869,-0.08140953903841308,-0.027871783122026095,-0.34575675258516014,-0.14024107867310331,89,21,0.11756935270805813,10,False,-0.0887618486267812,10063.337247546297,0.006333724754629566,0.0021123940889096193,0.11590702082314978,-0.02419691487852893,11,10,0.014588859416445624,2,False,-0.024196914878529006,9900.336800409717,-0.009966319959028302,-0.010045648703673304,-0.31840643998225276,-0.035004955526945714,9,9,0.036,1,False,-0.023264834214730988,-0.20275306673912197,0.30211956521739136
704,bdd1d95c3f2c,prior_day_crash_rebound,"{""family"": ""prior_day_crash_rebound"", ""max_abs_gap"": 0.05, ""min_adv20"": 50000000.0, ""prev_return_max"": -0.1}",,,1.0,3,189.61961806847526,-0.9810380381931525,-0.1980696630247165,-0.8503240129524804,-0.9847709789964778,1704,1116,0.3764082173624917,3,False,-0.21683777468206009,9468.032477369186,-0.053196752263081404,-0.018032683007870975,-0.014600473793391982,-0.22823232288319095,268,185,0.35402906208718626,3,False,-0.09939213873053128,10421.763074589375,0.04217630745893741,0.013902658347765717,0.1669210544506593,-0.1963167669813961,391,258,0.5185676392572944,3,False,-0.05804838904614681,8529.621867741878,-0.14703781322581222,-0.14812236440481896,-0.7621681243934003,-0.18661880464689795,179,105,0.716,3,False,-0.03731382548005102,-0.8357235391590884,0.3005434782608696
705,96ecb9436c7e,oversold_3d_reversal,"{""family"": ""oversold_3d_reversal"", ""max_abs_gap"": 0.03, ""min_adv20"": 50000000.0, ""momentum_column"": ""mom3"", ""momentum_max"": -0.2}",,,4.0,20,1076.1824923950212,-0.8923817507604979,-0.11669852039897843,-0.42299359810687354,-0.9247113479629845,1037,637,0.22907002429865253,19,False,-0.5272745015750803,8098.765641930035,-0.19012343580699653,-0.06779104556770876,-0.017324913375627114,-0.3547713679770744,184,88,0.2430647291941876,20,False,-0.2992656691468844,8602.473896324636,-0.1397526103675364,-0.04906685840938563,-0.5805149358098595,-0.18665012996658015,219,142,0.29045092838196285,8,False,-0.05711824376020798,10355.782312681742,0.035578231268174276,0.035867901864910845,0.3145903367499704,-0.0829860050084289,115,72,0.46,8,False,-0.08298600500842883,-0.4056686847312464,0.300054347826087
706,f4f189c68313,volatility_reversal,"{""family"": ""volatility_reversal"", ""gap_max"": -0.02, ""min_adv20"": 20000000.0, ""prev_intraday_max"": -0.02, ""prev_range_min"": 0.05}",,0.04,2.0,20,15711.454118834079,0.5711454118834078,0.02546910796319879,0.23471449239726813,-0.5788440944182156,4551,1124,1.0053015241882042,20,False,-0.22274055465855308,8337.66953272271,-0.16623304672772898,-0.058725429381434324,-0.16474719146399575,-0.45839427990264403,980,190,1.2945838837516512,20,False,-0.23701467265608794,8885.793331035631,-0.11142066689643693,-0.03871232397408486,-0.24837983321992077,-0.3347264978274418,677,184,0.8978779840848806,20,False,-0.10009409097993986,11164.725111070034,0.11647251110700352,0.11745699637309093,0.7982718710259002,-0.07616884631268317,239,72,0.956,20,False,-0.0700039197280505,-0.3994616838612639,0.29869565217391303
707,daaf4bf7437f,gap_up_continuation,"{""family"": ""gap_up_continuation"", ""gap_min"": 0.05, ""min_adv20"": 50000000.0, ""mom3_min"": 0.05, ""prev_return_min"": 0.05}",,0.08,2.0,3,687.0225848630438,-0.9312977415136956,-0.13849297366434488,-0.5168999065382832,-0.9450775741546895,229,158,0.050585376629114207,3,False,-0.46798074340098705,9062.398249302058,-0.09376017506979428,-0.03224250874993073,-0.002985680559473994,-0.36386475479014846,69,35,0.09114927344782034,3,False,-0.22553698223532068,10051.627016003667,0.005162701600366804,0.0017225083120708806,0.07256748952959335,-0.17891244365332193,21,18,0.027851458885941646,2,False,-0.12228389094432483,10104.203116329087,0.010420311632908685,0.010504110431455604,0.14351175706119154,-0.09978090487984548,19,17,0.076,2,False,-0.051699631588291085,-0.5139142259788092,0.29733695652173914
708,2b5d9a02eb33,gap_up_continuation,"{""family"": ""gap_up_continuation"", ""gap_min"": 0.08, ""min_adv20"": 20000000.0, ""mom3_min"": 0.0, ""prev_return_min"": 0.05}",,0.02,3.0,3,2277.0234125130755,-0.7722976587486925,-0.0790687365802828,-0.5131430478822041,-0.8136649012411195,139,103,0.030704660923348795,3,False,-0.22010464237798621,9332.30402172408,-0.06676959782759206,-0.022741384681934873,-0.07175203237908566,-0.31104408802738814,40,21,0.052840158520475564,3,False,-0.19312900994535231,10163.585385407501,0.01635853854075009,0.005437804623094955,0.11590702082314978,-0.08065638292843014,11,10,0.014588859416445624,2,False,-0.08065638292843003,9636.067177913448,-0.03639328220865523,-0.03667902274355206,-0.3184064399822527,-0.1145082251951951,9,9,0.036,1,False,-0.07754944738243663,-0.44139101550311843,0.29624999999999996
709,b2e74e658b61,gap_up_continuation,"{""family"": ""gap_up_continuation"", ""gap_min"": 0.05, ""min_adv20"": 50000000.0, ""mom3_min"": 0.0, ""prev_return_min"": 0.05}",,0.08,2.0,10,4166.138931631727,-0.5833861068368273,-0.04757212546106793,-0.4663095748391663,-0.5931159376768358,397,202,0.08769604594654297,10,False,-0.19165760386749284,8258.154799865233,-0.17418452001347673,-0.06172328402834304,-0.3973406383556349,-0.23170302960613653,163,43,0.21532364597093792,10,False,-0.13328389658153797,10100.311353532661,0.010031135353266052,0.0033414477914257557,0.10464218537293683,-0.05533053252737863,30,25,0.03978779840848806,3,False,-0.036685167283297446,9979.783307332807,-0.002021669266719206,-0.0020378261304502265,-0.02396798149417304,-0.03062044598662006,22,20,0.088,2,False,-0.015509889476487326,-0.06896893648353142,0.29597826086956525
710,fe3307e645b6,oversold_3d_reversal,"{""family"": ""oversold_3d_reversal"", ""max_abs_gap"": 0.05, ""min_adv20"": 20000000.0, ""momentum_column"": ""mom3"", ""momentum_max"": -0.2}",,,1.5,5,1885.6337329842368,-0.8114366267015763,-0.08868691656922156,-0.2213446847389727,-0.9108488830525339,1269,796,0.2803180914512923,5,False,-0.3395193613130568,6923.228446374429,-0.30767715536255713,-0.11521068007449031,-0.2990254950219539,-0.34782459556565026,172,97,0.22721268163804492,5,False,-0.2527297636132826,8949.206517792889,-0.10507934822071108,-0.03642495065044582,-0.20007185133125568,-0.2237750439017424,231,151,0.3063660477453581,5,False,-0.08567736564031196,10393.365626297893,0.03933656262978924,0.039657414508247335,0.29414435438112985,-0.11215680481178492,114,73,0.456,5,False,-0.11215680481178492,-0.07768081028298121,0.29548913043478264
711,089ab2b4aab5,oversold_5d_reversal,"{""family"": ""oversold_5d_reversal"", ""max_abs_gap"": 0.01, ""min_adv20"": 50000000.0, ""momentum_column"": ""mom5"", ""momentum_max"": -0.2}",,,4.0,10,1202.9686169300348,-0.8797031383069965,-0.1112053493455506,-0.2577482179415184,-0.9457365576426638,1167,757,0.2577866136514248,10,False,-0.570758827077013,6147.73170718795,-0.385226829281205,-0.14951889079079328,-0.1862613826703522,-0.4812172434163464,195,101,0.2575957727873184,10,False,-0.3369730181510434,11056.40055293138,0.10564005529313802,0.03413320580708268,0.2754779171650322,-0.23759631990843244,262,169,0.34748010610079577,9,False,-0.06226031746031744,18871.59293794716,0.8871592937947159,0.896771557533883,1.1594068533536561,-0.06309590486164729,135,80,0.54,10,False,-0.0467143249676909,-0.07148683527116623,0.2922826086956522
712,b5fec6e443c0,gap_up_continuation,"{""family"": ""gap_up_continuation"", ""gap_min"": 0.05, ""min_adv20"": 50000000.0, ""mom3_min"": 0.0, ""prev_return_min"": 0.05}",,0.02,1.5,3,2550.6266181776405,-0.744937338182236,-0.07323333694505019,-0.5170771799148315,-0.7568614201077719,301,202,0.06648994919372653,3,False,-0.28798970216287356,9438.255986814027,-0.0561744013185973,-0.01906181624241554,-0.11293038002499732,-0.2921561822648501,87,43,0.11492734478203434,3,False,-0.09656450497267616,8961.313614358041,-0.10386863856419581,-0.0359894641151387,-0.4741328481586532,-0.13013187740138243,30,25,0.03978779840848806,3,False,-0.09171291820824362,9338.248677549116,-0.06617513224508842,-0.06668647695474117,-1.0096149706864623,-0.0676953582449975,22,20,0.088,2,False,-0.038774723691218316,-0.40414679988983415,0.2909510869565217
713,56e51a7a32c6,prior_day_crash_rebound,"{""family"": ""prior_day_crash_rebound"", ""max_abs_gap"": 0.01, ""min_adv20"": 50000000.0, ""prev_return_max"": -0.15}",,0.04,4.0,10,5027.92844975606,-0.49720715502439394,-0.037551447154267725,-0.4504040867646197,-0.5429920147294014,280,235,0.061851115529047936,8,False,-0.15388643138148783,7966.689072321731,-0.2033310927678269,-0.07287969372670777,-0.49553751287471876,-0.2033310927678269,59,37,0.07793923381770146,10,False,-0.18696268793452625,10724.07996750192,0.07240799675019205,0.0236390807429121,0.4242884371310038,-0.07874321132012585,66,60,0.08753315649867374,3,False,-0.03904077279543903,10426.115927568999,0.04261159275689996,0.04295970557304085,0.522154390758603,-0.05782220391831827,41,36,0.164,2,False,-0.024141313060922088,-0.04513342611009907,0.2907608695652174
714,b5fec6e443c0,gap_up_continuation,"{""family"": ""gap_up_continuation"", ""gap_min"": 0.05, ""min_adv20"": 50000000.0, ""mom3_min"": 0.0, ""prev_return_min"": 0.05}",,0.02,2.0,10,5518.354422092096,-0.44816455779079045,-0.03255213259864176,-0.5502274963575103,-0.46270370037605635,397,202,0.08769604594654297,10,False,-0.11519588086514942,8838.053288818544,-0.11619467111814552,-0.04028453538030241,-0.5200591900909128,-0.18687236846654665,163,43,0.21532364597093792,10,False,-0.05917456575118747,9589.498581054555,-0.04105014189454448,-0.013911552575322395,-0.4741328481586533,-0.052597343323430024,30,25,0.03978779840848806,3,False,-0.036685167283297446,9735.01032990676,-0.02649896700932408,-0.026708102353128815,-1.0096149706864623,-0.027241223308247076,22,20,0.088,2,False,-0.015509889476487326,-0.0301683062665975,0.2906521739130435
715,869cb7749fba,prior_day_crash_rebound,"{""family"": ""prior_day_crash_rebound"", ""max_abs_gap"": 0.01, ""min_adv20"": 20000000.0, ""prev_return_max"": -0.15}",,0.04,3.0,10,4911.1348921358485,-0.5088865107864151,-0.038809812991365655,-0.549628693965708,-0.5378275443736397,352,288,0.07775568809366026,10,False,-0.11541482353611587,8578.128633350787,-0.14218713666492133,-0.0497741349278773,-0.45655207519998503,-0.14218713666492133,60,38,0.07926023778071334,10,False,-0.1402220159508947,10603.511337617252,0.060351133761725295,0.019778231099087273,0.4574927274785497,-0.05928422181619086,68,62,0.09018567639257294,3,False,-0.02928057959657927,10325.274154968582,0.032527415496858225,0.032791855654187296,0.5221543907586028,-0.043559477777042055,41,36,0.164,2,False,-0.018105984795691567,-0.09307661876572298,0.29051630434782605
716,869cb7749fba,prior_day_crash_rebound,"{""family"": ""prior_day_crash_rebound"", ""max_abs_gap"": 0.01, ""min_adv20"": 20000000.0, ""prev_return_max"": -0.15}",,0.04,1.0,5,6048.812006739873,-0.3951187993260127,-0.027596650332269212,-0.5984716442569047,-0.4192937637256473,342,288,0.07554671968190854,5,False,-0.07694321569074392,9155.863939220622,-0.0844136060779378,-0.028931256968204533,-0.7299585963534119,-0.0844136060779378,50,38,0.06605019815059446,5,False,-0.04971910119947219,10405.429682677659,0.04054296826776582,0.013371300178367518,0.45749272747854985,-0.03967058690891523,68,62,0.09018567639257294,3,False,-0.019520386397719514,10220.554572949311,0.02205545729493119,0.022233848143271562,0.522154390758603,-0.02916811974064837,41,36,0.164,2,False,-0.012070656530461044,-0.13148695209650718,0.2897282608695652
717,e21ba93123fd,oversold_5d_reversal,"{""family"": ""oversold_5d_reversal"", ""max_abs_gap"": 0.05, ""min_adv20"": 20000000.0, ""momentum_column"": ""mom5"", ""momentum_max"": -0.2}",,,4.0,10,3.537630476283183,-0.9996462369523716,-0.35748893029778694,-0.28012031199176385,-0.9998103348858259,2913,1296,0.6434724983432737,10,False,-0.8782565151589481,6067.28535398164,-0.39327146460183604,-0.15323994574817768,0.0448758707429235,-0.6648944693248793,378,162,0.49933949801849403,10,False,-0.34231546468895546,9886.809927745724,-0.011319007225427558,-0.003797355019805826,0.15404519902848704,-0.43089143571892785,509,245,0.6750663129973474,10,False,-0.1680807416347166,12677.220300495153,0.26772203004951534,0.2701301628875805,0.6186735125741295,-0.29934973443451773,222,106,0.888,10,False,-0.29934973443451773,-0.32499618273468733,0.288695652173913
718,f8be557fd27c,oversold_5d_reversal,"{""family"": ""oversold_5d_reversal"", ""max_abs_gap"": 0.01, ""min_adv20"": 20000000.0, ""momentum_column"": ""mom5"", ""momentum_max"": -0.2}",,,1.0,5,3620.893997068018,-0.6379106002931982,-0.054979914386399265,-0.3641621765985082,-0.7288896111776431,1346,881,0.2973271482217804,5,False,-0.14521821484128497,7706.89655684549,-0.22931034431545105,-0.08305563173428743,-0.448416880693025,-0.2393376752733507,164,101,0.2166446499339498,5,False,-0.1684865090755217,10815.271855860807,0.08152718558608063,0.02654007515697243,0.34036146280212,-0.12308856863201012,253,169,0.33554376657824936,5,False,-0.03113015873015872,12577.754156098941,0.25777541560989414,0.2600852461223315,1.2518809714495351,-0.03181558165309739,130,80,0.52,5,False,-0.02335716248384545,-0.0842547040945168,0.28755434782608696
719,7fdc1a696fcc,oversold_5d_reversal,"{""family"": ""oversold_5d_reversal"", ""max_abs_gap"": 0.05, ""min_adv20"": 50000000.0, ""momentum_column"": ""mom5"", ""momentum_max"": -0.2}",0.02,,3.0,20,3388.874119277809,-0.6611125880722191,-0.058457205557857495,-0.42827308983688905,-0.6921001301320407,2756,1169,0.6087916942787718,20,False,-0.06599999999999999,8129.987259523934,-0.18700127404760658,-0.06659624097660666,-0.38846490926548827,-0.3267163444841593,493,162,0.6512549537648613,20,False,-0.06599999999999999,8798.516568669955,-0.12014834313300449,-0.04187832057834173,-0.4457624423210384,-0.16380237008209275,523,245,0.6936339522546419,19,False,-0.0369154890263537,12872.645168202776,0.28726451682027765,0.28986761976260644,0.8427481270672689,-0.07123043586807354,245,106,0.98,20,False,-0.0528,-0.039808180571400786,0.2873641304347826
720,2b5d9a02eb33,gap_up_continuation,"{""family"": ""gap_up_continuation"", ""gap_min"": 0.08, ""min_adv20"": 20000000.0, ""mom3_min"": 0.0, ""prev_return_min"": 0.05}",,0.02,3.0,10,5494.649646683226,-0.4505350353316774,-0.032783939464124945,-0.5963723112701723,-0.4783072024039756,178,103,0.03931963772918047,10,False,-0.09955967624420249,9185.904609615869,-0.08140953903841308,-0.027871783122026095,-0.34575675258516014,-0.14024107867310331,89,21,0.11756935270805813,10,False,-0.0887618486267812,10063.337247546297,0.006333724754629566,0.0021123940889096193,0.11590702082314978,-0.02419691487852893,11,10,0.014588859416445624,2,False,-0.024196914878529006,9900.336800409717,-0.009966319959028302,-0.010045648703673304,-0.31840643998225276,-0.035004955526945714,9,9,0.036,1,False,-0.023264834214730988,-0.2506155586850122,0.2872282608695652
721,b2e74e658b61,gap_up_continuation,"{""family"": ""gap_up_continuation"", ""gap_min"": 0.05, ""min_adv20"": 50000000.0, ""mom3_min"": 0.0, ""prev_return_min"": 0.05}",,0.08,1.0,5,4182.494158873346,-0.5817505841126653,-0.04736437535032756,-0.5151221369364424,-0.6052872691220528,346,202,0.07643030704660923,5,False,-0.20725760386749284,8492.062938495224,-0.1507937061504776,-0.05295853881537549,-0.4921146661793343,-0.22518015033437433,114,43,0.15059445178335534,5,False,-0.09189037383296779,10100.311353532661,0.010031135353266052,0.0033414477914257557,0.10464218537293683,-0.05533053252737863,30,25,0.03978779840848806,3,False,-0.036685167283297446,9979.783307332807,-0.002021669266719206,-0.0020378261304502265,-0.02396798149417304,-0.03062044598662006,22,20,0.088,2,False,-0.015509889476487326,-0.023007470757108073,0.2866304347826087
722,869cb7749fba,prior_day_crash_rebound,"{""family"": ""prior_day_crash_rebound"", ""max_abs_gap"": 0.01, ""min_adv20"": 20000000.0, ""prev_return_max"": -0.15}",,0.04,1.0,3,4939.275606279014,-0.5060724393720986,-0.03850405317872141,-0.5127533624037297,-0.5382297982495763,332,288,0.07333775127015683,3,False,-0.12823869281790654,8710.539692543467,-0.12894603074565325,-0.04491632552833846,-0.6369437170968443,-0.12894603074565325,46,38,0.0607661822985469,3,False,-0.08499752029529849,10668.766512460908,0.06687665124609077,0.021871440077168902,0.4574927274785498,-0.06578798235719974,68,62,0.09018567639257294,3,False,-0.032533977329532525,10359.325194091125,0.03593251940911246,0.036225124693593846,0.522154390758603,-0.04832801741845083,41,36,0.164,2,False,-0.020117760884101738,-0.12419035469311457,0.2866304347826087
723,b2e74e658b61,gap_up_continuation,"{""family"": ""gap_up_continuation"", ""gap_min"": 0.05, ""min_adv20"": 50000000.0, ""mom3_min"": 0.0, ""prev_return_min"": 0.05}",,0.08,1.0,3,2779.367676814393,-0.7220632323185607,-0.06879200509865913,-0.5283763677024463,-0.7490630752835722,301,202,0.06648994919372653,3,False,-0.23399037170049353,8996.258239283452,-0.10037417607165477,-0.03459947065427227,-0.1958447629129613,-0.22175824639851538,87,43,0.11492734478203434,3,False,-0.11276849111766034,10141.411184592753,0.014141118459275237,0.004704134001975113,0.10464218537293686,-0.0914286021021159,30,25,0.03978779840848806,3,False,-0.061141945472162416,9955.658132654362,-0.004434186734563861,-0.004469580834711384,-0.023967981494173014,-0.05070563015849805,22,20,0.088,2,False,-0.025849815794145543,-0.33253160478948507,0.28635869565217387
724,7fdc1a696fcc,oversold_5d_reversal,"{""family"": ""oversold_5d_reversal"", ""max_abs_gap"": 0.05, ""min_adv20"": 50000000.0, ""momentum_column"": ""mom5"", ""momentum_max"": -0.2}",0.02,,3.0,10,1316.2256443945714,-0.8683774355605429,-0.10674256515270542,-0.4664600119828054,-0.8828168579585685,2460,1169,0.5434062292909212,10,False,-0.06599999999999999,8808.464458984645,-0.1191535541015355,-0.041355324471692434,-0.09879678241680352,-0.3326200987762731,378,162,0.49933949801849403,10,False,-0.06599999999999999,7732.724792853991,-0.2267275207146009,-0.08234637485268959,-0.41847752741821587,-0.3075333596416159,505,245,0.669761273209549,10,False,-0.050412753181807636,13167.436198242864,0.31674361982428634,0.3196453520963103,0.800314130478643,-0.1108676165126371,222,106,0.888,10,False,-0.06599999999999999,-0.3676632295660019,0.2859510869565217
725,96ecb9436c7e,oversold_3d_reversal,"{""family"": ""oversold_3d_reversal"", ""max_abs_gap"": 0.03, ""min_adv20"": 50000000.0, ""momentum_column"": ""mom3"", ""momentum_max"": -0.2}",,,1.0,5,2539.0461153696547,-0.7460953884630346,-0.0734680697279757,-0.4888888419308307,-0.8220237409105625,929,637,0.20521316545173404,5,False,-0.22634624087537122,7762.718675673727,-0.22372813243262724,-0.08085002471553315,-0.46783393597673784,-0.22544271652802395,134,88,0.17701453104359313,5,False,-0.1684865090755217,8516.05700180854,-0.14839429981914598,-0.052270268170912404,-0.6168372591191246,-0.19482070633454696,215,142,0.28514588859416445,5,False,-0.05711824376020798,10181.415959046813,0.01814159590468134,0.018288047784387862,0.20341814667392785,-0.07466051839243681,111,72,0.444,5,False,-0.07466051839243668,-0.021054905954092873,0.28494565217391304
726,bdd1d95c3f2c,prior_day_crash_rebound,"{""family"": ""prior_day_crash_rebound"", ""max_abs_gap"": 0.05, ""min_adv20"": 50000000.0, ""prev_return_max"": -0.1}",,,3.0,10,197.86360583178634,-0.9802136394168214,-0.19616761626251533,-0.3407108879695453,-0.9876953127327043,2253,1116,0.49768058316766073,10,False,-0.347170801404573,6844.9572333005035,-0.3155042766699496,-0.11855326859173576,-0.25236882999509996,-0.39658863346296147,353,185,0.4663143989431968,10,False,-0.26809595141751713,11344.488843144283,0.13444888431442825,0.04306190312754321,0.34147107112848424,-0.2057025032676315,451,258,0.5981432360742706,10,False,-0.05605752335912967,9071.213995880938,-0.09287860041190621,-0.09358572688199152,-0.25365985675621777,-0.19452624008223074,224,105,0.896,10,False,-0.11707913729397042,-0.08834205797444533,0.2848641304347826
727,0c910a5068ad,gap_up_continuation,"{""family"": ""gap_up_continuation"", ""gap_min"": 0.08, ""min_adv20"": 50000000.0, ""mom3_min"": 0.0, ""prev_return_min"": 0.05}",,0.02,4.0,5,3579.1059154692934,-0.6420894084530706,-0.05559035805643442,-0.41954649466782046,-0.6991748408098499,143,95,0.03158824828804948,5,False,-0.26549246998453996,8085.965999746809,-0.19140340002531908,-0.06828175681630289,-0.31671796855805534,-0.3002976903686304,56,21,0.07397622192866579,5,False,-0.2070795520423035,10142.014901606837,0.014201490160683727,0.0047241231278010165,0.1159070208231498,-0.06452510634274389,11,10,0.014588859416445624,2,False,-0.06452510634274403,9716.106033105465,-0.028389396689453505,-0.028613231296596764,-0.3184064399822527,-0.09210371384635585,9,9,0.036,1,False,-0.062039557905949304,-0.10282852610976512,0.2848369565217391
728,e21ba93123fd,oversold_5d_reversal,"{""family"": ""oversold_5d_reversal"", ""max_abs_gap"": 0.05, ""min_adv20"": 20000000.0, ""momentum_column"": ""mom5"", ""momentum_max"": -0.2}",,,1.0,5,1371.8240787882335,-0.8628175921211767,-0.10468295942614603,-0.3878150393997825,-0.8980728102875079,2507,1296,0.5537883808261542,5,False,-0.1963406688974957,7702.657574707803,-0.2297342425292197,-0.0832235544306954,-0.2902709075141224,-0.3528583378978104,300,162,0.3963011889035667,5,False,-0.1684865090755217,9464.703291169411,-0.05352967088305882,-0.018219182507324017,-0.05514982968010547,-0.21565673642390948,465,245,0.616710875331565,5,False,-0.0729621226139976,11316.996070066945,0.13169960700669447,0.13282027776702843,0.6194266265977277,-0.07401048624192408,207,106,0.828,5,False,-0.07401048624192416,-0.09754413188566013,0.2834782608695652
729,8486bd00cb94,prior_day_crash_rebound,"{""family"": ""prior_day_crash_rebound"", ""max_abs_gap"": 0.05, ""min_adv20"": 20000000.0, ""prev_return_max"": -0.1}",,,3.0,10,133.96991410243916,-0.9866030085897561,-0.21342891066058545,-0.33924340775788814,-0.9917459214749363,2666,1289,0.5889109785730064,10,False,-0.4268830625689123,6817.122900700844,-0.3182877099299156,-0.11974808396143555,-0.242961179485899,-0.39753287564849205,367,187,0.4848084544253633,10,False,-0.26809595141751713,11167.518632521407,0.11675186325214071,0.03759522374183577,0.3083829749679178,-0.21609863215389824,455,260,0.603448275862069,10,False,-0.05605752335912967,9071.213995880938,-0.09287860041190621,-0.09358572688199152,-0.25365985675621777,-0.19452624008223074,224,105,0.896,10,False,-0.11707913729397042,-0.09628222827198915,0.2833967391304347
730,daaf4bf7437f,gap_up_continuation,"{""family"": ""gap_up_continuation"", ""gap_min"": 0.05, ""min_adv20"": 50000000.0, ""mom3_min"": 0.05, ""prev_return_min"": 0.05}",,0.08,4.0,20,3108.6334747436867,-0.6891366525256313,-0.0629702646499295,-0.5646194447480055,-0.6965026979713872,321,158,0.07090788601722996,20,False,-0.21271954708918472,9126.13532787359,-0.08738646721264098,-0.029982010549687632,-0.05870501921547546,-0.29912801069385975,228,35,0.3011889035667107,20,False,-0.20946312740267556,10055.53535550356,0.005553535550355981,0.0018526679521266853,0.0725674895295934,-0.05533053252737874,21,18,0.027851458885941646,2,False,-0.036685167283297446,10052.907030096956,0.005290703009695585,0.005333141298726973,0.14351175706119165,-0.03062044598662017,19,17,0.076,2,False,-0.015509889476487326,-0.5059144255325301,0.2826086956521739
731,7fdc1a696fcc,oversold_5d_reversal,"{""family"": ""oversold_5d_reversal"", ""max_abs_gap"": 0.05, ""min_adv20"": 50000000.0, ""momentum_column"": ""mom5"", ""momentum_max"": -0.2}",0.02,,1.0,5,3543.799074085143,-0.6456200925914857,-0.05611139185708547,-0.5265199702969613,-0.6700390001069543,2145,1169,0.4738237243207422,5,False,-0.022,8977.467312132594,-0.10225326878674057,-0.03527121081299278,-0.30043964006387813,-0.20078020010422726,300,162,0.3963011889035667,5,False,-0.022,8465.523508879229,-0.1534476491120771,-0.05415354570890418,-0.5565659728364234,-0.20882532545792387,461,245,0.6114058355437666,5,False,-0.022,11680.224647146795,0.16802246471467952,0.16947463102417615,0.8042157270915993,-0.057697880455093165,207,106,0.828,5,False,-0.022,-0.22608033023308316,0.2822282608695652
732,b5fec6e443c0,gap_up_continuation,"{""family"": ""gap_up_continuation"", ""gap_min"": 0.05, ""min_adv20"": 50000000.0, ""mom3_min"": 0.0, ""prev_return_min"": 0.05}",,0.02,1.5,5,4309.428116996435,-0.5690571883003566,-0.04577761089797405,-0.5240364152326926,-0.5858512645019842,346,202,0.07643030704660923,5,False,-0.17279382129772414,8749.405504648339,-0.12505944953516612,-0.04349980286505817,-0.43793891674152025,-0.22592703774322698,114,43,0.15059445178335534,5,False,-0.09105142996676403,9381.608382803674,-0.06183916171963266,-0.02110843017640185,-0.4741328481586534,-0.07863377311926256,30,25,0.03978779840848806,3,False,-0.055027750924946175,9602.627380379969,-0.03973726196200311,-0.04004870797472215,-1.009614970686462,-0.04078216786888367,22,20,0.088,2,False,-0.023264834214730988,-0.08609749849117238,0.281875
733,8486bd00cb94,prior_day_crash_rebound,"{""family"": ""prior_day_crash_rebound"", ""max_abs_gap"": 0.05, ""min_adv20"": 20000000.0, ""prev_return_max"": -0.1}",,,1.5,3,13.416127947424265,-0.9986583872052576,-0.3079993795986281,-0.8304708341638405,-0.9991106612491653,2026,1289,0.4475370002208968,3,False,-0.30678362577576695,9311.584905062718,-0.06884150949372814,-0.023464185135318116,0.04937479152004049,-0.3566577775977898,276,187,0.36459709379128136,3,False,-0.14908820809579693,9873.503379618973,-0.012649662038102694,-0.004245667460074265,0.09353390768583068,-0.2981573435406393,394,260,0.5225464190981433,3,False,-0.08707258356922021,7779.468139056395,-0.22205318609436053,-0.2236143391994032,-0.7621681243934005,-0.27003161599400527,179,105,0.716,3,False,-0.05597073822007653,-0.879845625683881,0.2807880434782608
734,f8be557fd27c,oversold_5d_reversal,"{""family"": ""oversold_5d_reversal"", ""max_abs_gap"": 0.01, ""min_adv20"": 20000000.0, ""momentum_column"": ""mom5"", ""momentum_max"": -0.2}",,,3.0,10,1079.2408122634663,-0.8920759187736533,-0.11655897551267658,-0.362817401496299,-0.9433909674654766,1443,881,0.31875414181577205,10,False,-0.4280691203077597,7278.394317464894,-0.27216056825351065,-0.10035201691070894,-0.18457381528979652,-0.3769202020254028,196,101,0.25891677675033026,10,False,-0.2527297636132826,10929.886089805981,0.09298860898059802,0.03016317574507732,0.2892651058909569,-0.18309462262892684,263,169,0.34880636604774534,9,False,-0.04669523809523808,16509.714332976644,0.6509714332976644,0.6576066303068089,1.1594068533536568,-0.047523088083973986,135,80,0.54,10,False,-0.035035743725768176,-0.17824358620650246,0.28054347826086956
735,e6a4cfbe4bad,strength_pullback,"{""family"": ""strength_pullback"", ""gap_max"": -0.02, ""min_adv20"": 20000000.0, ""mom3_min"": null, ""prev_return_min"": 0.05}",0.04,0.08,2.0,3,20414.639287322796,1.0414639287322798,0.040526670708820545,0.2797015734450711,-0.5428497424481445,1325,785,0.2926883145571018,3,False,-0.084,7510.5196687983935,-0.24894803312016067,-0.09090051986938985,-0.195955071535328,-0.42572926837908387,219,117,0.2892998678996037,3,False,-0.084,13754.667009659499,0.3754667009659498,0.11242935562215362,0.6170952265866503,-0.250994048098127,216,118,0.2864721485411141,3,False,-0.084,7478.695940928605,-0.25213040590713953,-0.25386659590397653,-1.3764792568222892,-0.3754437317562366,73,47,0.292,3,False,-0.084,-0.47565664498039917,0.2801630434782609
736,2b5d9a02eb33,gap_up_continuation,"{""family"": ""gap_up_continuation"", ""gap_min"": 0.08, ""min_adv20"": 20000000.0, ""mom3_min"": 0.0, ""prev_return_min"": 0.05}",,0.02,3.0,5,3919.145201934712,-0.6080854798065287,-0.050806865521996425,-0.5013932037941923,-0.6598445113912523,157,103,0.03468080406450188,5,False,-0.19911935248840498,8610.81596583851,-0.13891840341614903,-0.04857029912765776,-0.3167179685580552,-0.22981237889026862,56,21,0.07397622192866579,5,False,-0.1553096640317276,10114.703280981985,0.011470328098198479,0.0038190389297128036,0.11590702082314978,-0.04839382975705797,11,10,0.014588859416445624,2,False,-0.04839382975705801,9792.518691209667,-0.020748130879033266,-0.02091236817796771,-0.31840643998225276,-0.06945063565241649,9,9,0.036,1,False,-0.046529668429461976,-0.1846752352361371,0.27999999999999997
737,daaf4bf7437f,gap_up_continuation,"{""family"": ""gap_up_continuation"", ""gap_min"": 0.05, ""min_adv20"": 50000000.0, ""mom3_min"": 0.05, ""prev_return_min"": 0.05}",,0.08,2.0,10,4100.100692652987,-0.5899899307347013,-0.048418876516422626,-0.5277366179880966,-0.5997053019032971,294,158,0.06494367130550033,10,False,-0.19165760386749284,8763.246033917627,-0.12367539660823734,-0.04299637776287191,-0.25265779651066567,-0.20513262175036195,141,35,0.18626155878467635,10,False,-0.13328389658153797,10055.53535550356,0.005553535550355981,0.0018526679521266853,0.0725674895295934,-0.05533053252737874,21,18,0.027851458885941646,2,False,-0.036685167283297446,10052.907030096956,0.005290703009695585,0.005333141298726973,0.14351175706119165,-0.03062044598662017,19,17,0.076,2,False,-0.015509889476487326,-0.2750788214774309,0.2797282608695652
738,387eb13d7c7a,prior_day_crash_rebound,"{""family"": ""prior_day_crash_rebound"", ""max_abs_gap"": 0.01, ""min_adv20"": 50000000.0, ""prev_return_max"": -0.15}",,,1.0,5,5447.241824174332,-0.45527581758256686,-0.03325038304749228,-0.5977267902959575,-0.5131388539786106,275,235,0.06074663132317208,5,False,-0.07694321569074392,9074.506574282806,-0.09254934257171932,-0.031812260928547054,-0.7548952573738105,-0.09254934257171932,49,37,0.06472919418758256,5,False,-0.04794447774621573,10972.445999187614,0.09724459991876144,0.031502106672130825,0.7512705096925886,-0.030006685950517475,66,60,0.08753315649867374,3,False,-0.019520386397719514,9993.745626528935,-0.0006254373471065167,-0.0006304392683520454,0.00696800922912808,-0.03245841549381179,41,36,0.164,2,False,-0.012070656530461044,-0.15716846707785292,0.2792391304347826
739,dc02fb10bc44,oversold_3d_reversal,"{""family"": ""oversold_3d_reversal"", ""max_abs_gap"": 0.05, ""min_adv20"": 50000000.0, ""momentum_column"": ""mom3"", ""momentum_max"": -0.2}",,,2.0,5,1117.09489490511,-0.8882905105094889,-0.11486201635287674,-0.20711079683018546,-0.9542919026686738,1085,704,0.23967307267506074,5,False,-0.45269248175074245,5905.898653441184,-0.4094101346558816,-0.1608053482467623,-0.28160580340596253,-0.4534917332334485,171,97,0.22589167767503301,5,False,-0.3369730181510434,8566.448256475038,-0.14335517435249623,-0.0503996859303244,-0.18950028964396656,-0.29063203927265857,230,150,0.3050397877984085,5,False,-0.11423648752041596,10437.308247282439,0.04373082472824397,0.04408827292923956,0.29414435438112985,-0.14954240641571315,114,73,0.456,5,False,-0.14954240641571323,-0.07449500657577707,0.2781521739130435
740,e01ec9ad1e07,oversold_5d_reversal,"{""family"": ""oversold_5d_reversal"", ""max_abs_gap"": 0.05, ""min_adv20"": 50000000.0, ""momentum_column"": ""mom5"", ""momentum_max"": -0.2}",,,1.5,5,696.1868526049059,-0.9303813147395095,-0.13785726924690422,-0.318740198959242,-0.9536626266385612,2145,1169,0.4738237243207422,5,False,-0.3055948250946374,6509.923779942196,-0.3490076220057804,-0.1331564469381875,-0.2708707831961138,-0.4798548985538392,300,162,0.3963011889035667,5,False,-0.2527297636132826,9065.311847111712,-0.09346881528882878,-0.032264732576574806,-0.04349845205701387,-0.3089325370692867,461,245,0.6114058355437666,5,False,-0.10944318392099639,11819.407210274438,0.18194072102744374,0.1835223428799646,0.6194266265977275,-0.11101572936288628,207,106,0.828,5,False,-0.11101572936288626,-0.0478694157631282,0.27665760869565215
741,56e51a7a32c6,prior_day_crash_rebound,"{""family"": ""prior_day_crash_rebound"", ""max_abs_gap"": 0.01, ""min_adv20"": 50000000.0, ""prev_return_max"": -0.15}",,0.04,1.0,5,6991.384481512031,-0.3008615518487969,-0.019726068182802647,-0.49280137935951224,-0.33386626180675527,275,235,0.06074663132317208,5,False,-0.07694321569074392,9086.804227094704,-0.09131957729052953,-0.031375677508710176,-0.7997852765481023,-0.09131957729052953,49,37,0.06472919418758256,5,False,-0.04971910119947219,10369.350006292847,0.03693500062928479,0.01219558431601353,0.4242884371310038,-0.03967058690891556,66,60,0.08753315649867374,3,False,-0.019520386397719514,10220.554572949311,0.02205545729493119,0.022233848143271562,0.522154390758603,-0.02916811974064837,41,36,0.164,2,False,-0.012070656530461044,-0.30698389718859004,0.27625
742,089ab2b4aab5,oversold_5d_reversal,"{""family"": ""oversold_5d_reversal"", ""max_abs_gap"": 0.01, ""min_adv20"": 50000000.0, ""momentum_column"": ""mom5"", ""momentum_max"": -0.2}",,,1.0,5,4909.275283916086,-0.5090724716083914,-0.03883007659244564,-0.2902454976186346,-0.6360270728984521,1102,757,0.24342831897503867,5,False,-0.14521821484128497,7706.89655684549,-0.22931034431545105,-0.08305563173428743,-0.448416880693025,-0.2393376752733507,164,101,0.2166446499339498,5,False,-0.1684865090755217,10775.592270266547,0.07755922702665474,0.02527979828984961,0.32665399024922337,-0.12308856863201012,252,169,0.33421750663129973,5,False,-0.03113015873015872,12577.754156098941,0.25777541560989414,0.2600852461223315,1.2518809714495351,-0.03181558165309739,130,80,0.52,5,False,-0.02335716248384545,-0.15817138307439038,0.27570652173913046
743,0c910a5068ad,gap_up_continuation,"{""family"": ""gap_up_continuation"", ""gap_min"": 0.08, ""min_adv20"": 50000000.0, ""mom3_min"": 0.0, ""prev_return_min"": 0.05}",,0.02,4.0,10,5025.5172853121785,-0.4974482714687821,-0.037577145411302526,-0.548509819324282,-0.527621075645385,162,95,0.03578528827037773,10,False,-0.13274623499226998,8894.470867300584,-0.11055291326994154,-0.038249450380605676,-0.34575675258516025,-0.18539499512007807,89,21,0.11756935270805813,10,False,-0.11834913150237494,10081.817665200228,0.008181766520022782,0.0027270754970023514,0.1159070208231498,-0.032262553171372166,11,10,0.014588859416445624,2,False,-0.03226255317137201,9865.30406088005,-0.013469593911995092,-0.013576615857483265,-0.3184064399822527,-0.046548990613377694,9,9,0.036,1,False,-0.031019778952974652,-0.20275306673912175,0.27559782608695654
744,387eb13d7c7a,prior_day_crash_rebound,"{""family"": ""prior_day_crash_rebound"", ""max_abs_gap"": 0.01, ""min_adv20"": 50000000.0, ""prev_return_max"": -0.15}",,,1.0,3,3503.7535821657943,-0.6496246417834206,-0.056708321849916365,-0.6025605727576631,-0.7080209704352187,268,235,0.05920035343494588,3,False,-0.12823869281790654,8813.17737624555,-0.11868226237544499,-0.04118460838605642,-0.36857711715002783,-0.1339454139471603,45,37,0.059445178335535004,3,False,-0.09922154437466213,11638.457956803228,0.16384579568032276,0.05201858063292897,0.7512705096925888,-0.049822947214732016,66,60,0.08753315649867374,3,False,-0.032533977329532525,9979.345140034458,-0.002065485996554206,-0.0020819926713171455,0.006968009229127854,-0.05379057301532586,41,36,0.164,2,False,-0.020117760884101738,-0.23398345560763523,0.2723369565217391
745,021ce8ad71a1,oversold_3d_reversal,"{""family"": ""oversold_3d_reversal"", ""max_abs_gap"": 0.03, ""min_adv20"": 50000000.0, ""momentum_column"": ""mom3"", ""momentum_max"": -0.12}",,,1.0,5,349.4186916726609,-0.965058130832734,-0.1703137361129271,-0.7074277737178424,-0.9736706587676285,4364,2015,0.963993814888447,5,False,-0.22634624087537122,9193.820457734213,-0.08061795422657869,-0.02759299199858234,-0.012776711953463684,-0.33413044511110535,681,328,0.8996036988110965,5,False,-0.1684865090755217,6849.334014244582,-0.31506659857554176,-0.11880748438747557,-0.7615427938923854,-0.3943608861554033,1018,427,1.3501326259946949,5,False,-0.06920048675086218,9003.293438426403,-0.0996706561573597,-0.10042657672114474,-0.3137222361673079,-0.20652600860997783,418,169,1.672,5,False,-0.07466051839243668,-0.6946510617643787,0.2718478260869565
746,8486bd00cb94,prior_day_crash_rebound,"{""family"": ""prior_day_crash_rebound"", ""max_abs_gap"": 0.05, ""min_adv20"": 20000000.0, ""prev_return_max"": -0.1}",,,1.0,5,800.1780801714084,-0.9199821919828591,-0.13115004349235404,-0.6290969255797053,-0.9363010805720235,2297,1289,0.5074000441793682,5,False,-0.23362443281272896,8919.63965254731,-0.10803603474526902,-0.03734434368055639,-0.17750108794817293,-0.17904252121778874,311,187,0.4108322324966975,5,False,-0.1043478672102907,10771.085268796562,0.07710852687965608,0.025136454585420243,0.2915629039676073,-0.13643416341108594,431,260,0.5716180371352785,5,False,-0.03482903342768808,9091.090691227246,-0.0908909308772754,-0.09158370029618224,-0.6413890196619292,-0.13135272763757566,202,105,0.808,5,False,-0.05346705204169559,-0.4515958376315324,0.27125000000000005
747,96ecb9436c7e,oversold_3d_reversal,"{""family"": ""oversold_3d_reversal"", ""max_abs_gap"": 0.03, ""min_adv20"": 50000000.0, ""momentum_column"": ""mom3"", ""momentum_max"": -0.2}",,,3.0,10,447.1986845648944,-0.9552801315435105,-0.15883972089981513,-0.4256334447854479,-0.9730851470485564,992,637,0.21912966644576984,10,False,-0.700551567982622,7432.921889717211,-0.2567078110282789,-0.09403812368818287,-0.12061439055296269,-0.33977292126266356,154,88,0.20343461030383092,10,False,-0.2527297636132826,7919.499930490084,-0.20805000695099163,-0.07499726315285182,-0.5805149358098597,-0.2705778444862509,219,142,0.29045092838196285,8,False,-0.08567736564031196,10456.574644927292,0.04565746449272923,0.046031005245496415,0.3145903367499704,-0.12447900751264329,115,72,0.46,8,False,-0.12447900751264325,-0.3050190542324852,0.27073369565217387
748,2b5d9a02eb33,gap_up_continuation,"{""family"": ""gap_up_continuation"", ""gap_min"": 0.08, ""min_adv20"": 20000000.0, ""mom3_min"": 0.0, ""prev_return_min"": 0.05}",,0.02,4.0,3,1261.2845942996903,-0.873871540570031,-0.10886016421854472,-0.5131430478822041,-0.9033456856034506,139,103,0.030704660923348795,3,False,-0.29347285650398164,8951.640590588375,-0.10483594094116255,-0.036195999599028306,-0.07175203237908565,-0.4006600849245935,40,21,0.052840158520475564,3,False,-0.2575053465938031,10186.3298908213,0.018632989082129958,0.006189238400334807,0.1159070208231499,-0.10754184390457333,11,10,0.014588859416445624,2,False,-0.10754184390457337,9494.621272619648,-0.05053787273803523,-0.0509317011239655,-0.31840643998225265,-0.15129670667637218,9,9,0.036,1,False,-0.10339926317658217,-0.44139101550311843,0.26853260869565215
749,fe3307e645b6,oversold_3d_reversal,"{""family"": ""oversold_3d_reversal"", ""max_abs_gap"": 0.05, ""min_adv20"": 20000000.0, ""momentum_column"": ""mom3"", ""momentum_max"": -0.2}",,,2.0,5,808.9647089930446,-0.9191035291006955,-0.130621684800993,-0.22134468473897267,-0.9692383737647636,1269,796,0.2803180914512923,5,False,-0.45269248175074245,5791.120359275039,-0.42088796407249607,-0.16627019460655168,-0.2990254950219539,-0.45118176714558356,172,97,0.22721268163804492,5,False,-0.3369730181510434,8516.416067647633,-0.1483583932352367,-0.05225691319423098,-0.20007185133125568,-0.29063203927265857,231,151,0.3063660477453581,5,False,-0.11423648752041596,10437.308247282439,0.04373082472824397,0.04408827292923956,0.29414435438112985,-0.14954240641571315,114,73,0.456,5,False,-0.14954240641571323,-0.07768081028298124,0.26766304347826086
750,869cb7749fba,prior_day_crash_rebound,"{""family"": ""prior_day_crash_rebound"", ""max_abs_gap"": 0.01, ""min_adv20"": 20000000.0, ""prev_return_max"": -0.15}",,0.04,4.0,10,3798.1908384446688,-0.6201809161555332,-0.052461817683613354,-0.5496286939657078,-0.6495201206202225,352,288,0.07775568809366026,10,False,-0.15388643138148783,8087.782746221025,-0.1912217253778975,-0.06821207505310878,-0.456552075199985,-0.1912217253778975,60,38,0.07926023778071334,10,False,-0.18696268793452625,10798.041245871123,0.07980412458711239,0.0259931866611105,0.45749272747854985,-0.07874321132012596,68,62,0.09018567639257294,3,False,-0.03904077279543903,10426.115927568999,0.04261159275689996,0.04295970557304085,0.522154390758603,-0.05782220391831827,41,36,0.164,2,False,-0.024141313060922088,-0.09307661876572282,0.26755434782608695
751,b5fec6e443c0,gap_up_continuation,"{""family"": ""gap_up_continuation"", ""gap_min"": 0.05, ""min_adv20"": 50000000.0, ""mom3_min"": 0.0, ""prev_return_min"": 0.05}",,0.02,2.0,3,1474.6727936204438,-0.8525327206379556,-0.10107261761720832,-0.5170771799148315,-0.8615486008015474,301,202,0.06648994919372653,3,False,-0.3839862695504981,9173.232953258637,-0.08267670467413624,-0.028318404599068647,-0.1129303800249973,-0.3737446678693712,87,43,0.11492734478203434,3,False,-0.12875267329690154,8607.209411017695,-0.13927905889823056,-0.04889193681162274,-0.4741328481586535,-0.17241497790177984,30,25,0.03978779840848806,3,False,-0.12228389094432483,9118.480579741285,-0.08815194202587151,-0.0888248702122737,-1.009614970686462,-0.08994251683838583,22,20,0.088,2,False,-0.051699631588291085,-0.40414679988983415,0.2664673913043478
752,daaf4bf7437f,gap_up_continuation,"{""family"": ""gap_up_continuation"", ""gap_min"": 0.05, ""min_adv20"": 50000000.0, ""mom3_min"": 0.05, ""prev_return_min"": 0.05}",,0.08,1.5,5,2972.549835559202,-0.7027450164440798,-0.06530223364644461,-0.48778411172921576,-0.7314133623742508,261,158,0.05765407554671968,5,False,-0.3108864058012393,8218.275073505089,-0.1781724926494911,-0.06323407930514591,-0.3886485180227679,-0.29298464852123973,94,35,0.12417437252311757,5,False,-0.1378355607494517,10070.733852059104,0.0070733852059103874,0.0023585043765002034,0.07256748952959327,-0.08246325611669514,21,18,0.027851458885941646,2,False,-0.055027750924946175,10072.409136801978,0.007240913680197858,0.0072990518864033405,0.1435117570611914,-0.0457088530738301,19,17,0.076,2,False,-0.023264834214730988,-0.09913559370644787,0.2662771739130435
753,f4f189c68313,volatility_reversal,"{""family"": ""volatility_reversal"", ""gap_max"": -0.02, ""min_adv20"": 20000000.0, ""prev_intraday_max"": -0.02, ""prev_range_min"": 0.05}",,0.04,3.0,20,15565.04256030018,0.556504256030018,0.024934802158193214,0.23471449239726805,-0.7699803851812602,4551,1124,1.0053015241882042,20,False,-0.3341108319878296,7131.993503797109,-0.28680064962028906,-0.10641689434620105,-0.16474719146399563,-0.6200592525136452,980,190,1.2945838837516512,20,False,-0.35552200898413194,8220.158333611053,-0.17798416663889471,-0.06340579369716881,-0.24837983321992083,-0.4640087333635131,677,184,0.8978779840848806,20,False,-0.1501411364699098,11698.311477643036,0.16983114776430352,0.17130006150835642,0.7982718710259004,-0.11419347050829809,239,72,0.956,20,False,-0.10500587959207577,-0.3994616838612637,0.2657336956521739
754,7fdc1a696fcc,oversold_5d_reversal,"{""family"": ""oversold_5d_reversal"", ""max_abs_gap"": 0.05, ""min_adv20"": 50000000.0, ""momentum_column"": ""mom5"", ""momentum_max"": -0.2}",0.02,,1.0,3,1880.1323364627326,-0.8119867663537268,-0.08883512477489208,-0.627750068921872,-0.8311184490193593,1864,1169,0.41175171195051913,3,False,-0.022000000000000002,9120.595456180281,-0.08794045438197196,-0.030178068838413452,-0.14735497243879161,-0.23163845332434319,258,162,0.34081902245706736,3,False,-0.022000000000000002,7403.435910628458,-0.25965640893715414,-0.09559630054380208,-0.7304201547137804,-0.3108801325308731,406,245,0.5384615384615384,3,False,-0.022000000000000002,10839.6005066769,0.08396005066768986,0.08465939613967133,0.4537148500305743,-0.09752190999364385,185,106,0.74,3,False,-0.022000000000000002,-0.48039509648308043,0.26336956521739124
755,56e51a7a32c6,prior_day_crash_rebound,"{""family"": ""prior_day_crash_rebound"", ""max_abs_gap"": 0.01, ""min_adv20"": 50000000.0, ""prev_return_max"": -0.15}",,0.04,1.0,3,5329.333979137819,-0.4670666020862181,-0.0344273080924945,-0.5083978253638176,-0.5079955090775969,268,235,0.05920035343494588,3,False,-0.12823869281790654,8601.586266501123,-0.13984137334988778,-0.048909908720563444,-0.7027745188611141,-0.13984137334988778,45,37,0.059445178335535004,3,False,-0.08499752029529849,10607.61829497007,0.06076182949700715,0.01991022365307704,0.42428843713100367,-0.06578798235720007,66,60,0.08753315649867374,3,False,-0.032533977329532525,10359.325194091125,0.03593251940911246,0.036225124693593846,0.522154390758603,-0.04832801741845083,41,36,0.164,2,False,-0.020117760884101738,-0.19437669349729647,0.26309782608695653
756,869cb7749fba,prior_day_crash_rebound,"{""family"": ""prior_day_crash_rebound"", ""max_abs_gap"": 0.01, ""min_adv20"": 20000000.0, ""prev_return_max"": -0.15}",,0.04,1.5,5,4636.539649828492,-0.5363460350171508,-0.04188342650413979,-0.5984716442569049,-0.5636688947392604,342,288,0.07554671968190854,5,False,-0.11541482353611587,8744.966666151495,-0.12550333338485054,-0.043661370374578845,-0.7299585963534119,-0.12550333338485054,50,38,0.06605019815059446,5,False,-0.07457865179920828,10603.511337617252,0.060351133761725295,0.019778231099087273,0.4574927274785497,-0.05928422181619086,68,62,0.09018567639257294,3,False,-0.02928057959657927,10325.274154968582,0.032527415496858225,0.032791855654187296,0.5221543907586028,-0.043559477777042055,41,36,0.164,2,False,-0.018105984795691567,-0.13148695209650696,0.26125
757,2b5d9a02eb33,gap_up_continuation,"{""family"": ""gap_up_continuation"", ""gap_min"": 0.08, ""min_adv20"": 20000000.0, ""mom3_min"": 0.0, ""prev_return_min"": 0.05}",,0.02,4.0,10,4444.1483249860285,-0.5555851675013972,-0.044141083415670246,-0.5963723112701723,-0.585253652600445,178,103,0.03931963772918047,10,False,-0.13274623499226998,8894.470867300584,-0.11055291326994154,-0.038249450380605676,-0.34575675258516025,-0.18539499512007807,89,21,0.11756935270805813,10,False,-0.11834913150237494,10081.817665200228,0.008181766520022782,0.0027270754970023514,0.1159070208231498,-0.032262553171372166,11,10,0.014588859416445624,2,False,-0.03226255317137201,9865.30406088005,-0.013469593911995092,-0.013576615857483265,-0.3184064399822527,-0.046548990613377694,9,9,0.036,1,False,-0.031019778952974652,-0.25061555868501206,0.26016304347826086
758,7fdc1a696fcc,oversold_5d_reversal,"{""family"": ""oversold_5d_reversal"", ""max_abs_gap"": 0.05, ""min_adv20"": 50000000.0, ""momentum_column"": ""mom5"", ""momentum_max"": -0.2}",0.02,,4.0,20,2238.717535126039,-0.7761282464873961,-0.07993807526742214,-0.42827308983688905,-0.801621726316591,2756,1169,0.6087916942787718,20,False,-0.088,7481.31132890133,-0.251868867109867,-0.09207898617997301,-0.3884649092654882,-0.4126603256456858,493,162,0.6512549537648613,20,False,-0.088,8389.952348822331,-0.16100476511776685,-0.05698394168649956,-0.4457624423210382,-0.21281236154829375,523,245,0.6936339522546419,19,False,-0.04922065203513827,13737.462054644402,0.37374620546444026,0.37724041286440824,0.8427481270672686,-0.09459642300988558,245,106,0.98,20,False,-0.07039999999999999,-0.03980818057140084,0.2597826086956522
759,994a822c44eb,oversold_3d_reversal,"{""family"": ""oversold_3d_reversal"", ""max_abs_gap"": 0.05, ""min_adv20"": 50000000.0, ""momentum_column"": ""mom3"", ""momentum_max"": -0.12}",,,1.0,5,392.86870367619036,-0.960713129632381,-0.16488290846173392,-0.5981028276988929,-0.9723857682375778,4687,2081,1.0353434945880273,5,False,-0.22634624087537122,8907.962129334586,-0.10920378706654132,-0.03776407251450897,-0.02657864541305953,-0.38622439205863546,738,342,0.9749009247027741,5,False,-0.1684865090755217,7011.271844388546,-0.2988728155611454,-0.11189852159336133,-0.6332273477589484,-0.38588077008977184,1069,439,1.4177718832891246,5,False,-0.06920048675086218,9212.529322028662,-0.07874706779713381,-0.07935136365039208,-0.20458318990557373,-0.1895557061459232,432,173,1.728,5,False,-0.07477120320785662,-0.5715241822858333,0.2588586956521739
760,7fdc1a696fcc,oversold_5d_reversal,"{""family"": ""oversold_5d_reversal"", ""max_abs_gap"": 0.05, ""min_adv20"": 50000000.0, ""momentum_column"": ""mom5"", ""momentum_max"": -0.2}",0.02,,4.0,10,585.6587395886555,-0.9414341260411344,-0.14611437768194613,-0.46646001198280546,-0.9496869752925191,2460,1169,0.5434062292909212,10,False,-0.088,8224.019254021467,-0.17759807459785337,-0.06301616691347811,-0.09879678241680333,-0.42228047357206644,378,162,0.49933949801849403,10,False,-0.088,6971.576014095507,-0.30284239859044926,-0.1135822041406831,-0.41847752741821576,-0.38933069046656776,505,245,0.669761273209549,10,False,-0.06721700424241019,14046.00433660905,0.40460043366090503,0.40842336297974047,0.8003141304786431,-0.146504512387424,222,106,0.888,10,False,-0.088,-0.3676632295660021,0.2576086956521739
761,b5fec6e443c0,gap_up_continuation,"{""family"": ""gap_up_continuation"", ""gap_min"": 0.05, ""min_adv20"": 50000000.0, ""mom3_min"": 0.0, ""prev_return_min"": 0.05}",,0.02,2.0,5,3151.3875593114267,-0.6848612440688573,-0.0622574984267239,-0.5240364152326925,-0.7010093977219292,346,202,0.07643030704660923,5,False,-0.23039176173029885,8317.227719589075,-0.16827722804109257,-0.059494296384635104,-0.43793891674152013,-0.2926504142503864,114,43,0.15059445178335534,5,False,-0.12140190662235203,9172.161862028192,-0.0827838137971808,-0.028467376487178675,-0.4741328481586533,-0.10448191994820366,30,25,0.03978779840848806,3,False,-0.07337033456659489,9470.36269314389,-0.052963730685611,-0.053375926659992246,-1.0096149706864623,-0.054267494402782335,22,20,0.088,2,False,-0.031019778952974652,-0.08609749849117238,0.2576086956521739
762,e01ec9ad1e07,oversold_5d_reversal,"{""family"": ""oversold_5d_reversal"", ""max_abs_gap"": 0.05, ""min_adv20"": 50000000.0, ""momentum_column"": ""mom5"", ""momentum_max"": -0.2}",,,2.0,5,188.77836774606578,-0.9811221632253935,-0.19826812626725754,-0.318740198959242,-0.9886199815496233,2145,1169,0.4738237243207422,5,False,-0.4074597667928499,5211.423123550006,-0.4788576876449995,-0.1950354666622217,-0.27087078319611363,-0.593424101138569,300,162,0.3963011889035667,5,False,-0.3369730181510434,8505.556826324833,-0.14944431736751662,-0.05266097413394388,-0.0434984520570139,-0.3933990596540231,461,245,0.6114058355437666,5,False,-0.1459242452279952,12211.304539091161,0.22113045390911612,0.22308364483920462,0.6194266265977277,-0.14814931711569967,207,106,0.828,5,False,-0.14802097248384832,-0.047869415763128365,0.2575
763,bdd1d95c3f2c,prior_day_crash_rebound,"{""family"": ""prior_day_crash_rebound"", ""max_abs_gap"": 0.05, ""min_adv20"": 50000000.0, ""prev_return_max"": -0.1}",,,1.5,3,18.234512652192667,-0.9981765487347808,-0.29607737625359554,-0.8503240129524805,-0.9986584067275229,1704,1116,0.3764082173624917,3,False,-0.3252566620230901,8905.835261255059,-0.10941647387449416,-0.03784055870152536,-0.014600473793392002,-0.32442265980700313,268,185,0.35402906208718626,3,False,-0.14908820809579693,10376.646653804923,0.03766466538049218,0.012433577084918435,0.16692105445065913,-0.2825058577762053,391,258,0.5185676392572944,3,False,-0.08707258356922021,7779.468139056395,-0.22205318609436053,-0.2236143391994032,-0.7621681243934005,-0.27003161599400527,179,105,0.716,3,False,-0.05597073822007653,-0.8357235391590885,0.25676630434782605
764,b2e74e658b61,gap_up_continuation,"{""family"": ""gap_up_continuation"", ""gap_min"": 0.05, ""min_adv20"": 50000000.0, ""mom3_min"": 0.0, ""prev_return_min"": 0.05}",,0.08,3.0,10,2507.656530938358,-0.7492343469061642,-0.07410944693531984,-0.46630957483916613,-0.7575127791977784,397,202,0.08769604594654297,10,False,-0.2874864058012393,7336.586157994848,-0.26634138420051523,-0.09796393516239543,-0.3973406383556348,-0.3404266334131877,163,43,0.21532364597093792,10,False,-0.19992584487230697,10133.107209797507,0.013310720979750723,0.004429108205245891,0.10464218537293667,-0.08246325611669514,30,25,0.03978779840848806,3,False,-0.055027750924946175,9962.480785301015,-0.003751921469898445,-0.0037818800129895136,-0.023967981494173046,-0.04570885307382999,22,20,0.088,2,False,-0.023264834214730988,-0.0689689364835313,0.2552989130434783
765,bdd1d95c3f2c,prior_day_crash_rebound,"{""family"": ""prior_day_crash_rebound"", ""max_abs_gap"": 0.05, ""min_adv20"": 50000000.0, ""prev_return_max"": -0.1}",,,4.0,10,27.844537177645627,-0.9972155462822354,-0.27929275666163766,-0.3407108879695454,-0.9984542639946514,2253,1116,0.49768058316766073,10,False,-0.46289440187276404,5610.206039764901,-0.4389793960235099,-0.17503256809623646,-0.2523688299951,-0.5252531163396665,353,185,0.4663143989431968,10,False,-0.35746126855668947,11632.709907087974,0.16327099070879747,0.05184490091910332,0.34147107112848446,-0.26613656803470587,451,258,0.5981432360742706,10,False,-0.07474336447883956,8656.574936464833,-0.13434250635351674,-0.13534100926583348,-0.25365985675621827,-0.25257740223156533,224,105,0.896,10,False,-0.15610551639196055,-0.08834205797444539,0.25418478260869565
766,f8be557fd27c,oversold_5d_reversal,"{""family"": ""oversold_5d_reversal"", ""max_abs_gap"": 0.01, ""min_adv20"": 20000000.0, ""momentum_column"": ""mom5"", ""momentum_max"": -0.2}",,,4.0,10,366.0505328826412,-0.9633949467117359,-0.16816331375447446,-0.362817401496299,-0.9838230040184877,1443,881,0.31875414181577205,10,False,-0.570758827077013,6157.816747311868,-0.38421832526881317,-0.1490547020818569,-0.18457381528979652,-0.48121724341634653,196,101,0.25891677675033026,10,False,-0.3369730181510434,11137.476822408276,0.11374768224082765,0.03666150539272173,0.28926510589095666,-0.23759631990843244,263,169,0.34880636604774534,9,False,-0.06226031746031744,18871.59293794716,0.8871592937947159,0.896771557533883,1.1594068533536561,-0.06309590486164729,135,80,0.54,10,False,-0.0467143249676909,-0.17824358620650246,0.2539673913043478
767,8486bd00cb94,prior_day_crash_rebound,"{""family"": ""prior_day_crash_rebound"", ""max_abs_gap"": 0.05, ""min_adv20"": 20000000.0, ""prev_return_max"": -0.1}",,,4.0,10,14.330713962586085,-0.9985669286037414,-0.30545435327074455,-0.3392434077578882,-0.9992073876760725,2666,1289,0.5889109785730064,10,False,-0.5691774167585498,5562.125434179092,-0.44378745658209084,-0.1773929279789367,-0.24296117948589888,-0.5277441564778277,367,187,0.4848084544253633,10,False,-0.35746126855668947,11390.12566243412,0.13901256624341207,0.04446242221313246,0.30838297496791794,-0.2789434216464649,455,260,0.603448275862069,10,False,-0.07474336447883956,8656.574936464833,-0.13434250635351674,-0.13534100926583348,-0.25365985675621827,-0.25257740223156533,224,105,0.896,10,False,-0.15610551639196055,-0.09628222827198932,0.2539673913043478
768,b5fec6e443c0,gap_up_continuation,"{""family"": ""gap_up_continuation"", ""gap_min"": 0.05, ""min_adv20"": 50000000.0, ""mom3_min"": 0.0, ""prev_return_min"": 0.05}",,0.02,3.0,10,3999.5505601530217,-0.6000449439846978,-0.049733206456349155,-0.5502274963575103,-0.6156314104614349,397,202,0.08769604594654297,10,False,-0.17279382129772414,8254.807446972283,-0.17451925530277168,-0.06184990708928606,-0.520059190090913,-0.2711891338878798,163,43,0.21532364597093792,10,False,-0.0887618486267812,9381.608382803674,-0.06183916171963266,-0.02110843017640185,-0.4741328481586534,-0.07863377311926256,30,25,0.03978779840848806,3,False,-0.055027750924946175,9602.627380379969,-0.03973726196200311,-0.04004870797472215,-1.009614970686462,-0.04078216786888367,22,20,0.088,2,False,-0.023264834214730988,-0.03016830626659739,0.25355978260869566
769,869cb7749fba,prior_day_crash_rebound,"{""family"": ""prior_day_crash_rebound"", ""max_abs_gap"": 0.01, ""min_adv20"": 20000000.0, ""prev_return_max"": -0.15}",,0.04,1.5,3,3342.7207354182733,-0.6657279264581727,-0.059175639339133945,-0.5127533624037299,-0.6974627775700137,332,288,0.07333775127015683,3,False,-0.1923580392268598,8083.130196300957,-0.19168698036990428,-0.06839054564126335,-0.6369437170968442,-0.19168698036990428,46,38,0.0607661822985469,3,False,-0.12749628044294772,10988.66988135703,0.09886698813570294,0.03201159824214783,0.45749272747854997,-0.09804260363388317,68,62,0.09018567639257294,3,False,-0.048800965994298784,10522.95498077651,0.052295498077651104,0.052724702989234595,0.5221543907586031,-0.07195620275745351,41,36,0.164,2,False,-0.03017664132615261,-0.12419035469311424,0.2529076086956522
770,387eb13d7c7a,prior_day_crash_rebound,"{""family"": ""prior_day_crash_rebound"", ""max_abs_gap"": 0.01, ""min_adv20"": 50000000.0, ""prev_return_max"": -0.15}",,,1.5,5,3940.6246219993996,-0.60593753780006,-0.05051802740551792,-0.5977267902959574,-0.6659267763340717,275,235,0.06074663132317208,5,False,-0.11541482353611587,8627.063379374404,-0.13729366206255966,-0.047973060124554046,-0.7548952573738104,-0.13729366206255966,49,37,0.06472919418758256,5,False,-0.0719167166193236,11470.758798215184,0.14707587982151837,0.04692781653997602,0.7512705096925889,-0.04488317919481433,66,60,0.08753315649867374,3,False,-0.02928057959657927,9983.708869495553,-0.0016291130504447748,-0.0016421352481135187,0.006968009229128134,-0.048480738627138975,41,36,0.164,2,False,-0.018105984795691567,-0.15716846707785292,0.25187499999999996
771,f8be557fd27c,oversold_5d_reversal,"{""family"": ""oversold_5d_reversal"", ""max_abs_gap"": 0.01, ""min_adv20"": 20000000.0, ""momentum_column"": ""mom5"", ""momentum_max"": -0.2}",,,1.5,5,1924.945577070027,-0.8075054422929973,-0.08763958328502086,-0.36416217659850814,-0.8720506475562755,1346,881,0.2973271482217804,5,False,-0.21782732226192744,6550.171305170434,-0.34498286948295664,-0.13137605667561614,-0.44841688069302493,-0.35621990498585243,164,101,0.2166446499339498,5,False,-0.2527297636132826,11154.486716776404,0.11544867167764039,0.03719038923606455,0.34036146280212015,-0.17983611582803116,253,169,0.33554376657824936,5,False,-0.04669523809523808,13944.135017609286,0.3944135017609285,0.398127287257555,1.2518809714495354,-0.0475230880839741,130,80,0.52,5,False,-0.035035743725768176,-0.0842547040945168,0.25086956521739134
772,e01ec9ad1e07,oversold_5d_reversal,"{""family"": ""oversold_5d_reversal"", ""max_abs_gap"": 0.05, ""min_adv20"": 50000000.0, ""momentum_column"": ""mom5"", ""momentum_max"": -0.2}",,,1.0,3,697.8299149811253,-0.9302170085018875,-0.13774412982325623,-0.40962929222105676,-0.9512396825560662,1864,1169,0.41175171195051913,3,False,-0.22988580424196,6806.329542822597,-0.3193670457177402,-0.12021227482567842,-0.2915021408420923,-0.4235434687436612,258,162,0.34081902245706736,3,False,-0.28081084845920284,8842.111258769193,-0.1157888741230807,-0.040294306451626016,-0.13463473375122353,-0.2567837745892544,406,245,0.5384615384615384,3,False,-0.07852386401620215,10163.33018647032,0.01633301864703207,0.0164647526404349,0.185546789605287,-0.1429193251177162,185,106,0.74,3,False,-0.08110220376878245,-0.11812715137896446,0.250054347826087
773,dc02fb10bc44,oversold_3d_reversal,"{""family"": ""oversold_3d_reversal"", ""max_abs_gap"": 0.05, ""min_adv20"": 50000000.0, ""momentum_column"": ""mom3"", ""momentum_max"": -0.2}",,,3.0,5,160.05299301341958,-0.983994700698658,-0.20560126933730338,-0.20711079683018546,-0.9954470492090756,1085,704,0.23967307267506074,5,False,-0.6790387226261136,3767.1038001788133,-0.6232896199821187,-0.27746998302579184,-0.28160580340596253,-0.6385885074819425,171,97,0.22589167767503301,5,False,-0.5054595272265652,7635.2032248788555,-0.2364796775121144,-0.0862306357474587,-0.1895002896439665,-0.41282151338453177,230,150,0.3050397877984085,5,False,-0.17135473128062392,10387.071100548555,0.0387071100548555,0.03902273197874906,0.29414435438112985,-0.22431360962356994,114,73,0.456,5,False,-0.22431360962356983,-0.07449500657577707,0.25005434782608693
774,2b5d9a02eb33,gap_up_continuation,"{""family"": ""gap_up_continuation"", ""gap_min"": 0.08, ""min_adv20"": 20000000.0, ""mom3_min"": 0.0, ""prev_return_min"": 0.05}",,0.02,4.0,5,2748.8852825360336,-0.7251114717463967,-0.0693634824356113,-0.5013932037941924,-0.7722350041231658,157,103,0.03468080406450188,5,False,-0.26549246998453996,8085.965999746809,-0.19140340002531908,-0.06828175681630289,-0.31671796855805534,-0.3002976903686304,56,21,0.07397622192866579,5,False,-0.2070795520423035,10142.014901606837,0.014201490160683727,0.0047241231278010165,0.1159070208231498,-0.06452510634274389,11,10,0.014588859416445624,2,False,-0.06452510634274403,9716.106033105465,-0.028389396689453505,-0.028613231296596764,-0.3184064399822527,-0.09210371384635585,9,9,0.036,1,False,-0.062039557905949304,-0.18467523523613705,0.24907608695652175
775,b2e74e658b61,gap_up_continuation,"{""family"": ""gap_up_continuation"", ""gap_min"": 0.05, ""min_adv20"": 50000000.0, ""mom3_min"": 0.0, ""prev_return_min"": 0.05}",,0.08,1.5,3,1298.1352329196993,-0.8701864767080301,-0.10743045554787711,-0.5283763677024463,-0.8875268435488272,301,202,0.06648994919372653,3,False,-0.3509855575507403,8358.010125317049,-0.1641989874682951,-0.057961616736261656,-0.19584476291296124,-0.3235830172044505,87,43,0.11492734478203434,3,False,-0.16915273667649053,10162.900722889512,0.016290072288951185,0.005415167368365781,0.10464218537293687,-0.13566361794658277,30,25,0.03978779840848806,3,False,-0.09171291820824362,9913.714371764487,-0.008628562823551289,-0.008697290275089586,-0.02396798149417289,-0.07544547128021861,22,20,0.088,2,False,-0.038774723691218316,-0.33253160478948507,0.24845108695652177
776,daaf4bf7437f,gap_up_continuation,"{""family"": ""gap_up_continuation"", ""gap_min"": 0.05, ""min_adv20"": 50000000.0, ""mom3_min"": 0.05, ""prev_return_min"": 0.05}",,0.08,3.0,3,92.40342270706196,-0.9907596577292938,-0.2295260079414223,-0.5168999065382832,-0.9931375635708534,229,158,0.050585376629114207,3,False,-0.7019711151014806,7987.464785553745,-0.2012535214446255,-0.07207553562586355,-0.0029856805594740067,-0.5219558614132958,69,35,0.09114927344782034,3,False,-0.33830547335298106,9927.998195911352,-0.007200180408864831,-0.0024122174227916293,0.07256748952959334,-0.2624515246536181,21,18,0.027851458885941646,2,False,-0.18342583641648724,10079.250021870803,0.007925002187080255,0.007988654775999082,0.14351175706119168,-0.14725127486159761,19,17,0.076,2,False,-0.07754944738243663,-0.5139142259788092,0.24801630434782607
777,8486bd00cb94,prior_day_crash_rebound,"{""family"": ""prior_day_crash_rebound"", ""max_abs_gap"": 0.05, ""min_adv20"": 20000000.0, ""prev_return_max"": -0.1}",,,2.0,3,0.8605668707642997,-0.9999139433129236,-0.40611042113974294,-0.8304708341638404,-0.9999488139105378,2026,1289,0.4475370002208968,3,False,-0.4090448343676893,8664.113704910866,-0.13358862950891348,-0.04661392746464477,0.049374791520040553,-0.44894477328489524,276,187,0.36459709379128136,3,False,-0.19878427746106256,9505.652938047067,-0.04943470619529322,-0.016801553991497742,0.09353390768583088,-0.37988683220314323,394,260,0.5225464190981433,3,False,-0.11609677809229361,7037.840952226067,-0.29621590477739324,-0.29819095105359117,-0.7621681243934003,-0.34704970681353253,179,105,0.716,3,False,-0.07462765096010204,-0.8798456256838809,0.24755434782608693
778,bdd1d95c3f2c,prior_day_crash_rebound,"{""family"": ""prior_day_crash_rebound"", ""max_abs_gap"": 0.05, ""min_adv20"": 50000000.0, ""prev_return_max"": -0.1}",,,1.0,5,800.802210807738,-0.9199197789192262,-0.13111233286235502,-0.6774484891799322,-0.9343801236129696,1937,1116,0.4278771813563066,5,False,-0.21264894446775556,8810.19369198073,-0.118980630801927,-0.04129267935866365,-0.2194885103462576,-0.1904702882160979,298,185,0.39365918097754293,5,False,-0.1043478672102907,10883.977533628522,0.08839775336285216,0.02871499938039812,0.3260727100765459,-0.1288326724872737,427,258,0.5663129973474801,5,False,-0.03482903342768808,9091.090691227246,-0.0908909308772754,-0.09158370029618224,-0.6413890196619292,-0.13135272763757566,202,105,0.808,5,False,-0.05346705204169559,-0.45795997883367456,0.24744565217391307
779,e21ba93123fd,oversold_5d_reversal,"{""family"": ""oversold_5d_reversal"", ""max_abs_gap"": 0.05, ""min_adv20"": 20000000.0, ""momentum_column"": ""mom5"", ""momentum_max"": -0.2}",,,1.5,5,359.1668019310426,-0.9640833198068958,-0.1690419263153795,-0.3878150393997824,-0.9767237693799093,2507,1296,0.5537883808261542,5,False,-0.2945110033462436,6388.693390920005,-0.3611306609079995,-0.13856396996657372,-0.2902709075141225,-0.48954124744637006,300,162,0.3963011889035667,5,False,-0.2527297636132826,8996.014463131758,-0.10039855368682415,-0.034743457325031035,-0.05514982968010546,-0.3089325370692867,465,245,0.616710875331565,5,False,-0.10944318392099639,11819.407210274438,0.18194072102744374,0.1835223428799646,0.6194266265977275,-0.11101572936288628,207,106,0.828,5,False,-0.11101572936288626,-0.09754413188565991,0.24741847826086955
780,e6a4cfbe4bad,strength_pullback,"{""family"": ""strength_pullback"", ""gap_max"": -0.02, ""min_adv20"": 20000000.0, ""mom3_min"": null, ""prev_return_min"": 0.05}",0.04,0.08,3.0,3,17899.01043283083,0.7899010432830831,0.03293734982892271,0.27970157344507107,-0.7465903847055858,1325,785,0.2926883145571018,3,False,-0.126,5970.37026618577,-0.40296297338142306,-0.15776673645194494,-0.19595507153532804,-0.5829766822350063,219,117,0.2892998678996037,3,False,-0.126,15389.99929629742,0.5389999296297419,0.15499051578105738,0.6170952265866502,-0.35533006150221047,216,118,0.2864721485411141,3,False,-0.126,6367.8692179426625,-0.3632130782057338,-0.365508090886144,-1.3764792568222894,-0.5125021504309408,73,47,0.292,3,False,-0.126,-0.4756566449803991,0.24736413043478261
781,96ecb9436c7e,oversold_3d_reversal,"{""family"": ""oversold_3d_reversal"", ""max_abs_gap"": 0.03, ""min_adv20"": 50000000.0, ""momentum_column"": ""mom3"", ""momentum_max"": -0.2}",,,1.5,5,1117.2501110749085,-0.8882749888925091,-0.11485517062819672,-0.48888884193083065,-0.9333423648232885,929,637,0.20521316545173404,5,False,-0.3395193613130568,6630.990239582511,-0.33690097604174885,-0.1278228695174699,-0.4678339359767377,-0.33909547426527786,134,88,0.17701453104359313,5,False,-0.2527297636132826,7799.4281529000455,-0.22005718470999547,-0.0797083420143424,-0.6168372591191247,-0.28163700423053006,215,142,0.28514588859416445,5,False,-0.08567736564031196,10208.77285067329,0.020877285067328888,0.0210460487321118,0.2034181466739278,-0.11199077758865494,111,72,0.444,5,False,-0.11199077758865501,-0.02105490595409293,0.24703804347826086
782,56e51a7a32c6,prior_day_crash_rebound,"{""family"": ""prior_day_crash_rebound"", ""max_abs_gap"": 0.01, ""min_adv20"": 50000000.0, ""prev_return_max"": -0.15}",,0.04,1.5,5,5783.071013797856,-0.4216928986202144,-0.03002550351253963,-0.4928013793595125,-0.46190646756110376,275,235,0.06074663132317208,5,False,-0.11541482353611587,8646.397732006619,-0.13536022679933812,-0.047263325197974604,-0.7997852765481025,-0.13536022679933812,49,37,0.06472919418758256,5,False,-0.07457865179920828,10548.701644155291,0.054870164415529166,0.018013447718456366,0.42428843713100384,-0.05928422181619086,66,60,0.08753315649867374,3,False,-0.02928057959657927,10325.274154968582,0.032527415496858225,0.032791855654187296,0.5221543907586028,-0.043559477777042055,41,36,0.164,2,False,-0.018105984795691567,-0.30698389718859,0.24703804347826086
783,b2e74e658b61,gap_up_continuation,"{""family"": ""gap_up_continuation"", ""gap_min"": 0.05, ""min_adv20"": 50000000.0, ""mom3_min"": 0.0, ""prev_return_min"": 0.05}",,0.08,1.5,5,2545.583198115308,-0.7454416801884692,-0.07333544135592496,-0.5151221369364425,-0.7653255904270406,346,202,0.07643030704660923,5,False,-0.3108864058012393,7732.5835290287905,-0.22674164709712097,-0.08203938575281255,-0.49211466617933436,-0.3245848835589814,114,43,0.15059445178335534,5,False,-0.1378355607494517,10133.107209797507,0.013310720979750723,0.004429108205245891,0.10464218537293667,-0.08246325611669514,30,25,0.03978779840848806,3,False,-0.055027750924946175,9962.480785301015,-0.003751921469898445,-0.0037818800129895136,-0.023967981494173046,-0.04570885307382999,22,20,0.088,2,False,-0.023264834214730988,-0.02300747075710813,0.2460054347826087
784,f4f189c68313,volatility_reversal,"{""family"": ""volatility_reversal"", ""gap_max"": -0.02, ""min_adv20"": 20000000.0, ""prev_intraday_max"": -0.02, ""prev_range_min"": 0.05}",,0.04,4.0,20,12881.765767512385,0.28817657675123853,0.014195994370567178,0.23471449239726813,-0.89062315569018,4551,1124,1.0053015241882042,20,False,-0.44548110931710616,5767.198206413883,-0.42328017935861173,-0.16741826103315094,-0.16474719146399575,-0.7451983270510749,980,190,1.2945838837516512,20,False,-0.4740293453121759,7504.750306126182,-0.24952496938738178,-0.09147853742583367,-0.24837983321992077,-0.5720470207232733,677,184,0.8978779840848806,20,False,-0.20018818195987972,12190.583796265224,0.21905837962652241,0.22099166738479226,0.7982718710259002,-0.15214335069658613,239,72,0.956,20,False,-0.140007839456101,-0.3994616838612639,0.24445652173913043
785,7fdc1a696fcc,oversold_5d_reversal,"{""family"": ""oversold_5d_reversal"", ""max_abs_gap"": 0.05, ""min_adv20"": 50000000.0, ""momentum_column"": ""mom5"", ""momentum_max"": -0.2}",0.02,,1.5,5,1981.1105590976078,-0.8018889440902393,-0.0861777722306113,-0.5265199702969613,-0.8216339289519543,2145,1169,0.4738237243207422,5,False,-0.032999999999999995,8411.531891104445,-0.15884681088955555,-0.05595771940719485,-0.3004396400638783,-0.28874381076869193,300,162,0.3963011889035667,5,False,-0.032999999999999995,7716.537679480461,-0.22834623205195392,-0.08298883725714556,-0.5565659728364237,-0.2978844959567326,461,245,0.6114058355437666,5,False,-0.032999999999999995,12447.22447542303,0.2447224475423031,0.24690424060537275,0.8042157270915992,-0.08590635239735722,207,106,0.828,5,False,-0.032999999999999995,-0.226080330233083,0.24442934782608697
786,96ecb9436c7e,oversold_3d_reversal,"{""family"": ""oversold_3d_reversal"", ""max_abs_gap"": 0.03, ""min_adv20"": 50000000.0, ""momentum_column"": ""mom3"", ""momentum_max"": -0.2}",,,4.0,10,41.93929617247314,-0.9958060703827527,-0.26267184333917304,-0.4256334447854478,-0.9978244115031576,992,637,0.21912966644576984,10,False,-0.9340687573101626,6235.559779703388,-0.3764440220296612,-0.14549329958437185,-0.12061439055296273,-0.43830996755491747,154,88,0.20343461030383092,10,False,-0.3369730181510434,7254.134120609656,-0.27458658793903445,-0.10173338192413739,-0.5805149358098595,-0.3483436593505995,219,142,0.29045092838196285,8,False,-0.11423648752041596,10503.06820506943,0.05030682050694302,0.0507193135463746,0.3145903367499704,-0.16597201001685769,115,72,0.46,8,False,-0.16597201001685766,-0.30501905423248504,0.24114130434782607
787,869cb7749fba,prior_day_crash_rebound,"{""family"": ""prior_day_crash_rebound"", ""max_abs_gap"": 0.01, ""min_adv20"": 20000000.0, ""prev_return_max"": -0.15}",,0.04,2.0,5,3517.910340435394,-0.6482089659564606,-0.05649656417818949,-0.5984716442569047,-0.6753831378600355,342,288,0.07554671968190854,5,False,-0.15388643138148783,8341.91807979244,-0.16580819202075603,-0.0585657889314658,-0.7299585963534119,-0.16580819202075603,50,38,0.06605019815059446,5,False,-0.09943820239894438,10798.041245871123,0.07980412458711239,0.0259931866611105,0.45749272747854985,-0.07874321132012596,68,62,0.09018567639257294,3,False,-0.03904077279543903,10426.115927568999,0.04261159275689996,0.04295970557304085,0.522154390758603,-0.05782220391831827,41,36,0.164,2,False,-0.024141313060922088,-0.13148695209650718,0.24027173913043479
788,fe3307e645b6,oversold_3d_reversal,"{""family"": ""oversold_3d_reversal"", ""max_abs_gap"": 0.05, ""min_adv20"": 20000000.0, ""momentum_column"": ""mom3"", ""momentum_max"": -0.2}",,,3.0,5,87.7083845487952,-0.9912291615451205,-0.23175928798572387,-0.2213446847389727,-0.9977602395444349,1269,796,0.2803180914512923,5,False,-0.6790387226261136,3657.5174424539796,-0.6342482557546021,-0.28453595625661676,-0.2990254950219539,-0.6366611502928411,172,97,0.22721268163804492,5,False,-0.5054595272265652,7568.313321727805,-0.24316866782721958,-0.08891398160723318,-0.20007185133125568,-0.41282151338453177,231,151,0.3063660477453581,5,False,-0.17135473128062392,10387.071100548555,0.0387071100548555,0.03902273197874906,0.29414435438112985,-0.22431360962356994,114,73,0.456,5,False,-0.22431360962356983,-0.07768081028298121,0.23945652173913046
789,daaf4bf7437f,gap_up_continuation,"{""family"": ""gap_up_continuation"", ""gap_min"": 0.05, ""min_adv20"": 50000000.0, ""mom3_min"": 0.05, ""prev_return_min"": 0.05}",,0.08,3.0,10,2471.2662150924643,-0.7528733784907535,-0.07486256173008277,-0.5277366179880967,-0.7615455480313381,294,158,0.06494367130550033,10,False,-0.2874864058012393,8020.716391933474,-0.19792836080665255,-0.07079137637601385,-0.25265779651066556,-0.30595155557771003,141,35,0.18626155878467635,10,False,-0.19992584487230697,10070.733852059104,0.0070733852059103874,0.0023585043765002034,0.07256748952959327,-0.08246325611669514,21,18,0.027851458885941646,2,False,-0.055027750924946175,10072.409136801978,0.007240913680197858,0.0072990518864033405,0.1435117570611914,-0.0457088530738301,19,17,0.076,2,False,-0.023264834214730988,-0.2750788214774311,0.239375
790,089ab2b4aab5,oversold_5d_reversal,"{""family"": ""oversold_5d_reversal"", ""max_abs_gap"": 0.01, ""min_adv20"": 50000000.0, ""momentum_column"": ""mom5"", ""momentum_max"": -0.2}",,,1.5,5,3138.45950474922,-0.686154049525078,-0.06247205788066568,-0.2902454976186346,-0.7954641928076782,1102,757,0.24342831897503867,5,False,-0.21782732226192744,6550.171305170434,-0.34498286948295664,-0.13137605667561614,-0.44841688069302493,-0.35621990498585243,164,101,0.2166446499339498,5,False,-0.2527297636132826,11093.344562517625,0.10933445625176241,0.03528680114274185,0.3266539902492234,-0.17983611582803116,252,169,0.33421750663129973,5,False,-0.04669523809523808,13944.135017609286,0.3944135017609285,0.398127287257555,1.2518809714495354,-0.0475230880839741,130,80,0.52,5,False,-0.035035743725768176,-0.15817138307439033,0.23875000000000002
791,daaf4bf7437f,gap_up_continuation,"{""family"": ""gap_up_continuation"", ""gap_min"": 0.05, ""min_adv20"": 50000000.0, ""mom3_min"": 0.05, ""prev_return_min"": 0.05}",,0.08,2.0,5,1829.3876082478387,-0.8170612391752161,-0.09022183792932437,-0.4877841117292155,-0.8391349832913426,261,158,0.05765407554671968,5,False,-0.4145152077349857,7585.955791949445,-0.24140442080505553,-0.08787098393748749,-0.3886485180227677,-0.37809257645056393,94,35,0.12417437252311757,5,False,-0.18378074766593558,10077.322354655345,0.007732235465534476,0.002577625031949582,0.0725674895295934,-0.10924095125642985,21,18,0.027851458885941646,2,False,-0.07337033456659489,10087.267741004614,0.00872677410046152,0.008796894474373262,0.14351175706119165,-0.06065029911541797,19,17,0.076,2,False,-0.031019778952974652,-0.09913559370644781,0.23782608695652174
792,387eb13d7c7a,prior_day_crash_rebound,"{""family"": ""prior_day_crash_rebound"", ""max_abs_gap"": 0.01, ""min_adv20"": 50000000.0, ""prev_return_max"": -0.15}",,,1.5,3,1959.7995645501937,-0.8040200435449807,-0.08672777193210712,-0.6025605727576632,-0.8496642595025772,268,235,0.05920035343494588,3,False,-0.1923580392268598,8182.868722223441,-0.18171312777765591,-0.06457951017282904,-0.36857711715002783,-0.19805759822181546,45,37,0.059445178335535004,3,False,-0.1488323165619932,12487.48327468442,0.2487483274684421,0.07706920033527065,0.7512705096925888,-0.07437703102459048,66,60,0.08753315649867374,3,False,-0.048800965994298784,9949.938711935944,-0.0050061288064056075,-0.005046076621904039,0.0069680092291279335,-0.08010584077809046,41,36,0.164,2,False,-0.03017664132615261,-0.23398345560763534,0.23641304347826086
793,e01ec9ad1e07,oversold_5d_reversal,"{""family"": ""oversold_5d_reversal"", ""max_abs_gap"": 0.05, ""min_adv20"": 50000000.0, ""momentum_column"": ""mom5"", ""momentum_max"": -0.2}",,,3.0,5,6.6468666664159874,-0.9993353133333585,-0.3345310701602836,-0.318740198959242,-0.9996763302805579,2145,1169,0.4738237243207422,5,False,-0.6111896501892748,2880.1821253590792,-0.7119817874640921,-0.33923856695552546,-0.2708707831961138,-0.7651493189814121,300,162,0.3963011889035667,5,False,-0.5054595272265652,7143.2532679374035,-0.2856746732062596,-0.10634579829022439,-0.04349845205701387,-0.5397912634115756,461,245,0.6114058355437666,5,False,-0.21888636784199278,12653.748740083656,0.2653748740083657,0.26775975289672593,0.6194266265977275,-0.22863376247314593,207,106,0.828,5,False,-0.2220314587257725,-0.0478694157631282,0.23627717391304348
794,dc02fb10bc44,oversold_3d_reversal,"{""family"": ""oversold_3d_reversal"", ""max_abs_gap"": 0.05, ""min_adv20"": 50000000.0, ""momentum_column"": ""mom3"", ""momentum_max"": -0.2}",,,4.0,5,7.422112151872333,-0.9992577887848128,-0.3304318729751379,-0.20711079683018546,-0.9998470024840568,1085,704,0.23967307267506074,5,False,-0.9053849635014849,1989.4339294653064,-0.8010566070534694,-0.4158128939154174,-0.28160580340596253,-0.802802695402685,171,97,0.22589167767503301,5,False,-0.6739460363020868,6634.345045963607,-0.33656549540363934,-0.1281499630963402,-0.18950028964396656,-0.5200082382291069,230,150,0.3050397877984085,5,False,-0.22847297504083192,10147.957225397675,0.014795722539767464,0.01491496669211001,0.29414435438112985,-0.2990848128314265,114,73,0.456,5,False,-0.29908481283142646,-0.07449500657577707,0.2353804347826087
795,e6a4cfbe4bad,strength_pullback,"{""family"": ""strength_pullback"", ""gap_max"": -0.02, ""min_adv20"": 20000000.0, ""mom3_min"": null, ""prev_return_min"": 0.05}",0.04,0.08,4.0,3,11373.979454319711,0.13739794543197115,0.0071923583269333236,0.2797015734450711,-0.8775166520858555,1325,785,0.2926883145571018,3,False,-0.168,4486.494544254883,-0.5513505455745117,-0.2341877213329001,-0.195955071535328,-0.7174843058244651,219,117,0.2892998678996037,3,False,-0.168,16692.621821572047,0.6692621821572047,0.18678377897520737,0.6170952265866503,-0.4473537803454163,216,118,0.2864721485411141,3,False,-0.168,5363.123523889274,-0.4636876476110726,-0.4663541428962771,-1.3764792568222892,-0.6228709769546077,73,47,0.292,3,False,-0.168,-0.47565664498039917,0.2306521739130435
796,e01ec9ad1e07,oversold_5d_reversal,"{""family"": ""oversold_5d_reversal"", ""max_abs_gap"": 0.05, ""min_adv20"": 50000000.0, ""momentum_column"": ""mom5"", ""momentum_max"": -0.2}",,,4.0,5,0.061962074452858174,-0.9999938037925548,-0.4870223279110445,-0.318740198959242,-0.9999975122062857,2145,1169,0.4738237243207422,5,False,-0.8149195335856998,1209.8893715536294,-0.879011062844637,-0.5049461381373515,-0.27087078319611363,-0.8992732695319194,300,162,0.3963011889035667,5,False,-0.6739460363020868,5625.047203463712,-0.4374952796536288,-0.17493570740397668,-0.0434984520570139,-0.6595124643003243,461,245,0.6114058355437666,5,False,-0.2918484904559904,12640.680961294715,0.26406809612947146,0.26644004363293927,0.6194266265977277,-0.3115313069169121,207,106,0.828,5,False,-0.29604194496769665,-0.047869415763128365,0.22902173913043478
797,e21ba93123fd,oversold_5d_reversal,"{""family"": ""oversold_5d_reversal"", ""max_abs_gap"": 0.05, ""min_adv20"": 20000000.0, ""momentum_column"": ""mom5"", ""momentum_max"": -0.2}",,,2.0,5,73.28681770457911,-0.9926713182295421,-0.23940315210386975,-0.3878150393997825,-0.995829291170826,2507,1296,0.5537883808261542,5,False,-0.3926813377949914,5082.618455907463,-0.4917381544092537,-0.20171385901826278,-0.2902709075141224,-0.603472963470945,300,162,0.3963011889035667,5,False,-0.3369730181510434,8418.64006030574,-0.15813599396942613,-0.05590749874987766,-0.05514982968010547,-0.3933990596540231,465,245,0.616710875331565,5,False,-0.1459242452279952,12211.304539091161,0.22113045390911612,0.22308364483920462,0.6194266265977277,-0.14814931711569967,207,106,0.828,5,False,-0.14802097248384832,-0.09754413188566013,0.22864130434782606
798,387eb13d7c7a,prior_day_crash_rebound,"{""family"": ""prior_day_crash_rebound"", ""max_abs_gap"": 0.01, ""min_adv20"": 50000000.0, ""prev_return_max"": -0.15}",,,2.0,5,2812.1393335807347,-0.7187860666419266,-0.06818417397300047,-0.5977267902959575,-0.7734259398768841,275,235,0.06074663132317208,5,False,-0.15388643138148783,8190.4575895697935,-0.1809542410430206,-0.06429080895157979,-0.7548952573738105,-0.1809542410430206,49,37,0.06472919418758256,5,False,-0.09588895549243145,11976.060464940754,0.19760604649407543,0.06212077364496027,0.7512705096925886,-0.05967364974784961,66,60,0.08753315649867374,3,False,-0.03904077279543903,9969.09660950496,-0.003090339049503954,-0.003115023216102686,0.00696800922912808,-0.06436358176151336,41,36,0.164,2,False,-0.024141313060922088,-0.15716846707785292,0.22733695652173913
799,b5fec6e443c0,gap_up_continuation,"{""family"": ""gap_up_continuation"", ""gap_min"": 0.05, ""min_adv20"": 50000000.0, ""mom3_min"": 0.0, ""prev_return_min"": 0.05}",,0.02,3.0,3,402.5370961239897,-0.9597462903876011,-0.16375194589962494,-0.5170771799148315,-0.9633341449372705,301,202,0.06648994919372653,3,False,-0.5759794043257471,8535.93075867828,-0.14640692413217204,-0.051332766621472126,-0.11293038002499732,-0.5157463139031739,87,43,0.11492734478203434,3,False,-0.19312900994535231,7891.550937175016,-0.2108449062824984,-0.07608958731875248,-0.4741328481586532,-0.2550734364422922,30,25,0.03978779840848806,3,False,-0.18342583641648724,8681.052077158074,-0.13189479228419254,-0.13287653156789203,-1.0096149706864623,-0.13391018645257546,22,20,0.088,2,False,-0.07754944738243663,-0.40414679988983415,0.22730978260869564
800,8486bd00cb94,prior_day_crash_rebound,"{""family"": ""prior_day_crash_rebound"", ""max_abs_gap"": 0.05, ""min_adv20"": 20000000.0, ""prev_return_max"": -0.1}",,,1.5,5,175.04379347225094,-0.982495620652775,-0.20163222647529688,-0.6290969255797053,-0.9873423634595015,2297,1289,0.5074000441793682,5,False,-0.35043664921909345,8213.46391338472,-0.17865360866152802,-0.06341667465173861,-0.17750108794817296,-0.2741304422789481,311,187,0.4108322324966975,5,False,-0.15652180081543604,11047.54820850404,0.1047548208504041,0.03385640585775773,0.29156290396760726,-0.19873519763213177,431,260,0.5716180371352785,5,False,-0.052243550141532126,8609.841279166034,-0.1390158720833966,-0.14004622645697218,-0.641389019661929,-0.19203042571790518,202,105,0.808,5,False,-0.0802005780625434,-0.4515958376315323,0.2271467391304348
801,869cb7749fba,prior_day_crash_rebound,"{""family"": ""prior_day_crash_rebound"", ""max_abs_gap"": 0.01, ""min_adv20"": 20000000.0, ""prev_return_max"": -0.15}",,0.04,2.0,3,2201.0656859975206,-0.7798934314002479,-0.08080636976008271,-0.5127533624037297,-0.8069880419923996,332,288,0.07333775127015683,3,False,-0.25647738563581307,7470.100140184699,-0.2529899859815301,-0.09253213815059491,-0.6369437170968443,-0.2529899859815301,46,38,0.0607661822985469,3,False,-0.16999504059059697,11296.763054848665,0.12967630548486642,0.041593258687090184,0.4574927274785498,-0.12984066503155878,68,62,0.09018567639257294,3,False,-0.06506795465906505,10675.131824420621,0.06751318244206206,0.06807126886197112,0.522154390758603,-0.09522661635416807,41,36,0.164,2,False,-0.040235521768203476,-0.12419035469311457,0.22635869565217392
802,b2e74e658b61,gap_up_continuation,"{""family"": ""gap_up_continuation"", ""gap_min"": 0.05, ""min_adv20"": 50000000.0, ""mom3_min"": 0.0, ""prev_return_min"": 0.05}",,0.08,4.0,10,1429.6764474915929,-0.8570323552508408,-0.10262190967051832,-0.4663095748391663,-0.8632451193988944,397,202,0.08769604594654297,10,False,-0.3833152077349857,6411.585544386929,-0.35884144556130715,-0.1375376472294858,-0.3973406383556349,-0.44233094867245837,163,43,0.21532364597093792,10,False,-0.26656779316307594,10154.032826922683,0.015403282692268316,0.005121872997735144,0.10464218537293683,-0.10924095125642996,30,25,0.03978779840848806,3,False,-0.07337033456659489,9940.440896986782,-0.0059559103013218095,-0.006003414274612484,-0.02396798149417304,-0.06065029911541786,22,20,0.088,2,False,-0.031019778952974652,-0.06896893648353142,0.22603260869565217
803,bdd1d95c3f2c,prior_day_crash_rebound,"{""family"": ""prior_day_crash_rebound"", ""max_abs_gap"": 0.05, ""min_adv20"": 50000000.0, ""prev_return_max"": -0.1}",,,2.0,3,1.3623506681185404,-0.9998637649331882,-0.39072787218661287,-0.8503240129524804,-0.9999071386831139,1704,1116,0.3764082173624917,3,False,-0.43367554936412017,8195.503687102142,-0.18044963128978575,-0.06409894039656794,-0.014600473793391982,-0.4100443951527649,268,185,0.35402906208718626,3,False,-0.19878427746106256,10160.634103125738,0.016063410312573856,0.005340218019827647,0.1669210544506593,-0.3613102464686053,391,258,0.5185676392572944,3,False,-0.11609677809229361,7037.840952226067,-0.29621590477739324,-0.29819095105359117,-0.7621681243934003,-0.34704970681353253,179,105,0.716,3,False,-0.07462765096010204,-0.8357235391590884,0.2257608695652174
804,021ce8ad71a1,oversold_3d_reversal,"{""family"": ""oversold_3d_reversal"", ""max_abs_gap"": 0.03, ""min_adv20"": 50000000.0, ""momentum_column"": ""mom3"", ""momentum_max"": -0.12}",,,1.5,5,45.63239881389343,-0.9954367601186107,-0.259199787621891,-0.7074277737178424,-0.9969733308251986,4364,2015,0.963993814888447,5,False,-0.3395193613130568,8309.07118705552,-0.169092881294448,-0.05980143554396333,-0.012776711953463764,-0.4646591794510728,681,328,0.8996036988110965,5,False,-0.2527297636132826,5523.740241566039,-0.44762597584339614,-0.17993205084052766,-0.7615427938923853,-0.5381076070219603,1018,427,1.3501326259946949,5,False,-0.10380073012629328,8376.40389179305,-0.16235961082069494,-0.16354598374146168,-0.3137222361673081,-0.2951518599498063,418,169,1.672,5,False,-0.11199077758865501,-0.6946510617643786,0.22573369565217394
805,56e51a7a32c6,prior_day_crash_rebound,"{""family"": ""prior_day_crash_rebound"", ""max_abs_gap"": 0.01, ""min_adv20"": 50000000.0, ""prev_return_max"": -0.15}",,0.04,1.5,3,3771.062201335578,-0.6228937798664422,-0.05283983085245447,-0.5083978253638177,-0.6650590622770036,268,235,0.05920035343494588,3,False,-0.1923580392268598,7932.414324142256,-0.20675856758577438,-0.07420941749586951,-0.7027745188611142,-0.20675856758577438,45,37,0.059445178335535004,3,False,-0.12749628044294772,10895.16663278288,0.089516663278288,0.029068331555151206,0.4242884371310037,-0.09804260363388362,66,60,0.08753315649867374,3,False,-0.048800965994298784,10522.95498077651,0.052295498077651104,0.052724702989234595,0.5221543907586031,-0.07195620275745351,41,36,0.164,2,False,-0.03017664132615261,-0.19437669349729647,0.22540760869565218
806,56e51a7a32c6,prior_day_crash_rebound,"{""family"": ""prior_day_crash_rebound"", ""max_abs_gap"": 0.01, ""min_adv20"": 50000000.0, ""prev_return_max"": -0.15}",,0.04,2.0,5,4747.5448940252145,-0.5252455105974785,-0.04062073791585785,-0.49280137935951224,-0.5684771673500156,275,235,0.06074663132317208,5,False,-0.15388643138148783,8217.019385138336,-0.17829806148616645,-0.06328172888507588,-0.7997852765481023,-0.17829806148616645,49,37,0.06472919418758256,5,False,-0.09943820239894438,10724.07996750192,0.07240799675019205,0.0236390807429121,0.4242884371310038,-0.07874321132012585,66,60,0.08753315649867374,3,False,-0.03904077279543903,10426.115927568999,0.04261159275689996,0.04295970557304085,0.522154390758603,-0.05782220391831827,41,36,0.164,2,False,-0.024141313060922088,-0.30698389718859004,0.2252717391304348
807,b5fec6e443c0,gap_up_continuation,"{""family"": ""gap_up_continuation"", ""gap_min"": 0.05, ""min_adv20"": 50000000.0, ""mom3_min"": 0.0, ""prev_return_min"": 0.05}",,0.02,4.0,10,2846.5280522094163,-0.7153471947790584,-0.06755350099144009,-0.5502274963575103,-0.7299332053854151,397,202,0.08769604594654297,10,False,-0.23039176173029885,7674.838622270985,-0.23251613777290148,-0.08432710490902973,-0.5200591900909128,-0.34954597434977197,163,43,0.21532364597093792,10,False,-0.11834913150237494,9172.161862028192,-0.0827838137971808,-0.028467376487178675,-0.4741328481586533,-0.10448191994820366,30,25,0.03978779840848806,3,False,-0.07337033456659489,9470.36269314389,-0.052963730685611,-0.053375926659992246,-1.0096149706864623,-0.054267494402782335,22,20,0.088,2,False,-0.031019778952974652,-0.0301683062665975,0.22516304347826088
808,fe3307e645b6,oversold_3d_reversal,"{""family"": ""oversold_3d_reversal"", ""max_abs_gap"": 0.05, ""min_adv20"": 20000000.0, ""momentum_column"": ""mom3"", ""momentum_max"": -0.2}",,,4.0,5,2.7908943125276,-0.9997209105687472,-0.36591316346138725,-0.22134468473897267,-0.9999500521118571,1269,796,0.2803180914512923,5,False,-0.9053849635014849,1912.455904931521,-0.808754409506848,-0.4234369359746398,-0.2990254950219539,-0.8104329357069551,172,97,0.22721268163804492,5,False,-0.6739460363020868,6556.849497248905,-0.34431505027510945,-0.13156697238528148,-0.20007185133125568,-0.5200082382291069,231,151,0.3063660477453581,5,False,-0.22847297504083192,10147.957225397675,0.014795722539767464,0.01491496669211001,0.29414435438112985,-0.2990848128314265,114,73,0.456,5,False,-0.29908481283142646,-0.07768081028298124,0.22461956521739132
809,e21ba93123fd,oversold_5d_reversal,"{""family"": ""oversold_5d_reversal"", ""max_abs_gap"": 0.05, ""min_adv20"": 20000000.0, ""momentum_column"": ""mom5"", ""momentum_max"": -0.2}",,,1.0,3,402.78237672522874,-0.9597217623274771,-0.1637235890787181,-0.4740088690016801,-0.973537857049653,2136,1296,0.47183565275016565,3,False,-0.22988580424196,6806.329542822597,-0.3193670457177402,-0.12021227482567842,-0.2915021408420923,-0.4235434687436612,258,162,0.34081902245706736,3,False,-0.28081084845920284,8766.944721631993,-0.12330552783680071,-0.04302874977181226,-0.1498945276391126,-0.2567837745892544,410,245,0.5437665782493368,3,False,-0.07852386401620215,10163.33018647032,0.01633301864703207,0.0164647526404349,0.185546789605287,-0.1429193251177162,185,106,0.74,3,False,-0.08110220376878245,-0.1825067281595878,0.2244021739130435
810,daaf4bf7437f,gap_up_continuation,"{""family"": ""gap_up_continuation"", ""gap_min"": 0.05, ""min_adv20"": 50000000.0, ""mom3_min"": 0.05, ""prev_return_min"": 0.05}",,0.08,4.0,3,2.9352084290463463,-0.9997064791570953,-0.3641311130007756,-0.5168999065382832,-0.9997920772407906,229,158,0.050585376629114207,3,False,-0.9359614868019741,6629.984529779968,-0.33700154702200313,-0.12786690731826234,-0.002985680559473994,-0.6581801742089463,69,35,0.09114927344782034,3,False,-0.45107396447064135,9699.444605952807,-0.030055539404719278,-0.010147302431446015,0.07256748952959335,-0.34204584510300406,21,18,0.027851458885941646,2,False,-0.24456778188864967,10003.919755608284,0.0003919755608283726,0.00039511198473074494,0.14351175706119154,-0.19314219080130968,19,17,0.076,2,False,-0.10339926317658217,-0.5139142259788092,0.223804347826087
811,b2e74e658b61,gap_up_continuation,"{""family"": ""gap_up_continuation"", ""gap_min"": 0.05, ""min_adv20"": 50000000.0, ""mom3_min"": 0.0, ""prev_return_min"": 0.05}",,0.08,2.0,5,1475.1455443978828,-0.8524854455602118,-0.10105657831351844,-0.5151221369364424,-0.8666663867420117,346,202,0.07643030704660923,5,False,-0.4145152077349857,6981.988023094958,-0.3018011976905042,-0.11271787056402427,-0.4921146661793343,-0.41533240428248597,114,43,0.15059445178335534,5,False,-0.18378074766593558,10154.032826922683,0.015403282692268316,0.005121872997735144,0.10464218537293683,-0.10924095125642996,30,25,0.03978779840848806,3,False,-0.07337033456659489,9940.440896986782,-0.0059559103013218095,-0.006003414274612484,-0.02396798149417304,-0.06065029911541786,22,20,0.088,2,False,-0.031019778952974652,-0.023007470757108073,0.22119565217391304
812,7fdc1a696fcc,oversold_5d_reversal,"{""family"": ""oversold_5d_reversal"", ""max_abs_gap"": 0.05, ""min_adv20"": 50000000.0, ""momentum_column"": ""mom5"", ""momentum_max"": -0.2}",0.02,,1.5,3,727.481512977418,-0.9272518487022582,-0.13574445072119756,-0.6277500689218722,-0.937783202271308,1864,1169,0.41175171195051913,3,False,-0.033,8529.725439369957,-0.14702745606300427,-0.05156240112882249,-0.14735497243879167,-0.3312718293688447,258,162,0.34081902245706736,3,False,-0.033,6259.60135117162,-0.374039864882838,-0.14492868545311033,-0.7304201547137807,-0.43551072741358976,406,245,0.5384615384615384,3,False,-0.033,11101.696349437017,0.1101696349437018,0.11109823883784498,0.4537148500305741,-0.14400060044335394,185,106,0.74,3,False,-0.033,-0.48039509648308054,0.2210054347826087
813,f8be557fd27c,oversold_5d_reversal,"{""family"": ""oversold_5d_reversal"", ""max_abs_gap"": 0.01, ""min_adv20"": 20000000.0, ""momentum_column"": ""mom5"", ""momentum_max"": -0.2}",,,2.0,5,936.2312621570022,-0.9063768737842998,-0.12352201990475775,-0.3641621765985082,-0.9438433356331215,1346,881,0.2973271482217804,5,False,-0.29043642968256994,5433.800245034595,-0.45661997549654054,-0.18376001428181798,-0.448416880693025,-0.4689982009854856,164,101,0.2166446499339498,5,False,-0.3369730181510434,11442.940728590649,0.14429407285906493,0.04607857405039062,0.34036146280212,-0.23355314793265813,253,169,0.33554376657824936,5,False,-0.06226031746031744,15359.642571841694,0.5359642571841694,0.5412466952723396,1.2518809714495351,-0.06309590486164707,130,80,0.52,5,False,-0.0467143249676909,-0.0842547040945168,0.21972826086956526
814,994a822c44eb,oversold_3d_reversal,"{""family"": ""oversold_3d_reversal"", ""max_abs_gap"": 0.05, ""min_adv20"": 50000000.0, ""momentum_column"": ""mom3"", ""momentum_max"": -0.12}",,,1.5,5,50.96571003695691,-0.9949034289963044,-0.25462755713378105,-0.5981028276988928,-0.9969362194526272,4687,2081,1.0353434945880273,5,False,-0.3395193613130568,7817.787098752411,-0.21822129012475888,-0.07868454049455298,-0.0265786454130595,-0.5258727430195166,738,342,0.9749009247027741,5,False,-0.2527297636132826,5691.418435882903,-0.43085815641170966,-0.17169475522515643,-0.6332273477589484,-0.5304341735112559,1069,439,1.4177718832891246,5,False,-0.10380073012629328,8656.496754087502,-0.13435032459124974,-0.13534888095900055,-0.20458318990557398,-0.2724274302591675,432,173,1.728,5,False,-0.11215680481178492,-0.5715241822858332,0.21834239130434782
815,7fdc1a696fcc,oversold_5d_reversal,"{""family"": ""oversold_5d_reversal"", ""max_abs_gap"": 0.05, ""min_adv20"": 50000000.0, ""momentum_column"": ""mom5"", ""momentum_max"": -0.2}",0.02,,2.0,5,1064.2733586515792,-0.893572664134842,-0.11724550219994267,-0.5265199702969613,-0.9072186426457333,2145,1169,0.4738237243207422,5,False,-0.044,7825.036657455646,-0.21749633425443549,-0.07840022111111833,-0.30043964006387813,-0.36888127726955233,300,162,0.3963011889035667,5,False,-0.044,6990.944028183744,-0.3009055971816256,-0.1127599225331316,-0.5565659728364234,-0.37788184924542834,461,245,0.6114058355437666,5,False,-0.044,13162.028107964308,0.31620281079643076,0.3190990161687277,0.8042157270915993,-0.11367578553329616,207,106,0.828,5,False,-0.044,-0.22608033023308316,0.21673913043478263
816,b5fec6e443c0,gap_up_continuation,"{""family"": ""gap_up_continuation"", ""gap_min"": 0.05, ""min_adv20"": 50000000.0, ""mom3_min"": 0.0, ""prev_return_min"": 0.05}",,0.02,3.0,5,1590.6914629965074,-0.8409308537003493,-0.09727497840712718,-0.5240364152326926,-0.8528234075365126,346,202,0.07643030704660923,5,False,-0.3455876425954483,7441.163719161497,-0.25588362808385023,-0.09370383777032809,-0.43793891674152025,-0.4140214695956026,114,43,0.15059445178335534,5,False,-0.18210285993352807,8749.219710458756,-0.12507802895412445,-0.04367583109138051,-0.4741328481586534,-0.15557389547013267,30,25,0.03978779840848806,3,False,-0.11005550184989235,9206.31745317408,-0.0793682546825919,-0.07997710761556154,-1.009614970686462,-0.08106394328763766,22,20,0.088,2,False,-0.046529668429461976,-0.08609749849117238,0.2160054347826087
817,e01ec9ad1e07,oversold_5d_reversal,"{""family"": ""oversold_5d_reversal"", ""max_abs_gap"": 0.05, ""min_adv20"": 50000000.0, ""momentum_column"": ""mom5"", ""momentum_max"": -0.2}",,,1.5,3,110.74119120923528,-0.9889258808790765,-0.2217224418312197,-0.4096292922210569,-0.9933396039366591,1864,1169,0.41175171195051913,3,False,-0.34482870636294,5001.125122583454,-0.4998874877416546,-0.2059977173009323,-0.29150214084209236,-0.5754247823284264,258,162,0.34081902245706736,3,False,-0.4212162726888043,8013.23498589258,-0.198676501410742,-0.07135246775293458,-0.13463473375122376,-0.3749786364993343,406,245,0.5384615384615384,3,False,-0.11778579602430322,10017.692972204142,0.00176929722041419,0.0017834642126235423,0.1855467896052868,-0.20806518393599194,185,106,0.74,3,False,-0.12165330565317367,-0.11812715137896451,0.2159782608695652
818,96ecb9436c7e,oversold_3d_reversal,"{""family"": ""oversold_3d_reversal"", ""max_abs_gap"": 0.03, ""min_adv20"": 50000000.0, ""momentum_column"": ""mom3"", ""momentum_max"": -0.2}",,,2.0,5,444.35815052431855,-0.9555641849475681,-0.1591380352946944,-0.4888888419308307,-0.9772180964037086,929,637,0.20521316545173404,5,False,-0.45269248175074245,5528.194484968258,-0.44718055150317426,-0.17906686122502813,-0.46783393597673784,-0.44961724029638583,134,88,0.17701453104359313,5,False,-0.3369730181510434,7106.52018871367,-0.289347981128633,-0.10788432456622776,-0.6168372591191246,-0.3616041744015842,215,142,0.28514588859416445,5,False,-0.11423648752041596,10192.94647918603,0.019294647918602914,0.019450496662922978,0.20341814667392785,-0.1493210367848734,111,72,0.444,5,False,-0.14932103678487335,-0.021054905954092873,0.21516304347826087
819,b2e74e658b61,gap_up_continuation,"{""family"": ""gap_up_continuation"", ""gap_min"": 0.05, ""min_adv20"": 50000000.0, ""mom3_min"": 0.0, ""prev_return_min"": 0.05}",,0.08,2.0,3,547.7184440464191,-0.9452281555953581,-0.14929197569842012,-0.5283763677024463,-0.954159116330394,301,202,0.06648994919372653,3,False,-0.46798074340098705,7654.507132289966,-0.2345492867710034,-0.08513532403159352,-0.1958447629129613,-0.4182961269257093,87,43,0.11492734478203434,3,False,-0.22553698223532068,10150.470094246608,0.015047009424660862,0.005003992129530843,0.10464218537293686,-0.17891244365332204,30,25,0.03978779840848806,3,False,-0.12228389094432483,9858.909520893963,-0.014109047910603634,-0.014221113891746184,-0.023967981494173014,-0.09978090487984548,22,20,0.088,2,False,-0.051699631588291085,-0.33253160478948507,0.21375
820,387eb13d7c7a,prior_day_crash_rebound,"{""family"": ""prior_day_crash_rebound"", ""max_abs_gap"": 0.01, ""min_adv20"": 50000000.0, ""prev_return_max"": -0.15}",,,2.0,3,1053.5474491115183,-0.8946452550888482,-0.11774310885388473,-0.6025605727576631,-0.9252620821184512,268,235,0.05920035343494588,3,False,-0.25647738563581307,7541.8102093364105,-0.24581897906635897,-0.08964143036897576,-0.36857711715002783,-0.2602468748688883,45,37,0.059445178335535004,3,False,-0.19844308874932426,13350.944132401784,0.3350944132401785,0.10140818744310232,0.7512705096925888,-0.09868630278189683,66,60,0.08753315649867374,3,False,-0.06506795465906505,9908.005279289127,-0.009199472071087289,-0.00927272557555403,0.006968009229127854,-0.10602769070471718,41,36,0.164,2,False,-0.040235521768203476,-0.23398345560763523,0.20913043478260873
821,e21ba93123fd,oversold_5d_reversal,"{""family"": ""oversold_5d_reversal"", ""max_abs_gap"": 0.05, ""min_adv20"": 20000000.0, ""momentum_column"": ""mom5"", ""momentum_max"": -0.2}",,,3.0,5,1.3043532987432422,-0.9998695646701257,-0.3922015670467256,-0.3878150393997824,-0.9999417259674354,2507,1296,0.5537883808261542,5,False,-0.5890220066924872,2774.3747993647535,-0.7225625200635246,-0.34742028384861656,-0.2902709075141225,-0.773776871505864,300,162,0.3963011889035667,5,False,-0.5054595272265652,7033.196323150451,-0.296680367684955,-0.11097132308641744,-0.05514982968010546,-0.5397912634115756,465,245,0.616710875331565,5,False,-0.21888636784199278,12653.748740083656,0.2653748740083657,0.26775975289672593,0.6194266265977275,-0.22863376247314593,207,106,0.828,5,False,-0.2220314587257725,-0.09754413188565991,0.2087228260869565
822,daaf4bf7437f,gap_up_continuation,"{""family"": ""gap_up_continuation"", ""gap_min"": 0.05, ""min_adv20"": 50000000.0, ""mom3_min"": 0.05, ""prev_return_min"": 0.05}",,0.08,4.0,10,1419.482470830349,-0.8580517529169651,-0.10297929590756238,-0.5277366179880966,-0.8646095214440643,294,158,0.06494367130550033,10,False,-0.3833152077349857,7222.20793306817,-0.277779206693183,-0.10266991542133841,-0.25265779651066567,-0.4031644337237801,141,35,0.18626155878467635,10,False,-0.26656779316307594,10077.322354655345,0.007732235465534476,0.002577625031949582,0.0725674895295934,-0.10924095125642985,21,18,0.027851458885941646,2,False,-0.07337033456659489,10087.267741004614,0.00872677410046152,0.008796894474373262,0.14351175706119165,-0.06065029911541797,19,17,0.076,2,False,-0.031019778952974652,-0.2750788214774309,0.20804347826086955
823,089ab2b4aab5,oversold_5d_reversal,"{""family"": ""oversold_5d_reversal"", ""max_abs_gap"": 0.01, ""min_adv20"": 50000000.0, ""momentum_column"": ""mom5"", ""momentum_max"": -0.2}",,,2.0,5,1880.6939016792235,-0.8119306098320777,-0.08881997739365177,-0.2902454976186346,-0.890817425588961,1102,757,0.24342831897503867,5,False,-0.29043642968256994,5433.800245034595,-0.45661997549654054,-0.18376001428181798,-0.448416880693025,-0.4689982009854856,164,101,0.2166446499339498,5,False,-0.3369730181510434,11359.640806991465,0.13596408069914645,0.04352730730463095,0.32665399024922337,-0.23355314793265813,252,169,0.33421750663129973,5,False,-0.06226031746031744,15359.642571841694,0.5359642571841694,0.5412466952723396,1.2518809714495351,-0.06309590486164707,130,80,0.52,5,False,-0.0467143249676909,-0.15817138307439038,0.20788043478260868
824,8486bd00cb94,prior_day_crash_rebound,"{""family"": ""prior_day_crash_rebound"", ""max_abs_gap"": 0.05, ""min_adv20"": 20000000.0, ""prev_return_max"": -0.1}",,,3.0,3,0.0014340169486190314,-0.9999998565983051,-0.5840388946744068,-0.8304708341638405,-0.999999929156667,2026,1289,0.4475370002208968,3,False,-0.6135672515515339,6987.7778929188935,-0.3012222107081106,-0.11247300032350627,0.04937479152004049,-0.6006784547528021,276,187,0.36459709379128136,3,False,-0.29817641619159385,8372.853320095144,-0.16271466799048562,-0.057626710962166316,0.09353390768583068,-0.5203925781762792,394,260,0.5225464190981433,3,False,-0.17414516713844042,5624.033247028107,-0.43759667529718926,-0.44018019010967424,-0.7621681243934005,-0.482756119850936,179,105,0.716,3,False,-0.11194147644015306,-0.879845625683881,0.20605978260869565
825,bdd1d95c3f2c,prior_day_crash_rebound,"{""family"": ""prior_day_crash_rebound"", ""max_abs_gap"": 0.05, ""min_adv20"": 50000000.0, ""prev_return_max"": -0.1}",,,1.5,5,180.52343623508,-0.981947656376492,-0.2002611534283122,-0.6774484891799321,-0.9863915784765386,1937,1116,0.4278771813563066,5,False,-0.3189734167016333,8079.187561696047,-0.19208124383039527,-0.06854183771459454,-0.2194885103462575,-0.2877861115924909,298,185,0.39365918097754293,5,False,-0.15652180081543604,11222.617263471337,0.12226172634713373,0.039303386888859704,0.32607271007654576,-0.18810879423608606,427,258,0.5663129973474801,5,False,-0.052243550141532126,8609.841279166034,-0.1390158720833966,-0.14004622645697218,-0.641389019661929,-0.19203042571790518,202,105,0.808,5,False,-0.0802005780625434,-0.45795997883367456,0.20557065217391304
826,b5fec6e443c0,gap_up_continuation,"{""family"": ""gap_up_continuation"", ""gap_min"": 0.05, ""min_adv20"": 50000000.0, ""mom3_min"": 0.0, ""prev_return_min"": 0.05}",,0.02,4.0,3,70.36224936276824,-0.9929637750637231,-0.24112542266068893,-0.5170771799148315,-0.9937765498289488,301,202,0.06648994919372653,3,False,-0.7679725391009962,7772.031401291732,-0.22279685987082676,-0.0804830971858691,-0.1129303800249973,-0.6322454626203025,87,43,0.11492734478203434,3,False,-0.2575053465938031,7170.904545016154,-0.28290954549838465,-0.10519112519570573,-0.4741328481586535,-0.33491038120493954,30,25,0.03978779840848806,3,False,-0.24456778188864967,8247.382972150956,-0.1752617027849045,-0.17653206841817726,-1.009614970686462,-0.1771234404406008,22,20,0.088,2,False,-0.10339926317658217,-0.40414679988983415,0.20494565217391306
827,e01ec9ad1e07,oversold_5d_reversal,"{""family"": ""oversold_5d_reversal"", ""max_abs_gap"": 0.05, ""min_adv20"": 50000000.0, ""momentum_column"": ""mom5"", ""momentum_max"": -0.2}",,,2.0,3,12.22441816004702,-0.9987775581839953,-0.31157341483383993,-0.40962929222105676,-0.999360087926023,1864,1169,0.41175171195051913,3,False,-0.45977160848392,3310.0688589505344,-0.6689931141049466,-0.307918709946161,-0.2915021408420923,-0.7162943326358437,258,162,0.34081902245706736,3,False,-0.5616216969184057,7086.100680587946,-0.29138993194120544,-0.10874186483023884,-0.13463473375122353,-0.4860123866790066,406,245,0.5384615384615384,3,False,-0.1570477280324043,9738.623861448546,-0.026137613855145347,-0.026343936082914854,0.185546789605287,-0.26922588887840615,185,106,0.74,3,False,-0.1622044075375649,-0.11812715137896446,0.20375000000000001
828,daaf4bf7437f,gap_up_continuation,"{""family"": ""gap_up_continuation"", ""gap_min"": 0.05, ""min_adv20"": 50000000.0, ""mom3_min"": 0.05, ""prev_return_min"": 0.05}",,0.08,3.0,5,576.8943757682205,-0.942310562423178,-0.1468307739539525,-0.48778411172921576,-0.9514740728567016,261,158,0.05765407554671968,5,False,-0.6217728116024785,6308.054780194211,-0.3691945219805789,-0.14219890092630671,-0.3886485180227679,-0.5290764913258744,94,35,0.12417437252311757,5,False,-0.2756711214989034,10064.045265552037,0.006404526555203738,0.00213595747679185,0.07256748952959327,-0.16173125618715367,21,18,0.027851458885941646,2,False,-0.11005550184989235,10103.058331912875,0.010305833191287528,0.010388706644426593,0.1435117570611914,-0.09009505673706542,19,17,0.076,2,False,-0.046529668429461976,-0.09913559370644787,0.20176630434782608
829,869cb7749fba,prior_day_crash_rebound,"{""family"": ""prior_day_crash_rebound"", ""max_abs_gap"": 0.01, ""min_adv20"": 20000000.0, ""prev_return_max"": -0.15}",,0.04,3.0,5,1960.5504236944419,-0.8039449576305558,-0.0867082977797824,-0.5984716442569049,-0.8259085455481943,342,288,0.07554671968190854,5,False,-0.23082964707223175,7560.453805591728,-0.2439546194408272,-0.08889289301028391,-0.7299585963534119,-0.2439546194408272,50,38,0.06605019815059446,5,False,-0.14915730359841656,11175.046849994013,0.11750468499940125,0.037828943374975,0.4574927274785497,-0.11717761014227224,68,62,0.09018567639257294,3,False,-0.05856115919315854,10615.670355979159,0.061567035597915876,0.062074553240313746,0.5221543907586028,-0.08596140059801649,41,36,0.164,2,False,-0.036211969591383134,-0.13148695209650696,0.20125
830,e21ba93123fd,oversold_5d_reversal,"{""family"": ""oversold_5d_reversal"", ""max_abs_gap"": 0.05, ""min_adv20"": 20000000.0, ""momentum_column"": ""mom5"", ""momentum_max"": -0.2}",,,4.0,5,0.005224132473209302,-0.9999994775867527,-0.5530005873940474,-0.3878150393997825,-0.9999998129484223,2507,1296,0.5537883808261542,5,False,-0.7853626755899829,1151.1613425938192,-0.8848838657406181,-0.51307865466206,-0.2902709075141224,-0.9041625449343146,300,162,0.3963011889035667,5,False,-0.6739460363020868,5508.907538482977,-0.44910924615170233,-0.1806686898466553,-0.05514982968010547,-0.6595124643003243,465,245,0.616710875331565,5,False,-0.2918484904559904,12640.680961294715,0.26406809612947146,0.26644004363293927,0.6194266265977277,-0.3115313069169121,207,106,0.828,5,False,-0.29604194496769665,-0.09754413188566013,0.20124999999999998
831,56e51a7a32c6,prior_day_crash_rebound,"{""family"": ""prior_day_crash_rebound"", ""max_abs_gap"": 0.01, ""min_adv20"": 50000000.0, ""prev_return_max"": -0.15}",,0.04,2.0,3,2608.2347254252936,-0.7391765274574706,-0.07208039284489842,-0.5083978253638176,-0.7769342928650924,268,235,0.05920035343494588,3,False,-0.25647738563581307,7285.533296669082,-0.2714466703330918,-0.10005836300813631,-0.7027745188611141,-0.2714466703330918,45,37,0.059445178335535004,3,False,-0.16999504059059697,11169.912533750115,0.11699125337501148,0.03766955572370345,0.42428843713100367,-0.12984066503155922,66,60,0.08753315649867374,3,False,-0.06506795465906505,10675.131824420621,0.06751318244206206,0.06807126886197112,0.522154390758603,-0.09522661635416807,41,36,0.164,2,False,-0.040235521768203476,-0.19437669349729647,0.2003804347826087
832,021ce8ad71a1,oversold_3d_reversal,"{""family"": ""oversold_3d_reversal"", ""max_abs_gap"": 0.03, ""min_adv20"": 50000000.0, ""momentum_column"": ""mom3"", ""momentum_max"": -0.12}",,,2.0,5,4.628087074998038,-0.9995371912925002,-0.34780685789704835,-0.7074277737178424,-0.9997277396474448,4364,2015,0.963993814888447,5,False,-0.45269248175074245,7194.149993105056,-0.28058500068949443,-0.1038319159126948,-0.012776711953463684,-0.5743875697278389,681,328,0.8996036988110965,5,False,-0.3369730181510434,4377.637099519203,-0.5622362900480797,-0.24125464412765207,-0.7615427938923854,-0.6525367214251752,1018,427,1.3501326259946949,5,False,-0.13840097350172437,7699.499704753184,-0.23005002952468157,-0.23165864933671332,-0.3137222361673079,-0.3750542052483451,418,169,1.672,5,False,-0.14932103678487335,-0.6946510617643787,0.1971195652173913
833,b5fec6e443c0,gap_up_continuation,"{""family"": ""gap_up_continuation"", ""gap_min"": 0.05, ""min_adv20"": 50000000.0, ""mom3_min"": 0.0, ""prev_return_min"": 0.05}",,0.02,4.0,5,732.4416120967743,-0.9267558387903225,-0.13541748185878844,-0.5240364152326925,-0.933859531897563,346,202,0.07643030704660923,5,False,-0.4607835234605977,6562.220788150883,-0.3437779211849117,-0.13084445551313262,-0.43793891674152013,-0.5202016974428997,114,43,0.15059445178335534,5,False,-0.24280381324470407,8321.925566036976,-0.16780744339630238,-0.05954632825055928,-0.4741328481586533,-0.20579593724708867,30,25,0.03978779840848806,3,False,-0.14674066913318978,8943.130338558452,-0.10568696614415474,-0.10648576313468783,-1.0096149706864623,-0.10761615680842507,22,20,0.088,2,False,-0.062039557905949304,-0.08609749849117238,0.19624999999999998
834,f8be557fd27c,oversold_5d_reversal,"{""family"": ""oversold_5d_reversal"", ""max_abs_gap"": 0.01, ""min_adv20"": 20000000.0, ""momentum_column"": ""mom5"", ""momentum_max"": -0.2}",,,3.0,5,164.63369731072228,-0.9835366302689278,-0.20435245951237546,-0.36416217659850814,-0.9921029100883871,1346,881,0.2973271482217804,5,False,-0.4356546445238549,3424.764468920317,-0.6575235531079683,-0.3000261410283397,-0.44841688069302493,-0.6691306430907626,164,101,0.2166446499339498,5,False,-0.5054595272265652,11856.135891603193,0.18561358916031923,0.058554204263775,0.34036146280212015,-0.3323817283526378,253,169,0.33554376657824936,5,False,-0.09339047619047616,18328.7672189111,0.83287672189111,0.8417824130154139,1.2518809714495354,-0.09383418907720698,130,80,0.52,5,False,-0.07007148745153635,-0.0842547040945168,0.1955434782608696
835,dc02fb10bc44,oversold_3d_reversal,"{""family"": ""oversold_3d_reversal"", ""max_abs_gap"": 0.05, ""min_adv20"": 50000000.0, ""momentum_column"": ""mom3"", ""momentum_max"": -0.2}",,,1.0,3,1415.9037171397704,-0.858409628286023,-0.10310533690049262,-0.387918189331196,-0.9166830894441281,984,704,0.21736249171636846,3,False,-0.23506343588094794,5891.178177507597,-0.41088218224924034,-0.16150223890987248,-0.5392350032174034,-0.4130476754539768,150,97,0.19815059445178335,3,False,-0.28081084845920284,9172.793790636551,-0.08272062093634491,-0.02844500612940104,-0.15469993261045392,-0.17708488743108075,217,150,0.28779840848806365,3,False,-0.051883597883597865,10828.02135888257,0.08280213588825691,0.08349146999843216,0.5143487057297673,-0.10312693946863949,109,73,0.436,3,False,-0.073355685341938,-0.15131681388620738,0.19532608695652173
836,994a822c44eb,oversold_3d_reversal,"{""family"": ""oversold_3d_reversal"", ""max_abs_gap"": 0.05, ""min_adv20"": 50000000.0, ""momentum_column"": ""mom3"", ""momentum_max"": -0.12}",,,2.0,5,4.92365640243198,-0.9995076343597568,-0.34555541883770735,-0.5981028276988929,-0.99974417539208,4687,2081,1.0353434945880273,5,False,-0.45269248175074245,6520.72412916921,-0.347927587083079,-0.1326779632879953,-0.02657864541305953,-0.6374273291322521,738,342,0.9749009247027741,5,False,-0.3369730181510434,4524.556558720822,-0.5475443441279177,-0.23283730407639103,-0.6332273477589484,-0.6468850172878489,1069,439,1.4177718832891246,5,False,-0.13840097350172437,8027.5583023945255,-0.19724416976054748,-0.19865388423713293,-0.20458318990557373,-0.3480561219514344,432,173,1.728,5,False,-0.14954240641571323,-0.5715241822858333,0.19499999999999998
837,8486bd00cb94,prior_day_crash_rebound,"{""family"": ""prior_day_crash_rebound"", ""max_abs_gap"": 0.05, ""min_adv20"": 20000000.0, ""prev_return_max"": -0.1}",,,2.0,5,31.921408210704655,-0.9968078591789296,-0.27379000649061336,-0.6290969255797053,-0.9978830157163487,2297,1289,0.5074000441793682,5,False,-0.4672488656254579,7434.922646823301,-0.2565077353176699,-0.09395695091298861,-0.17750108794817293,-0.3687331025435867,311,187,0.4108322324966975,5,False,-0.2086957344205814,11243.151293082321,0.12431512930823208,0.03993855287409076,0.2915629039676073,-0.2573223376979167,431,260,0.5716180371352785,5,False,-0.06965806685537616,8117.667179236499,-0.18823328207635015,-0.1895864544018806,-0.6413890196619292,-0.2494806170834768,202,105,0.808,5,False,-0.10693410408339118,-0.4515958376315324,0.19456521739130433
838,7fdc1a696fcc,oversold_5d_reversal,"{""family"": ""oversold_5d_reversal"", ""max_abs_gap"": 0.05, ""min_adv20"": 50000000.0, ""momentum_column"": ""mom5"", ""momentum_max"": -0.2}",0.02,,2.0,3,261.7550028626109,-0.9738244997137389,-0.18354822738690746,-0.627750068921872,-0.9786228748435593,1864,1169,0.41175171195051913,3,False,-0.044000000000000004,7872.455790731256,-0.21275442092687447,-0.07654481717941486,-0.14735497243879161,-0.42063052159044545,258,162,0.34081902245706736,3,False,-0.044000000000000004,5232.340981797983,-0.47676590182020173,-0.19465254360907247,-0.7304201547137804,-0.5416110844245645,406,245,0.5384615384615384,3,False,-0.044000000000000004,11263.186976492054,0.12631869764920545,0.12739105345894663,0.4537148500305743,-0.1889410708785365,185,106,0.74,3,False,-0.044000000000000004,-0.48039509648308043,0.1923369565217391
839,e21ba93123fd,oversold_5d_reversal,"{""family"": ""oversold_5d_reversal"", ""max_abs_gap"": 0.05, ""min_adv20"": 20000000.0, ""momentum_column"": ""mom5"", ""momentum_max"": -0.2}",,,1.5,3,44.79799545854843,-0.9955202004541451,-0.2599604151314915,-0.47400886900168016,-0.9975506072918144,2136,1296,0.47183565275016565,3,False,-0.34482870636294,5001.125122583454,-0.4998874877416546,-0.2059977173009323,-0.29150214084209236,-0.5754247823284264,258,162,0.34081902245706736,3,False,-0.4212162726888043,7910.613621530971,-0.20893863784690292,-0.07534428606904287,-0.14989452763911282,-0.3749786364993343,410,245,0.5437665782493368,3,False,-0.11778579602430322,10017.692972204142,0.00176929722041419,0.0017834642126235423,0.1855467896052868,-0.20806518393599194,185,106,0.74,3,False,-0.12165330565317367,-0.1825067281595878,0.19059782608695652
840,387eb13d7c7a,prior_day_crash_rebound,"{""family"": ""prior_day_crash_rebound"", ""max_abs_gap"": 0.01, ""min_adv20"": 50000000.0, ""prev_return_max"": -0.15}",,,3.0,5,1373.0940066868582,-0.8626905993313142,-0.10463684277275975,-0.5977267902959574,-0.8995503424523104,275,235,0.06074663132317208,5,False,-0.23082964707223175,7351.298967757281,-0.26487010322427185,-0.0973621522064837,-0.7548952573738104,-0.26487010322427185,49,37,0.06472919418758256,5,False,-0.1438334332386472,13004.109929323233,0.3004109929323233,0.09176142254884612,0.7512705096925889,-0.08899227692445211,66,60,0.08753315649867374,3,False,-0.05856115919315854,9926.270322481718,-0.007372967751828163,-0.007431731775352279,0.006968009229128134,-0.09570646196351351,41,36,0.164,2,False,-0.036211969591383134,-0.15716846707785292,0.1897554347826087
841,96ecb9436c7e,oversold_3d_reversal,"{""family"": ""oversold_3d_reversal"", ""max_abs_gap"": 0.03, ""min_adv20"": 50000000.0, ""momentum_column"": ""mom3"", ""momentum_max"": -0.2}",,,3.0,5,48.13057909355433,-0.9951869420906446,-0.256998581293175,-0.48888884193083065,-0.9981308861527652,929,637,0.20521316545173404,5,False,-0.6790387226261136,3504.9151426226063,-0.6495084857377393,-0.2946148213026044,-0.4678339359767377,-0.6518207072753491,134,88,0.17701453104359313,5,False,-0.5054595272265652,5808.0411561627625,-0.4191958843837238,-0.16606041395509308,-0.6168372591191247,-0.5019001791887228,215,142,0.28514588859416445,5,False,-0.17135473128062392,10030.353009070663,0.003035300907066274,0.003059620424119558,0.2034181466739278,-0.22398155517731,111,72,0.444,5,False,-0.22398155517731003,-0.02105490595409293,0.18953804347826086
842,b2e74e658b61,gap_up_continuation,"{""family"": ""gap_up_continuation"", ""gap_min"": 0.05, ""min_adv20"": 50000000.0, ""mom3_min"": 0.0, ""prev_return_min"": 0.05}",,0.08,3.0,5,407.0915151761903,-0.959290848482381,-0.1632280525486428,-0.5151221369364425,-0.9642380857171204,346,202,0.07643030704660923,5,False,-0.6217728116024785,5540.708349534175,-0.44592916504658253,-0.17844871252330174,-0.49211466617933436,-0.5717573165679346,114,43,0.15059445178335534,5,False,-0.2756711214989034,10159.552860701924,0.015955286070192365,0.005304461116356851,0.10464218537293667,-0.16173125618715345,30,25,0.03978779840848806,3,False,-0.11005550184989235,9882.35710935199,-0.011764289064801092,-0.011857843171030003,-0.023967981494173046,-0.09009505673706553,22,20,0.088,2,False,-0.046529668429461976,-0.02300747075710813,0.18845108695652174
843,e01ec9ad1e07,oversold_5d_reversal,"{""family"": ""oversold_5d_reversal"", ""max_abs_gap"": 0.05, ""min_adv20"": 50000000.0, ""momentum_column"": ""mom5"", ""momentum_max"": -0.2}",,,3.0,3,0.04261419436098887,-0.9999957385805639,-0.4976010219350949,-0.4096292922210569,-0.9999982581559763,1864,1169,0.41175171195051913,3,False,-0.68965741272588,787.085114162423,-0.9212914885837578,-0.5709643774743233,-0.29150214084209236,-0.9372033493221319,258,162,0.34081902245706736,3,False,-0.8424325453776086,5146.229875718126,-0.4853770124281874,-0.19910674950685125,-0.13463473375122376,-0.6725043451854955,406,245,0.5384615384615384,3,False,-0.23557159204860645,8848.337466352827,-0.11516625336471731,-0.11603194387186588,0.1855467896052868,-0.3810787745726143,185,106,0.74,3,False,-0.24330661130634734,-0.11812715137896451,0.18706521739130433
844,869cb7749fba,prior_day_crash_rebound,"{""family"": ""prior_day_crash_rebound"", ""max_abs_gap"": 0.01, ""min_adv20"": 20000000.0, ""prev_return_max"": -0.15}",,0.04,3.0,3,871.140656954445,-0.9128859343045554,-0.12703074189283958,-0.5127533624037299,-0.9281122626765741,332,288,0.07333775127015683,3,False,-0.3847160784537196,6294.679825417538,-0.37053201745824615,-0.1428047933565071,-0.6369437170968442,-0.37053201745824615,46,38,0.0607661822985469,3,False,-0.25499256088589545,11871.047745058248,0.18710477450582474,0.058998988113796,0.45749272747854997,-0.1919837416110577,68,62,0.09018567639257294,3,False,-0.09760193198859757,10943.026539639146,0.09430265396391468,0.09509186334861752,0.5221543907586031,-0.14069345094899433,41,36,0.164,2,False,-0.06035328265230522,-0.12419035469311424,0.1867663043478261
845,daaf4bf7437f,gap_up_continuation,"{""family"": ""gap_up_continuation"", ""gap_min"": 0.05, ""min_adv20"": 50000000.0, ""mom3_min"": 0.05, ""prev_return_min"": 0.05}",,0.08,4.0,5,113.92335826289,-0.988607664173711,-0.2204941133790742,-0.4877841117292155,-0.9907099884002347,261,158,0.05765407554671968,5,False,-0.8290304154699714,5058.95863203247,-0.494104136796753,-0.20295283476572634,-0.3886485180227677,-0.6548634052592143,94,35,0.12417437252311757,5,False,-0.36756149533187116,10014.57731767786,0.0014577317677859636,0.0004869632465334117,0.0725674895295934,-0.2128014473195493,21,18,0.027851458885941646,2,False,-0.14674066913318978,10100.338541363337,0.01003385413633362,0.010114529563898023,0.14351175706119165,-0.11896021620223463,19,17,0.076,2,False,-0.062039557905949304,-0.09913559370644781,0.18673913043478263
846,fe3307e645b6,oversold_3d_reversal,"{""family"": ""oversold_3d_reversal"", ""max_abs_gap"": 0.05, ""min_adv20"": 20000000.0, ""momentum_column"": ""mom3"", ""momentum_max"": -0.2}",,,1.0,3,864.8899038515648,-0.9135110096148435,-0.1273806135840485,-0.4751277986222784,-0.9512652381629443,1141,796,0.2520432957808703,3,False,-0.23506343588094794,5710.547254638384,-0.4289452745361616,-0.1701497679274745,-0.583308018130003,-0.43104437099915094,150,97,0.19815059445178335,3,False,-0.28081084845920284,9128.149174681792,-0.08718508253182078,-0.03002796279319675,-0.1670485017245235,-0.17708488743108075,218,151,0.2891246684350133,3,False,-0.051883597883597865,10828.02135888257,0.08280213588825691,0.08349146999843216,0.5143487057297673,-0.10312693946863949,109,73,0.436,3,False,-0.073355685341938,-0.1081802195077246,0.18673913043478263
847,56e51a7a32c6,prior_day_crash_rebound,"{""family"": ""prior_day_crash_rebound"", ""max_abs_gap"": 0.01, ""min_adv20"": 50000000.0, ""prev_return_max"": -0.15}",,0.04,3.0,5,3123.7177128485714,-0.6876282287151428,-0.06271773973235573,-0.4928013793595125,-0.7288057369612406,275,235,0.06074663132317208,5,False,-0.23082964707223175,7391.918073515573,-0.2608081926484427,-0.09570491081512189,-0.7997852765481025,-0.2608081926484427,49,37,0.06472919418758256,5,False,-0.14915730359841656,11061.64417524567,0.10616441752456707,0.03429709667859426,0.42428843713100384,-0.1171776101422719,66,60,0.08753315649867374,3,False,-0.05856115919315854,10615.670355979159,0.061567035597915876,0.062074553240313746,0.5221543907586028,-0.08596140059801649,41,36,0.164,2,False,-0.036211969591383134,-0.30698389718859,0.1857336956521739
848,8486bd00cb94,prior_day_crash_rebound,"{""family"": ""prior_day_crash_rebound"", ""max_abs_gap"": 0.05, ""min_adv20"": 20000000.0, ""prev_return_max"": -0.1}",,,4.0,3,5.324514018822521e-07,-0.9999999999467548,-0.7320195819843792,-0.8304708341638404,-0.999999999977393,2026,1289,0.4475370002208968,3,False,-0.8180896687353786,5117.783263140037,-0.48822167368599634,-0.19987949960912044,0.049374791520040553,-0.7156360198684547,276,187,0.36459709379128136,3,False,-0.3975685549221251,6884.646049502698,-0.31153539504973027,-0.11729172405644406,0.09353390768583088,-0.633945315914227,394,260,0.5225464190981433,3,False,-0.23219355618458723,4356.051813159265,-0.5643948186840735,-0.567281182993019,-0.7621681243934003,-0.595744874486233,179,105,0.716,3,False,-0.1492553019202041,-0.8798456256838809,0.1855978260869565
849,bdd1d95c3f2c,prior_day_crash_rebound,"{""family"": ""prior_day_crash_rebound"", ""max_abs_gap"": 0.05, ""min_adv20"": 50000000.0, ""prev_return_max"": -0.1}",,,3.0,3,0.0032559491842976667,-0.9999996744050815,-0.5646117679247808,-0.8503240129524805,-0.9999998042258328,1704,1116,0.3764082173624917,3,False,-0.6505133240461802,6501.799796272333,-0.3498200203727667,-0.13351670971121754,-0.014600473793392002,-0.5644849319112988,268,185,0.35402906208718626,3,False,-0.29817641619159385,9263.137677830071,-0.07368623221699289,-0.025257322339921395,0.16692105445065913,-0.49851363523508996,391,258,0.5185676392572944,3,False,-0.17414516713844042,5624.033247028107,-0.43759667529718926,-0.44018019010967424,-0.7621681243934005,-0.482756119850936,179,105,0.716,3,False,-0.11194147644015306,-0.8357235391590885,0.18404891304347826
850,7fdc1a696fcc,oversold_5d_reversal,"{""family"": ""oversold_5d_reversal"", ""max_abs_gap"": 0.05, ""min_adv20"": 50000000.0, ""momentum_column"": ""mom5"", ""momentum_max"": -0.2}",0.02,,3.0,5,273.8313662516062,-0.9726168633748393,-0.18149576047699656,-0.5265199702969613,-0.9775280798257031,2145,1169,0.4738237243207422,5,False,-0.06599999999999999,6632.884978448482,-0.3367115021551518,-0.12773991520976247,-0.3004396400638783,-0.507334942053143,300,162,0.3963011889035667,5,False,-0.06599999999999999,5635.45040496041,-0.43645495950395896,-0.17442603556406622,-0.5565659728364237,-0.5138516424144053,461,245,0.6114058355437666,5,False,-0.06599999999999999,14426.8753668843,0.44268753668843,0.4469237930832044,0.8042157270915992,-0.16786557934782764,207,106,0.828,5,False,-0.06599999999999999,-0.226080330233083,0.18355978260869568
851,96ecb9436c7e,oversold_3d_reversal,"{""family"": ""oversold_3d_reversal"", ""max_abs_gap"": 0.03, ""min_adv20"": 50000000.0, ""momentum_column"": ""mom3"", ""momentum_max"": -0.2}",,,1.0,3,992.5411800154349,-0.9007458819984565,-0.120667753061385,-0.6035826212906474,-0.9331040006222779,856,637,0.18908769604594655,3,False,-0.23506343588094794,6625.686359817663,-0.3374313640182337,-0.1280551648813223,-0.474608681306417,-0.33986684947743784,122,88,0.16116248348745046,3,False,-0.28081084845920284,8187.285828268968,-0.18127141717310324,-0.06465925904694625,-0.4965779777224625,-0.25226604368733685,204,142,0.27055702917771884,3,False,-0.051883597883597865,10693.35672359658,0.0693356723596581,0.06990931164739611,0.4444056173687436,-0.09638697381883066,106,72,0.424,3,False,-0.07803818961817222,-0.12897393998423046,0.18347826086956523
852,089ab2b4aab5,oversold_5d_reversal,"{""family"": ""oversold_5d_reversal"", ""max_abs_gap"": 0.01, ""min_adv20"": 50000000.0, ""momentum_column"": ""mom5"", ""momentum_max"": -0.2}",,,3.0,5,547.0103992228114,-0.9452989600777189,-0.14935323036596615,-0.2902454976186346,-0.9738031315206106,1102,757,0.24342831897503867,5,False,-0.4356546445238549,3424.764468920317,-0.6575235531079683,-0.3000261410283397,-0.44841688069302493,-0.6691306430907626,164,101,0.2166446499339498,5,False,-0.5054595272265652,11727.691286868225,0.17276912868682248,0.05470750816571357,0.3266539902492234,-0.3323817283526378,252,169,0.33421750663129973,5,False,-0.09339047619047616,18328.7672189111,0.83287672189111,0.8417824130154139,1.2518809714495354,-0.09383418907720698,130,80,0.52,5,False,-0.07007148745153635,-0.15817138307439033,0.18342391304347827
853,b2e74e658b61,gap_up_continuation,"{""family"": ""gap_up_continuation"", ""gap_min"": 0.05, ""min_adv20"": 50000000.0, ""mom3_min"": 0.0, ""prev_return_min"": 0.05}",,0.08,3.0,3,62.99424790363142,-0.9937005752096368,-0.24578376806029856,-0.5283763677024463,-0.9949818961280779,301,202,0.06648994919372653,3,False,-0.7019711151014806,6133.5755519864015,-0.3866424448013599,-0.15017132031518732,-0.19584476291296124,-0.5858168060106237,87,43,0.11492734478203434,3,False,-0.33830547335298106,10021.92222785469,0.0021922227854689336,0.0007321451946176172,0.10464218537293687,-0.2624515246536179,30,25,0.03978779840848806,3,False,-0.18342583641648724,9711.911454805037,-0.02880885451949633,-0.02903594665362841,-0.02396798149417289,-0.1472512748615974,22,20,0.088,2,False,-0.07754944738243663,-0.33253160478948507,0.18133152173913045
854,f8be557fd27c,oversold_5d_reversal,"{""family"": ""oversold_5d_reversal"", ""max_abs_gap"": 0.01, ""min_adv20"": 20000000.0, ""momentum_column"": ""mom5"", ""momentum_max"": -0.2}",,,4.0,5,17.99415191860765,-0.9982005848081392,-0.29659713540799537,-0.3641621765985082,-0.9993052916022597,1346,881,0.2973271482217804,5,False,-0.5808728593651399,1822.1027351715616,-0.8177897264828439,-0.4326515377574133,-0.448416880693025,-0.8259568279975861,164,101,0.2166446499339498,5,False,-0.6739460363020868,12039.337724226752,0.2039337724226753,0.06399306948071204,0.34036146280212,-0.42051891532217456,253,169,0.33554376657824936,5,False,-0.12452063492063488,21463.87537827113,1.146387537827113,1.159542737629212,1.2518809714495351,-0.12402423712963484,130,80,0.52,5,False,-0.0934286499353818,-0.0842547040945168,0.18097826086956523
855,e21ba93123fd,oversold_5d_reversal,"{""family"": ""oversold_5d_reversal"", ""max_abs_gap"": 0.05, ""min_adv20"": 20000000.0, ""momentum_column"": ""mom5"", ""momentum_max"": -0.2}",,,2.0,3,3.2401784085022127,-0.9996759821591498,-0.36062254908717295,-0.4740088690016801,-0.9998504900066634,2136,1296,0.47183565275016565,3,False,-0.45977160848392,3310.0688589505344,-0.6689931141049466,-0.307918709946161,-0.2915021408420923,-0.7162943326358437,258,162,0.34081902245706736,3,False,-0.5616216969184057,6964.588026967606,-0.30354119730323936,-0.1138792570158852,-0.1498945276391126,-0.4860123866790066,410,245,0.5437665782493368,3,False,-0.1570477280324043,9738.623861448546,-0.026137613855145347,-0.026343936082914854,0.185546789605287,-0.26922588887840615,185,106,0.74,3,False,-0.1622044075375649,-0.1825067281595878,0.1780978260869565
856,b2e74e658b61,gap_up_continuation,"{""family"": ""gap_up_continuation"", ""gap_min"": 0.05, ""min_adv20"": 50000000.0, ""mom3_min"": 0.0, ""prev_return_min"": 0.05}",,0.08,4.0,5,69.098073660796,-0.9930901926339204,-0.24189091276580288,-0.5151221369364424,-0.9940129874526734,346,202,0.07643030704660923,5,False,-0.8290304154699714,4225.510064755564,-0.5774489935244436,-0.24931491837937325,-0.4921146661793343,-0.6969156724372677,114,43,0.15059445178335534,5,False,-0.36756149533187116,10115.730327205312,0.011573032720531229,0.0038531038037121768,0.10464218537293683,-0.21280144731954953,30,25,0.03978779840848806,3,False,-0.14674066913318978,9805.998958107106,-0.01940010418928939,-0.01955377769311606,-0.02396798149417304,-0.11896021620223485,22,20,0.088,2,False,-0.062039557905949304,-0.023007470757108073,0.17597826086956522
857,869cb7749fba,prior_day_crash_rebound,"{""family"": ""prior_day_crash_rebound"", ""max_abs_gap"": 0.01, ""min_adv20"": 20000000.0, ""prev_return_max"": -0.15}",,0.04,4.0,5,1042.6374703312858,-0.8957362529668714,-0.11825418724133441,-0.5984716442569047,-0.9108011423512962,342,288,0.07554671968190854,5,False,-0.30777286276297566,6813.44726858125,-0.31865527314187503,-0.11990610709750849,-0.7299585963534119,-0.31865527314187503,50,38,0.06605019815059446,5,False,-0.19887640479788876,11533.644964844076,0.15336449648440764,0.048842592651273664,0.45749272747854985,-0.15493613003962114,68,62,0.09018567639257294,3,False,-0.07808154559087806,10788.267328856327,0.07882673288563269,0.07948177165924375,0.522154390758603,-0.11358520522901583,41,36,0.164,2,False,-0.048282626121844176,-0.13148695209650718,0.17538043478260867
858,96ecb9436c7e,oversold_3d_reversal,"{""family"": ""oversold_3d_reversal"", ""max_abs_gap"": 0.03, ""min_adv20"": 50000000.0, ""momentum_column"": ""mom3"", ""momentum_max"": -0.2}",,,4.0,5,1.9098341472914913,-0.9998090165852709,-0.37916257451161695,-0.4888888419308307,-0.9999421270033528,929,637,0.20521316545173404,5,False,-0.9053849635014849,1849.3144322691915,-0.8150685567730809,-0.4298448998162121,-0.46783393597673784,-0.8166916649026831,134,88,0.17701453104359313,5,False,-0.6739460363020868,4645.747024946614,-0.5354252975053386,-0.22602997981214268,-0.6168372591191246,-0.617857509499703,215,142,0.28514588859416445,5,False,-0.22847297504083192,9693.316934650644,-0.030668306534935574,-0.0309098216538779,0.20341814667392785,-0.2986420735697467,111,72,0.444,5,False,-0.2986420735697467,-0.021054905954092873,0.17402173913043478
859,bdd1d95c3f2c,prior_day_crash_rebound,"{""family"": ""prior_day_crash_rebound"", ""max_abs_gap"": 0.05, ""min_adv20"": 50000000.0, ""prev_return_max"": -0.1}",,,2.0,5,34.71518887501044,-0.9965284811124989,-0.2703903818037723,-0.6774484891799322,-0.9975722726558593,1937,1116,0.4278771813563066,5,False,-0.4252978889355111,7293.211612073682,-0.27067883879263177,-0.09974273829590485,-0.2194885103462576,-0.3828338103510307,298,185,0.39365918097754293,5,False,-0.2086957344205814,11482.60531183441,0.14826053118344107,0.04728905592602706,0.3260727100765459,-0.24413146698490684,427,258,0.5663129973474801,5,False,-0.06965806685537616,8117.667179236499,-0.18823328207635015,-0.1895864544018806,-0.6413890196619292,-0.2494806170834768,202,105,0.808,5,False,-0.10693410408339118,-0.45795997883367456,0.1730978260869565
860,994a822c44eb,oversold_3d_reversal,"{""family"": ""oversold_3d_reversal"", ""max_abs_gap"": 0.05, ""min_adv20"": 50000000.0, ""momentum_column"": ""mom3"", ""momentum_max"": -0.12}",,,3.0,5,0.017285843559070663,-0.9999982714156441,-0.5222119748150288,-0.5981028276988928,-0.999999311269688,4687,2081,1.0353434945880273,5,False,-0.6790387226261136,3832.799532328634,-0.6167200467671365,-0.273299553145643,-0.0265786454130595,-0.7948150681166457,738,342,0.9749009247027741,5,False,-0.5054595272265652,2683.5100700580138,-0.7316489929941986,-0.3557378497031449,-0.6332273477589484,-0.8102137440558251,1069,439,1.4177718832891246,5,False,-0.20760146025258655,6647.587805748346,-0.3352412194251654,-0.3374092096208633,-0.20458318990557398,-0.4795534507907191,432,173,1.728,5,False,-0.22431360962356983,-0.5715241822858332,0.17176630434782605
861,089ab2b4aab5,oversold_5d_reversal,"{""family"": ""oversold_5d_reversal"", ""max_abs_gap"": 0.01, ""min_adv20"": 50000000.0, ""momentum_column"": ""mom5"", ""momentum_max"": -0.2}",,,4.0,5,114.91303911399275,-0.9885086960886007,-0.22011869392477612,-0.2902454976186346,-0.9952262262274338,1102,757,0.24342831897503867,5,False,-0.5808728593651399,1822.1027351715616,-0.8177897264828439,-0.4326515377574133,-0.448416880693025,-0.8259568279975861,164,101,0.2166446499339498,5,False,-0.6739460363020868,11866.787576890063,0.18667875768900632,0.05887195576694504,0.32665399024922337,-0.42051891532217456,252,169,0.33421750663129973,5,False,-0.12452063492063488,21463.87537827113,1.146387537827113,1.159542737629212,1.2518809714495351,-0.12402423712963484,130,80,0.52,5,False,-0.0934286499353818,-0.15817138307439038,0.1691304347826087
862,387eb13d7c7a,prior_day_crash_rebound,"{""family"": ""prior_day_crash_rebound"", ""max_abs_gap"": 0.01, ""min_adv20"": 50000000.0, ""prev_return_max"": -0.15}",,,3.0,3,267.72094812586573,-0.9732279051874134,-0.18252334406907256,-0.6025605727576632,-0.983566083721642,268,235,0.05920035343494588,3,False,-0.3847160784537196,6261.3137007340565,-0.3738686299265943,-0.14432004919533614,-0.36857711715002783,-0.37882641953609153,45,37,0.059445178335535004,3,False,-0.2976646331239864,15102.693155496816,0.5102693155496816,0.14773893545448957,0.7512705096925888,-0.14655170283098873,66,60,0.08753315649867374,3,False,-0.09760193198859757,9787.374773411355,-0.021262522658864524,-0.021430787040079835,0.0069680092291279335,-0.1566732364065161,41,36,0.164,2,False,-0.06035328265230522,-0.23398345560763534,0.1686413043478261
863,021ce8ad71a1,oversold_3d_reversal,"{""family"": ""oversold_3d_reversal"", ""max_abs_gap"": 0.03, ""min_adv20"": 50000000.0, ""momentum_column"": ""mom3"", ""momentum_max"": -0.12}",,,3.0,5,0.02028732053934022,-0.9999979712679461,-0.5179346158900455,-0.7074277737178424,-0.9999990430026895,4364,2015,0.963993814888447,5,False,-0.6790387226261136,4653.067903333137,-0.5346932096666863,-0.22483747393856301,-0.012776711953463764,-0.7412285737624487,681,328,0.8996036988110965,5,False,-0.5054595272265652,2607.142010316134,-0.7392857989683865,-0.36192457613283113,-0.7615427938923853,-0.8114758747403754,1018,427,1.3501326259946949,5,False,-0.20760146025258655,6285.571182059568,-0.37144288179404317,-0.3737734058421964,-0.3137222361673081,-0.5115239520097041,418,169,1.672,5,False,-0.22398155517731003,-0.6946510617643786,0.1666032608695652
864,dc02fb10bc44,oversold_3d_reversal,"{""family"": ""oversold_3d_reversal"", ""max_abs_gap"": 0.05, ""min_adv20"": 50000000.0, ""momentum_column"": ""mom3"", ""momentum_max"": -0.2}",,,1.5,3,382.22751216179614,-0.9617772487838204,-0.1661584583960497,-0.38791818933119604,-0.9820886018082522,984,704,0.21736249171636846,3,False,-0.352595153821422,4087.369591970835,-0.5912630408029165,-0.25757532430651664,-0.5392350032174035,-0.5935125738289551,150,97,0.19815059445178335,3,False,-0.4212162726888043,8620.248742563432,-0.13797512574365678,-0.04841061767597299,-0.15469993261045376,-0.2586302007659229,217,150,0.28779840848806365,3,False,-0.0778253968253968,11130.317703335444,0.11303177033354439,0.11398571425393911,0.514348705729767,-0.15186620882666668,109,73,0.436,3,False,-0.110033528012907,-0.15131681388620744,0.16470108695652175
865,7fdc1a696fcc,oversold_5d_reversal,"{""family"": ""oversold_5d_reversal"", ""max_abs_gap"": 0.05, ""min_adv20"": 50000000.0, ""momentum_column"": ""mom5"", ""momentum_max"": -0.2}",0.02,,4.0,5,60.81960344361921,-0.9939180396556381,-0.2472572846281066,-0.5265199702969613,-0.9952770789309467,2145,1169,0.4738237243207422,5,False,-0.088,5474.794086948214,-0.45252059130517863,-0.18171522851942468,-0.30043964006387813,-0.6196867594201101,300,162,0.3963011889035667,5,False,-0.088,4436.787698012919,-0.5563212301987082,-0.23784348998157512,-0.5565659728364234,-0.6242159427232434,461,245,0.6114058355437666,5,False,-0.088,15462.151279718766,0.5462151279718765,0.5516153857041104,0.8042157270915993,-0.220210187904904,207,106,0.828,5,False,-0.088,-0.22608033023308316,0.16434782608695653
866,387eb13d7c7a,prior_day_crash_rebound,"{""family"": ""prior_day_crash_rebound"", ""max_abs_gap"": 0.01, ""min_adv20"": 50000000.0, ""prev_return_max"": -0.15}",,,4.0,5,632.088559705557,-0.9367911440294443,-0.1424803128218718,-0.5977267902959575,-0.9577550256916647,275,235,0.06074663132317208,5,False,-0.30777286276297566,6559.551420847219,-0.34404485791527817,-0.13096216693343932,-0.7548952573738105,-0.34404485791527817,49,37,0.06472919418758256,5,False,-0.1917779109848629,14049.069944887793,0.4049069944887793,0.12033113165445797,0.7512705096925886,-0.1179542807405245,66,60,0.08753315649867374,3,False,-0.07808154559087806,9865.568554924837,-0.01344314450751627,-0.013549957747179486,0.00696800922912808,-0.12647882568293367,41,36,0.164,2,False,-0.048282626121844176,-0.15716846707785292,0.16396739130434781
867,bdd1d95c3f2c,prior_day_crash_rebound,"{""family"": ""prior_day_crash_rebound"", ""max_abs_gap"": 0.05, ""min_adv20"": 50000000.0, ""prev_return_max"": -0.1}",,,4.0,3,1.6485162655264255e-06,-0.9999999998351484,-0.7146192511621026,-0.8503240129524804,-0.9999999999099395,1704,1116,0.3764082173624917,3,False,-0.8673510987282403,4719.764167343395,-0.5280235832656606,-0.221156229762126,-0.014600473793391982,-0.7200146879744403,268,185,0.35402906208718626,3,False,-0.3975685549221251,7889.235324390141,-0.21107646756098597,-0.07618020335433406,0.1669210544506593,-0.6113363959408648,391,258,0.5185676392572944,3,False,-0.23219355618458723,4356.051813159265,-0.5643948186840735,-0.567281182993019,-0.7621681243934003,-0.595744874486233,179,105,0.716,3,False,-0.1492553019202041,-0.8357235391590884,0.16336956521739132
868,56e51a7a32c6,prior_day_crash_rebound,"{""family"": ""prior_day_crash_rebound"", ""max_abs_gap"": 0.01, ""min_adv20"": 50000000.0, ""prev_return_max"": -0.15}",,0.04,4.0,5,1985.4828625988143,-0.8014517137401186,-0.0860656217349769,-0.49280137935951224,-0.8351510228512691,275,235,0.06074663132317208,5,False,-0.30777286276297566,6612.429414383976,-0.33875705856160243,-0.12863632570980676,-0.7997852765481023,-0.33875705856160243,49,37,0.06472919418758256,5,False,-0.19887640479788876,11379.511117368593,0.13795111173685926,0.0441370131372576,0.4242884371310038,-0.15493613003962092,66,60,0.08753315649867374,3,False,-0.07808154559087806,10788.267328856327,0.07882673288563269,0.07948177165924375,0.522154390758603,-0.11358520522901583,41,36,0.164,2,False,-0.048282626121844176,-0.30698389718859004,0.16233695652173913
869,56e51a7a32c6,prior_day_crash_rebound,"{""family"": ""prior_day_crash_rebound"", ""max_abs_gap"": 0.01, ""min_adv20"": 50000000.0, ""prev_return_max"": -0.15}",,0.04,3.0,3,1155.747593379883,-0.8844252406620117,-0.11318439242210243,-0.5083978253638177,-0.9081176328194838,268,235,0.05920035343494588,3,False,-0.3847160784537196,6064.238752810732,-0.3935761247189268,-0.15338151174810466,-0.7027745188611142,-0.3935761247189268,45,37,0.059445178335535004,3,False,-0.25499256088589545,11675.188619887089,0.1675188619887089,0.053127066658983146,0.4242884371310037,-0.19198374161105758,66,60,0.08753315649867374,3,False,-0.09760193198859757,10943.026539639146,0.09430265396391468,0.09509186334861752,0.5221543907586031,-0.14069345094899433,41,36,0.164,2,False,-0.06035328265230522,-0.19437669349729647,0.16209239130434783
870,b2e74e658b61,gap_up_continuation,"{""family"": ""gap_up_continuation"", ""gap_min"": 0.05, ""min_adv20"": 50000000.0, ""mom3_min"": 0.0, ""prev_return_min"": 0.05}",,0.08,4.0,3,1.6594468182257098,-0.9998340553181775,-0.3840003517326257,-0.5283763677024463,-0.999870751961398,301,202,0.06648994919372653,3,False,-0.9359614868019741,4592.555928188186,-0.5407444071811813,-0.2282079623823683,-0.1958447629129613,-0.7220754448922216,87,43,0.11492734478203434,3,False,-0.45107396447064135,9754.40342215709,-0.024559657784291034,-0.00827630629229481,0.10464218537293686,-0.3420458451030042,30,25,0.03978779840848806,3,False,-0.24456778188864967,9517.409572489769,-0.04825904275102311,-0.04863557127089979,-0.023967981494173014,-0.19314219080130957,22,20,0.088,2,False,-0.10339926317658217,-0.33253160478948507,0.16184782608695653
871,e21ba93123fd,oversold_5d_reversal,"{""family"": ""oversold_5d_reversal"", ""max_abs_gap"": 0.05, ""min_adv20"": 20000000.0, ""momentum_column"": ""mom5"", ""momentum_max"": -0.2}",,,3.0,3,0.0036925350547932106,-0.9999996307464946,-0.5615514207702947,-0.47400886900168016,-0.9999998743561419,2136,1296,0.47183565275016565,3,False,-0.68965741272588,787.085114162423,-0.9212914885837578,-0.5709643774743233,-0.29150214084209236,-0.9372033493221319,258,162,0.34081902245706736,3,False,-0.8424325453776086,5012.750776757369,-0.49872492232426313,-0.20611026546877287,-0.14989452763911282,-0.6725043451854955,410,245,0.5437665782493368,3,False,-0.23557159204860645,8848.337466352827,-0.11516625336471731,-0.11603194387186588,0.1855467896052868,-0.3810787745726143,185,106,0.74,3,False,-0.24330661130634734,-0.1825067281595878,0.16168478260869562
872,869cb7749fba,prior_day_crash_rebound,"{""family"": ""prior_day_crash_rebound"", ""max_abs_gap"": 0.01, ""min_adv20"": 20000000.0, ""prev_return_max"": -0.15}",,0.04,4.0,3,298.931832057794,-0.9701068167942206,-0.17748998628421342,-0.5127533624037297,-0.9767091565908436,332,288,0.07333775127015683,3,False,-0.5129547712716261,5197.556301587723,-0.48024436984122765,-0.19574912092243357,-0.6369437170968443,-0.48024436984122765,46,38,0.0607661822985469,3,False,-0.33999008118119395,12378.859744870191,0.2378859744870192,0.07392880988068185,0.4574927274785498,-0.25206315767094534,68,62,0.09018567639257294,3,False,-0.1301359093181301,11159.17428520806,0.115917428520806,0.11689698086261413,0.522154390758603,-0.18472875649828513,41,36,0.164,2,False,-0.08047104353640695,-0.12419035469311457,0.16152173913043477
873,994a822c44eb,oversold_3d_reversal,"{""family"": ""oversold_3d_reversal"", ""max_abs_gap"": 0.05, ""min_adv20"": 50000000.0, ""momentum_column"": ""mom3"", ""momentum_max"": -0.12}",,,4.0,5,9.464229389305053e-06,-0.9999999990535771,-0.6854608374997841,-0.5981028276988929,-0.9999999997025317,4687,2081,1.0353434945880273,5,False,-0.9053849635014849,1701.429022523436,-0.8298570977476564,-0.44544667762958334,-0.02657864541305953,-0.8894166186552339,738,342,0.9749009247027741,5,False,-0.6739460363020868,1459.4647324479047,-0.8540535267552095,-0.4743957471628243,-0.6332273477589484,-0.9048836208790613,1069,439,1.4177718832891246,5,False,-0.27680194700344873,5242.201104394419,-0.47577988956055806,-0.4784814182208984,-0.20458318990557373,-0.5951048437737698,432,173,1.728,5,False,-0.29908481283142646,-0.5715241822858333,0.16119565217391305
874,fe3307e645b6,oversold_3d_reversal,"{""family"": ""oversold_3d_reversal"", ""max_abs_gap"": 0.05, ""min_adv20"": 20000000.0, ""momentum_column"": ""mom3"", ""momentum_max"": -0.2}",,,1.5,3,174.96790176578645,-0.9825032098234213,-0.20165149859867326,-0.4751277986222783,-0.992311349027854,1141,796,0.2520432957808703,3,False,-0.352595153821422,3903.3091997374845,-0.6096690800262515,-0.2688762509617296,-0.5833080181300031,-0.6118173132011762,150,97,0.19815059445178335,3,False,-0.4212162726888043,8557.315730550383,-0.14426842694496167,-0.050738151387551444,-0.1670485017245234,-0.2586302007659229,218,151,0.2891246684350133,3,False,-0.0778253968253968,11130.317703335444,0.11303177033354439,0.11398571425393911,0.514348705729767,-0.15186620882666668,109,73,0.436,3,False,-0.110033528012907,-0.10818021950772483,0.15932065217391306
875,7fdc1a696fcc,oversold_5d_reversal,"{""family"": ""oversold_5d_reversal"", ""max_abs_gap"": 0.05, ""min_adv20"": 50000000.0, ""momentum_column"": ""mom5"", ""momentum_max"": -0.2}",0.02,,3.0,3,27.459003409757162,-0.9972540996590242,-0.27985190485560163,-0.6277500689218722,-0.9979376319031764,1864,1169,0.41175171195051913,3,False,-0.066,6457.466725749347,-0.3542533274250653,-0.13548799483827545,-0.14735497243879167,-0.570822258080463,258,162,0.34081902245706736,3,False,-0.066,3534.8480275782877,-0.6465151972421712,-0.29358876601561845,-0.7304201547137807,-0.7083105740208451,406,245,0.5384615384615384,3,False,-0.066,11305.0097980215,0.13050097980214992,0.13161087022869578,0.4537148500305741,-0.27418720904283056,185,106,0.74,3,False,-0.066,-0.48039509648308054,0.15785326086956522
876,021ce8ad71a1,oversold_3d_reversal,"{""family"": ""oversold_3d_reversal"", ""max_abs_gap"": 0.03, ""min_adv20"": 50000000.0, ""momentum_column"": ""mom3"", ""momentum_max"": -0.12}",,,4.0,5,1.6417347781994686e-05,-0.9999999983582653,-0.6756670876962463,-0.7074277737178424,-0.9999999993657356,4364,2015,0.963993814888447,5,False,-0.9053849635014849,2323.355320321042,-0.7676644679678958,-0.38484532005254735,-0.012776711953463684,-0.8525133803820031,681,328,0.8996036988110965,5,False,-0.6739460363020868,1443.89811863395,-0.8556101881366049,-0.47627609006991756,-0.7615427938923854,-0.9034794802598367,1018,427,1.3501326259946949,5,False,-0.27680194700344873,4910.128528979301,-0.5089871471020699,-0.5117732133528683,-0.3137222361673079,-0.6211730866654784,418,169,1.672,5,False,-0.2986420735697467,-0.6946510617643787,0.15570652173913044
877,8486bd00cb94,prior_day_crash_rebound,"{""family"": ""prior_day_crash_rebound"", ""max_abs_gap"": 0.05, ""min_adv20"": 20000000.0, ""prev_return_max"": -0.1}",,,3.0,5,0.5618186229152271,-0.9999438181377085,-0.4200413886399029,-0.6290969255797053,-0.999967893983416,2297,1289,0.5074000441793682,5,False,-0.7008732984381869,5775.457854720617,-0.4224542145279383,-0.16702150743837207,-0.17750108794817296,-0.5466221478366786,311,187,0.4108322324966975,5,False,-0.3130436016308721,11377.500689888886,0.13775006898888864,0.04407535689718922,0.29156290396760726,-0.3640208275804019,431,260,0.5716180371352785,5,False,-0.10448710028306425,7119.93719867661,-0.288006280132339,-0.2899384890253389,-0.641389019661929,-0.35504920976238097,202,105,0.808,5,False,-0.1604011561250868,-0.4515958376315323,0.15394021739130434
878,dc02fb10bc44,oversold_3d_reversal,"{""family"": ""oversold_3d_reversal"", ""max_abs_gap"": 0.05, ""min_adv20"": 50000000.0, ""momentum_column"": ""mom3"", ""momentum_max"": -0.2}",,,2.0,3,81.24124611934192,-0.9918758753880658,-0.23502786707768486,-0.387918189331196,-0.9969041931962228,984,704,0.21736249171636846,3,False,-0.4701268717618959,2575.8787509849712,-0.7424121249015029,-0.3633493373257034,-0.5392350032174034,-0.7442988847095784,150,97,0.19815059445178335,3,False,-0.5616216969184057,8000.3647810221,-0.19996352189779,-0.07185122593326976,-0.15469993261045392,-0.33519261624924435,217,150,0.28779840848806365,3,False,-0.10376719576719573,11352.537350472398,0.1352537350472398,0.1364064314818425,0.5143487057297673,-0.19874276778813937,109,73,0.436,3,False,-0.146711370683876,-0.15131681388620738,0.15179347826086956
879,fe3307e645b6,oversold_3d_reversal,"{""family"": ""oversold_3d_reversal"", ""max_abs_gap"": 0.05, ""min_adv20"": 20000000.0, ""momentum_column"": ""mom3"", ""momentum_max"": -0.2}",,,2.0,3,26.955668403854265,-0.9973044331596146,-0.2805931668895618,-0.4751277986222784,-0.9990562879007965,1141,796,0.2520432957808703,3,False,-0.4701268717618959,2424.365246562089,-0.7575634753437911,-0.37606837461524145,-0.583308018130003,-0.7593392557082821,150,97,0.19815059445178335,3,False,-0.5616216969184057,7922.488133776129,-0.20775118662238712,-0.07488062784238203,-0.1670485017245235,-0.33519261624924435,218,151,0.2891246684350133,3,False,-0.10376719576719573,11352.537350472398,0.1352537350472398,0.1364064314818425,0.5143487057297673,-0.19874276778813937,109,73,0.436,3,False,-0.146711370683876,-0.1081802195077246,0.14510869565217394
880,96ecb9436c7e,oversold_3d_reversal,"{""family"": ""oversold_3d_reversal"", ""max_abs_gap"": 0.03, ""min_adv20"": 50000000.0, ""momentum_column"": ""mom3"", ""momentum_max"": -0.2}",,,1.5,3,245.35439910604762,-0.9754645600893952,-0.18648370203955555,-0.6035826212906475,-0.9861074946351297,856,637,0.18908769604594655,3,False,-0.352595153821422,4966.471916378139,-0.5033528083621861,-0.207833446350853,-0.4746086813064169,-0.5060861659280721,122,88,0.16116248348745046,3,False,-0.4212162726888043,7290.095151581842,-0.27099048484181576,-0.10024756365861454,-0.49657797772246237,-0.3605057002402271,204,142,0.27055702917771884,3,False,-0.0778253968253968,10918.955172783451,0.0918955172783451,0.0926637410384159,0.4444056173687433,-0.1423351399200976,106,72,0.424,3,False,-0.11705728442725832,-0.12897393998423062,0.14388586956521737
881,387eb13d7c7a,prior_day_crash_rebound,"{""family"": ""prior_day_crash_rebound"", ""max_abs_gap"": 0.01, ""min_adv20"": 50000000.0, ""prev_return_max"": -0.15}",,,4.0,3,55.9185943308655,-0.9944081405669134,-0.25076948532793686,-0.6025605727576631,-0.9969909951257446,268,235,0.05920035343494588,3,False,-0.5129547712716261,5028.041706366486,-0.4971958293633514,-0.20457767721616682,-0.36857711715002783,-0.4971958293633514,45,37,0.059445178335535004,3,False,-0.3968861774986485,16853.604497731332,0.6853604497731332,0.19059677482414972,0.7512705096925888,-0.19338331816875165,66,60,0.08753315649867374,3,False,-0.1301359093181301,9619.469074743896,-0.0380530925256104,-0.038351603887423535,0.006968009229127854,-0.2056951850795531,41,36,0.164,2,False,-0.08047104353640695,-0.23398345560763523,0.1438586956521739
882,7fdc1a696fcc,oversold_5d_reversal,"{""family"": ""oversold_5d_reversal"", ""max_abs_gap"": 0.05, ""min_adv20"": 50000000.0, ""momentum_column"": ""mom5"", ""momentum_max"": -0.2}",0.02,,4.0,3,2.1982529929797647,-0.999780174700702,-0.37428281731557167,-0.627750068921872,-0.9998465028429054,1864,1169,0.41175171195051913,3,False,-0.08800000000000001,5049.724410371193,-0.49502755896288075,-0.20343744485834847,-0.14735497243879161,-0.687435693868348,258,162,0.34081902245706736,3,False,-0.08800000000000001,2285.2034027069285,-0.7714796597293072,-0.3894215587663038,-0.7304201547137804,-0.8225311004196966,406,245,0.5384615384615384,3,False,-0.08800000000000001,11015.371911478436,0.10153719114784354,0.1023897286692621,0.4537148500305743,-0.35326543345334016,185,106,0.74,3,False,-0.08800000000000001,-0.48039509648308043,0.14163043478260867
883,56e51a7a32c6,prior_day_crash_rebound,"{""family"": ""prior_day_crash_rebound"", ""max_abs_gap"": 0.01, ""min_adv20"": 50000000.0, ""prev_return_max"": -0.15}",,0.04,4.0,3,453.62439808136367,-0.9546375601918636,-0.1581714377988842,-0.5083978253638176,-0.9663608895703288,268,235,0.05920035343494588,3,False,-0.5129547712716261,4946.912723592376,-0.5053087276407624,-0.20887335569007892,-0.7027745188611141,-0.5053087276407624,45,37,0.059445178335535004,3,False,-0.33999008118119395,12112.123782763561,0.2112123782763562,0.06613863412773946,0.42428843713100367,-0.25206315767094534,66,60,0.08753315649867374,3,False,-0.1301359093181301,11159.17428520806,0.115917428520806,0.11689698086261413,0.522154390758603,-0.18472875649828513,41,36,0.164,2,False,-0.08047104353640695,-0.19437669349729647,0.13972826086956522
884,dc02fb10bc44,oversold_3d_reversal,"{""family"": ""oversold_3d_reversal"", ""max_abs_gap"": 0.05, ""min_adv20"": 50000000.0, ""momentum_column"": ""mom3"", ""momentum_max"": -0.2}",,,3.0,3,1.5713550388860071,-0.9998428644961114,-0.38586790954439454,-0.38791818933119604,-0.9999581721886225,984,704,0.21736249171636846,3,False,-0.705190307642844,566.6015567438475,-0.9433398443256152,-0.6154304481655424,-0.5392350032174035,-0.9439601026253981,150,97,0.19815059445178335,3,False,-0.8424325453776086,6638.973917814308,-0.3361026082185692,-0.12794670528505392,-0.15469993261045376,-0.4797859857747643,217,150,0.28779840848806365,3,False,-0.1556507936507936,11546.335696068467,0.1546335696068466,0.15596246753051024,0.514348705729767,-0.28699064895821513,109,73,0.436,3,False,-0.220067056025814,-0.15131681388620744,0.13785326086956523
885,bdd1d95c3f2c,prior_day_crash_rebound,"{""family"": ""prior_day_crash_rebound"", ""max_abs_gap"": 0.05, ""min_adv20"": 50000000.0, ""prev_return_max"": -0.1}",,,3.0,5,0.752328106494081,-0.9999247671893506,-0.4105376493424002,-0.6774484891799321,-0.9999537851670989,1937,1116,0.4278771813563066,5,False,-0.6379468334032666,5657.990995936253,-0.4342009004063747,-0.17270005514556974,-0.2194885103462575,-0.5580690374752709,298,185,0.39365918097754293,5,False,-0.3130436016308721,11746.809927419996,0.17468099274199966,0.055281849641842795,0.32607271007654576,-0.34692534816426757,427,258,0.5663129973474801,5,False,-0.10448710028306425,7119.93719867661,-0.288006280132339,-0.2899384890253389,-0.641389019661929,-0.35504920976238097,202,105,0.808,5,False,-0.1604011561250868,-0.45795997883367456,0.13752717391304348
886,8486bd00cb94,prior_day_crash_rebound,"{""family"": ""prior_day_crash_rebound"", ""max_abs_gap"": 0.05, ""min_adv20"": 20000000.0, ""prev_return_max"": -0.1}",,,4.0,5,0.002033538865583428,-0.9999997966461135,-0.5758717937317924,-0.6290969255797053,-0.9999998971341971,2297,1289,0.5074000441793682,5,False,-0.9344977312509158,4152.072701439714,-0.5847927298560285,-0.25368344690497313,-0.17750108794817293,-0.6979802610935443,311,187,0.4108322324966975,5,False,-0.4173914688411628,11164.25968895272,0.11642596889527201,0.037494014654636754,0.2915629039676073,-0.457818852887407,431,260,0.5716180371352785,5,False,-0.13931613371075233,6133.513814183718,-0.38664861858162825,-0.38904246899592043,-0.6413890196619292,-0.4488064498146601,202,105,0.808,5,False,-0.21386820816678237,-0.4515958376315324,0.13603260869565217
887,fe3307e645b6,oversold_3d_reversal,"{""family"": ""oversold_3d_reversal"", ""max_abs_gap"": 0.05, ""min_adv20"": 20000000.0, ""momentum_column"": ""mom3"", ""momentum_max"": -0.2}",,,3.0,3,0.24092206977401406,-0.9999759077930226,-0.44674222778578454,-0.4751277986222783,-0.9999943368428483,1141,796,0.2520432957808703,3,False,-0.705190307642844,518.5505610067395,-0.948144943899326,-0.6266097631209289,-0.5833080181300031,-0.9487126008100657,150,97,0.19815059445178335,3,False,-0.8424325453776086,6542.036894811446,-0.3457963105188554,-0.13222316081833152,-0.1670485017245234,-0.4797859857747643,218,151,0.2891246684350133,3,False,-0.1556507936507936,11546.335696068467,0.1546335696068466,0.15596246753051024,0.514348705729767,-0.28699064895821513,109,73,0.436,3,False,-0.220067056025814,-0.10818021950772483,0.13350543478260868
888,089ab2b4aab5,oversold_5d_reversal,"{""family"": ""oversold_5d_reversal"", ""max_abs_gap"": 0.01, ""min_adv20"": 50000000.0, ""momentum_column"": ""mom5"", ""momentum_max"": -0.2}",,,1.0,3,3309.2756427726194,-0.669072435722738,-0.05970213053048379,-0.28891346596698003,-0.7668351051285561,1022,757,0.22575657168102495,3,False,-0.18529012353099397,5548.579010245645,-0.44514209897543555,-0.17806040162486647,-0.8123643815901542,-0.4557040344702138,144,101,0.190224570673712,3,False,-0.28081084845920284,10553.417281883825,0.055341728188382566,0.01816552331076937,0.20035776047156637,-0.19938342032390866,235,169,0.3116710875331565,3,False,-0.051883597883597865,12509.248457049278,0.2509248457049278,0.2531673413354645,1.1062643397160772,-0.058893954640065194,119,80,0.476,3,False,-0.030761403463834897,-0.5234509156231741,0.13304347826086957
889,f8be557fd27c,oversold_5d_reversal,"{""family"": ""oversold_5d_reversal"", ""max_abs_gap"": 0.01, ""min_adv20"": 20000000.0, ""momentum_column"": ""mom5"", ""momentum_max"": -0.2}",,,1.0,3,2038.0340756458636,-0.7961965924354136,-0.08473561917617745,-0.37522575021993665,-0.8629441131147642,1237,881,0.27324939253368674,3,False,-0.18529012353099397,5548.579010245645,-0.44514209897543555,-0.17806040162486647,-0.8123643815901542,-0.4557040344702138,144,101,0.190224570673712,3,False,-0.28081084845920284,10617.999994829648,0.061799999482964774,0.020243727068226303,0.21558980316900025,-0.19938342032390866,236,169,0.3129973474801061,3,False,-0.051883597883597865,12509.248457049278,0.2509248457049278,0.2531673413354645,1.1062643397160772,-0.058893954640065194,119,80,0.476,3,False,-0.030761403463834897,-0.4371386313702176,0.13141304347826088
890,96ecb9436c7e,oversold_3d_reversal,"{""family"": ""oversold_3d_reversal"", ""max_abs_gap"": 0.03, ""min_adv20"": 50000000.0, ""momentum_column"": ""mom3"", ""momentum_max"": -0.2}",,,2.0,3,50.79081618483354,-0.9949209183815166,-0.2547701719090856,-0.6035826212906474,-0.9975527043894149,856,637,0.18908769604594655,3,False,-0.4701268717618959,3428.241764490943,-0.6571758235509058,-0.2997896305663633,-0.474608681306417,-0.6596869156475871,122,88,0.16116248348745046,3,False,-0.5616216969184057,6422.205778892847,-0.35777942211071534,-0.13756832535699326,-0.4965779777224625,-0.4571141170150671,204,142,0.27055702917771884,3,False,-0.10376719576719573,11059.758052305151,0.10597580523051509,0.1068673864967824,0.4444056173687436,-0.18677394745052456,106,72,0.424,3,False,-0.15607637923634443,-0.12897393998423046,0.12538043478260869
891,bdd1d95c3f2c,prior_day_crash_rebound,"{""family"": ""prior_day_crash_rebound"", ""max_abs_gap"": 0.05, ""min_adv20"": 50000000.0, ""prev_return_max"": -0.1}",,,4.0,5,0.005968613557405738,-0.9999994031386442,-0.5496732479841198,-0.6774484891799322,-0.9999996708530329,1937,1116,0.4278771813563066,5,False,-0.8505957778710223,4086.0405482958727,-0.5913959451704127,-0.25765569533225674,-0.2194885103462576,-0.7047691953511079,298,185,0.39365918097754293,5,False,-0.4173914688411628,11655.225092003217,0.16552250920032163,0.0525248805599452,0.3260727100765459,-0.43821098199226927,427,258,0.5663129973474801,5,False,-0.13931613371075233,6133.513814183718,-0.38664861858162825,-0.38904246899592043,-0.6413890196619292,-0.4488064498146601,202,105,0.808,5,False,-0.21386820816678237,-0.45795997883367456,0.11853260869565216
892,021ce8ad71a1,oversold_3d_reversal,"{""family"": ""oversold_3d_reversal"", ""max_abs_gap"": 0.03, ""min_adv20"": 50000000.0, ""momentum_column"": ""mom3"", ""momentum_max"": -0.12}",,,1.0,3,33.26731366122403,-0.9966732686338776,-0.2721185873597045,-0.982235782580596,-0.9975984987800822,3633,2015,0.802518223989397,3,False,-0.23506343588094794,6537.733198332571,-0.34622668016674285,-0.13192548793044545,-0.3229103506316626,-0.4659160790443512,583,328,0.7701453104359313,3,False,-0.28081084845920284,5852.990769596774,-0.4147009230403226,-0.16390889818304277,-0.8035104270110347,-0.5202304600047689,831,427,1.1021220159151193,3,False,-0.0724090395256537,8178.5479717432545,-0.1821452028256746,-0.18345971687506346,-0.5477719965017883,-0.2716468215731823,341,169,1.364,3,False,-0.07803818961817222,-0.6593254319489333,0.11391304347826085
893,089ab2b4aab5,oversold_5d_reversal,"{""family"": ""oversold_5d_reversal"", ""max_abs_gap"": 0.01, ""min_adv20"": 50000000.0, ""momentum_column"": ""mom5"", ""momentum_max"": -0.2}",,,1.5,3,1572.2411725965674,-0.8427758827403433,-0.0978610527319187,-0.28891346596698014,-0.9057705499943732,1022,757,0.22575657168102495,3,False,-0.27793518529649097,3844.9015435463984,-0.6155098456453602,-0.2725365177215041,-0.8123643815901541,-0.6264134766836192,144,101,0.190224570673712,3,False,-0.4212162726888043,10639.0312551889,0.06390312551888999,0.020918673909919416,0.20035776047156628,-0.2858863983158574,235,169,0.3116710875331565,3,False,-0.0778253968253968,13783.624101174395,0.37836241011743943,0.3819054453192816,1.1062643397160767,-0.08752867979175782,119,80,0.476,3,False,-0.04614210519575235,-0.5234509156231739,0.11108695652173911
894,f8be557fd27c,oversold_5d_reversal,"{""family"": ""oversold_5d_reversal"", ""max_abs_gap"": 0.01, ""min_adv20"": 20000000.0, ""momentum_column"": ""mom5"", ""momentum_max"": -0.2}",,,1.5,3,715.4870215418617,-0.9284512978458138,-0.13654390982980502,-0.37522575021993676,-0.9599430916134686,1237,881,0.27324939253368674,3,False,-0.27793518529649097,3844.9015435463984,-0.6155098456453602,-0.2725365177215041,-0.8123643815901541,-0.6264134766836192,144,101,0.190224570673712,3,False,-0.4212162726888043,10736.341178745768,0.07363411787457674,0.024030087409755208,0.21558980316900006,-0.2858863983158574,236,169,0.3129973474801061,3,False,-0.0778253968253968,13783.624101174395,0.37836241011743943,0.3819054453192816,1.1062643397160767,-0.08752867979175782,119,80,0.476,3,False,-0.04614210519575235,-0.43713863137021736,0.10945652173913045
895,96ecb9436c7e,oversold_3d_reversal,"{""family"": ""oversold_3d_reversal"", ""max_abs_gap"": 0.03, ""min_adv20"": 50000000.0, ""momentum_column"": ""mom3"", ""momentum_max"": -0.2}",,,3.0,3,1.143999968222218,-0.9998856000031778,-0.3966235899656213,-0.6035826212906475,-0.9999587292032259,856,637,0.18908769604594655,3,False,-0.705190307642844,948.8013537385089,-0.9051198646261491,-0.5434284805716068,-0.4746086813064169,-0.9061585167574343,122,88,0.16116248348745046,3,False,-0.8424325453776086,4826.365087094763,-0.5173634912905236,-0.21610061755339172,-0.49657797772246237,-0.6174732997822856,204,142,0.27055702917771884,3,False,-0.1556507936507936,11081.803138273472,0.10818031382734716,0.10909134026198886,0.4444056173687433,-0.27111231398348123,106,72,0.424,3,False,-0.23411456885451665,-0.12897393998423062,0.10850543478260868
896,994a822c44eb,oversold_3d_reversal,"{""family"": ""oversold_3d_reversal"", ""max_abs_gap"": 0.05, ""min_adv20"": 50000000.0, ""momentum_column"": ""mom3"", ""momentum_max"": -0.12}",,,1.0,3,29.393660514145633,-0.9970606339485855,-0.2771173539409698,-0.8796038676344891,-0.9980485579135933,3839,2081,0.8480229732714822,3,False,-0.23506343588094794,5729.312608876465,-0.42706873911235355,-0.1692429752556608,-0.3909846159274586,-0.5120248294040314,623,342,0.8229854689564069,3,False,-0.28081084845920284,5823.916864878427,-0.4176083135121573,-0.16529926007572004,-0.7202331662833326,-0.5351862830221983,864,439,1.1458885941644563,3,False,-0.0724090395256537,8728.355229267607,-0.1271644770732393,-0.12811366251699663,-0.32212913464884546,-0.24240268185992342,353,173,1.412,3,False,-0.073355685341938,-0.48861925170703047,0.10016304347826085
897,089ab2b4aab5,oversold_5d_reversal,"{""family"": ""oversold_5d_reversal"", ""max_abs_gap"": 0.01, ""min_adv20"": 50000000.0, ""momentum_column"": ""mom5"", ""momentum_max"": -0.2}",,,2.0,3,652.496133324565,-0.9347503866675435,-0.14096216709005005,-0.28891346596698003,-0.9664727072955278,1022,757,0.22575657168102495,3,False,-0.37058024706198794,2474.4860512238647,-0.7525513948776135,-0.3718036535490383,-0.8123643815901542,-0.7618443639909407,144,101,0.190224570673712,3,False,-0.5616216969184057,10595.624586738906,0.05956245867389054,0.0195246651619152,0.20035776047156637,-0.36443174960395874,235,169,0.3116710875331565,3,False,-0.10376719576719573,15059.708479537745,0.5059708479537746,0.5109117462863788,1.1062643397160772,-0.11562176907114374,119,80,0.476,3,False,-0.061522806927669794,-0.5234509156231741,0.09586956521739132
898,f8be557fd27c,oversold_5d_reversal,"{""family"": ""oversold_5d_reversal"", ""max_abs_gap"": 0.01, ""min_adv20"": 20000000.0, ""momentum_column"": ""mom5"", ""momentum_max"": -0.2}",,,2.0,3,209.53391043219438,-0.9790466089567805,-0.19359922553590547,-0.37522575021993665,-0.9901463486028578,1237,881,0.27324939253368674,3,False,-0.37058024706198794,2474.4860512238647,-0.7525513948776135,-0.3718036535490383,-0.8123643815901542,-0.7618443639909407,144,101,0.190224570673712,3,False,-0.5616216969184057,10724.3803086616,0.07243803086616007,0.0236486620953118,0.21558980316900025,-0.36443174960395874,236,169,0.3129973474801061,3,False,-0.10376719576719573,15059.708479537745,0.5059708479537746,0.5109117462863788,1.1062643397160772,-0.11562176907114374,119,80,0.476,3,False,-0.061522806927669794,-0.4371386313702176,0.0942391304347826
899,089ab2b4aab5,oversold_5d_reversal,"{""family"": ""oversold_5d_reversal"", ""max_abs_gap"": 0.01, ""min_adv20"": 50000000.0, ""momentum_column"": ""mom5"", ""momentum_max"": -0.2}",,,3.0,3,71.77600072460677,-0.9928223999275393,-0.24028459512343148,-0.28891346596698014,-0.9972305908333041,1022,757,0.22575657168102495,3,False,-0.5558703705929819,616.527314306707,-0.9383472685693293,-0.6044662015624951,-0.8123643815901541,-0.9417736684566661,144,101,0.190224570673712,3,False,-0.8424325453776086,10141.409736476822,0.014140973647682298,0.004704086053771039,0.20035776047156628,-0.4999730493401787,235,169,0.3116710875331565,3,False,-0.1556507936507936,17581.20855989397,0.758120855989397,0.7660748894544134,1.1062643397160767,-0.17018458034704265,119,80,0.476,3,False,-0.0922842103915047,-0.5234509156231739,0.08760869565217388
900,f8be557fd27c,oversold_5d_reversal,"{""family"": ""oversold_5d_reversal"", ""max_abs_gap"": 0.01, ""min_adv20"": 20000000.0, ""momentum_column"": ""mom5"", ""momentum_max"": -0.2}",,,3.0,3,9.656215000871182,-0.9990343784999128,-0.32055195962857885,-0.37522575021993676,-0.9996717426348413,1237,881,0.27324939253368674,3,False,-0.5558703705929819,616.527314306707,-0.9383472685693293,-0.6044662015624951,-0.8123643815901541,-0.9417736684566661,144,101,0.190224570673712,3,False,-0.8424325453776086,10324.953033329464,0.03249530333294648,0.010745091808536555,0.21558980316900006,-0.4999730493401787,236,169,0.3129973474801061,3,False,-0.1556507936507936,17581.20855989397,0.758120855989397,0.7660748894544134,1.1062643397160767,-0.17018458034704265,119,80,0.476,3,False,-0.0922842103915047,-0.43713863137021736,0.08597826086956523
901,021ce8ad71a1,oversold_3d_reversal,"{""family"": ""oversold_3d_reversal"", ""max_abs_gap"": 0.03, ""min_adv20"": 50000000.0, ""momentum_column"": ""mom3"", ""momentum_max"": -0.12}",,,1.5,3,1.0929515016421474,-0.9998907048498358,-0.39815488276015343,-0.9822357825805963,-0.9999317149313341,3633,2015,0.802518223989397,3,False,-0.352595153821422,4681.947529392144,-0.5318052470607856,-0.22323919461596642,-0.3229103506316629,-0.6188911182314263,583,328,0.7701453104359313,3,False,-0.4212162726888043,4282.489283364691,-0.5717510716635309,-0.24680669562034063,-0.8035104270110347,-0.6786053562398429,831,427,1.1021220159151193,3,False,-0.10861355928848054,7186.40527579773,-0.2813594724202271,-0.2832564405215757,-0.5477719965017883,-0.38239591610536383,341,169,1.364,3,False,-0.11705728442725832,-0.6593254319489334,0.08508152173913044
902,994a822c44eb,oversold_3d_reversal,"{""family"": ""oversold_3d_reversal"", ""max_abs_gap"": 0.05, ""min_adv20"": 50000000.0, ""momentum_column"": ""mom3"", ""momentum_max"": -0.12}",,,1.5,3,0.8033218608913667,-0.9999196678139108,-0.40838174329866284,-0.8796038676344895,-0.9999553720295588,3839,2081,0.8480229732714822,3,False,-0.352595153821422,3743.0840747466473,-0.6256915925253352,-0.2790068878085338,-0.39098461592745887,-0.682209646871226,623,342,0.8229854689564069,3,False,-0.4212162726888043,4211.7109355841385,-0.5788289064415861,-0.2509902430126354,-0.7202331662833327,-0.6960677410733198,864,439,1.1458885941644563,3,False,-0.10861355928848054,7921.079728690707,-0.20789202713092925,-0.20936750527429038,-0.32212913464884574,-0.34479872421252744,353,173,1.412,3,False,-0.110033528012907,-0.48861925170703063,0.07508152173913044
903,021ce8ad71a1,oversold_3d_reversal,"{""family"": ""oversold_3d_reversal"", ""max_abs_gap"": 0.03, ""min_adv20"": 50000000.0, ""momentum_column"": ""mom3"", ""momentum_max"": -0.12}",,,2.0,3,0.02400158482919725,-0.999997599841517,-0.5134018953260264,-0.982235782580596,-0.9999986891793242,3633,2015,0.802518223989397,3,False,-0.4701268717618959,3008.33302077599,-0.6991666979224009,-0.32959329670010284,-0.3229103506316626,-0.7562524734023794,583,328,0.7701453104359313,3,False,-0.5616216969184057,3040.4796290931617,-0.6959520370906838,-0.3282770335776566,-0.8035104270110347,-0.7895308626090535,831,427,1.1021220159151193,3,False,-0.1448180790513074,6202.005667578017,-0.37979943324219834,-0.38216512967702,-0.5477719965017883,-0.4785855634582553,341,169,1.364,3,False,-0.15607637923634443,-0.6593254319489333,0.07201086956521739
904,994a822c44eb,oversold_3d_reversal,"{""family"": ""oversold_3d_reversal"", ""max_abs_gap"": 0.05, ""min_adv20"": 50000000.0, ""momentum_column"": ""mom3"", ""momentum_max"": -0.12}",,,2.0,3,0.013476319083649147,-0.9999986523680916,-0.528787620181856,-0.8796038676344891,-0.9999993647319172,3839,2081,0.8480229732714822,3,False,-0.4701268717618959,2152.2861355608284,-0.7847713864439172,-0.4003096183934667,-0.3909846159274586,-0.8265551266151242,623,342,0.8229854689564069,3,False,-0.5616216969184057,2937.1383763364524,-0.7062861623663548,-0.3359955006047274,-0.7202331662833326,-0.8068230442683564,864,439,1.1458885941644563,3,False,-0.1448180790513074,7059.392903657416,-0.29406070963425834,-0.29602458440174784,-0.32212913464884546,-0.44213372269257567,353,173,1.412,3,False,-0.146711370683876,-0.48861925170703047,0.06505434782608696
905,021ce8ad71a1,oversold_3d_reversal,"{""family"": ""oversold_3d_reversal"", ""max_abs_gap"": 0.03, ""min_adv20"": 50000000.0, ""momentum_column"": ""mom3"", ""momentum_max"": -0.12}",,,3.0,3,2.894458780933061e-06,-0.9999999997105541,-0.7055350751647734,-0.9822357825805963,-0.9999999998761511,3633,2015,0.802518223989397,3,False,-0.705190307642844,666.5456275577033,-0.9333454372442297,-0.5940606022362074,-0.3229103506316629,-0.9510456232582583,583,328,0.7701453104359313,3,False,-0.8424325453776086,1398.122378870624,-0.8601877621129376,-0.48188490792378924,-0.8035104270110347,-0.915821201819697,831,427,1.1021220159151193,3,False,-0.2172271185769611,4385.568265876871,-0.5614431734123129,-0.564325558996809,-0.5477719965017883,-0.6584638609775255,341,169,1.364,3,False,-0.23411456885451665,-0.6593254319489334,0.058559782608695654
906,994a822c44eb,oversold_3d_reversal,"{""family"": ""oversold_3d_reversal"", ""max_abs_gap"": 0.05, ""min_adv20"": 50000000.0, ""momentum_column"": ""mom3"", ""momentum_max"": -0.12}",,,3.0,3,7.158023201800682e-07,-0.9999999999284198,-0.7275687817510054,-0.8796038676344895,-0.9999999999748543,3839,2081,0.8480229732714822,3,False,-0.705190307642844,356.78394488193277,-0.9643216055118067,-0.6703099347573376,-0.39098461592745887,-0.9740044378337392,623,342,0.8229854689564069,3,False,-0.8424325453776086,1278.3002117380254,-0.8721699788261974,-0.49717013725853565,-0.7202331662833327,-0.9284811148334082,864,439,1.1458885941644563,3,False,-0.2172271185769611,5322.309787669868,-0.4677690212330132,-0.47044758803415965,-0.32212913464884574,-0.6233391089437631,353,173,1.412,3,False,-0.220067056025814,-0.48861925170703063,0.05567934782608695
907,d44ea1e15914,gap_down_reversal,"{""family"": ""gap_down_reversal"", ""gap_max"": -0.08, ""min_adv20"": 20000000.0, ""prev_return_max"": -0.05}",,0.02,1.5,3,14146.15915051772,0.4146159150517721,0.01949581078007756,0.2973393453307657,-0.20323298639960907,168,131,0.03711066931742876,3,False,-0.18421198630708358,10076.839696774809,0.007683969677480862,0.0025514115215494737,0.0724569065155264,-0.11723100069223014,31,21,0.04095112285336856,3,False,-0.08101397256123793,9933.951325413553,-0.0066048674586447476,-0.0022123337655194364,0.01155555332515477,-0.14285276696495586,29,19,0.038461538461538464,3,False,-0.1014213483146067,10307.980302264048,0.030798030226404816,0.03104820053452695,1.633045009628876,-0.005490548148390673,7,5,0.028,3,False,-0.0054905481483907975,-0.22488243881523934,-1.0
908,d44ea1e15914,gap_down_reversal,"{""family"": ""gap_down_reversal"", ""gap_max"": -0.08, ""min_adv20"": 20000000.0, ""prev_return_max"": -0.05}",,0.02,3.0,3,17555.985635682708,0.7555985635682707,0.03182530635199732,0.2973393453307657,-0.39871044485079754,168,131,0.03711066931742876,3,False,-0.36842397261416715,9985.232758770808,-0.0014767241229192152,-0.0004918334617203257,0.0724569065155264,-0.23193415790131688,31,21,0.04095112285336856,3,False,-0.16202794512247587,9667.999120961784,-0.03320008790382167,-0.011220996345525314,0.01155555332515477,-0.2775712039483268,29,19,0.038461538461538464,3,False,-0.2028426966292134,10621.740931748831,0.062174093174883094,0.06268676122397521,1.633045009628876,-0.010981096296781678,7,5,0.028,3,False,-0.010981096296781595,-0.22488243881523934,-1.0
909,d44ea1e15914,gap_down_reversal,"{""family"": ""gap_down_reversal"", ""gap_max"": -0.08, ""min_adv20"": 20000000.0, ""prev_return_max"": -0.05}",,0.02,1.0,3,12764.261038296394,0.2764261038296394,0.013678781333629653,0.29733934533076584,-0.13631517189603082,168,131,0.03711066931742876,3,False,-0.12280799087138905,10069.077238752177,0.006907723875217764,0.002294254816690877,0.07245690651552623,-0.07836463883664002,31,21,0.04095112285336856,3,False,-0.05400931504082529,9977.134383274059,-0.002286561672594112,-0.0007647913784305516,0.011555553325154781,-0.09611048035284275,29,19,0.038461538461538464,3,False,-0.06761423220973779,10204.678572871322,0.020467857287132185,0.02063327796698422,1.6330450096288758,-0.0036603654322604484,7,5,0.028,3,False,-0.0036603654322605317,-0.22488243881523962,-1.0
910,d44ea1e15914,gap_down_reversal,"{""family"": ""gap_down_reversal"", ""gap_max"": -0.08, ""min_adv20"": 20000000.0, ""prev_return_max"": -0.05}",,0.02,2.0,3,15453.98623397951,0.5453986233979511,0.024526344829316038,0.29733934533076584,-0.26928919542213037,168,131,0.03711066931742876,3,False,-0.2456159817427781,10065.854089639497,0.006585408963949657,0.0021874386461957496,0.07245690651552623,-0.15581596754545934,31,21,0.04095112285336856,3,False,-0.10801863008165058,9868.52587996312,-0.013147412003688075,-0.00441346834873424,0.011555553325154781,-0.18869086918347278,29,19,0.038461538461538464,3,False,-0.13522846441947559,10411.924309258207,0.0411924309258207,0.04152872061391322,1.6330450096288758,-0.007320730864520897,7,5,0.028,3,False,-0.007320730864521063,-0.22488243881523962,-1.0
911,d44ea1e15914,gap_down_reversal,"{""family"": ""gap_down_reversal"", ""gap_max"": -0.08, ""min_adv20"": 20000000.0, ""prev_return_max"": -0.05}",,0.02,4.0,3,18403.800089347747,0.8403800089347748,0.034537749442856924,0.29733934533076584,-0.5243644181374354,168,131,0.03711066931742876,3,False,-0.4912319634855562,9822.975309822326,-0.017702469017767397,-0.005928171077779765,0.07245690651552623,-0.3063132274310949,31,21,0.04095112285336856,3,False,-0.21603726016330116,9370.22686671971,-0.06297731332802903,-0.021505495603504787,0.011555553325154781,-0.3625905635646586,29,19,0.038461538461538464,3,False,-0.27045692883895117,10834.13170357281,0.08341317035728091,0.08410778624320292,1.6330450096288758,-0.014641461729042127,7,5,0.028,3,False,-0.014641461729042127,-0.22488243881523962,-1.0
912,e01ec9ad1e07,oversold_5d_reversal,"{""family"": ""oversold_5d_reversal"", ""max_abs_gap"": 0.05, ""min_adv20"": 50000000.0, ""momentum_column"": ""mom5"", ""momentum_max"": -0.2}",,,4.0,3,1.1788559545146634e-05,-0.9999999988211441,-0.6815920533119397,-0.40962929222105676,-0.9999999996103925,1864,1169,0.41175171195051913,3,False,-0.91954321696784,0.0,-1.0,-1.0,-0.2915021408420923,-1.0,258,162,0.34081902245706736,3,True,-1.1232433938368114,3380.949290550234,-0.6619050709449766,-0.30402045749308926,-0.13463473375122353,-0.8076332534575779,406,245,0.5384615384615384,3,False,-0.3140954560648086,7641.129965611655,-0.2358870034388345,-0.23752984808007827,0.185546789605287,-0.4932631732138635,185,106,0.74,3,False,-0.3244088150751298,-0.11812715137896446,-1.0
913,e21ba93123fd,oversold_5d_reversal,"{""family"": ""oversold_5d_reversal"", ""max_abs_gap"": 0.05, ""min_adv20"": 20000000.0, ""momentum_column"": ""mom5"", ""momentum_max"": -0.2}",,,4.0,3,1.8096154130217906e-07,-0.9999999999819038,-0.7476445110126619,-0.4740088690016801,-0.9999999999952821,2136,1296,0.47183565275016565,3,False,-0.91954321696784,0.0,-1.0,-1.0,-0.2915021408420923,-1.0,258,162,0.34081902245706736,3,True,-1.1232433938368114,3263.073285722308,-0.6736926714277692,-0.3122262898546041,-0.1498945276391126,-0.8076332534575779,410,245,0.5437665782493368,3,False,-0.3140954560648086,7641.129965611655,-0.2358870034388345,-0.23752984808007827,0.185546789605287,-0.4932631732138635,185,106,0.74,3,False,-0.3244088150751298,-0.1825067281595878,-1.0
914,021ce8ad71a1,oversold_3d_reversal,"{""family"": ""oversold_3d_reversal"", ""max_abs_gap"": 0.03, ""min_adv20"": 50000000.0, ""momentum_column"": ""mom3"", ""momentum_max"": -0.12}",,,4.0,3,1.8834335524214866e-11,-0.9999999999999981,-0.8485339412193782,-0.982235782580596,-0.9999999999999993,3633,2015,0.802518223989397,3,False,-0.9402537435237918,0.0,-1.0,-1.0,-0.3229103506316626,-1.0,583,328,0.7701453104359313,3,True,-1.1232433938368114,566.8766860041353,-0.9433123313995865,-0.6168277346382345,-0.8035104270110347,-0.9694279749691995,831,427,1.1021220159151193,3,False,-0.2896361581026148,2898.4276664302442,-0.7101572333569756,-0.7130146243724214,-0.5477719965017883,-0.79087527807552,341,169,1.364,3,False,-0.31215275847268886,-0.6593254319489333,-1.0
915,994a822c44eb,oversold_3d_reversal,"{""family"": ""oversold_3d_reversal"", ""max_abs_gap"": 0.05, ""min_adv20"": 50000000.0, ""momentum_column"": ""mom3"", ""momentum_max"": -0.12}",,,4.0,3,1.3020599788309428e-12,-0.9999999999999999,-0.8694655975163739,-0.8796038676344891,-1.0,3839,2081,0.8480229732714822,3,False,-0.9402537435237918,0.0,-1.0,-1.0,-0.3909846159274586,-1.0,623,342,0.8229854689564069,3,True,-1.1232433938368114,477.5640658426281,-0.9522435934157372,-0.638166103751022,-0.7202331662833326,-0.9765401711980938,864,439,1.1458885941644563,3,False,-0.2896361581026148,3750.7903336537797,-0.624920966634622,-0.6278519305443166,-0.32212913464884546,-0.7612017036100296,353,173,1.412,3,False,-0.293422741367752,-0.48861925170703047,-1.0
916,96ecb9436c7e,oversold_3d_reversal,"{""family"": ""oversold_3d_reversal"", ""max_abs_gap"": 0.03, ""min_adv20"": 50000000.0, ""momentum_column"": ""mom3"", ""momentum_max"": -0.2}",,,4.0,3,0.004731259664670426,-0.9999995268740335,-0.5554596035196266,-0.6035826212906474,-0.9999998672308977,856,637,0.18908769604594655,3,False,-0.9402537435237918,0.0,-1.0,-1.0,-0.474608681306417,-1.0,122,88,0.16116248348745046,3,True,-1.1232433938368114,3473.4400624148907,-0.6526559937585109,-0.2977141979834459,-0.4965779777224625,-0.7392938607901461,204,142,0.27055702917771884,3,False,-0.20753439153439146,10761.1107162681,0.07611107162681008,0.07674275063452196,0.4444056173687436,-0.3494197978398904,106,72,0.424,3,False,-0.31215275847268886,-0.12897393998423046,-1.0
917,dc02fb10bc44,oversold_3d_reversal,"{""family"": ""oversold_3d_reversal"", ""max_abs_gap"": 0.05, ""min_adv20"": 50000000.0, ""momentum_column"": ""mom3"", ""momentum_max"": -0.2}",,,4.0,3,0.003949405654336453,-0.9999996050594345,-0.5599069496048346,-0.387918189331196,-0.99999992171162,984,704,0.21736249171636846,3,False,-0.9402537435237918,0.0,-1.0,-1.0,-0.5392350032174034,-1.0,150,97,0.19815059445178335,3,True,-1.1232433938368114,5242.410585744555,-0.47575894142554453,-0.1941348762095697,-0.15469993261045392,-0.6118634093234783,217,150,0.28779840848806365,3,False,-0.20753439153439146,11399.920520298496,0.13999205202984966,0.1411875843194632,0.5143487057297673,-0.36806954926505897,109,73,0.436,3,False,-0.293422741367752,-0.15131681388620738,-1.0
918,fe3307e645b6,oversold_3d_reversal,"{""family"": ""oversold_3d_reversal"", ""max_abs_gap"": 0.05, ""min_adv20"": 20000000.0, ""momentum_column"": ""mom3"", ""momentum_max"": -0.2}",,,4.0,3,0.00021249581482633557,-0.9999999787504186,-0.6259804909665625,-0.4751277986222784,-0.999999996418642,1141,796,0.2520432957808703,3,False,-0.9402537435237918,0.0,-1.0,-1.0,-0.583308018130003,-1.0,150,97,0.19815059445178335,3,True,-1.1232433938368114,5140.3498994935935,-0.48596501005064063,-0.19941270304245606,-0.1670485017245235,-0.6118634093234783,218,151,0.2891246684350133,3,False,-0.20753439153439146,11399.920520298496,0.13999205202984966,0.1411875843194632,0.5143487057297673,-0.36806954926505897,109,73,0.436,3,False,-0.293422741367752,-0.1081802195077246,-1.0
919,089ab2b4aab5,oversold_5d_reversal,"{""family"": ""oversold_5d_reversal"", ""max_abs_gap"": 0.01, ""min_adv20"": 50000000.0, ""momentum_column"": ""mom5"", ""momentum_max"": -0.2}",,,4.0,3,3.76770556548856,-0.9996232294434512,-0.3552313897110664,-0.28891346596698003,-0.999888002907778,1022,757,0.22575657168102495,3,False,-0.7411604941239759,0.0,-1.0,-1.0,-0.8123643815901542,-1.0,144,101,0.190224570673712,3,True,-1.1232433938368114,9265.341554297973,-0.07346584457020267,-0.02517982016117637,0.20035776047156637,-0.610356256203293,235,169,0.3116710875331565,3,False,-0.20753439153439146,20001.319182289444,1.0001319182289445,1.0112548738172435,1.1062643397160772,-0.22258859840958267,119,80,0.476,3,False,-0.12304561385533959,-0.5234509156231741,-1.0
920,f8be557fd27c,oversold_5d_reversal,"{""family"": ""oversold_5d_reversal"", ""max_abs_gap"": 0.01, ""min_adv20"": 20000000.0, ""momentum_column"": ""mom5"", ""momentum_max"": -0.2}",,,4.0,3,0.1490585350618604,-0.9999850941464938,-0.4613333811737349,-0.37522575021993665,-0.999996229193752,1237,881,0.27324939253368674,3,False,-0.7411604941239759,0.0,-1.0,-1.0,-0.8123643815901542,-1.0,144,101,0.190224570673712,3,True,-1.1232433938368114,9487.35085945555,-0.051264914054445,-0.017434646840678525,0.21558980316900025,-0.610356256203293,236,169,0.3129973474801061,3,False,-0.20753439153439146,20001.319182289444,1.0001319182289445,1.0112548738172435,1.1062643397160772,-0.22258859840958267,119,80,0.476,3,False,-0.12304561385533959,-0.4371386313702176,-1.0
