policy_rank,variant_id,family,base_config_json,stop_loss,take_profit,leverage,max_positions,train_final_equity,train_total_return,train_cagr,train_sharpe,train_max_drawdown,train_trades,train_traded_days,train_average_positions,train_max_positions_used,train_blown_up,train_worst_day,validation_final_equity,validation_total_return,validation_cagr,validation_sharpe,validation_max_drawdown,validation_trades,validation_traded_days,validation_average_positions,validation_max_positions_used,validation_blown_up,validation_worst_day,diagnostic_2025_final_equity,diagnostic_2025_total_return,diagnostic_2025_cagr,diagnostic_2025_sharpe,diagnostic_2025_max_drawdown,diagnostic_2025_trades,diagnostic_2025_traded_days,diagnostic_2025_average_positions,diagnostic_2025_max_positions_used,diagnostic_2025_blown_up,diagnostic_2025_worst_day,y2021_return,y2021_sharpe,y2021_max_drawdown,y2021_trades,y2022_return,y2022_sharpe,y2022_max_drawdown,y2022_trades,y2023_return,y2023_sharpe,y2023_max_drawdown,y2023_trades,y2024_return,y2024_sharpe,y2024_max_drawdown,y2024_trades,y2025_return,y2025_sharpe,y2025_max_drawdown,y2025_trades,policy_sharpe_stability,policy_positive_year_share_2021_2024,policy_worst_year_return_2021_2024,policy_selection_score
1,2dcede8980c5,gap_down_reversal,"{""family"": ""gap_down_reversal"", ""gap_max"": -0.04, ""market_prev_return_max"": null, ""min_adv20"": 50000000.0, ""mom3_max"": -0.05, ""prev_return_max"": -0.02}",,0.06,3.0,7,17039.74496803057,0.7039744968030568,0.19525825381260153,0.9177078561358599,-0.22017832994927622,131,65,0.17397078353253653,7,False,-0.14375014778418485,11678.300952065429,0.1678300952065428,0.16711416529138723,1.0293018186756007,-0.06951777957986582,36,23,0.1422924901185771,7,False,-0.03829565018573095,16448.030257114173,0.6448030257114172,0.6513639799312574,2.0090964539231337,-0.049825438197465544,49,21,0.196,7,False,-0.031154926668947893,0.13542570866232073,0.9565475131710166,-0.07347054840893719,30,0.20712232787424623,0.7549534841224014,-0.22017832994927622,67,0.24323458755137706,1.4126630045628399,-0.12072406029214688,34,0.1678300952065428,1.0293018186756007,-0.06951777957986582,36,0.6448030257114172,2.0090964539231337,-0.049825438197465544,49,-0.11159396253974074,1.0,0.13542570866232073,0.7676920995670995
2,6616ec9875f0,relative_weakness_reversal,"{""family"": ""relative_weakness_reversal"", ""gap_max"": -0.04, ""market_prev_return_max"": 0.0, ""min_adv20"": 50000000.0, ""mom3_max"": -0.05, ""prev_return_percentile_max"": 0.15}",,0.08,2.5,5,18642.25661877668,0.8642256618776678,0.23175799084341797,0.9702531378406443,-0.15060403878256878,96,48,0.12749003984063745,5,False,-0.10149016533438919,11436.725745705842,0.14367257457058424,0.14306589003120007,0.9813517194611564,-0.0691313010976744,21,14,0.08300395256916997,5,False,-0.044678258550019445,17604.884952955665,0.7604884952955664,0.7684722800732429,2.150918521300971,-0.04970814439910287,40,19,0.16,5,False,-0.036347414447105875,0.15732709267393008,0.9402086536469223,-0.08571563981042662,22,0.33210094583351646,1.005373274839434,-0.150604038782569,47,0.20921973189166154,1.1206881314981314,-0.14347167500482472,27,0.14367257457058424,0.9813517194611564,-0.0691313010976744,21,0.7604884952955664,2.150918521300971,-0.04970814439910287,40,-0.011098581620512138,1.0,0.14367257457058424,0.7663771645021645
3,2dcede8980c5,gap_down_reversal,"{""family"": ""gap_down_reversal"", ""gap_max"": -0.04, ""market_prev_return_max"": null, ""min_adv20"": 50000000.0, ""mom3_max"": -0.05, ""prev_return_max"": -0.02}",,0.06,2.5,7,15742.816484701825,0.5742816484701825,0.16400775557443503,0.9177078561358596,-0.18554724381860166,131,65,0.17397078353253653,7,False,-0.11979178982015405,11399.669564333299,0.1399669564333299,0.1393768529095687,1.0293018186756009,-0.058030534577583226,36,23,0.1422924901185771,7,False,-0.03191304182144246,15203.81119032864,0.520381119032864,0.5254855120557824,2.0090964539231333,-0.04162272079359075,49,21,0.196,7,False,-0.02596243889078991,0.11319125785897066,0.9565475131710167,-0.06122545700744764,30,0.17737418994902177,0.754953484122401,-0.18554724381860188,67,0.20115245897714407,1.41266300456284,-0.10105022601359914,34,0.1399669564333299,1.0293018186756009,-0.058030534577583226,36,0.520381119032864,2.0090964539231333,-0.04162272079359075,49,-0.1115939625397413,1.0,0.11319125785897066,0.7658143939393939
4,6616ec9875f0,relative_weakness_reversal,"{""family"": ""relative_weakness_reversal"", ""gap_max"": -0.04, ""market_prev_return_max"": 0.0, ""min_adv20"": 50000000.0, ""mom3_max"": -0.05, ""prev_return_percentile_max"": 0.15}",,0.08,3.0,5,20717.542709160673,1.0717542709160672,0.27604557207674474,0.9702531378406443,-0.17966187617024654,96,48,0.12749003984063745,5,False,-0.12178819840126705,11719.127556342886,0.17191275563428854,0.17117816772273553,0.9813517194611558,-0.08266245174949827,21,14,0.08300395256916997,5,False,-0.05361391026002334,19552.328788172814,0.9552328788172815,0.9657490731507434,2.1509185213009716,-0.05956286583835513,40,19,0.16,5,False,-0.04361689733652705,0.18774071307213047,0.9402086536469222,-0.10285876777251202,22,0.39436335223042507,1.0053732748394337,-0.17966187617024676,47,0.2509519823631743,1.1206881314981312,-0.17093999140162397,27,0.17191275563428854,0.9813517194611558,-0.08266245174949827,21,0.9552328788172815,2.1509185213009716,-0.05956286583835513,40,-0.011098581620511583,1.0,0.17191275563428854,0.7655925324675324
5,2dcede8980c5,gap_down_reversal,"{""family"": ""gap_down_reversal"", ""gap_max"": -0.04, ""market_prev_return_max"": null, ""min_adv20"": 50000000.0, ""mom3_max"": -0.05, ""prev_return_max"": -0.02}",,0.06,3.0,10,15112.302862703738,0.5112302862703739,0.14819337789252018,0.8453645378451883,-0.1757938519902329,146,65,0.19389110225763612,10,False,-0.1204072889115863,11524.141718927765,0.1524141718927765,0.15176818563409733,1.0702520861722309,-0.0488110587584889,39,23,0.1541501976284585,10,False,-0.02680695513001167,13851.255657147523,0.3851255657147523,0.3887403636326914,1.5241555109533265,-0.05952985830314084,55,21,0.22,10,False,-0.05952985830314084,0.10415332781390929,1.0285917142988072,-0.05142938388625595,33,0.223225385982315,0.8636601316350401,-0.1757938519902329,76,0.11890902633064782,1.0339779837870477,-0.08518246796895956,37,0.1524141718927765,1.0702520861722309,-0.0488110587584889,39,0.3851255657147523,1.5241555109533265,-0.05952985830314084,55,-0.2248875483270426,1.0,0.10415332781390929,0.7632196969696969
6,2dcede8980c5,gap_down_reversal,"{""family"": ""gap_down_reversal"", ""gap_max"": -0.04, ""market_prev_return_max"": null, ""min_adv20"": 50000000.0, ""mom3_max"": -0.05, ""prev_return_max"": -0.02}",,0.06,2.5,10,14199.146618775409,0.4199146618775409,0.12449178937208227,0.8453645378451884,-0.14769032514535352,146,65,0.19389110225763612,10,False,-0.10033940742632193,11269.027099071813,0.12690270990718133,0.1263706839931673,1.0702520861722309,-0.04072287076822512,39,23,0.1541501976284585,10,False,-0.022339129275009723,13162.133370612311,0.3162133370612312,0.31910964999153935,1.5241555109533262,-0.04960821525261738,55,21,0.22,10,False,-0.04960821525261737,0.08682927354740766,1.0285917142988068,-0.04285781990521331,33,0.18861252778310966,0.8636601316350401,-0.14769032514535374,76,0.0991592341305465,1.033977983787048,-0.07120434276817,37,0.12690270990718133,1.0702520861722309,-0.04072287076822512,39,0.3162133370612312,1.5241555109533262,-0.04960821525261738,55,-0.2248875483270425,1.0,0.08682927354740766,0.7589664502164502
7,740a4d43b9a7,gap_down_reversal,"{""family"": ""gap_down_reversal"", ""gap_max"": -0.04, ""market_prev_return_max"": null, ""min_adv20"": 50000000.0, ""mom3_max"": -0.05, ""prev_return_max"": -0.02}",,,3.0,7,22767.7519770178,1.27677519770178,0.31698626596793655,0.9360886805874167,-0.24291835550008045,131,65,0.17397078353253653,7,False,-0.14711380669087534,11708.887316939275,0.1708887316939276,0.17015882889696954,0.9442583578753947,-0.0790576466874171,36,23,0.1422924901185771,7,False,-0.03829565018573095,19544.463606305155,0.9544463606305156,0.9649519999812397,1.8710398213158044,-0.049825438197465655,49,21,0.196,7,False,-0.031154926668947893,0.15269366384284622,0.9610984859895736,-0.07347054840893696,30,0.4695324169149979,1.0506270235671733,-0.231105726775225,67,0.3440860542763795,0.953563913527888,-0.24291835550008056,34,0.1708887316939276,0.9442583578753947,-0.0790576466874171,36,0.9544463606305156,1.8710398213158044,-0.049825438197465655,49,-0.008169677287978017,1.0,0.15269366384284622,0.7588365800865801
8,6616ec9875f0,relative_weakness_reversal,"{""family"": ""relative_weakness_reversal"", ""gap_max"": -0.04, ""market_prev_return_max"": 0.0, ""min_adv20"": 50000000.0, ""mom3_max"": -0.05, ""prev_return_percentile_max"": 0.15}",,0.08,2.0,5,16672.631876940126,0.6672631876940125,0.18657778522026613,0.9702531378406439,-0.12117662269761076,96,48,0.12749003984063745,5,False,-0.08119213226751136,11152.16922339587,0.11521692233958691,0.11473634126227994,0.9813517194611563,-0.055501780589946925,21,14,0.08300395256916997,5,False,-0.03574260684001555,15810.549234132635,0.5810549234132636,0.5868597060775749,2.150918521300971,-0.0398241062567849,40,19,0.16,5,False,-0.0290779315576847,0.12648038760514924,0.940208653646922,-0.06857251184834101,22,0.2679391952754091,1.0053732748394335,-0.12117662269761098,47,0.16729896150730195,1.1206881314981312,-0.11559736290386058,27,0.11521692233958691,0.9813517194611563,-0.055501780589946925,21,0.5810549234132636,2.150918521300971,-0.0398241062567849,40,-0.01109858162051236,1.0,0.11521692233958691,0.7587743506493506
9,2dcede8980c5,gap_down_reversal,"{""family"": ""gap_down_reversal"", ""gap_max"": -0.04, ""market_prev_return_max"": null, ""min_adv20"": 50000000.0, ""mom3_max"": -0.05, ""prev_return_max"": -0.02}",,0.06,2.0,7,14489.080911304505,0.4489080911304506,0.13212438511235525,0.9177078561358595,-0.15010293864914948,131,65,0.17397078353253653,7,False,-0.09583343185612324,11120.267091476697,0.11202670914766966,0.11156008896151937,1.0293018186756007,-0.04650214289749843,36,23,0.1422924901185771,7,False,-0.02553043345715397,14030.886753045212,0.4030886753045211,0.40689536963727324,2.0090964539231337,-0.033379486661276325,49,21,0.196,7,False,-0.02076995111263193,0.09078964765235464,0.9565475131710169,-0.04898036560595809,30,0.14545234264143958,0.7549534841224012,-0.15010293864914925,67,0.15963898023847012,1.41266300456284,-0.08119765476032748,34,0.11202670914766966,1.0293018186756007,-0.04650214289749843,36,0.4030886753045211,2.0090964539231337,-0.033379486661276325,49,-0.11159396253974119,1.0,0.09078964765235464,0.7585416666666667
10,6616ec9875f0,relative_weakness_reversal,"{""family"": ""relative_weakness_reversal"", ""gap_max"": -0.04, ""market_prev_return_max"": 0.0, ""min_adv20"": 50000000.0, ""mom3_max"": -0.05, ""prev_return_percentile_max"": 0.15}",,0.08,3.0,10,15723.25174033058,0.5723251740330579,0.16352343510812983,0.8250475956216354,-0.15579667078069082,119,48,0.15803452855245684,10,False,-0.12746181953811364,11483.59635963573,0.14835963596357304,0.14773191122941687,1.080164898626837,-0.041773890226315835,26,14,0.10276679841897234,10,False,-0.02680695513001167,14257.431364887989,0.4257431364887989,0.4297944926261934,1.6146937519257982,-0.037360210686139705,50,19,0.2,10,False,-0.03736021068613986,0.12200334894537024,1.1454427676675856,-0.05142938388625584,27,0.2901902610167657,0.939669183966323,-0.15579667078069082,62,0.08616162648475112,0.7540839140832214,-0.08731504722581385,30,0.14835963596357304,1.080164898626837,-0.041773890226315835,26,0.4257431364887989,1.6146937519257982,-0.037360210686139705,50,-0.25511730300520163,1.0,0.08616162648475112,0.7570211038961039
11,740a4d43b9a7,gap_down_reversal,"{""family"": ""gap_down_reversal"", ""gap_max"": -0.04, ""market_prev_return_max"": null, ""min_adv20"": 50000000.0, ""mom3_max"": -0.05, ""prev_return_max"": -0.02}",,,2.5,7,20283.219467487448,1.0283219467487448,0.2670298529877799,0.9360886805874166,-0.20496050174690084,131,65,0.17397078353253653,7,False,-0.12259483890906282,11429.109349460776,0.14291093494607754,0.1423076622722388,0.9442583578753948,-0.06611123421320675,36,23,0.1422924901185771,7,False,-0.03191304182144246,17629.881166915304,0.7629881166915304,0.771003339233973,1.8710398213158048,-0.04162272079359086,49,21,0.196,7,False,-0.02596243889078991,0.12762745127757902,0.9610984859895733,-0.061225457007447526,30,0.3938440615905079,1.0506270235671733,-0.1949298473299017,67,0.2904971827073024,0.9535639135278884,-0.20496050174690084,34,0.14291093494607754,0.9442583578753948,-0.06611123421320675,36,0.7629881166915304,1.8710398213158048,-0.04162272079359086,49,-0.008169677287978239,1.0,0.12762745127757902,0.7570075757575759
12,6616ec9875f0,relative_weakness_reversal,"{""family"": ""relative_weakness_reversal"", ""gap_max"": -0.04, ""market_prev_return_max"": 0.0, ""min_adv20"": 50000000.0, ""mom3_max"": -0.05, ""prev_return_percentile_max"": 0.15}",,0.08,3.0,7,17343.713775250268,0.7343713775250267,0.2023519674217069,0.8828996429712759,-0.16506745396514932,106,48,0.1407702523240372,7,False,-0.12417358397278476,11476.54756146118,0.14765475614611812,0.14703020043040227,1.0311399120866316,-0.05940596704683887,23,14,0.09090909090909091,7,False,-0.03829565018573095,15624.03860592984,0.562403860592984,0.5679913041451623,1.8574738061326745,-0.042651093459268985,44,19,0.176,7,False,-0.031154926668947893,0.15229045723323265,1.036582018031155,-0.07347054840893696,24,0.32419445662415947,0.9662908175174001,-0.16506745396514932,53,0.13665421556092272,0.8569784254466989,-0.1236029972857805,29,0.14765475614611812,1.0311399120866316,-0.05940596704683887,23,0.562403860592984,1.8574738061326745,-0.042651093459268985,44,-0.1482402691153557,1.0,0.13665421556092272,0.7567126623376623
13,6616ec9875f0,relative_weakness_reversal,"{""family"": ""relative_weakness_reversal"", ""gap_max"": -0.04, ""market_prev_return_max"": 0.0, ""min_adv20"": 50000000.0, ""mom3_max"": -0.05, ""prev_return_percentile_max"": 0.15}",,0.08,2.5,7,15993.178662607257,0.5993178662607257,0.17017035809915781,0.8828996429712758,-0.13823811012868903,106,48,0.1407702523240372,7,False,-0.1034779866439873,11230.965372531535,0.12309653725315339,0.12258132002004896,1.0311399120866318,-0.049630444294011644,23,14,0.09090909090909091,7,False,-0.03191304182144246,14563.025246745552,0.4563025246745551,0.460688517339082,1.8574738061326745,-0.03557917999314508,44,19,0.176,7,False,-0.02596243889078991,0.12700070544455722,1.0365820180311547,-0.061225457007447526,24,0.2730005302477929,0.9662908175174,-0.13823811012868892,53,0.11476164151941282,0.8569784254466994,-0.10352644716923365,29,0.12309653725315339,1.0311399120866318,-0.049630444294011644,23,0.4563025246745551,1.8574738061326745,-0.03557917999314508,44,-0.14824026911535604,1.0,0.11476164151941282,0.754366883116883
14,2dcede8980c5,gap_down_reversal,"{""family"": ""gap_down_reversal"", ""gap_max"": -0.04, ""market_prev_return_max"": null, ""min_adv20"": 50000000.0, ""mom3_max"": -0.05, ""prev_return_max"": -0.02}",,0.06,3.0,5,19798.833007806068,0.9798833007806067,0.2568220975206641,0.9423434425091702,-0.2805723928873699,121,65,0.16069057104913678,5,False,-0.1790439752070309,11862.32167555449,0.18623216755544902,0.18543169804253345,0.9647958951227096,-0.09691262183462057,34,23,0.13438735177865613,5,False,-0.05361391026002334,17809.146786321126,0.7809146786321126,0.7891562025628529,1.9096603145240518,-0.0693470652976741,45,21,0.18,5,False,-0.04361689733652705,0.17279452435762366,0.8942386642178431,-0.1028587677725118,28,0.1911547224408594,0.6488925348060934,-0.2805723928873699,61,0.41725985678882815,1.5477255176416105,-0.16721201570378774,32,0.18623216755544902,0.9647958951227096,-0.09691262183462057,34,0.7809146786321126,1.9096603145240518,-0.0693470652976741,45,-0.022452452613539342,1.0,0.17279452435762366,0.7539799783549783
15,7875f7bc4c9c,gap_down_reversal,"{""family"": ""gap_down_reversal"", ""gap_max"": -0.04, ""market_prev_return_max"": null, ""min_adv20"": 50000000.0, ""mom3_max"": -0.05, ""prev_return_max"": -0.02}",,0.08,3.0,7,18596.639674121092,0.8596639674121092,0.2307484764155403,0.9478035186190733,-0.2201783299492761,131,65,0.17397078353253653,7,False,-0.14375014778418485,11545.108099584382,0.15451080995843824,0.15385535846677456,0.9432924902254257,-0.0790576466874171,36,23,0.1422924901185771,7,False,-0.03829565018573095,17170.959573743177,0.7170959573743176,0.7245386108539242,2.0037781696387547,-0.04982543819746543,49,21,0.196,7,False,-0.031154926668947893,0.13203107989264518,0.8959313185610829,-0.07347054840893696,30,0.3069517037705496,0.9027622356282498,-0.2201783299492761,67,0.25694590238361625,1.3988935210876494,-0.120724060292147,34,0.15451080995843824,0.9432924902254257,-0.0790576466874171,36,0.7170959573743176,2.0037781696387547,-0.04982543819746543,49,-0.004511028393647587,1.0,0.13203107989264518,0.7536904761904761
16,2dcede8980c5,gap_down_reversal,"{""family"": ""gap_down_reversal"", ""gap_max"": -0.04, ""market_prev_return_max"": null, ""min_adv20"": 50000000.0, ""mom3_max"": -0.05, ""prev_return_max"": -0.02}",,0.06,2.5,5,17959.854679303226,0.7959854679303227,0.2164809873679665,0.9423434425091701,-0.23741934065087766,121,65,0.16069057104913678,5,False,-0.14920331267252573,11558.74803207998,0.15587480320799796,0.15521318594919942,0.9647958951227098,-0.0809627586587407,34,23,0.13438735177865613,5,False,-0.044678258550019445,16281.68829778923,0.628168829778923,0.634530510752161,1.9096603145240523,-0.057987707992294024,45,21,0.18,5,False,-0.036347414447105875,0.14512902273158734,0.8942386642178429,-0.08571563981042662,28,0.16807057405378223,0.6488925348060932,-0.23741934065087789,61,0.34270100240618273,1.5477255176416107,-0.1402191575959706,32,0.15587480320799796,0.9647958951227098,-0.0809627586587407,34,0.628168829778923,1.9096603145240523,-0.057987707992294024,45,-0.022452452613539675,1.0,0.14512902273158734,0.7535362554112555
17,6616ec9875f0,relative_weakness_reversal,"{""family"": ""relative_weakness_reversal"", ""gap_max"": -0.04, ""market_prev_return_max"": 0.0, ""min_adv20"": 50000000.0, ""mom3_max"": -0.05, ""prev_return_percentile_max"": 0.15}",,0.08,2.5,10,14699.20822686636,0.46992082268663604,0.13759275441698127,0.8250475956216359,-0.13034264636623505,119,48,0.15803452855245684,10,False,-0.10621818294842802,11234.8462228319,0.12348462228319002,0.12296769352415637,1.080164898626837,-0.03487305634853621,26,14,0.10276679841897234,10,False,-0.022339129275009723,13483.77733603355,0.3483777336033551,0.35160585610815653,1.614693751925798,-0.03113350890511657,50,19,0.2,10,False,-0.03113350890511655,0.1015025065858759,1.1454427676675851,-0.0428578199052132,27,0.24442130830025044,0.9396691839663233,-0.13034264636623494,62,0.07236100580618254,0.7540839140832215,-0.07302026058509781,30,0.12348462228319002,1.080164898626837,-0.03487305634853621,26,0.3483777336033551,1.614693751925798,-0.03113350890511657,50,-0.2551173030052012,1.0,0.07236100580618254,0.7531682900432901
18,740a4d43b9a7,gap_down_reversal,"{""family"": ""gap_down_reversal"", ""gap_max"": -0.04, ""market_prev_return_max"": null, ""min_adv20"": 50000000.0, ""mom3_max"": -0.05, ""prev_return_max"": -0.02}",,,3.0,10,19264.96621011105,0.9264966210111052,0.2453772524926745,0.8816391079763223,-0.18368262450670036,146,65,0.19389110225763612,10,False,-0.1204072889115863,11615.760250290983,0.1615760250290983,0.16088856761104342,0.9946929347381767,-0.055687609901447055,39,23,0.1541501976284585,10,False,-0.02680695513001167,15806.122536451388,0.5806122536451388,0.5864118572058346,1.5545233267124756,-0.050675004826893355,55,21,0.22,10,False,-0.05067500482689337,0.11640591978395709,1.026234413049201,-0.05142938388625584,33,0.4478370621061347,1.082560836070382,-0.1836826245067006,76,0.19186325659011083,0.7734820727983779,-0.17387253320115992,37,0.1615760250290983,0.9946929347381767,-0.055687609901447055,39,0.5806122536451388,1.5545233267124756,-0.050675004826893355,55,-0.11305382676185438,1.0,0.11640591978395709,0.7521969696969697
19,6616ec9875f0,relative_weakness_reversal,"{""family"": ""relative_weakness_reversal"", ""gap_max"": -0.04, ""market_prev_return_max"": 0.0, ""min_adv20"": 50000000.0, ""mom3_max"": -0.05, ""prev_return_percentile_max"": 0.15}",,0.08,1.75,5,15730.450892368042,0.5730450892368042,0.16370169495867248,0.9702531378406442,-0.10632775418951212,96,48,0.12749003984063745,5,False,-0.07104311573407245,11009.203035564891,0.10092030355648918,0.10050200517592534,0.9813517194611562,-0.04865013164011933,21,14,0.08300395256916997,5,False,-0.031274780985013614,14968.180688963466,0.4968180688963466,0.5016557011420981,2.1509185213009716,-0.03487117486463098,40,19,0.16,5,False,-0.025443190112974114,0.11091442436423526,0.9402086536469223,-0.060000947867298704,22,0.23526544768349256,1.0053732748394337,-0.1063277541895119,47,0.14630522452274786,1.1206881314981312,-0.10150733100402998,27,0.10092030355648918,0.9813517194611562,-0.04865013164011933,21,0.4968180688963466,2.1509185213009716,-0.03487117486463098,40,-0.011098581620512027,1.0,0.10092030355648918,0.7514285714285713
20,7aa4d3414d11,relative_weakness_reversal,"{""family"": ""relative_weakness_reversal"", ""gap_max"": -0.04, ""market_prev_return_max"": 0.0, ""min_adv20"": 20000000.0, ""mom3_max"": -0.05, ""prev_return_percentile_max"": 0.15}",,0.08,2.5,5,18063.63834204313,0.8063638342043131,0.21882901961339352,0.9234699976006742,-0.17696758679043434,97,48,0.12881806108897742,5,False,-0.10149016533438919,11436.725745705842,0.14367257457058424,0.14306589003120007,0.9813517194611564,-0.0691313010976744,21,14,0.08300395256916997,5,False,-0.044678258550019445,17604.884952955665,0.7604884952955664,0.7684722800732429,2.150918521300971,-0.04970814439910287,40,19,0.16,5,False,-0.036347414447105875,0.15732709267393008,0.9402086536469223,-0.08571563981042662,22,0.2907552026933331,0.9074273970495252,-0.17696758679043456,48,0.20921973189166154,1.1206881314981314,-0.14347167500482472,27,0.14367257457058424,0.9813517194611564,-0.0691313010976744,21,0.7604884952955664,2.150918521300971,-0.04970814439910287,40,-0.05788172186048224,1.0,0.14367257457058424,0.7507819264069263
21,2dcede8980c5,gap_down_reversal,"{""family"": ""gap_down_reversal"", ""gap_max"": -0.04, ""market_prev_return_max"": null, ""min_adv20"": 50000000.0, ""mom3_max"": -0.05, ""prev_return_max"": -0.02}",,0.06,2.0,5,16185.96315115781,0.618596315115781,0.17487209711018625,0.9423434425091702,-0.19285415762724867,121,65,0.16069057104913678,5,False,-0.11936265013802058,11251.690576366382,0.12516905763663821,0.12464469409825618,0.9647958951227097,-0.06492789113564879,34,23,0.13438735177865613,5,False,-0.03574260684001555,14848.606892185831,0.48486068921858316,0.48956409509407095,1.909660314524052,-0.04654920881939295,45,21,0.18,5,False,-0.0290779315576847,0.11692271954927724,0.894238664217843,-0.06857251184834123,28,0.141063295234771,0.6488925348060935,-0.1928541576272489,61,0.27000574832587954,1.5477255176416105,-0.11287597501769486,32,0.12516905763663821,0.9647958951227097,-0.06492789113564879,34,0.48486068921858316,1.909660314524052,-0.04654920881939295,45,-0.022452452613539453,1.0,0.11692271954927724,0.7503273809523809
22,740a4d43b9a7,gap_down_reversal,"{""family"": ""gap_down_reversal"", ""gap_max"": -0.04, ""market_prev_return_max"": null, ""min_adv20"": 50000000.0, ""mom3_max"": -0.05, ""prev_return_max"": -0.02}",,,2.5,10,17524.441657392777,0.7524441657392777,0.2065304713019498,0.8816391079763221,-0.15442287408957123,146,65,0.19389110225763612,10,False,-0.10033940742632193,11347.774505619233,0.13477745056192325,0.13421048809634706,0.9946929347381767,-0.04651857762561329,39,23,0.1541501976284585,10,False,-0.022339129275009723,14732.525738203052,0.4732525738203053,0.47782641906149625,1.5545233267124754,-0.04222917068907772,55,21,0.22,10,False,-0.042229170689077805,0.09704450891291838,1.026234413049201,-0.0428578199052132,33,0.37367479884377097,1.082560836070382,-0.15442287408957134,76,0.16288297158161802,0.7734820727983777,-0.14614143559006987,37,0.13477745056192325,0.9946929347381767,-0.04651857762561329,39,0.4732525738203053,1.5545233267124754,-0.04222917068907772,55,-0.1130538267618546,1.0,0.09704450891291838,0.7500974025974025
23,7aa4d3414d11,relative_weakness_reversal,"{""family"": ""relative_weakness_reversal"", ""gap_max"": -0.04, ""market_prev_return_max"": 0.0, ""min_adv20"": 20000000.0, ""mom3_max"": -0.05, ""prev_return_percentile_max"": 0.15}",,0.08,3.0,5,19943.73339021676,0.994373339021676,0.2598929216005619,0.9234699976006742,-0.21030186537242868,97,48,0.12881806108897742,5,False,-0.12178819840126705,11719.127556342886,0.17191275563428854,0.17117816772273553,0.9813517194611558,-0.08266245174949827,21,14,0.08300395256916997,5,False,-0.05361391026002334,19552.328788172814,0.9552328788172815,0.9657490731507434,2.1509185213009716,-0.05956286583835513,40,19,0.16,5,False,-0.04361689733652705,0.18774071307213047,0.9402086536469222,-0.10285876777251202,22,0.34228326864634817,0.9074273970495251,-0.21030186537242856,48,0.2509519823631743,1.1206881314981312,-0.17093999140162397,27,0.17191275563428854,0.9813517194611558,-0.08266245174949827,21,0.9552328788172815,2.1509185213009716,-0.05956286583835513,40,-0.05788172186048168,1.0,0.17191275563428854,0.7500405844155844
24,7875f7bc4c9c,gap_down_reversal,"{""family"": ""gap_down_reversal"", ""gap_max"": -0.04, ""market_prev_return_max"": null, ""min_adv20"": 50000000.0, ""mom3_max"": -0.05, ""prev_return_max"": -0.02}",,0.08,2.5,7,16970.517918062596,0.6970517918062595,0.19363095262433605,0.9478035186190734,-0.18554724381860166,131,65,0.17397078353253653,7,False,-0.11979178982015405,11291.917505787402,0.1291917505787401,0.12864959151557964,0.9432924902254258,-0.06611123421320675,36,23,0.1422924901185771,7,False,-0.03191304182144246,15771.10193456345,0.577110193456345,0.5828688593544056,2.0037781696387547,-0.04162272079359086,49,21,0.196,7,False,-0.02596243889078991,0.11055241524897363,0.8959313185610828,-0.061225457007447526,30,0.2603338809268534,0.9027622356282499,-0.18554724381860188,67,0.2124683880361553,1.3988935210876496,-0.10105022601359925,34,0.1291917505787401,0.9432924902254258,-0.06611123421320675,36,0.577110193456345,2.0037781696387547,-0.04162272079359086,49,-0.004511028393647587,1.0,0.11055241524897363,0.7497808441558441
25,740a4d43b9a7,gap_down_reversal,"{""family"": ""gap_down_reversal"", ""gap_max"": -0.04, ""market_prev_return_max"": null, ""min_adv20"": 50000000.0, ""mom3_max"": -0.05, ""prev_return_max"": -0.02}",,,2.0,7,17923.313835153705,0.7923313835153705,0.21565212803826395,0.9360886805874165,-0.16599986434891678,131,65,0.17397078353253653,7,False,-0.09807587112725025,11146.936953914801,0.11469369539148011,0.11421540650507311,0.9442583578753946,-0.053072487393510226,36,23,0.1422924901185771,7,False,-0.02553043345715397,15852.966181110933,0.5852966181110932,0.5911510781492724,1.8710398213158042,-0.0333794866612761,49,21,0.196,7,False,-0.02076995111263193,0.10237119464557343,0.9610984859895737,-0.0489803656059582,30,0.3165264292590928,1.050627023567173,-0.15782888638182047,67,0.23498269135429406,0.9535639135278884,-0.1659998643489169,34,0.11469369539148011,0.9442583578753946,-0.053072487393510226,36,0.5852966181110932,1.8710398213158042,-0.0333794866612761,49,-0.008169677287978128,1.0,0.10237119464557343,0.7497077922077922
26,2dcede8980c5,gap_down_reversal,"{""family"": ""gap_down_reversal"", ""gap_max"": -0.04, ""market_prev_return_max"": null, ""min_adv20"": 50000000.0, ""mom3_max"": -0.05, ""prev_return_max"": -0.02}",,0.06,1.75,7,13880.146969746285,0.38801469697462854,0.11597326522383389,0.9177078561358596,-0.13207281690690587,131,65,0.17397078353253653,7,False,-0.08385425287410783,10980.35672305829,0.0980356723058291,0.09762985243732847,1.0293018186756004,-0.04072287076822512,36,23,0.1422924901185771,7,False,-0.022339129275009723,13470.33966748144,0.3470339667481439,0.35024810171198717,2.0090964539231333,-0.02924265421855121,49,21,0.196,7,False,-0.018173707223552937,0.07953393251274421,0.9565475131710169,-0.04285781990521331,30,0.1287375098159802,0.7549534841224012,-0.13207281690690564,67,0.13910775671836761,1.41266300456284,-0.07120434276817,34,0.0980356723058291,1.0293018186756004,-0.04072287076822512,36,0.3470339667481439,2.0090964539231333,-0.02924265421855121,49,-0.11159396253974085,1.0,0.07953393251274421,0.7491233766233766
27,2dcede8980c5,gap_down_reversal,"{""family"": ""gap_down_reversal"", ""gap_max"": -0.04, ""market_prev_return_max"": null, ""min_adv20"": 50000000.0, ""mom3_max"": -0.05, ""prev_return_max"": -0.02}",,0.06,2.0,10,13307.212463635291,0.3307212463635292,0.10034064109536156,0.8453645378451882,-0.11911389872189726,146,65,0.19389110225763612,10,False,-0.08027152594105753,11014.20354886695,0.10142035488669499,0.1009998903265843,1.0702520861722309,-0.03261535652480285,39,23,0.1541501976284585,10,False,-0.017871303420007777,12491.696658766139,0.24916966587661382,0.2513949583904074,1.5241555109533262,-0.03968657220209415,55,21,0.22,10,False,-0.039686572202093894,0.06947985208561014,1.0285917142988068,-0.03428625592417056,33,0.15278121826224833,0.86366013163504,-0.11911389872189748,76,0.07936316126557541,1.0339779837870482,-0.05713863644976558,37,0.10142035488669499,1.0702520861722309,-0.03261535652480285,39,0.24916966587661382,1.5241555109533262,-0.03968657220209415,55,-0.22488754832704272,1.0,0.06947985208561014,0.7470454545454545
28,c6f475cac1ef,gap_down_reversal,"{""family"": ""gap_down_reversal"", ""gap_max"": -0.04, ""market_prev_return_max"": null, ""min_adv20"": 20000000.0, ""mom3_max"": -0.05, ""prev_return_max"": -0.02}",,,3.0,7,22163.250838524687,1.2163250838524688,0.30517925547042646,0.9096418013738722,-0.25152045476481244,132,65,0.1752988047808765,7,False,-0.14711380669087534,11708.887316939275,0.1708887316939276,0.17015882889696954,0.9442583578753947,-0.0790576466874171,36,23,0.1422924901185771,7,False,-0.03829565018573095,19544.463606305155,0.9544463606305156,0.9649519999812397,1.8710398213158044,-0.049825438197465655,49,21,0.196,7,False,-0.031154926668947893,0.15269366384284622,0.9610984859895736,-0.07347054840893696,30,0.43051521310961793,0.989165516546766,-0.25152045476481244,68,0.3440860542763795,0.953563913527888,-0.24291835550008056,34,0.1708887316939276,0.9442583578753947,-0.0790576466874171,36,0.9544463606305156,1.8710398213158044,-0.049825438197465655,49,-0.03461655650152251,1.0,0.15269366384284622,0.7444967532467531
29,6616ec9875f0,relative_weakness_reversal,"{""family"": ""relative_weakness_reversal"", ""gap_max"": -0.04, ""market_prev_return_max"": 0.0, ""min_adv20"": 50000000.0, ""mom3_max"": -0.05, ""prev_return_percentile_max"": 0.15}",,0.08,2.0,7,14686.846553999369,0.46868465539993687,0.13727249845230127,0.8828996429712758,-0.11112887771598423,106,48,0.1407702523240372,7,False,-0.08278238931518984,10984.962245406276,0.09849622454062756,0.09808841438610294,1.0311399120866318,-0.039804732839192614,23,14,0.09090909090909091,7,False,-0.02553043345715397,13553.199185378126,0.35531991853781264,0.3586204758328526,1.8574738061326745,-0.028492498992283233,44,19,0.176,7,False,-0.02076995111263193,0.10164313374910616,1.0365820180311547,-0.0489803656059582,24,0.22034259201331863,0.9662908175173998,-0.1111288777159839,53,0.09246078468536711,0.8569784254466991,-0.0832412929230707,29,0.09849622454062756,1.0311399120866318,-0.039804732839192614,23,0.35531991853781264,1.8574738061326745,-0.028492498992283233,44,-0.14824026911535604,1.0,0.09246078468536711,0.7440097402597402
30,7aa4d3414d11,relative_weakness_reversal,"{""family"": ""relative_weakness_reversal"", ""gap_max"": -0.04, ""market_prev_return_max"": 0.0, ""min_adv20"": 20000000.0, ""mom3_max"": -0.05, ""prev_return_percentile_max"": 0.15}",,0.08,2.0,5,16259.802651466263,0.6259802651466264,0.17666306759149397,0.923469997600674,-0.14293707280878143,97,48,0.12881806108897742,5,False,-0.08119213226751136,11152.16922339587,0.11521692233958691,0.11473634126227994,0.9813517194611563,-0.055501780589946925,21,14,0.08300395256916997,5,False,-0.03574260684001555,15810.549234132635,0.5810549234132636,0.5868597060775749,2.150918521300971,-0.0398241062567849,40,19,0.16,5,False,-0.0290779315576847,0.12648038760514924,0.940208653646922,-0.06857251184834101,22,0.23654389069500437,0.907427397049525,-0.14293707280878165,48,0.16729896150730195,1.1206881314981312,-0.11559736290386058,27,0.11521692233958691,0.9813517194611563,-0.055501780589946925,21,0.5810549234132636,2.150918521300971,-0.0398241062567849,40,-0.05788172186048224,1.0,0.11521692233958691,0.7433630952380951
31,2dcede8980c5,gap_down_reversal,"{""family"": ""gap_down_reversal"", ""gap_max"": -0.04, ""market_prev_return_max"": null, ""min_adv20"": 50000000.0, ""mom3_max"": -0.05, ""prev_return_max"": -0.02}",,0.06,1.75,5,15328.342861710162,0.5328342861710162,0.15366064287787573,0.9423434425091701,-0.17003468086829798,121,65,0.16069057104913678,5,False,-0.10444231887076802,11097.035332853045,0.10970353328530447,0.1092470570362003,0.9647958951227099,-0.05687952841736532,34,23,0.13438735177865613,5,False,-0.031274780985013614,14166.546948111943,0.41665469481119444,0.42060754607323814,1.9096603145240523,-0.04080022177372311,45,21,0.18,5,False,-0.025443190112974114,0.10263762870685378,0.894238664217843,-0.06000094786729859,28,0.12618086669819473,0.6488925348060932,-0.17003468086829776,61,0.2343952796208273,1.5477255176416105,-0.09907301205213459,32,0.10970353328530447,0.9647958951227099,-0.05687952841736532,34,0.41665469481119444,1.9096603145240523,-0.04080022177372311,45,-0.022452452613539786,1.0,0.10263762870685378,0.7431926406926407
32,c6f475cac1ef,gap_down_reversal,"{""family"": ""gap_down_reversal"", ""gap_max"": -0.04, ""market_prev_return_max"": null, ""min_adv20"": 20000000.0, ""mom3_max"": -0.05, ""prev_return_max"": -0.02}",,,2.5,7,19835.336600490646,0.9835336600490645,0.2575971109101669,0.9096418013738718,-0.21270696248114374,132,65,0.1752988047808765,7,False,-0.12259483890906282,11429.109349460776,0.14291093494607754,0.1423076622722388,0.9442583578753948,-0.06611123421320675,36,23,0.1422924901185771,7,False,-0.03191304182144246,17629.881166915304,0.7629881166915304,0.771003339233973,1.8710398213158048,-0.04162272079359086,49,21,0.196,7,False,-0.02596243889078991,0.12762745127757902,0.9610984859895733,-0.061225457007447526,30,0.3630659656648436,0.9891655165467658,-0.21270696248114396,68,0.2904971827073024,0.9535639135278884,-0.20496050174690084,34,0.14291093494607754,0.9442583578753948,-0.06611123421320675,36,0.7629881166915304,1.8710398213158048,-0.04162272079359086,49,-0.034616556501522955,1.0,0.12762745127757902,0.7426569264069265
33,c6f475cac1ef,gap_down_reversal,"{""family"": ""gap_down_reversal"", ""gap_max"": -0.04, ""market_prev_return_max"": null, ""min_adv20"": 20000000.0, ""mom3_max"": -0.05, ""prev_return_max"": -0.02}",,,3.0,10,18908.20156295918,0.8908201562959182,0.23761093647209508,0.8594700249733959,-0.19879986775828495,147,65,0.1952191235059761,10,False,-0.1204072889115863,11615.760250290983,0.1615760250290983,0.16088856761104342,0.9946929347381767,-0.055687609901447055,39,23,0.1541501976284585,10,False,-0.02680695513001167,15806.122536451388,0.5806122536451388,0.5864118572058346,1.5545233267124756,-0.050675004826893355,55,21,0.22,10,False,-0.05067500482689337,0.11640591978395709,1.026234413049201,-0.05142938388625584,33,0.42102481271196845,1.035522226876437,-0.19879986775828506,77,0.19186325659011083,0.7734820727983779,-0.17387253320115992,37,0.1615760250290983,0.9946929347381767,-0.055687609901447055,39,0.5806122536451388,1.5545233267124756,-0.050675004826893355,55,-0.1352229097647808,1.0,0.11640591978395709,0.7424945887445886
34,740a4d43b9a7,gap_down_reversal,"{""family"": ""gap_down_reversal"", ""gap_max"": -0.04, ""market_prev_return_max"": null, ""min_adv20"": 50000000.0, ""mom3_max"": -0.05, ""prev_return_max"": -0.02}",,,1.75,7,16795.42637092114,0.679542637092114,0.18949531616163307,0.9360886805874163,-0.14614143559006976,131,65,0.17397078353253653,7,False,-0.08581638723634397,11005.042068753648,0.10050420687536477,0.10008771030866659,0.9442583578753947,-0.04651857762561329,36,23,0.1422924901185771,7,False,-0.022339129275009723,15014.207676968594,0.5014207676968594,0.5063102733955227,1.8710398213158042,-0.029242654218551434,49,21,0.196,7,False,-0.018173707223552937,0.08968059811522489,0.9610984859895736,-0.0428578199052132,30,0.2774001982378924,1.0506270235671729,-0.1389287313856281,67,0.20660420877185492,0.9535639135278883,-0.14614143559006976,34,0.10050420687536477,0.9442583578753947,-0.04651857762561329,36,0.5014207676968594,1.8710398213158042,-0.029242654218551434,49,-0.00816967728797835,1.0,0.08968059811522489,0.7418560606060606
35,740a4d43b9a7,gap_down_reversal,"{""family"": ""gap_down_reversal"", ""gap_max"": -0.04, ""market_prev_return_max"": null, ""min_adv20"": 50000000.0, ""mom3_max"": -0.05, ""prev_return_max"": -0.02}",,,2.0,10,15854.034724616085,0.5854034724616086,0.16675335473386266,0.8816391079763222,-0.12462630502425165,146,65,0.19389110225763612,10,False,-0.08027152594105753,11079.091627699516,0.10790916276995155,0.10746050837860954,0.9946929347381767,-0.037304513024309705,39,23,0.1541501976284585,10,False,-0.017871303420007777,13701.591573043375,0.37015915730433746,0.3736155093455744,1.5545233267124754,-0.0337833365512622,55,21,0.22,10,False,-0.03378333655126224,0.0776542424887634,1.0262344130492014,-0.03428625592417067,33,0.29895239082637937,1.082560836070382,-0.12462630502425154,76,0.1325754108192725,0.7734820727983774,-0.11791415425746743,37,0.10790916276995155,0.9946929347381767,-0.037304513024309705,39,0.37015915730433746,1.5545233267124754,-0.0337833365512622,55,-0.11305382676185449,1.0,0.0776542424887634,0.7417857142857142
36,7aa4d3414d11,relative_weakness_reversal,"{""family"": ""relative_weakness_reversal"", ""gap_max"": -0.04, ""market_prev_return_max"": 0.0, ""min_adv20"": 20000000.0, ""mom3_max"": -0.05, ""prev_return_percentile_max"": 0.15}",,0.08,3.0,7,16883.224978050603,0.6883224978050602,0.1915726733106815,0.8428770597696564,-0.18723554834497613,107,48,0.14209827357237717,7,False,-0.12417358397278476,11476.54756146118,0.14765475614611812,0.14703020043040227,1.0311399120866316,-0.05940596704683887,23,14,0.09090909090909091,7,False,-0.03829565018573095,15624.03860592984,0.562403860592984,0.5679913041451623,1.8574738061326745,-0.042651093459268985,44,19,0.176,7,False,-0.031154926668947893,0.15229045723323265,1.036582018031155,-0.07347054840893696,24,0.28903608624909616,0.8861203742068139,-0.18723554834497613,54,0.13665421556092272,0.8569784254466989,-0.1236029972857805,29,0.14765475614611812,1.0311399120866316,-0.05940596704683887,23,0.562403860592984,1.8574738061326745,-0.042651093459268985,44,-0.18826285231697515,1.0,0.13665421556092272,0.7413879870129869
37,3b47dea5c5a8,relative_weakness_reversal,"{""family"": ""relative_weakness_reversal"", ""gap_max"": -0.04, ""market_prev_return_max"": 0.0, ""min_adv20"": 100000000.0, ""mom3_max"": -0.05, ""prev_return_percentile_max"": 0.15}",,0.08,2.5,5,17406.30302840327,0.7406303028403269,0.20380232204648419,0.8893648836734368,-0.14347167500482472,91,46,0.12084993359893759,5,False,-0.10149016533438919,11436.725745705842,0.14367257457058424,0.14306589003120007,0.9813517194611564,-0.0691313010976744,21,14,0.08300395256916997,5,False,-0.044678258550019445,16987.04962409834,0.698704962409834,0.7059209359987171,2.107134839655842,-0.04970814439910287,39,19,0.156,5,False,-0.036347414447105875,0.14837249126036167,0.8952378049257181,-0.08571563981042674,21,0.32479212165755755,0.9850120085238391,-0.13868254832850546,45,0.14413171042606177,0.9209129148109698,-0.1434716750048246,25,0.14367257457058424,0.9813517194611564,-0.0691313010976744,21,0.698704962409834,2.107134839655842,-0.04970814439910287,39,-0.0919868357877196,1.0,0.14367257457058424,0.7410524891774891
38,c6f475cac1ef,gap_down_reversal,"{""family"": ""gap_down_reversal"", ""gap_max"": -0.04, ""market_prev_return_max"": null, ""min_adv20"": 20000000.0, ""mom3_max"": -0.05, ""prev_return_max"": -0.02}",,,2.5,10,17254.375113537535,0.7254375113537535,0.20027571462428417,0.8594700249733956,-0.16745393644363715,147,65,0.1952191235059761,10,False,-0.10033940742632193,11347.774505619233,0.13477745056192325,0.13421048809634706,0.9946929347381767,-0.04651857762561329,39,23,0.1541501976284585,10,False,-0.022339129275009723,14732.525738203052,0.4732525738203053,0.47782641906149625,1.5545233267124754,-0.04222917068907772,55,21,0.22,10,False,-0.042229170689077805,0.09704450891291838,1.026234413049201,-0.0428578199052132,33,0.35250530240230926,1.0355222268764372,-0.16745393644363749,77,0.16288297158161802,0.7734820727983777,-0.14614143559006987,37,0.13477745056192325,0.9946929347381767,-0.04651857762561329,39,0.4732525738203053,1.5545233267124754,-0.04222917068907772,55,-0.13522290976478102,1.0,0.09704450891291838,0.7407467532467533
39,3b47dea5c5a8,relative_weakness_reversal,"{""family"": ""relative_weakness_reversal"", ""gap_max"": -0.04, ""market_prev_return_max"": 0.0, ""min_adv20"": 100000000.0, ""mom3_max"": -0.05, ""prev_return_percentile_max"": 0.15}",,0.08,3.0,5,19093.128393898958,0.9093128393898957,0.24164861496954604,0.8893648836734366,-0.17093999140162397,91,46,0.12084993359893759,5,False,-0.12178819840126705,11719.127556342886,0.17191275563428854,0.17117816772273553,0.9813517194611558,-0.08266245174949827,21,14,0.08300395256916997,5,False,-0.05361391026002334,18745.080393501637,0.8745080393501636,0.8839544827244177,2.1071348396558425,-0.05956286583835513,39,19,0.156,5,False,-0.04361689733652705,0.17672984665541525,0.8952378049257179,-0.10285876777251202,21,0.38491906846878354,0.9850120085238393,-0.1658065961951296,45,0.1715907360911444,0.9209129148109699,-0.17093999140162408,25,0.17191275563428854,0.9813517194611558,-0.08266245174949827,21,0.8745080393501636,2.1071348396558425,-0.05956286583835513,39,-0.09198683578771927,1.0,0.1715907360911444,0.7397591991341992
40,7aa4d3414d11,relative_weakness_reversal,"{""family"": ""relative_weakness_reversal"", ""gap_max"": -0.04, ""market_prev_return_max"": 0.0, ""min_adv20"": 20000000.0, ""mom3_max"": -0.05, ""prev_return_percentile_max"": 0.15}",,0.08,2.5,7,15640.02611089905,0.564002611089905,0.16145871239579157,0.8428770597696564,-0.15726706095786258,107,48,0.14209827357237717,7,False,-0.1034779866439873,11230.965372531535,0.12309653725315339,0.12258132002004896,1.0311399120866318,-0.049630444294011644,23,14,0.09090909090909091,7,False,-0.03191304182144246,14563.025246745552,0.4563025246745551,0.460688517339082,1.8574738061326745,-0.03557917999314508,44,19,0.176,7,False,-0.02596243889078991,0.12700070544455722,1.0365820180311547,-0.061225457007447526,24,0.2448908345414602,0.8861203742068137,-0.15726706095786225,54,0.11476164151941282,0.8569784254466994,-0.10352644716923365,29,0.12309653725315339,1.0311399120866318,-0.049630444294011644,23,0.4563025246745551,1.8574738061326745,-0.03557917999314508,44,-0.18826285231697537,1.0,0.11476164151941282,0.739448051948052
41,a0d87a4d13d7,relative_weakness_reversal,"{""family"": ""relative_weakness_reversal"", ""gap_max"": -0.04, ""market_prev_return_max"": 0.0, ""min_adv20"": 50000000.0, ""mom3_max"": -0.05, ""prev_return_percentile_max"": 0.15}",,0.06,3.0,5,18472.341158799183,0.8472341158799184,0.22798933141233202,0.9194995156154874,-0.18897160867058838,96,48,0.12749003984063745,5,False,-0.12178819840126705,11594.443281592148,0.15944432815921483,0.15876654533859247,0.9189749868256892,-0.08266245174949849,21,14,0.08300395256916997,5,False,-0.05361391026002334,17878.911032163913,0.7878911032163913,0.7962210921203858,2.07818915472613,-0.05956286583835513,40,19,0.16,5,False,-0.04361689733652705,0.15762025409120817,0.8746330893150108,-0.1028587677725118,22,0.25169766238399527,0.8193270806733224,-0.1889716086705885,47,0.2748420585042246,1.2216404242251362,-0.17093999140162397,27,0.15944432815921483,0.9189749868256892,-0.08266245174949849,21,0.7878911032163913,2.07818915472613,-0.05956286583835513,40,-0.0005245287897981399,1.0,0.15762025409120817,0.73933170995671
42,6616ec9875f0,relative_weakness_reversal,"{""family"": ""relative_weakness_reversal"", ""gap_max"": -0.04, ""market_prev_return_max"": 0.0, ""min_adv20"": 50000000.0, ""mom3_max"": -0.05, ""prev_return_percentile_max"": 0.15}",,0.08,1.5,5,14817.976372573376,0.4817976372573376,0.14066060857909868,0.9702531378406443,-0.09139067413113178,96,48,0.12749003984063745,5,False,-0.060894099200633524,10865.841738315432,0.08658417383154315,0.08622759657138679,0.9813517194611558,-0.041773890226315835,21,14,0.08300395256916997,5,False,-0.02680695513001167,14160.970967834439,0.41609709678344386,0.4200439198520589,2.1509185213009716,-0.02991101203513391,40,19,0.16,5,False,-0.021808448668263525,0.09526373300725122,0.9402086536469222,-0.05142938388625584,22,0.20226074980330777,1.0053732748394337,-0.09139067413113167,47,0.1253082989461849,1.1206881314981312,-0.08731504722581396,27,0.08658417383154315,0.9813517194611558,-0.041773890226315835,21,0.41609709678344386,2.1509185213009716,-0.02991101203513391,40,-0.011098581620511583,1.0,0.08658417383154315,0.7391585497835498
43,7875f7bc4c9c,gap_down_reversal,"{""family"": ""gap_down_reversal"", ""gap_max"": -0.04, ""market_prev_return_max"": null, ""min_adv20"": 50000000.0, ""mom3_max"": -0.05, ""prev_return_max"": -0.02}",,0.08,3.0,10,16260.337390641167,0.6260337390641166,0.1766760178866562,0.8638547229370043,-0.17579385199023279,146,65,0.19389110225763612,10,False,-0.1204072889115863,11493.721148701865,0.14937211487018653,0.14873983522631473,1.0060710910662665,-0.055687609901447055,39,23,0.1541501976284585,10,False,-0.02680695513001167,14516.92570618057,0.451692570618057,0.4560277477108603,1.5744572823377627,-0.053529858303141054,55,21,0.22,10,False,-0.05352985830314083,0.10204770640513705,0.9653634042916804,-0.05142938388625584,33,0.3099903996874167,0.9797372369306252,-0.175793851990233,76,0.12631805172077848,0.9590761911532695,-0.08822272652600316,37,0.14937211487018653,1.0060710910662665,-0.055687609901447055,39,0.451692570618057,1.5744572823377627,-0.053529858303141054,55,-0.1422163681292622,1.0,0.10204770640513705,0.7391314935064934
44,6616ec9875f0,relative_weakness_reversal,"{""family"": ""relative_weakness_reversal"", ""gap_max"": -0.04, ""market_prev_return_max"": 0.0, ""min_adv20"": 50000000.0, ""mom3_max"": -0.05, ""prev_return_percentile_max"": 0.15}",,0.08,2.0,10,13699.006636742284,0.36990066367422836,0.11107800758122277,0.8250475956216357,-0.10468050997621314,119,48,0.15803452855245684,10,False,-0.08497454635874242,10986.585031024182,0.0986585031024183,0.09824999147665969,1.080164898626837,-0.02794763000678091,26,14,0.10276679841897234,10,False,-0.017871303420007777,12736.100387237457,0.2736100387237457,0.2760766601259701,1.6146937519257978,-0.02490680712409321,50,19,0.2,10,False,-0.02490680712409324,0.08105744851243046,1.145442767667585,-0.03428625592417067,27,0.19735890260418398,0.9396691839663232,-0.10468050997621292,62,0.0583174451571582,0.7540839140832214,-0.0586227200977667,30,0.0986585031024183,1.080164898626837,-0.02794763000678091,26,0.2736100387237457,1.6146937519257978,-0.02490680712409321,50,-0.2551173030052014,1.0,0.0583174451571582,0.7387472943722944
45,7875f7bc4c9c,gap_down_reversal,"{""family"": ""gap_down_reversal"", ""gap_max"": -0.04, ""market_prev_return_max"": null, ""min_adv20"": 50000000.0, ""mom3_max"": -0.05, ""prev_return_max"": -0.02}",,0.08,2.0,7,15415.069626146782,0.5415069626146782,0.15584099146944452,0.9478035186190733,-0.15010293864914936,131,65,0.17397078353253653,7,False,-0.09583343185612324,11036.658274313671,0.1036658274313671,0.10323562466832814,0.9432924902254256,-0.053072487393510226,36,23,0.1422924901185771,7,False,-0.02553043345715397,14457.650526527857,0.44576505265278565,0.45003506470612353,2.003778169638755,-0.033379486661276325,49,21,0.196,7,False,-0.02076995111263193,0.08883088339479528,0.895931318561083,-0.0489803656059582,30,0.21149383575892,0.9027622356282496,-0.15010293864914936,67,0.16859453593125995,1.3988935210876492,-0.08119765476032748,34,0.1036658274313671,0.9432924902254256,-0.053072487393510226,36,0.44576505265278565,2.003778169638755,-0.033379486661276325,49,-0.004511028393647698,1.0,0.08883088339479528,0.7386769480519481
46,72c27ae8dadb,relative_weakness_reversal,"{""family"": ""relative_weakness_reversal"", ""gap_max"": -0.04, ""market_prev_return_max"": 0.0, ""min_adv20"": 50000000.0, ""mom3_max"": -0.05, ""prev_return_percentile_max"": 0.1}",,0.08,3.0,7,16899.37992288124,0.6899379922881239,0.19195412362586883,0.8907374773645023,-0.1478882639556518,93,44,0.12350597609561753,7,False,-0.12417358397278476,11391.306097421155,0.13913060974211544,0.13854424195237702,0.9697309403164993,-0.06639218062778385,22,14,0.08695652173913043,7,False,-0.03829565018573095,14765.424497224169,0.4765424497224169,0.48115293908767787,1.7692999306939248,-0.042651093459268985,40,18,0.16,7,False,-0.031154926668947893,0.13112707219110087,0.9162528987911224,-0.07347054840893696,23,0.31803067385731376,1.0078481106985075,-0.1478882639556519,45,0.13353218374014464,0.8798234285366457,-0.12944716340705054,25,0.13913060974211544,0.9697309403164993,-0.06639218062778385,22,0.4765424497224169,1.7692999306939248,-0.042651093459268985,40,-0.07899346295199705,1.0,0.13112707219110087,0.7382927489177489
47,7aa4d3414d11,relative_weakness_reversal,"{""family"": ""relative_weakness_reversal"", ""gap_max"": -0.04, ""market_prev_return_max"": 0.0, ""min_adv20"": 20000000.0, ""mom3_max"": -0.05, ""prev_return_percentile_max"": 0.15}",,0.08,3.0,10,15432.075503734075,0.5432075503734075,0.1562675689227524,0.7935005287226581,-0.1714303292874617,120,48,0.1593625498007968,10,False,-0.12746181953811364,11483.59635963573,0.14835963596357304,0.14773191122941687,1.080164898626837,-0.041773890226315835,26,14,0.10276679841897234,10,False,-0.02680695513001167,14257.431364887989,0.4257431364887989,0.4297944926261934,1.6146937519257982,-0.037360210686139705,50,19,0.2,10,False,-0.03736021068613986,0.12200334894537024,1.1454427676675856,-0.05142938388625584,27,0.266297446037997,0.879860659364051,-0.1714303292874617,63,0.08616162648475112,0.7540839140832214,-0.08731504722581385,30,0.14835963596357304,1.080164898626837,-0.041773890226315835,26,0.4257431364887989,1.6146937519257982,-0.037360210686139705,50,-0.286664369904179,1.0,0.08616162648475112,0.7381087662337662
48,2e8507d11a9f,gap_down_reversal,"{""family"": ""gap_down_reversal"", ""gap_max"": -0.05, ""market_prev_return_max"": null, ""min_adv20"": 50000000.0, ""mom3_max"": -0.05, ""prev_return_max"": -0.03}",,0.08,2.5,3,19165.864476012022,0.9165864476012022,0.24322959909243824,0.9045632553891789,-0.21395409825400125,60,41,0.0796812749003984,3,False,-0.1690355805243445,11667.028100160087,0.16670281001600862,0.16599202197480611,0.9379719553685617,-0.07511187703772959,19,15,0.07509881422924901,3,False,-0.0633604241387492,13850.199965830141,0.3850199965830141,0.38863367226988843,1.323321020304541,-0.08381089587493973,22,14,0.088,3,False,-0.05632060161852961,0.18900877308835518,0.8467398351727592,-0.1600996420176104,18,0.1481267594877822,0.5932026815958984,-0.2113789656702698,24,0.4039560562417712,1.2940993222534274,-0.16903558052434442,18,0.16670281001600862,0.9379719553685617,-0.07511187703772959,19,0.3850199965830141,1.323321020304541,-0.08381089587493973,22,-0.03340869997938278,1.0,0.1481267594877822,0.7380762987012988
49,2dcede8980c5,gap_down_reversal,"{""family"": ""gap_down_reversal"", ""gap_max"": -0.04, ""market_prev_return_max"": null, ""min_adv20"": 50000000.0, ""mom3_max"": -0.05, ""prev_return_max"": -0.02}",,0.06,1.75,10,12870.04769462598,0.2870047694625981,0.08810860186294578,0.8453645378451883,-0.10464711411863814,146,65,0.19389110225763612,10,False,-0.07023758519842534,10886.935411657143,0.08869354116571437,0.08832792895116093,1.0702520861722309,-0.028554475531165968,39,23,0.1541501976284585,10,False,-0.015637390492506807,12163.545215735956,0.21635452157359558,0.21826188038895689,1.5241555109533262,-0.034725750676832146,55,21,0.22,10,False,-0.03472575067683216,0.0607983551385014,1.028591714298807,-0.03000047393364924,33,0.13445140260223543,0.8636601316350399,-0.10464711411863825,76,0.06945230855179574,1.033977983787048,-0.05007294037145782,37,0.08869354116571437,1.0702520861722309,-0.028554475531165968,39,0.21635452157359558,1.5241555109533262,-0.034725750676832146,55,-0.2248875483270426,1.0,0.0607983551385014,0.7371590909090909
50,2dcede8980c5,gap_down_reversal,"{""family"": ""gap_down_reversal"", ""gap_max"": -0.04, ""market_prev_return_max"": null, ""min_adv20"": 50000000.0, ""mom3_max"": -0.05, ""prev_return_max"": -0.02}",,0.06,1.5,7,13283.968818588262,0.3283968818588263,0.09969706131650313,0.9177078561358599,-0.11383577054634741,131,65,0.17397078353253653,7,False,-0.07187507389209243,10840.349148962518,0.08403491489625181,0.08368923524690142,1.0293018186756007,-0.03493373823346668,36,23,0.1422924901185771,7,False,-0.019147825092865476,12926.634152870789,0.29266341528707884,0.295320805753011,2.0090964539231337,-0.025095666667991567,49,21,0.196,7,False,-0.015577463334473947,0.06824569202732911,0.9565475131710166,-0.03673527420446865,30,0.11155318142905268,0.7549534841224014,-0.11383577054634753,67,0.11873300632436434,1.4126630045628399,-0.06116634653233166,34,0.08403491489625181,1.0293018186756007,-0.03493373823346668,36,0.29266341528707884,2.0090964539231337,-0.025095666667991567,49,-0.11159396253974074,1.0,0.06824569202732911,0.7368858225108225
51,2e8507d11a9f,gap_down_reversal,"{""family"": ""gap_down_reversal"", ""gap_max"": -0.05, ""market_prev_return_max"": null, ""min_adv20"": 50000000.0, ""mom3_max"": -0.05, ""prev_return_max"": -0.03}",,0.08,3.0,3,21222.019573754576,1.1222019573754576,0.28636105525636424,0.9045632553891789,-0.254982771963127,60,41,0.0796812749003984,3,False,-0.2028426966292134,11986.587218347902,0.19865872183479016,0.19780052802876202,0.9379719553685618,-0.08980852629121583,19,15,0.07509881422924901,3,False,-0.07603250896649905,14670.7504915049,0.46707504915049003,0.4715802469945347,1.3233210203045405,-0.10013708388146747,22,14,0.088,3,False,-0.06758472194223553,0.2225860516311986,0.8467398351727594,-0.1914299480177304,18,0.16740176998964618,0.5932026815958986,-0.2520310012948034,24,0.4869176842970795,1.2940993222534278,-0.2028426966292134,18,0.19865872183479016,0.9379719553685618,-0.08980852629121583,19,0.46707504915049003,1.3233210203045405,-0.10013708388146747,22,-0.033408699979382894,1.0,0.16740176998964618,0.7365124458874459
52,7aa4d3414d11,relative_weakness_reversal,"{""family"": ""relative_weakness_reversal"", ""gap_max"": -0.04, ""market_prev_return_max"": 0.0, ""min_adv20"": 20000000.0, ""mom3_max"": -0.05, ""prev_return_percentile_max"": 0.15}",,0.08,1.75,5,15390.114739337329,0.5390114739337328,0.15521445290788805,0.9234699976006743,-0.12566279908368128,97,48,0.12881806108897742,5,False,-0.07104311573407245,11009.203035564891,0.10092030355648918,0.10050200517592534,0.9813517194611562,-0.04865013164011933,21,14,0.08300395256916997,5,False,-0.031274780985013614,14968.180688963466,0.4968180688963466,0.5016557011420981,2.1509185213009716,-0.03487117486463098,40,19,0.16,5,False,-0.025443190112974114,0.11091442436423526,0.9402086536469223,-0.060000947867298704,22,0.208539863444815,0.9074273970495252,-0.12566279908368128,48,0.14630522452274786,1.1206881314981312,-0.10150733100402998,27,0.10092030355648918,0.9813517194611562,-0.04865013164011933,21,0.4968180688963466,2.1509185213009716,-0.03487117486463098,40,-0.057881721860481905,1.0,0.10092030355648918,0.7363636363636363
53,c6f475cac1ef,gap_down_reversal,"{""family"": ""gap_down_reversal"", ""gap_max"": -0.04, ""market_prev_return_max"": null, ""min_adv20"": 20000000.0, ""mom3_max"": -0.05, ""prev_return_max"": -0.02}",,,2.0,7,17607.32668472084,0.7607326684720839,0.20843722097166895,0.9096418013738722,-0.17267632211924233,132,65,0.1752988047808765,7,False,-0.09807587112725025,11146.936953914801,0.11469369539148011,0.11421540650507311,0.9442583578753946,-0.053072487393510226,36,23,0.1422924901185771,7,False,-0.02553043345715397,15852.966181110933,0.5852966181110932,0.5911510781492724,1.8710398213158042,-0.0333794866612761,49,21,0.196,7,False,-0.02076995111263193,0.10237119464557343,0.9610984859895737,-0.0489803656059582,30,0.2933161323978499,0.9891655165467658,-0.17267632211924222,68,0.23498269135429406,0.9535639135278884,-0.1659998643489169,34,0.11469369539148011,0.9442583578753946,-0.053072487393510226,36,0.5852966181110932,1.8710398213158042,-0.0333794866612761,49,-0.0346165565015224,1.0,0.10237119464557343,0.7359523809523809
54,bf49567ff02c,gap_down_reversal,"{""family"": ""gap_down_reversal"", ""gap_max"": -0.05, ""market_prev_return_max"": null, ""min_adv20"": 50000000.0, ""mom3_max"": -0.05, ""prev_return_max"": -0.03}",,,3.0,15,14924.089621876547,0.4924089621876546,0.14338777084975107,0.7155068369936965,-0.09823725373470849,83,41,0.1102257636122178,15,False,-0.06865310978907517,11653.822450027834,0.1653822450027833,0.16467747498976926,1.1184615218917007,-0.01827440236614042,31,15,0.1225296442687747,15,False,-0.015206501793299809,13253.714929578466,0.3253714929578466,0.3283616416780397,1.1300516009093622,-0.02044596829801526,46,14,0.184,15,False,-0.013516944388447106,0.0557237448831196,0.9213377776933155,-0.03894802711081213,22,0.297377644528787,0.9379386270388672,-0.07665931499060252,40,0.08961017107852465,0.586249811055164,-0.09823725373470837,21,0.1653822450027833,1.1184615218917007,-0.01827440236614042,31,0.3253714929578466,1.1300516009093622,-0.02044596829801526,46,-0.4029546848980041,1.0,0.0557237448831196,0.7357900432900433
55,2e8507d11a9f,gap_down_reversal,"{""family"": ""gap_down_reversal"", ""gap_max"": -0.05, ""market_prev_return_max"": null, ""min_adv20"": 50000000.0, ""mom3_max"": -0.05, ""prev_return_max"": -0.03}",,0.08,2.0,3,17147.002294679853,0.7147002294679852,0.19777085753375157,0.9045632553891788,-0.17224957257548856,60,41,0.0796812749003984,3,False,-0.13522846441947559,11341.695232329601,0.13416952323296005,0.13360526553608487,0.9379719553685618,-0.060306652399557126,19,15,0.07509881422924901,3,False,-0.050688339310999364,13044.390066450602,0.3044390066450602,0.307215435257455,1.3233210203045407,-0.06733937747892504,22,14,0.088,3,False,-0.04505648129482368,0.15371971809702356,0.8467398351727591,-0.1285394618830229,18,0.1251039188019496,0.5932026815958986,-0.1700970887919503,24,0.320976992132495,1.2940993222534278,-0.13522846441947556,18,0.13416952323296005,0.9379719553685618,-0.060306652399557126,19,0.3044390066450602,1.3233210203045407,-0.06733937747892504,22,-0.033408699979383005,1.0,0.1251039188019496,0.7357873376623375
56,a0d87a4d13d7,relative_weakness_reversal,"{""family"": ""relative_weakness_reversal"", ""gap_max"": -0.04, ""market_prev_return_max"": 0.0, ""min_adv20"": 50000000.0, ""mom3_max"": -0.05, ""prev_return_percentile_max"": 0.15}",,0.06,2.5,5,16893.798558371967,0.6893798558371966,0.191822363972308,0.9194995156154873,-0.15871028839114087,96,48,0.12749003984063745,5,False,-0.10149016533438919,11335.135429866037,0.13351354298660367,0.13295220241547057,0.918974986825689,-0.06913130109767474,21,14,0.08300395256916997,5,False,-0.044678258550019445,16318.784692805379,0.6318784692805379,0.638284472042927,2.0781891547261306,-0.04970814439910287,40,19,0.16,5,False,-0.036347414447105875,0.13237826560975607,0.8746330893150108,-0.08571563981042662,22,0.2145857210715083,0.8193270806733227,-0.15871028839114087,47,0.22830894650485423,1.221640424225136,-0.14347167500482472,27,0.13351354298660367,0.918974986825689,-0.06913130109767474,21,0.6318784692805379,2.0781891547261306,-0.04970814439910287,40,-0.0005245287897982509,1.0,0.13237826560975607,0.7354545454545454
57,7875f7bc4c9c,gap_down_reversal,"{""family"": ""gap_down_reversal"", ""gap_max"": -0.04, ""market_prev_return_max"": null, ""min_adv20"": 50000000.0, ""mom3_max"": -0.05, ""prev_return_max"": -0.02}",,0.08,2.5,10,15121.814097198536,0.5121814097198536,0.14843516655671718,0.8638547229370045,-0.14769032514535352,146,65,0.19389110225763612,10,False,-0.10033940742632193,11245.585441372219,0.1245585441372219,0.12403687643735117,1.006071091066267,-0.04651857762561329,39,23,0.1541501976284585,10,False,-0.022339129275009723,13696.60851064937,0.36966085106493707,0.37311195030955435,1.574457282337763,-0.04460821525261738,55,21,0.22,10,False,-0.044608215252617364,0.08517091027003265,0.9653634042916805,-0.0428578199052132,33,0.2604217178297614,0.9797372369306253,-0.14769032514535363,76,0.10557923622405752,0.9590761911532695,-0.0734873172801066,37,0.1245585441372219,1.006071091066267,-0.04651857762561329,39,0.36966085106493707,1.574457282337763,-0.04460821525261738,55,-0.14221636812926242,1.0,0.08517091027003265,0.7353760822510823
58,2e8507d11a9f,gap_down_reversal,"{""family"": ""gap_down_reversal"", ""gap_max"": -0.05, ""market_prev_return_max"": null, ""min_adv20"": 50000000.0, ""mom3_max"": -0.05, ""prev_return_max"": -0.03}",,0.08,1.75,3,16161.920343351581,0.6161920343351581,0.17428776800010604,0.9045632553891788,-0.15116376839545165,60,41,0.0796812749003984,3,False,-0.11832490636704114,11177.138772385018,0.1177138772385018,0.1172223440209732,0.9379719553685616,-0.05286332431121288,19,15,0.07509881422924901,3,False,-0.044352296897124444,12647.532169362681,0.2647532169362681,0.2671319427785004,1.3233210203045414,-0.05904911938486024,22,14,0.088,3,False,-0.039424421132970726,0.13550727809965823,0.8467398351727592,-0.11267316901530411,18,0.11225196588382991,0.5932026815958985,-0.14923994568538912,24,0.27967550725938617,1.2940993222534274,-0.1183249063670413,18,0.1177138772385018,0.9379719553685616,-0.05286332431121288,19,0.2647532169362681,1.3233210203045414,-0.05904911938486024,22,-0.03340869997938278,1.0,0.11225196588382991,0.7346590909090909
59,72c27ae8dadb,relative_weakness_reversal,"{""family"": ""relative_weakness_reversal"", ""gap_max"": -0.04, ""market_prev_return_max"": 0.0, ""min_adv20"": 50000000.0, ""mom3_max"": -0.05, ""prev_return_percentile_max"": 0.1}",,0.08,3.0,10,15154.106358738882,0.5154106358738881,0.14925532610207903,0.8127557313801663,-0.14379152947721463,103,44,0.13678618857901725,10,False,-0.12746181953811364,11424.3970985064,0.14243970985064003,0.14183854709202248,1.0366410505295471,-0.04671365612516132,25,14,0.09881422924901186,10,False,-0.02680695513001167,13690.724160066793,0.3690724160066794,0.37251731426683987,1.5052114917682053,-0.037360210686139816,46,18,0.184,10,False,-0.03736021068613986,0.10749844352921967,1.0284775257764804,-0.05142938388625584,26,0.250184205470217,0.8915447397562447,-0.14379152947721463,52,0.09449353005441807,0.8798234285366457,-0.09153546037099891,25,0.14243970985064003,1.0366410505295471,-0.04671365612516132,25,0.3690724160066794,1.5052114917682053,-0.037360210686139816,46,-0.2238853191493808,1.0,0.09449353005441807,0.7344994588744589
60,72c27ae8dadb,relative_weakness_reversal,"{""family"": ""relative_weakness_reversal"", ""gap_max"": -0.04, ""market_prev_return_max"": 0.0, ""min_adv20"": 50000000.0, ""mom3_max"": -0.05, ""prev_return_percentile_max"": 0.1}",,0.08,2.5,7,15630.778958909674,0.5630778958909675,0.16122885138930232,0.8907374773645023,-0.12356614107402808,93,44,0.12350597609561753,7,False,-0.1034779866439873,11161.779659808479,0.11617796598084795,0.11569317217682129,0.9697309403164996,-0.05548497174386269,22,14,0.08695652173913043,7,False,-0.03191304182144246,13883.959446762863,0.38839594467628635,0.3920455398869702,1.7692999306939254,-0.03557917999314508,40,18,0.16,7,False,-0.02596243889078991,0.1096986559272326,0.9162528987911222,-0.061225457007447526,23,0.2667196520819397,1.0078481106985075,-0.12356614107402797,45,0.11197507667976825,0.8798234285366457,-0.10848212842659322,25,0.11617796598084795,0.9697309403164996,-0.05548497174386269,22,0.38839594467628635,1.7692999306939254,-0.03557917999314508,40,-0.07899346295199738,1.0,0.1096986559272326,0.7344967532467531
61,a4082a055e1d,relative_weakness_reversal,"{""family"": ""relative_weakness_reversal"", ""gap_max"": -0.04, ""market_prev_return_max"": 0.0, ""min_adv20"": 50000000.0, ""mom3_max"": -0.05, ""prev_return_percentile_max"": 0.15}",,,2.5,5,21223.368168821835,1.1223368168821835,0.28638841135261606,0.8561672580976224,-0.2904800078381907,96,48,0.12749003984063745,5,False,-0.17163277447268793,11664.272576598238,0.1664272576598238,0.1657177258410103,0.9920694698264539,-0.0691313010976744,21,14,0.08300395256916997,5,False,-0.044678258550019445,20338.051604153585,1.0338051604153584,1.0453885464514014,2.020089967657697,-0.04970814439910287,40,19,0.16,5,False,-0.036347414447105875,0.17427360314317375,0.9719370072665061,-0.08571563981042662,22,0.5193718859494085,1.1712615986892596,-0.1674178578539972,47,0.1895451306300131,0.6018558017407167,-0.2904800078381906,27,0.1664272576598238,0.9920694698264539,-0.0691313010976744,21,1.0338051604153584,2.020089967657697,-0.04970814439910287,40,-0.13590221172883155,1.0,0.1664272576598238,0.7339150432900432
62,bf49567ff02c,gap_down_reversal,"{""family"": ""gap_down_reversal"", ""gap_max"": -0.05, ""market_prev_return_max"": null, ""min_adv20"": 50000000.0, ""mom3_max"": -0.05, ""prev_return_max"": -0.03}",,,3.0,10,16376.616204315062,0.6376616204315062,0.17948535078988082,0.717025649863035,-0.14597074952622524,78,41,0.10358565737051793,10,False,-0.10297966468361275,11812.672191065898,0.18126721910658983,0.18048967006478156,1.1433176935293954,-0.027352972841480083,26,15,0.10276679841897234,10,False,-0.022809752689949715,14279.817126820937,0.42798171268209373,0.432057403604603,1.2726858850753928,-0.0305904740366999,36,14,0.144,10,False,-0.02027541658267066,0.08325728670626265,0.9213377776933157,-0.05829790863360573,22,0.3422024640566961,0.9129341437490394,-0.11443256632406573,35,0.1263530006313165,0.5862498110551644,-0.14597074952622513,21,0.18126721910658983,1.1433176935293954,-0.027352972841480083,26,0.42798171268209373,1.2726858850753928,-0.0305904740366999,36,-0.4262920436663604,1.0,0.08325728670626265,0.733909632034632
63,3b47dea5c5a8,relative_weakness_reversal,"{""family"": ""relative_weakness_reversal"", ""gap_max"": -0.04, ""market_prev_return_max"": 0.0, ""min_adv20"": 100000000.0, ""mom3_max"": -0.05, ""prev_return_percentile_max"": 0.15}",,0.08,2.0,5,15774.989267933042,0.5774989267933042,0.16480331497845935,0.8893648836734367,-0.11559736290386058,91,46,0.12084993359893759,5,False,-0.08119213226751136,11152.16922339587,0.11521692233958691,0.11473634126227994,0.9813517194611563,-0.055501780589946925,21,14,0.08300395256916997,5,False,-0.03574260684001555,15357.586133184042,0.5357586133184042,0.5410386934654341,2.107134839655842,-0.0398241062567849,39,19,0.156,5,False,-0.0290779315576847,0.11949683616836015,0.8952378049257177,-0.06857251184834134,21,0.2625310561755716,0.9850120085238395,-0.11133663461258347,45,0.11610263140433252,0.92091291481097,-0.11559736290386036,25,0.11521692233958691,0.9813517194611563,-0.055501780589946925,21,0.5357586133184042,2.107134839655842,-0.0398241062567849,39,-0.0919868357877196,1.0,0.11521692233958691,0.7336823593073591
64,7aa4d3414d11,relative_weakness_reversal,"{""family"": ""relative_weakness_reversal"", ""gap_max"": -0.04, ""market_prev_return_max"": 0.0, ""min_adv20"": 20000000.0, ""mom3_max"": -0.05, ""prev_return_percentile_max"": 0.15}",,0.08,2.5,10,14472.680931968862,0.4472680931968862,0.1316953767324578,0.793500528722658,-0.14374480550065105,120,48,0.1593625498007968,10,False,-0.10621818294842802,11234.8462228319,0.12348462228319002,0.12296769352415637,1.080164898626837,-0.03487305634853621,26,14,0.10276679841897234,10,False,-0.022339129275009723,13483.77733603355,0.3483777336033551,0.35160585610815653,1.614693751925798,-0.03113350890511657,50,19,0.2,10,False,-0.03113350890511655,0.1015025065858759,1.1454427676675851,-0.0428578199052132,27,0.22524371802931054,0.8798606593640514,-0.14374480550065105,63,0.07236100580618254,0.7540839140832215,-0.07302026058509781,30,0.12348462228319002,1.080164898626837,-0.03487305634853621,26,0.3483777336033551,1.614693751925798,-0.03113350890511657,50,-0.2866643699041791,1.0,0.07236100580618254,0.7332656926406926
65,2e8507d11a9f,gap_down_reversal,"{""family"": ""gap_down_reversal"", ""gap_max"": -0.05, ""market_prev_return_max"": null, ""min_adv20"": 50000000.0, ""mom3_max"": -0.05, ""prev_return_max"": -0.03}",,0.08,2.5,5,14873.0420634716,0.48730420634716,0.14207743968268804,0.7563905452356643,-0.17942060764412482,69,41,0.09163346613545817,5,False,-0.13079486147848585,11638.074804680355,0.1638074804680354,0.1631098792141159,1.0890276079602053,-0.04539285237669777,21,15,0.08300395256916997,5,False,-0.03801625448324952,12785.89255898697,0.2785892558986971,0.28110551005542384,1.3669868089444939,-0.05072252869342353,26,14,0.104,5,False,-0.03379236097111776,0.11648478158349018,0.8438080928298429,-0.09674940761396833,20,0.10840879227140698,0.5157946120855471,-0.1778327813695193,29,0.20184105750479575,1.1306386838985831,-0.10142134831460659,20,0.1638074804680354,1.0890276079602053,-0.04539285237669777,21,0.2785892558986971,1.3669868089444939,-0.05072252869342353,26,-0.33263706272454097,1.0,0.10840879227140698,0.733233225108225
66,6616ec9875f0,relative_weakness_reversal,"{""family"": ""relative_weakness_reversal"", ""gap_max"": -0.04, ""market_prev_return_max"": 0.0, ""min_adv20"": 50000000.0, ""mom3_max"": -0.05, ""prev_return_percentile_max"": 0.15}",,0.08,1.75,7,14052.00131851786,0.40520013185178594,0.12057843409007085,0.8828996429712759,-0.09747092206698182,106,48,0.1407702523240372,7,False,-0.07243459065079112,10861.854317869595,0.08618543178695948,0.08583056062971517,1.0311399120866318,-0.03487305634853621,23,14,0.09090909090909091,7,False,-0.022339129275009723,13067.085462500627,0.3067085462500627,0.3095080163634172,1.8574738061326745,-0.024943650355306768,44,19,0.176,7,False,-0.018173707223552937,0.08894636723867921,1.036582018031155,-0.0428578199052132,24,0.19354158454575288,0.9662908175174,-0.09747092206698182,53,0.08117037328323184,0.8569784254466993,-0.07302026058509758,29,0.08618543178695948,1.0311399120866318,-0.03487305634853621,23,0.3067085462500627,1.8574738061326745,-0.024943650355306768,44,-0.14824026911535593,1.0,0.08117037328323184,0.7330303030303031
67,2dcede8980c5,gap_down_reversal,"{""family"": ""gap_down_reversal"", ""gap_max"": -0.04, ""market_prev_return_max"": null, ""min_adv20"": 50000000.0, ""mom3_max"": -0.05, ""prev_return_max"": -0.02}",,0.06,1.5,5,14492.484384971316,0.4492484384971316,0.1322133763675164,0.9423434425091702,-0.14685334930036076,121,65,0.16069057104913678,5,False,-0.08952198760351544,10941.724151849881,0.09417241518498809,0.09378326049652519,0.9647958951227096,-0.0488110587584889,34,23,0.13438735177865613,5,False,-0.02680695513001167,13506.974731613638,0.3506974731613639,0.3539497677714867,1.9096603145240518,-0.035031378144186665,45,21,0.18,5,False,-0.021808448668263525,0.08824219925934162,0.8942386642178431,-0.05142938388625595,28,0.11043076246495609,0.6488925348060934,-0.14685334930036076,61,0.19929436680139068,1.5477255176416105,-0.08518246796895967,32,0.09417241518498809,0.9647958951227096,-0.0488110587584889,34,0.3506974731613639,1.9096603145240518,-0.035031378144186665,45,-0.022452452613539342,1.0,0.08824219925934162,0.7330275974025974
68,a4082a055e1d,relative_weakness_reversal,"{""family"": ""relative_weakness_reversal"", ""gap_max"": -0.04, ""market_prev_return_max"": 0.0, ""min_adv20"": 50000000.0, ""mom3_max"": -0.05, ""prev_return_percentile_max"": 0.15}",,,3.0,10,17953.579349653235,0.7953579349653235,0.2163387233386922,0.7894915706753602,-0.18130303762427835,119,48,0.15803452855245684,10,False,-0.12746181953811364,11625.920065449973,0.16259200654499728,0.16189993272867187,1.0593138693975055,-0.041773890226315835,26,14,0.10276679841897234,10,False,-0.02680695513001167,15556.412260113242,0.5556412260113242,0.5611503091993368,1.5678099314345717,-0.04106050671228634,50,19,0.2,10,False,-0.04106050671228641,0.13227835986434977,1.165968968474391,-0.05142938388625584,27,0.4546716655733807,1.0592897788983742,-0.1660097613935697,62,0.09001596451293858,0.45354552537634185,-0.18130303762427824,30,0.16259200654499728,1.0593138693975055,-0.041773890226315835,26,0.5556412260113242,1.5678099314345717,-0.04106050671228634,50,-0.26982229872214525,1.0,0.09001596451293858,0.7322321428571428
69,740a4d43b9a7,gap_down_reversal,"{""family"": ""gap_down_reversal"", ""gap_max"": -0.04, ""market_prev_return_max"": null, ""min_adv20"": 50000000.0, ""mom3_max"": -0.05, ""prev_return_max"": -0.02}",,,1.75,10,15047.467430640476,0.5047467430640475,0.1465424684999601,0.8816391079763223,-0.10952557765429449,146,65,0.19389110225763612,10,False,-0.07023758519842534,10944.529737477413,0.09445297374774131,0.09406261060121013,0.9946929347381767,-0.032680625376446226,39,23,0.1541501976284585,10,False,-0.015637390492506807,13202.070369916868,0.32020703699168673,0.3231442068363437,1.5545233267124754,-0.029560419482354217,55,21,0.22,10,False,-0.02956041948235446,0.0679513883091396,1.0262344130492012,-0.03000047393364924,33,0.261469518528324,1.082560836070382,-0.10952557765429438,76,0.11695368796635286,0.7734820727983776,-0.10361375937428585,37,0.09445297374774131,0.9946929347381767,-0.032680625376446226,39,0.32020703699168673,1.5545233267124754,-0.029560419482354217,55,-0.11305382676185438,1.0,0.0679513883091396,0.7321590909090909
70,c6f475cac1ef,gap_down_reversal,"{""family"": ""gap_down_reversal"", ""gap_max"": -0.04, ""market_prev_return_max"": null, ""min_adv20"": 20000000.0, ""mom3_max"": -0.05, ""prev_return_max"": -0.02}",,,2.0,10,15658.847443516164,0.5658847443516164,0.16192628435033196,0.8594700249733954,-0.135403486633638,147,65,0.1952191235059761,10,False,-0.08027152594105753,11079.091627699516,0.10790916276995155,0.10746050837860954,0.9946929347381767,-0.037304513024309705,39,23,0.1541501976284585,10,False,-0.017871303420007777,13701.591573043375,0.37015915730433746,0.3736155093455744,1.5545233267124754,-0.0337833365512622,55,21,0.22,10,False,-0.03378333655126224,0.0776542424887634,1.0262344130492014,-0.03428625592417067,33,0.2829603112171446,1.0355222268764372,-0.13540348663363788,77,0.1325754108192725,0.7734820727983774,-0.11791415425746743,37,0.10790916276995155,0.9946929347381767,-0.037304513024309705,39,0.37015915730433746,1.5545233267124754,-0.0337833365512622,55,-0.13522290976478124,1.0,0.0776542424887634,0.7318722943722944
71,bf49567ff02c,gap_down_reversal,"{""family"": ""gap_down_reversal"", ""gap_max"": -0.05, ""market_prev_return_max"": null, ""min_adv20"": 50000000.0, ""mom3_max"": -0.05, ""prev_return_max"": -0.03}",,,2.5,15,14065.427929431831,0.4065427929431831,0.12093664437517959,0.7155068369936967,-0.08211851754444188,83,41,0.1102257636122178,15,False,-0.05721092482422931,11374.684340926473,0.1374684340926473,0.1368894836164869,1.118461521891701,-0.01523952617691926,31,15,0.1225296442687747,15,False,-0.012672084827749841,12697.150515554224,0.2697150515554223,0.27214295739696603,1.130051600909362,-0.01705283995396134,46,14,0.184,15,False,-0.01126412032370592,0.04649121876760787,0.9213377776933155,-0.03247967667245688,22,0.24897582603776502,0.9379386270388671,-0.06398369570602636,40,0.07612650603230198,0.586249811055164,-0.08211851754444166,21,0.1374684340926473,1.118461521891701,-0.01523952617691926,31,0.2697150515554223,1.130051600909362,-0.01705283995396134,46,-0.40295468489800423,1.0,0.04649121876760787,0.7315124458874459
72,740a4d43b9a7,gap_down_reversal,"{""family"": ""gap_down_reversal"", ""gap_max"": -0.04, ""market_prev_return_max"": null, ""min_adv20"": 50000000.0, ""mom3_max"": -0.05, ""prev_return_max"": -0.02}",,,1.5,7,15704.57092372978,0.5704570923729779,0.16306062171257363,0.9360886805874167,-0.1260298510818294,131,65,0.17397078353253653,7,False,-0.07355690334543767,10862.655577066345,0.08626555770663447,0.0859103437597919,0.9442583578753947,-0.039941692139752294,36,23,0.1422924901185771,7,False,-0.019147825092865476,14207.563093337689,0.42075630933376895,0.4247535576561958,1.8710398213158044,-0.02509566666799168,49,21,0.196,7,False,-0.015577463334473947,0.07695298623068392,0.9610984859895736,-0.03673527420446854,30,0.23803799747065701,1.0506270235671733,-0.11979400420392472,67,0.1778645640349652,0.953563913527888,-0.12602985108182962,34,0.08626555770663447,0.9442583578753947,-0.039941692139752294,36,0.42075630933376895,1.8710398213158044,-0.02509566666799168,49,-0.008169677287978017,1.0,0.07695298623068392,0.7314556277056277
73,6616ec9875f0,relative_weakness_reversal,"{""family"": ""relative_weakness_reversal"", ""gap_max"": -0.04, ""market_prev_return_max"": 0.0, ""min_adv20"": 50000000.0, ""mom3_max"": -0.05, ""prev_return_percentile_max"": 0.15}",,0.08,3.0,15,14190.382801953536,0.4190382801953536,0.12425947178172381,0.7625708829445841,-0.12822471657180246,133,48,0.17662682602921648,15,False,-0.10903696045874216,11289.655524272333,0.1289655524272333,0.12842439551405205,1.0858259380854367,-0.02794763000678091,31,14,0.1225296442687747,15,False,-0.017871303420007777,13454.595517933394,0.3454595517933394,0.3486573121393499,1.4832486230037685,-0.026818400648920715,60,19,0.24,15,False,-0.02681840064892073,0.08561491094040963,1.1872355623597683,-0.03428625592417067,31,0.23510066753371728,0.8918018888249898,-0.12822471657180246,72,0.0583174451571582,0.7540839140832214,-0.0586227200977667,30,0.1289655524272333,1.0858259380854367,-0.02794763000678091,31,0.3454595517933394,1.4832486230037685,-0.026818400648920715,60,-0.3232550551408526,1.0,0.0583174451571582,0.7311607142857143
74,a4082a055e1d,relative_weakness_reversal,"{""family"": ""relative_weakness_reversal"", ""gap_max"": -0.04, ""market_prev_return_max"": 0.0, ""min_adv20"": 50000000.0, ""mom3_max"": -0.05, ""prev_return_percentile_max"": 0.15}",,,2.0,5,18738.35855310406,0.873835855310406,0.23387938468549696,0.8561672580976223,-0.23703134558847827,96,48,0.12749003984063745,5,False,-0.13730621957815034,11334.336056408763,0.13343360564087625,0.13287262044678338,0.9920694698264536,-0.055501780589946925,21,14,0.08300395256916997,5,False,-0.03574260684001555,17817.292767239713,0.7817292767239712,0.7899811188149284,2.020089967657696,-0.0398241062567849,40,19,0.16,5,False,-0.0290779315576847,0.1399498657022491,0.971937007266506,-0.06857251184834101,22,0.41347324875818514,1.1712615986892594,-0.1352219117446707,47,0.16294238579079856,0.6018558017407165,-0.23703134558847838,27,0.13343360564087625,0.9920694698264536,-0.055501780589946925,21,0.7817292767239712,2.020089967657696,-0.0398241062567849,40,-0.13590221172883132,1.0,0.13343360564087625,0.7309686147186147
75,2e8507d11a9f,gap_down_reversal,"{""family"": ""gap_down_reversal"", ""gap_max"": -0.05, ""market_prev_return_max"": null, ""min_adv20"": 50000000.0, ""mom3_max"": -0.05, ""prev_return_max"": -0.03}",,0.08,2.0,5,13866.443319081425,0.3866443319081425,0.11560441991554993,0.7563905452356642,-0.14437606827785399,69,41,0.09163346613545817,5,False,-0.10463588918278868,11308.77563011544,0.13087756301154396,0.13032792949849226,1.089027607960205,-0.03639245617833253,21,15,0.08300395256916997,5,False,-0.030413003586599617,12204.76684793219,0.2204766847932189,0.22242359291872038,1.3669868089444939,-0.04068266083516936,26,14,0.104,5,False,-0.02703388877689421,0.09391243010845818,0.8438080928298428,-0.0775650354679911,20,0.09153033137980682,0.5157946120855468,-0.1430578272732307,29,0.16130612109270337,1.1306386838985831,-0.08113707865168551,20,0.13087756301154396,1.089027607960205,-0.03639245617833253,21,0.2204766847932189,1.3669868089444939,-0.04068266083516936,26,-0.33263706272454086,1.0,0.09153033137980682,0.7307738095238095
76,bf49567ff02c,gap_down_reversal,"{""family"": ""gap_down_reversal"", ""gap_max"": -0.05, ""market_prev_return_max"": null, ""min_adv20"": 50000000.0, ""mom3_max"": -0.05, ""prev_return_max"": -0.03}",,,2.5,10,15268.69397060364,0.526869397060364,0.15215627559542866,0.717025649863035,-0.12222142580481399,78,41,0.10358565737051793,10,False,-0.08581638723634397,11505.94179074229,0.15059417907422912,0.14995639697062302,1.143317693529395,-0.022818573496121597,26,15,0.10276679841897234,10,False,-0.01900812724162476,13523.917676946316,0.35239176769463154,0.35566173751362085,1.2726858850753933,-0.025524761034884214,36,14,0.144,10,False,-0.01689618048555888,0.06952300673648248,0.9213377776933156,-0.04863331220825995,22,0.28766363336795364,0.9129341437490394,-0.09559407553147836,35,0.10868795441454004,0.586249811055164,-0.12222142580481388,21,0.15059417907422912,1.143317693529395,-0.022818573496121597,26,0.35239176769463154,1.2726858850753933,-0.025524761034884214,36,-0.42629204366636,1.0,0.06952300673648248,0.7305952380952381
77,a4082a055e1d,relative_weakness_reversal,"{""family"": ""relative_weakness_reversal"", ""gap_max"": -0.04, ""market_prev_return_max"": 0.0, ""min_adv20"": 50000000.0, ""mom3_max"": -0.05, ""prev_return_percentile_max"": 0.15}",,,3.0,5,23756.06310976709,1.3756063109767087,0.33584845733445157,0.8561672580976223,-0.3416926347777318,96,48,0.12749003984063745,5,False,-0.2059593293672255,11991.846780621476,0.19918467806214757,0.19832402984770447,0.9920694698264536,-0.08266245174949827,21,14,0.08300395256916997,5,False,-0.05361391026002334,23117.931899928564,1.3117931899928563,1.32734395546569,2.020089967657697,-0.05956286583835513,40,19,0.16,5,False,-0.04361689733652705,0.2081954227261018,0.971937007266506,-0.10285876777251202,22,0.6251149100282392,1.17126159868926,-0.1989719351275503,47,0.20991039891655006,0.6018558017407167,-0.3416926347777316,27,0.19918467806214757,0.9920694698264536,-0.08266245174949827,21,1.3117931899928563,2.020089967657697,-0.05956286583835513,40,-0.13590221172883132,1.0,0.19918467806214757,0.7303463203463203
78,72c27ae8dadb,relative_weakness_reversal,"{""family"": ""relative_weakness_reversal"", ""gap_max"": -0.04, ""market_prev_return_max"": 0.0, ""min_adv20"": 50000000.0, ""mom3_max"": -0.05, ""prev_return_percentile_max"": 0.1}",,0.08,2.5,10,14238.352280833718,0.42383522808337193,0.12552991499714317,0.8127557313801662,-0.12008776621562278,103,44,0.13678618857901725,10,False,-0.10621818294842802,11186.740793009854,0.1186740793009855,0.11817832860004618,1.0366410505295476,-0.03900554250244881,25,14,0.09881422924901186,10,False,-0.022339129275009723,13031.286272729089,0.3031286272729088,0.30589176678595975,1.5052114917682058,-0.03113350890511657,46,18,0.184,10,False,-0.03113350890511655,0.08961031935151498,1.0284775257764802,-0.0428578199052132,26,0.2110183972429187,0.8915447397562447,-0.1200877662156229,52,0.07904059925132545,0.8798234285366456,-0.07657939621401988,25,0.1186740793009855,1.0366410505295476,-0.03900554250244881,25,0.3031286272729088,1.5052114917682058,-0.03113350890511657,46,-0.22388531914938137,1.0,0.07904059925132545,0.729832251082251
79,bf49567ff02c,gap_down_reversal,"{""family"": ""gap_down_reversal"", ""gap_max"": -0.05, ""market_prev_return_max"": null, ""min_adv20"": 50000000.0, ""mom3_max"": -0.05, ""prev_return_max"": -0.03}",,,3.0,20,13640.909209921561,0.3640909209921561,0.10949882743923323,0.7155068369936965,-0.07402062921754204,83,41,0.1102257636122178,15,False,-0.051489832341806374,11386.972708945164,0.13869727089451644,0.1381128377617995,1.1085967499458347,-0.013720459451538214,36,15,0.1422924901185771,20,False,-0.011404876344974857,12669.96273593756,0.2669962735937561,0.26939721240120695,1.0214146088348615,-0.02601866785500917,56,14,0.224,20,False,-0.0260186678550093,0.04186573518792769,0.9213377776933157,-0.029242053341262064,22,0.22458510986514413,0.9379386270388671,-0.05763038786324037,40,0.06915972045397689,0.5862498110551644,-0.07402062921754182,21,0.13869727089451644,1.1085967499458347,-0.013720459451538214,36,0.2669962735937561,1.0214146088348615,-0.02601866785500917,56,-0.39308991295213813,1.0,0.04186573518792769,0.7297591991341991
80,2e8507d11a9f,gap_down_reversal,"{""family"": ""gap_down_reversal"", ""gap_max"": -0.05, ""market_prev_return_max"": null, ""min_adv20"": 50000000.0, ""mom3_max"": -0.05, ""prev_return_max"": -0.03}",,0.08,3.0,5,15879.736682965604,0.5879736682965604,0.1673860243251879,0.7563905452356642,-0.21400431897545824,69,41,0.09163346613545817,5,False,-0.156953833774183,11967.631369474124,0.19676313694741232,0.19591378147393645,1.0890276079602048,-0.054354161436575454,21,15,0.08300395256916997,5,False,-0.04561950537989943,13378.419102074553,0.33784191020745524,0.34096065433249834,1.366986808944494,-0.060710077611463076,26,14,0.104,5,False,-0.04055083316534132,0.1386033944315701,0.8438080928298429,-0.11585102507153733,20,0.12268014181802722,0.5157946120855471,-0.2121705796550769,29,0.24226652240737545,1.130638683898583,-0.1217056179775281,20,0.19676313694741232,1.0890276079602048,-0.054354161436575454,21,0.33784191020745524,1.366986808944494,-0.060710077611463076,26,-0.33263706272454063,1.0,0.12268014181802722,0.7295914502164502
81,7875f7bc4c9c,gap_down_reversal,"{""family"": ""gap_down_reversal"", ""gap_max"": -0.04, ""market_prev_return_max"": null, ""min_adv20"": 50000000.0, ""mom3_max"": -0.05, ""prev_return_max"": -0.02}",,0.08,1.75,7,14665.791813621438,0.4665791813621438,0.13672661658475893,0.9478035186190736,-0.13207281690690575,131,65,0.17397078353253653,7,False,-0.08385425287410783,10908.332440228978,0.09083324402289783,0.09045845048604217,0.9432924902254257,-0.04651857762561329,36,23,0.1422924901185771,7,False,-0.022339129275009723,13832.25749227451,0.3832257492274509,0.38682036148801635,2.003778169638754,-0.029242654218551323,49,21,0.196,7,False,-0.018173707223552937,0.07788670099815986,0.8959313185610828,-0.0428578199052132,30,0.18633520990107133,0.90276223562825,-0.13207281690690587,67,0.14689849238794994,1.3988935210876494,-0.07120434276817011,34,0.09083324402289783,0.9432924902254257,-0.04651857762561329,36,0.3832257492274509,2.003778169638754,-0.029242654218551323,49,-0.00451102839364792,1.0,0.07788670099815986,0.7295508658008658
82,a4082a055e1d,relative_weakness_reversal,"{""family"": ""relative_weakness_reversal"", ""gap_max"": -0.04, ""market_prev_return_max"": 0.0, ""min_adv20"": 50000000.0, ""mom3_max"": -0.05, ""prev_return_percentile_max"": 0.15}",,,1.75,5,17526.862098093574,0.7526862098093574,0.2065862379013983,0.8561672580976224,-0.2094548837402339,96,48,0.12749003984063745,5,False,-0.12014294213088154,11168.624226810147,0.11686242268101465,0.11637462658121867,0.9920694698264536,-0.04865013164011933,21,14,0.08300395256916997,5,False,-0.031274780985013614,16648.867831616993,0.6648867831616994,0.6716901491640799,2.020089967657696,-0.03487117486463098,40,19,0.16,5,False,-0.025443190112974114,0.12265912172910509,0.9719370072665061,-0.060000947867298704,22,0.36065235403688845,1.1712615986892598,-0.11888286769981748,47,0.14738477518534188,0.6018558017407166,-0.2094548837402338,27,0.11686242268101465,0.9920694698264536,-0.04865013164011933,21,0.6648867831616994,2.020089967657696,-0.03487117486463098,40,-0.1359022117288312,1.0,0.11686242268101465,0.7292424242424242
83,6616ec9875f0,relative_weakness_reversal,"{""family"": ""relative_weakness_reversal"", ""gap_max"": -0.04, ""market_prev_return_max"": 0.0, ""min_adv20"": 50000000.0, ""mom3_max"": -0.05, ""prev_return_percentile_max"": 0.15}",,0.08,1.25,5,13935.979464798587,0.3935979464798587,0.11747354439872182,0.9702531378406443,-0.07636684526123882,96,48,0.12749003984063745,5,False,-0.050745082667194595,10722.132592687112,0.07221325926871125,0.07191780572722006,0.9813517194611564,-0.03487305634853621,21,14,0.08300395256916997,5,False,-0.022339129275009723,13387.90376408512,0.33879037640851206,0.3419189397094202,2.150918521300971,-0.024943650355306768,40,19,0.16,5,False,-0.018173707223552937,0.07953594037080114,0.9402086536469223,-0.0428578199052132,22,0.16897357777794797,1.005373274839434,-0.07636684526123871,47,0.10432193132212775,1.1206881314981314,-0.07302026058509803,27,0.07221325926871125,0.9813517194611564,-0.03487305634853621,21,0.33879037640851206,2.150918521300971,-0.024943650355306768,40,-0.011098581620512138,1.0,0.07221325926871125,0.7287364718614718
84,7aa4d3414d11,relative_weakness_reversal,"{""family"": ""relative_weakness_reversal"", ""gap_max"": -0.04, ""market_prev_return_max"": 0.0, ""min_adv20"": 20000000.0, ""mom3_max"": -0.05, ""prev_return_percentile_max"": 0.15}",,0.08,2.0,7,14427.918164186725,0.4427918164186726,0.13052277524080247,0.8428770597696563,-0.12679963233289582,107,48,0.14209827357237717,7,False,-0.08278238931518984,10984.962245406276,0.09849622454062756,0.09808841438610294,1.0311399120866318,-0.039804732839192614,23,14,0.09090909090909091,7,False,-0.02553043345715397,13553.199185378126,0.35531991853781264,0.3586204758328526,1.8574738061326745,-0.028492498992283233,44,19,0.176,7,False,-0.02076995111263193,0.10164313374910616,1.0365820180311547,-0.0489803656059582,24,0.19882801152062912,0.8861203742068136,-0.12679963233289593,54,0.09246078468536711,0.8569784254466991,-0.0832412929230707,29,0.09849622454062756,1.0311399120866318,-0.039804732839192614,23,0.35531991853781264,1.8574738061326745,-0.028492498992283233,44,-0.18826285231697548,1.0,0.09246078468536711,0.7286417748917748
85,c6f475cac1ef,gap_down_reversal,"{""family"": ""gap_down_reversal"", ""gap_max"": -0.04, ""market_prev_return_max"": null, ""min_adv20"": 20000000.0, ""mom3_max"": -0.05, ""prev_return_max"": -0.02}",,,1.75,7,16536.59457238241,0.6536594572382413,0.18332887117845242,0.9096418013738723,-0.15219857165067496,132,65,0.1752988047808765,7,False,-0.08581638723634397,11005.042068753648,0.10050420687536477,0.10008771030866659,0.9442583578753947,-0.04651857762561329,36,23,0.1422924901185771,7,False,-0.022339129275009723,15014.207676968594,0.5014207676968594,0.5063102733955227,1.8710398213158042,-0.029242654218551434,49,21,0.196,7,False,-0.018173707223552937,0.08968059811522489,0.9610984859895736,-0.0428578199052132,30,0.2577143752369313,0.9891655165467659,-0.15219857165067474,68,0.20660420877185492,0.9535639135278883,-0.14614143559006976,34,0.10050420687536477,0.9442583578753947,-0.04651857762561329,36,0.5014207676968594,1.8710398213158042,-0.029242654218551434,49,-0.0346165565015224,1.0,0.08968059811522489,0.7286417748917748
86,a4082a055e1d,relative_weakness_reversal,"{""family"": ""relative_weakness_reversal"", ""gap_max"": -0.04, ""market_prev_return_max"": 0.0, ""min_adv20"": 50000000.0, ""mom3_max"": -0.05, ""prev_return_percentile_max"": 0.15}",,,2.5,10,16528.68559468209,0.6528685594682091,0.18313943871408034,0.78949157067536,-0.15257031286297207,119,48,0.15803452855245684,10,False,-0.10621818294842802,11353.720548913114,0.13537205489131132,0.1348024456935184,1.059313869397505,-0.03487305634853621,26,14,0.10276679841897234,10,False,-0.022339129275009723,14529.396612435548,0.4529396612435548,0.4572885733620795,1.5678099314345715,-0.03421708892690534,50,19,0.2,10,False,-0.03421708892690534,0.1099985117318103,1.1659689684743908,-0.0428578199052132,27,0.37997322452118665,1.0592897788983744,-0.13915112655084683,62,0.07905917619129754,0.45354552537634174,-0.15257031286297207,30,0.13537205489131132,1.059313869397505,-0.03487305634853621,26,0.4529396612435548,1.5678099314345715,-0.03421708892690534,50,-0.269822298722145,1.0,0.07905917619129754,0.7286363636363637
87,a0d87a4d13d7,relative_weakness_reversal,"{""family"": ""relative_weakness_reversal"", ""gap_max"": -0.04, ""market_prev_return_max"": 0.0, ""min_adv20"": 50000000.0, ""mom3_max"": -0.05, ""prev_return_percentile_max"": 0.15}",,0.06,2.0,5,15371.883456153822,0.5371883456153823,0.1547562954243813,0.9194995156154874,-0.1279481133599243,96,48,0.12749003984063745,5,False,-0.08119213226751136,11072.792375373534,0.10727923753735347,0.10683332634788667,0.9189749868256891,-0.055501780589946925,21,14,0.08300395256916997,5,False,-0.03574260684001555,14863.483247606588,0.4863483247606588,0.49106838763986804,2.07818915472613,-0.0398241062567849,40,19,0.16,5,False,-0.0290779315576847,0.10665512048506476,0.8746330893150106,-0.06857251184834123,22,0.17523884910977494,0.8193270806733226,-0.12794811335992418,47,0.181921536058397,1.2216404242251364,-0.11559736290386069,27,0.10727923753735347,0.9189749868256891,-0.055501780589946925,21,0.4863483247606588,2.07818915472613,-0.0398241062567849,40,-0.0005245287897982509,1.0,0.10665512048506476,0.7284821428571427
88,bf49567ff02c,gap_down_reversal,"{""family"": ""gap_down_reversal"", ""gap_max"": -0.05, ""market_prev_return_max"": null, ""min_adv20"": 50000000.0, ""mom3_max"": -0.05, ""prev_return_max"": -0.03}",,,1.75,5,15401.231984897959,0.5401231984897958,0.1554936553316555,0.7201962361090238,-0.16948282899731015,69,41,0.09163346613545817,5,False,-0.12014294213088154,11413.777770782823,0.14137777707828225,0.14078136633028282,1.1465059244260112,-0.03187760040221732,21,15,0.08300395256916997,5,False,-0.026611378138274668,12695.281684959298,0.26952816849592987,0.2719542191738933,1.2702866596904394,-0.03564310730346154,26,14,0.104,5,False,-0.023654652679782433,0.09418098511297956,0.8982002136539153,-0.06794181638684949,20,0.21330593554521782,0.8605032155554366,-0.11842231922798041,29,0.1601014700890795,0.6397969444089566,-0.16948282899730993,20,0.14137777707828225,1.1465059244260112,-0.03187760040221732,21,0.26952816849592987,1.2702866596904394,-0.03564310730346154,26,-0.42630968831698735,1.0,0.09418098511297956,0.7282683982683983
89,2e8507d11a9f,gap_down_reversal,"{""family"": ""gap_down_reversal"", ""gap_max"": -0.05, ""market_prev_return_max"": null, ""min_adv20"": 50000000.0, ""mom3_max"": -0.05, ""prev_return_max"": -0.03}",,0.08,1.5,3,15197.820143944631,0.5197820143944631,0.15036371937200732,0.9045632553891789,-0.1299332730501529,60,41,0.0796812749003984,3,False,-0.1014213483146067,11011.467535319023,0.10114675353190239,0.10072747430014828,0.9379719553685618,-0.04539285237669777,19,15,0.07509881422924901,3,False,-0.03801625448324952,12254.970065194062,0.22549700651940618,0.22749223300170796,1.3233210203045405,-0.05072252869342353,22,14,0.088,3,False,-0.03379236097111776,0.11695438945765813,0.8467398351727594,-0.09674940761396833,18,0.09854331228325686,0.5932026815958986,-0.1282496884724983,24,0.23859315880298926,1.2940993222534278,-0.10142134831460681,18,0.10114675353190239,0.9379719553685618,-0.04539285237669777,19,0.22549700651940618,1.3233210203045405,-0.05072252869342353,22,-0.033408699979382894,1.0,0.09854331228325686,0.7272267316017315
90,6616ec9875f0,relative_weakness_reversal,"{""family"": ""relative_weakness_reversal"", ""gap_max"": -0.04, ""market_prev_return_max"": 0.0, ""min_adv20"": 50000000.0, ""mom3_max"": -0.05, ""prev_return_percentile_max"": 0.15}",,0.08,1.75,10,13208.950107246143,0.32089501072461424,0.09761478633111587,0.8250475956216358,-0.09177214983812043,119,48,0.15803452855245684,10,False,-0.07435272806389961,10862.66258616437,0.08626625861643689,0.08591104167090413,1.0801648986268368,-0.02447569466191224,26,14,0.10276679841897234,10,False,-0.015637390492506807,12371.92838210393,0.23719283821039294,0.23930127499262843,1.614693751925798,-0.021793456233581532,50,19,0.2,10,False,-0.021793456233581584,0.07085847753306052,1.1454427676675851,-0.03000047393364924,27,0.17340280336192704,0.939669183966323,-0.09177214983812032,62,0.05120906944728554,0.7540839140832213,-0.051385338729084795,30,0.08626625861643689,1.0801648986268368,-0.02447569466191224,26,0.23719283821039294,1.614693751925798,-0.021793456233581532,50,-0.2551173030052011,1.0,0.05120906944728554,0.7272240259740258
91,bf49567ff02c,gap_down_reversal,"{""family"": ""gap_down_reversal"", ""gap_max"": -0.05, ""market_prev_return_max"": null, ""min_adv20"": 50000000.0, ""mom3_max"": -0.05, ""prev_return_max"": -0.03}",,,2.0,5,16192.791553467012,0.6192791553467012,0.17503794722128152,0.7201962361090237,-0.19275526831643608,69,41,0.09163346613545817,5,False,-0.13730621957815034,11618.701028055944,0.16187010280559444,0.1611813095217256,1.1465059244260112,-0.03639245617833253,21,15,0.08300395256916997,5,False,-0.030413003586599617,13099.783026521434,0.30997830265214343,0.31281102496026847,1.2702866596904396,-0.04068266083516936,26,14,0.104,5,False,-0.02703388877689421,0.10733772300173561,0.8982002136539154,-0.0775650354679911,20,0.2416264857493693,0.8605032155554365,-0.1350308325861318,29,0.1777433538810831,0.6397969444089566,-0.19275526831643608,20,0.16187010280559444,1.1465059244260112,-0.03639245617833253,21,0.30997830265214343,1.2702866596904396,-0.04068266083516936,26,-0.42630968831698746,1.0,0.10733772300173561,0.7271645021645021
92,2e8507d11a9f,gap_down_reversal,"{""family"": ""gap_down_reversal"", ""gap_max"": -0.05, ""market_prev_return_max"": null, ""min_adv20"": 50000000.0, ""mom3_max"": -0.05, ""prev_return_max"": -0.03}",,0.08,1.75,5,13365.896437048006,0.3365896437048006,0.10196218643647637,0.7563905452356643,-0.12668721071196698,69,41,0.09163346613545817,5,False,-0.09155640303494009,11144.315576072879,0.11443155760728785,0.11395441674989248,1.089027607960205,-0.03187760040221721,21,15,0.08300395256916997,5,False,-0.026611378138274668,11918.574190368598,0.19185741903685982,0.1935320857246765,1.3669868089444932,-0.03564310730346154,26,14,0.104,5,False,-0.023654652679782433,0.08247074692604595,0.8438080928298433,-0.06794181638684949,20,0.08214401925017367,0.5157946120855472,-0.1255126999217786,29,0.14102946534549887,1.130638683898583,-0.07099494382022453,20,0.11443155760728785,1.089027607960205,-0.03187760040221721,21,0.19185741903685982,1.3669868089444932,-0.03564310730346154,26,-0.33263706272454074,1.0,0.08214401925017367,0.7268073593073593
93,2e8507d11a9f,gap_down_reversal,"{""family"": ""gap_down_reversal"", ""gap_max"": -0.05, ""market_prev_return_max"": null, ""min_adv20"": 50000000.0, ""mom3_max"": -0.05, ""prev_return_max"": -0.03}",,0.08,3.0,10,13844.173390224838,0.3844173390224839,0.11500448834278876,0.71888574395121,-0.12148920049265821,78,41,0.10358565737051793,10,False,-0.09150540658960866,11571.387083017642,0.15713870830176413,0.15647137205893058,1.1139482854394402,-0.027352972841480194,26,15,0.10276679841897234,10,False,-0.022809752689949715,13366.911014373853,0.33669110143738523,0.33979793889511156,1.407344872179031,-0.0305904740366999,36,14,0.144,10,False,-0.02027541658267066,0.07323145943712994,0.8684774222464908,-0.05829790863360573,22,0.16560026275252282,0.7076803928781839,-0.12047889419971447,35,0.10668493664337997,1.000106363341332,-0.060852808988763996,21,0.15713870830176413,1.1139482854394402,-0.027352972841480194,26,0.33669110143738523,1.407344872179031,-0.0305904740366999,36,-0.3950625414882303,1.0,0.07323145943712994,0.7266233766233765
94,72c27ae8dadb,relative_weakness_reversal,"{""family"": ""relative_weakness_reversal"", ""gap_max"": -0.04, ""market_prev_return_max"": 0.0, ""min_adv20"": 50000000.0, ""mom3_max"": -0.05, ""prev_return_percentile_max"": 0.1}",,0.08,3.0,5,19056.496845231846,0.9056496845231847,0.2408508777499867,0.9267520046108466,-0.17877868457817425,85,44,0.11288180610889774,5,False,-0.12178819840126705,11595.861101662196,0.1595861101662197,0.1589076843536017,0.9111532153183484,-0.09231137371699716,20,14,0.07905138339920949,5,False,-0.05361391026002334,18109.85676515163,0.8109856765151631,0.8196100863548863,2.1014262126320555,-0.05956286583835513,36,18,0.144,5,False,-0.04361689733652705,0.15742317400295547,0.8185051524353528,-0.10285876777251202,21,0.39091221557735545,1.0862235910337315,-0.15562866930494879,39,0.18372596082497417,0.8798234285366457,-0.17877868457817425,25,0.1595861101662197,0.9111532153183484,-0.09231137371699716,20,0.8109856765151631,2.1014262126320555,-0.05956286583835513,36,-0.01559878929249825,1.0,0.15742317400295547,0.7262094155844155
95,3b47dea5c5a8,relative_weakness_reversal,"{""family"": ""relative_weakness_reversal"", ""gap_max"": -0.04, ""market_prev_return_max"": 0.0, ""min_adv20"": 100000000.0, ""mom3_max"": -0.05, ""prev_return_percentile_max"": 0.15}",,0.08,1.75,5,14983.708657656103,0.4983708657656103,0.14491435217050186,0.8893648836734367,-0.10150733100402987,91,46,0.12084993359893759,5,False,-0.07104311573407245,11009.203035564891,0.10092030355648918,0.10050200517592534,0.9813517194611562,-0.04865013164011933,21,14,0.08300395256916997,5,False,-0.031274780985013614,14589.080782875964,0.4589080782875965,0.46332284422922054,2.107134839655843,-0.03487117486463098,39,19,0.156,5,False,-0.025443190112974114,0.10488358114308505,0.895237804925718,-0.06000094786729848,21,0.23072149231043637,0.9850120085238389,-0.09759448138754967,45,0.10190211164839935,0.9209129148109704,-0.10150733100402987,25,0.10092030355648918,0.9813517194611562,-0.04865013164011933,21,0.4589080782875965,2.107134839655843,-0.03487117486463098,39,-0.09198683578771949,1.0,0.10092030355648918,0.7261471861471861
96,2dcede8980c5,gap_down_reversal,"{""family"": ""gap_down_reversal"", ""gap_max"": -0.04, ""market_prev_return_max"": null, ""min_adv20"": 50000000.0, ""mom3_max"": -0.05, ""prev_return_max"": -0.02}",,0.06,1.5,10,12439.159886457988,0.2439159886457989,0.07577860102307765,0.8453645378451883,-0.0900606221996596,146,65,0.19389110225763612,10,False,-0.06020364445579315,10759.781235920787,0.07597812359207867,0.07566672985319634,1.0702520861722309,-0.024488911575477834,39,23,0.1541501976284585,10,False,-0.013403477565005834,11840.132357026172,0.18401323570261718,0.1856142478725471,1.5241555109533265,-0.029764929151570363,55,21,0.22,10,False,-0.02976492915157042,0.05211376685374769,1.0285917142988072,-0.02571469194312792,33,0.11586825363906206,0.8636601316350401,-0.09006062219965971,76,0.059535285652362324,1.0339779837870477,-0.0429853490137464,37,0.07597812359207867,1.0702520861722309,-0.024488911575477834,39,0.18401323570261718,1.5241555109533265,-0.029764929151570363,55,-0.2248875483270426,1.0,0.05211376685374769,0.7254816017316017
97,3b47dea5c5a8,relative_weakness_reversal,"{""family"": ""relative_weakness_reversal"", ""gap_max"": -0.04, ""market_prev_return_max"": 0.0, ""min_adv20"": 100000000.0, ""mom3_max"": -0.05, ""prev_return_percentile_max"": 0.15}",,0.08,3.0,10,15277.654383779478,0.5277654383779478,0.1523825098344711,0.7872696121081562,-0.1488482451555686,113,46,0.150066401062417,10,False,-0.12746181953811364,11483.59635963573,0.14835963596357304,0.14773191122941687,1.080164898626837,-0.041773890226315835,26,14,0.10276679841897234,10,False,-0.02680695513001167,13944.689377787498,0.3944689377787498,0.39818331559808073,1.5506733994818716,-0.037360210686139705,49,19,0.196,10,False,-0.03736021068613986,0.11677840379072735,1.1018657459324654,-0.051429383886256064,26,0.2861810679529144,0.9284852181794802,-0.1488482451555686,60,0.06362261147702353,0.668626376839697,-0.08731504722581396,27,0.14835963596357304,1.080164898626837,-0.041773890226315835,26,0.3944689377787498,1.5506733994818716,-0.037360210686139705,49,-0.2928952865186809,1.0,0.06362261147702353,0.7249323593073592
98,a4082a055e1d,relative_weakness_reversal,"{""family"": ""relative_weakness_reversal"", ""gap_max"": -0.04, ""market_prev_return_max"": 0.0, ""min_adv20"": 50000000.0, ""mom3_max"": -0.05, ""prev_return_percentile_max"": 0.15}",,,3.0,7,19476.738148743283,0.9476738148743282,0.2499420890068893,0.8070031375958894,-0.2525330965275431,106,48,0.1407702523240372,7,False,-0.14711380669087534,11670.492597040167,0.16704925970401674,0.16633689186149003,1.0245811207134317,-0.05940596704683887,23,14,0.09090909090909091,7,False,-0.03829565018573095,17478.59260002252,0.747859260002252,0.755684647171011,1.8052091438477138,-0.042651093459268985,44,19,0.176,7,False,-0.031154926668947893,0.16696575884860665,1.0626133875586663,-0.07347054840893696,24,0.4806522299384848,1.099324307667415,-0.17932687807418857,53,0.12721055642730494,0.4944477362805436,-0.25253309652754274,29,0.16704925970401674,1.0245811207134317,-0.05940596704683887,23,0.747859260002252,1.8052091438477138,-0.042651093459268985,44,-0.21757798311754228,1.0,0.12721055642730494,0.7245752164502164
99,bf49567ff02c,gap_down_reversal,"{""family"": ""gap_down_reversal"", ""gap_max"": -0.05, ""market_prev_return_max"": null, ""min_adv20"": 50000000.0, ""mom3_max"": -0.05, ""prev_return_max"": -0.03}",,,2.0,10,14172.340266826985,0.4172340266826984,0.12378088648137076,0.717025649863035,-0.09823725373470849,78,41,0.10358565737051793,10,False,-0.06865310978907517,11200.971383474198,0.12009713834741986,0.11959513119775989,1.1433176935293952,-0.018274402366140752,26,15,0.10276679841897234,10,False,-0.015206501793299809,12785.234257051417,0.27852342570514166,0.2810390226442545,1.272685885075393,-0.02044596829801526,36,14,0.144,10,False,-0.013516944388447106,0.0557237448831196,0.9213377776933155,-0.03894802711081213,22,0.23202673655108463,0.9129341437490393,-0.07665931499060286,35,0.08961017107852465,0.586249811055164,-0.09823725373470837,21,0.12009713834741986,1.1433176935293952,-0.018274402366140752,26,0.27852342570514166,1.272685885075393,-0.02044596829801526,36,-0.4262920436663602,1.0,0.0557237448831196,0.7243641774891775
100,72c27ae8dadb,relative_weakness_reversal,"{""family"": ""relative_weakness_reversal"", ""gap_max"": -0.04, ""market_prev_return_max"": 0.0, ""min_adv20"": 50000000.0, ""mom3_max"": -0.05, ""prev_return_percentile_max"": 0.1}",,0.08,2.5,5,17352.223265990302,0.7352223265990303,0.20254935861980838,0.9267520046108465,-0.15017047023111585,85,44,0.11288180610889774,5,False,-0.10149016533438919,11337.149211374799,0.13371492113747996,0.13315268520222512,0.9111532153183489,-0.07723612769008803,20,14,0.07905138339920949,5,False,-0.044678258550019445,16495.982006674694,0.6495982006674694,0.6562168533145991,2.101426212632056,-0.04970814439910287,36,18,0.144,5,False,-0.036347414447105875,0.1326042328401842,0.8185051524353529,-0.08571563981042662,21,0.326774697027838,1.0862235910337317,-0.13007017703475654,39,0.15472818442825975,0.8798234285366456,-0.15017047023111574,25,0.13371492113747996,0.9111532153183489,-0.07723612769008803,20,0.6495982006674694,2.101426212632056,-0.04970814439910287,36,-0.015598789292497584,1.0,0.1326042328401842,0.7241747835497836
101,7aa4d3414d11,relative_weakness_reversal,"{""family"": ""relative_weakness_reversal"", ""gap_max"": -0.04, ""market_prev_return_max"": 0.0, ""min_adv20"": 20000000.0, ""mom3_max"": -0.05, ""prev_return_percentile_max"": 0.15}",,0.08,1.5,5,14543.564777224132,0.45435647772241317,0.13354731761387462,0.9234699976006742,-0.10821705638413415,97,48,0.12881806108897742,5,False,-0.060894099200633524,10865.841738315432,0.08658417383154315,0.08622759657138679,0.9813517194611558,-0.041773890226315835,21,14,0.08300395256916997,5,False,-0.02680695513001167,14160.970967834439,0.41609709678344386,0.4200439198520589,2.1509185213009716,-0.02991101203513391,40,19,0.16,5,False,-0.021808448668263525,0.09526373300725122,0.9402086536469222,-0.05142938388625584,22,0.17999628655379518,0.9074273970495251,-0.10821705638413393,48,0.1253082989461849,1.1206881314981312,-0.08731504722581396,27,0.08658417383154315,0.9813517194611558,-0.041773890226315835,21,0.41609709678344386,2.1509185213009716,-0.02991101203513391,40,-0.05788172186048168,1.0,0.08658417383154315,0.7236066017316016
102,3b47dea5c5a8,relative_weakness_reversal,"{""family"": ""relative_weakness_reversal"", ""gap_max"": -0.04, ""market_prev_return_max"": 0.0, ""min_adv20"": 100000000.0, ""mom3_max"": -0.05, ""prev_return_percentile_max"": 0.15}",,0.08,3.0,7,16425.703169259436,0.6425703169259436,0.18066732384942363,0.81736441463464,-0.15504313078015808,101,46,0.1341301460823373,7,False,-0.12417358397278476,11476.54756146118,0.14765475614611812,0.14703020043040227,1.0311399120866316,-0.05940596704683887,23,14,0.09090909090909091,7,False,-0.03829565018573095,15147.230288207465,0.5147230288207465,0.5197630944729081,1.7984645643310697,-0.042651093459268985,43,19,0.172,7,False,-0.031154926668947893,0.14464003122130964,0.9919327646086584,-0.07347054840893719,23,0.31809294442689207,0.9504314711392441,-0.15504313078015808,51,0.0887019598996468,0.6686263768396971,-0.12360299728578072,27,0.14765475614611812,1.0311399120866316,-0.05940596704683887,23,0.5147230288207465,1.7984645643310697,-0.042651093459268985,43,-0.21377549745199154,1.0,0.0887019598996468,0.7234172077922078
103,bf49567ff02c,gap_down_reversal,"{""family"": ""gap_down_reversal"", ""gap_max"": -0.05, ""market_prev_return_max"": null, ""min_adv20"": 50000000.0, ""mom3_max"": -0.05, ""prev_return_max"": -0.03}",,,2.5,5,17757.399039650947,0.7757399039650947,0.21187445877378508,0.7201962361090236,-0.2385716428922805,69,41,0.09163346613545817,5,False,-0.17163277447268793,12030.309496394184,0.20303094963941848,0.20215232499279234,1.146505924426011,-0.04539285237669777,21,15,0.08300395256916997,5,False,-0.03801625448324952,13922.940971304832,0.39229409713048313,0.3959852505849666,1.2702866596904396,-0.05072252869342353,26,14,0.104,5,False,-0.03379236097111776,0.13336481623997676,0.8982002136539156,-0.09674940761396833,20,0.2963000738199999,0.8605032155554362,-0.1679978638679146,29,0.20865981177710657,0.6397969444089565,-0.2385716428922805,20,0.20303094963941848,1.146505924426011,-0.04539285237669777,21,0.39229409713048313,1.2702866596904396,-0.05072252869342353,26,-0.42630968831698735,1.0,0.13336481623997676,0.7233414502164501
104,6616ec9875f0,relative_weakness_reversal,"{""family"": ""relative_weakness_reversal"", ""gap_max"": -0.04, ""market_prev_return_max"": 0.0, ""min_adv20"": 50000000.0, ""mom3_max"": -0.05, ""prev_return_percentile_max"": 0.15}",,0.08,2.5,15,13458.78753050851,0.34587875305085114,0.10451928136801003,0.7625708829445843,-0.10715077939748807,133,48,0.17662682602921648,15,False,-0.09086413371561847,11073.228333431474,0.10732283334314752,0.1068767323478399,1.085825938085437,-0.0233170166322908,31,14,0.1225296442687747,15,False,-0.014892752850006482,12839.779242599458,0.28397792425994584,0.2865480690841764,1.483248623003768,-0.022348667207434003,60,19,0.24,15,False,-0.022348667207433944,0.0712231292713601,1.1872355623597683,-0.028571879936808986,31,0.19790407994812176,0.8918018888249897,-0.10715077939748785,72,0.04882722456503008,0.7540839140832214,-0.048967150359765066,30,0.10732283334314752,1.085825938085437,-0.0233170166322908,31,0.28397792425994584,1.483248623003768,-0.022348667207434003,60,-0.3232550551408526,1.0,0.04882722456503008,0.7233198051948051
105,2dcede8980c5,gap_down_reversal,"{""family"": ""gap_down_reversal"", ""gap_max"": -0.04, ""market_prev_return_max"": null, ""min_adv20"": 50000000.0, ""mom3_max"": -0.05, ""prev_return_max"": -0.02}",,0.06,1.25,7,12701.069731024756,0.27010697310247567,0.08330646657599972,0.9177078561358596,-0.09539058729857974,131,65,0.17397078353253653,7,False,-0.059895894910077026,10700.275725151383,0.07002757251513825,0.0697413491736576,1.0293018186756009,-0.0291348892624943,36,23,0.1422924901185771,7,False,-0.01595652091072123,12399.445494471991,0.239944549447199,0.242079751630623,2.0090964539231333,-0.02093851536597846,49,21,0.196,7,False,-0.012981219445394956,0.05692794608780849,0.9565475131710167,-0.030612728503723652,30,0.09392442080588048,0.754953484122401,-0.09539058729857963,67,0.09851907253888648,1.41266300456284,-0.051083666052812005,34,0.07002757251513825,1.0293018186756009,-0.0291348892624943,36,0.239944549447199,2.0090964539231333,-0.02093851536597846,49,-0.1115939625397413,1.0,0.05692794608780849,0.7233089826839826
106,6fa15aecff31,gap_down_reversal,"{""family"": ""gap_down_reversal"", ""gap_max"": -0.05, ""market_prev_return_max"": null, ""min_adv20"": 20000000.0, ""mom3_max"": -0.05, ""prev_return_max"": -0.03}",,,3.0,15,14740.181464385078,0.4740181464385078,0.138652975501091,0.6956791864812456,-0.09823725373470837,84,41,0.11155378486055777,15,False,-0.06865310978907517,11653.822450027834,0.1653822450027833,0.16467747498976926,1.1184615218917007,-0.01827440236614042,31,15,0.1225296442687747,15,False,-0.015206501793299809,13253.714929578466,0.3253714929578466,0.3283616416780397,1.1300516009093622,-0.02044596829801526,46,14,0.184,15,False,-0.013516944388447106,0.0557237448831196,0.9213377776933155,-0.03894802711081213,22,0.281390181425768,0.898843799377945,-0.08803755570205385,41,0.08961017107852465,0.586249811055164,-0.09823725373470837,21,0.1653822450027833,1.1184615218917007,-0.01827440236614042,31,0.3253714929578466,1.1300516009093622,-0.02044596829801526,46,-0.42278233541045507,1.0,0.0557237448831196,0.7229383116883117
107,f1f3f33bc23c,relative_weakness_reversal,"{""family"": ""relative_weakness_reversal"", ""gap_max"": -0.04, ""market_prev_return_max"": 0.0, ""min_adv20"": 20000000.0, ""mom3_max"": -0.05, ""prev_return_percentile_max"": 0.15}",,,2.5,5,20564.637363455884,1.0564637363455884,0.272886019742697,0.8259953724100095,-0.29048000783819083,97,48,0.12881806108897742,5,False,-0.17163277447268793,11664.272576598238,0.1664272576598238,0.1657177258410103,0.9920694698264539,-0.0691313010976744,21,14,0.08300395256916997,5,False,-0.044678258550019445,20338.051604153585,1.0338051604153584,1.0453885464514014,2.020089967657697,-0.04970814439910287,40,19,0.16,5,False,-0.036347414447105875,0.17427360314317375,0.9719370072665061,-0.08571563981042662,22,0.4722136282157394,1.0934435689821203,-0.19325953862146594,48,0.1895451306300131,0.6018558017407167,-0.2904800078381906,27,0.1664272576598238,0.9920694698264539,-0.0691313010976744,21,1.0338051604153584,2.020089967657697,-0.04970814439910287,40,-0.1660740974164444,1.0,0.1664272576598238,0.7226433982683983
108,bf49567ff02c,gap_down_reversal,"{""family"": ""gap_down_reversal"", ""gap_max"": -0.05, ""market_prev_return_max"": null, ""min_adv20"": 50000000.0, ""mom3_max"": -0.05, ""prev_return_max"": -0.03}",,,1.5,5,14608.277669790961,0.4608277669790961,0.13523279686075385,0.7201962361090238,-0.14597074952622535,69,41,0.09163346613545817,5,False,-0.10297966468361275,11209.503610401422,0.12095036104014212,0.12044459930287132,1.146505924426011,-0.027352972841480305,21,15,0.08300395256916997,5,False,-0.022809752689949715,12295.561339004627,0.2295561339004628,0.23159054915724875,1.2702866596904396,-0.0305904740366999,26,14,0.104,5,False,-0.02027541658267066,0.08093739437832692,0.8982002136539156,-0.05829790863360573,20,0.18437693287655477,0.8605032155554364,-0.10173286918308355,29,0.14106013702852604,0.6397969444089564,-0.14597074952622524,20,0.12095036104014212,1.146505924426011,-0.027352972841480305,21,0.2295561339004628,1.2702866596904396,-0.0305904740366999,26,-0.4263096883169871,1.0,0.08093739437832692,0.7225297619047617
109,a4082a055e1d,relative_weakness_reversal,"{""family"": ""relative_weakness_reversal"", ""gap_max"": -0.04, ""market_prev_return_max"": 0.0, ""min_adv20"": 50000000.0, ""mom3_max"": -0.05, ""prev_return_percentile_max"": 0.15}",,,2.5,7,17779.767373290266,0.7779767373290265,0.21238512316129765,0.8070031375958893,-0.21342947796475675,106,48,0.1407702523240372,7,False,-0.12259483890906282,11392.808428638076,0.1392808428638077,0.1386938042014061,1.0245811207134312,-0.049630444294011644,23,14,0.09090909090909091,7,False,-0.03191304182144246,16029.443075268899,0.6029443075268899,0.6090064350529001,1.8052091438477142,-0.03557917999314508,44,19,0.176,7,False,-0.02596243889078991,0.13914045884788728,1.0626133875586656,-0.061225457007447526,24,0.4010135067952523,1.0993243076674148,-0.15058383377197349,53,0.11405459758659608,0.49444773628054317,-0.21342947796475664,29,0.1392808428638077,1.0245811207134312,-0.049630444294011644,23,0.6029443075268899,1.8052091438477142,-0.03557917999314508,44,-0.21757798311754195,1.0,0.11405459758659608,0.7225054112554112
110,2e8507d11a9f,gap_down_reversal,"{""family"": ""gap_down_reversal"", ""gap_max"": -0.05, ""market_prev_return_max"": null, ""min_adv20"": 50000000.0, ""mom3_max"": -0.05, ""prev_return_max"": -0.03}",,0.08,2.5,10,13181.997105197479,0.3181997105197478,0.09686473774293725,0.7188857439512102,-0.10154892840837304,78,41,0.10358565737051793,10,False,-0.07625450549134055,11306.707598820696,0.13067075988206955,0.13012204381226344,1.1139482854394405,-0.022818573496121486,26,15,0.10276679841897234,10,False,-0.01900812724162476,12771.479187558913,0.2771479187558912,0.2796497895488974,1.4073448721790307,-0.025524761034884214,36,14,0.144,10,False,-0.01689618048555888,0.06119979579209245,0.8684774222464909,-0.04863331220825995,22,0.14065275437264524,0.7076803928781836,-0.10068994853226654,35,0.08900682275805716,1.0001063633413318,-0.050710674157303126,21,0.13067075988206955,1.1139482854394405,-0.022818573496121486,26,0.2771479187558912,1.4073448721790307,-0.025524761034884214,36,-0.3950625414882303,1.0,0.06119979579209245,0.7225027056277056
111,7875f7bc4c9c,gap_down_reversal,"{""family"": ""gap_down_reversal"", ""gap_max"": -0.04, ""market_prev_return_max"": null, ""min_adv20"": 50000000.0, ""mom3_max"": -0.05, ""prev_return_max"": -0.02}",,0.08,2.0,10,14017.284679765888,0.4017284679765887,0.11965116753123395,0.8638547229370044,-0.11911389872189748,146,65,0.19389110225763612,10,False,-0.08027152594105753,10996.965648565096,0.09969656485650957,0.0992835638360352,1.006071091066267,-0.037304513024309705,39,23,0.1541501976284585,10,False,-0.017871303420007777,12903.30451636932,0.29033045163693205,0.29296436106166657,1.5744572823377625,-0.035686572202093925,55,21,0.22,10,False,-0.03568657220209389,0.06823003796915117,0.9653634042916813,-0.03428625592417067,33,0.20975111735324536,0.9797372369306253,-0.11911389872189704,76,0.08468360489241111,0.9590761911532694,-0.058759241509964144,37,0.09969656485650957,1.006071091066267,-0.037304513024309705,39,0.29033045163693205,1.5744572823377625,-0.035686572202093925,55,-0.14221636812926253,1.0,0.06823003796915117,0.7222646103896103
112,a4082a055e1d,relative_weakness_reversal,"{""family"": ""relative_weakness_reversal"", ""gap_max"": -0.04, ""market_prev_return_max"": 0.0, ""min_adv20"": 50000000.0, ""mom3_max"": -0.05, ""prev_return_percentile_max"": 0.15}",,,2.0,10,15132.763539128884,0.5132763539128884,0.14871339117408744,0.78949157067536,-0.12325119784783578,119,48,0.15803452855245684,10,False,-0.08497454635874242,11081.885934285532,0.10818859342855314,0.10773872171969923,1.0593138693975055,-0.02794763000678091,26,14,0.10276679841897234,10,False,-0.017871303420007777,13543.425229534723,0.35434252295347224,0.3576328646786764,1.5678099314345713,-0.027373671141524225,50,19,0.2,10,False,-0.02737367114152427,0.08780024651383722,1.165968968474391,-0.03428625592417067,27,0.30445166160401893,1.059289778898374,-0.11196927986592575,62,0.06645148359738706,0.4535455253763418,-0.12325119784783567,30,0.10818859342855314,1.0593138693975055,-0.02794763000678091,26,0.35434252295347224,1.5678099314345713,-0.027373671141524225,50,-0.26982229872214547,1.0,0.06645148359738706,0.7220914502164502
113,740a4d43b9a7,gap_down_reversal,"{""family"": ""gap_down_reversal"", ""gap_max"": -0.04, ""market_prev_return_max"": null, ""min_adv20"": 50000000.0, ""mom3_max"": -0.05, ""prev_return_max"": -0.02}",,,2.5,5,23224.202374989785,1.3224202374989784,0.32576407422607523,0.9478579477384536,-0.27988017358317796,121,65,0.16069057104913678,5,False,-0.17163277447268793,11682.245800156732,0.1682245800156732,0.16750684972967989,0.90204778191417,-0.09191144724549283,34,23,0.13438735177865613,5,False,-0.044678258550019445,19673.375920565664,0.9673375920565663,0.9780165531383345,1.7801318779086934,-0.05798770799229391,45,21,0.18,5,False,-0.036347414447105875,0.16498861630114248,0.9053624576505317,-0.08571563981042662,28,0.36421425069521285,0.9684891802016852,-0.25005387838089266,61,0.4612904421160524,1.0593491678037332,-0.2798801735831782,32,0.1682245800156732,0.90204778191417,-0.09191144724549283,34,0.9673375920565663,1.7801318779086934,-0.05798770799229391,45,-0.045810165824283544,1.0,0.16498861630114248,0.7219155844155845
114,6616ec9875f0,relative_weakness_reversal,"{""family"": ""relative_weakness_reversal"", ""gap_max"": -0.04, ""market_prev_return_max"": 0.0, ""min_adv20"": 50000000.0, ""mom3_max"": -0.05, ""prev_return_percentile_max"": 0.15}",,0.08,1.5,7,13430.190600130796,0.3430190600130796,0.10373332292906179,0.8828996429712759,-0.08374496049532987,106,48,0.1407702523240372,7,False,-0.06208679198639238,10738.702696491322,0.07387026964913224,0.07356780683021791,1.0311399120866316,-0.029928832682382,23,14,0.09090909090909091,7,False,-0.019147825092865476,12593.290165910035,0.2593290165910036,0.2616541595812829,1.8574738061326745,-0.021391145463306893,44,19,0.176,7,False,-0.015577463334473947,0.07624150486301806,1.036582018031155,-0.03673527420446854,24,0.16646703278445374,0.9662908175174001,-0.08374496049532965,53,0.0697935390257387,0.8569784254466989,-0.06274680281517875,29,0.07387026964913224,1.0311399120866316,-0.029928832682382,23,0.2593290165910036,1.8574738061326745,-0.021391145463306893,44,-0.1482402691153557,1.0,0.0697935390257387,0.7218425324675324
115,740a4d43b9a7,gap_down_reversal,"{""family"": ""gap_down_reversal"", ""gap_max"": -0.04, ""market_prev_return_max"": null, ""min_adv20"": 50000000.0, ""mom3_max"": -0.05, ""prev_return_max"": -0.02}",,,3.0,5,26425.209851023446,1.6425209851023448,0.38430970753365234,0.947857947738454,-0.3299665500985153,121,65,0.16069057104913678,5,False,-0.2059593293672255,12003.408062295955,0.2003408062295955,0.1994747596796249,0.9020477819141701,-0.10975066898209929,34,23,0.13438735177865613,5,False,-0.05361391026002334,22161.93201184325,1.2161932011843253,1.2303472198778516,1.780131877908693,-0.06934706529767387,45,21,0.18,5,False,-0.04361689733652705,0.19644028707519334,0.9053624576505315,-0.10285876777251202,28,0.4283693167450364,0.968489180201685,-0.2951418411693646,61,0.546275604483683,1.0593491678037334,-0.32996655009851517,32,0.2003408062295955,0.9020477819141701,-0.10975066898209929,34,1.2161932011843253,1.780131877908693,-0.06934706529767387,45,-0.04581016582428388,1.0,0.19644028707519334,0.7218181818181818
116,a0d87a4d13d7,relative_weakness_reversal,"{""family"": ""relative_weakness_reversal"", ""gap_max"": -0.04, ""market_prev_return_max"": 0.0, ""min_adv20"": 50000000.0, ""mom3_max"": -0.05, ""prev_return_percentile_max"": 0.15}",,0.06,3.0,7,15808.951215153626,0.5808951215153626,0.16564194593530845,0.8415736168085904,-0.17194218305622078,106,48,0.1407702523240372,7,False,-0.12417358397278476,11387.687381034859,0.1387687381034859,0.13818398594749737,0.9691602857589858,-0.05940596704683887,23,14,0.09090909090909091,7,False,-0.03829565018573095,14826.019766219324,0.4826019766219325,0.48728011482489153,1.7292129820522903,-0.042651093459268985,44,19,0.176,7,False,-0.031154926668947893,0.13068891964179397,0.9797677175351363,-0.07347054840893719,24,0.21135064796823455,0.7922678688484835,-0.17194218305622067,53,0.15422385814511208,1.0270332713986046,-0.1236029972857805,29,0.1387687381034859,0.9691602857589858,-0.05940596704683887,23,0.4826019766219325,1.7292129820522903,-0.042651093459268985,44,-0.1275866689503954,1.0,0.13068891964179397,0.7217343073593073
117,c6f475cac1ef,gap_down_reversal,"{""family"": ""gap_down_reversal"", ""gap_max"": -0.04, ""market_prev_return_max"": null, ""min_adv20"": 20000000.0, ""mom3_max"": -0.05, ""prev_return_max"": -0.02}",,,1.75,10,14885.480098463719,0.4885480098463719,0.14239698488527952,0.8594700249733953,-0.11911161442176377,147,65,0.1952191235059761,10,False,-0.07023758519842534,10944.529737477413,0.09445297374774131,0.09406261060121013,0.9946929347381767,-0.032680625376446226,39,23,0.1541501976284585,10,False,-0.015637390492506807,13202.070369916868,0.32020703699168673,0.3231442068363437,1.5545233267124754,-0.029560419482354217,55,21,0.22,10,False,-0.02956041948235446,0.0679513883091396,1.0262344130492012,-0.03000047393364924,33,0.24788968638244313,1.0355222268764368,-0.11911161442176399,77,0.11695368796635286,0.7734820727983776,-0.10361375937428585,37,0.09445297374774131,0.9946929347381767,-0.032680625376446226,39,0.32020703699168673,1.5545233267124754,-0.029560419482354217,55,-0.13522290976478135,1.0,0.0679513883091396,0.7216829004329004
118,72c27ae8dadb,relative_weakness_reversal,"{""family"": ""relative_weakness_reversal"", ""gap_max"": -0.04, ""market_prev_return_max"": 0.0, ""min_adv20"": 50000000.0, ""mom3_max"": -0.05, ""prev_return_percentile_max"": 0.1}",,0.08,2.0,7,14404.717841190195,0.44047178411901955,0.12991406906609493,0.8907374773645025,-0.09910750856047468,93,44,0.12350597609561753,7,False,-0.08278238931518984,10931.080886456177,0.0931080886456177,0.09272351578699634,0.9697309403164998,-0.04451450103832433,22,14,0.08695652173913043,7,False,-0.02553043345715397,13038.231612788195,0.3038231612788196,0.30659334302301344,1.7692999306939245,-0.028492498992283233,40,18,0.16,7,False,-0.02076995111263193,0.08807125982437558,0.9162528987911217,-0.0489803656059582,23,0.2144621100606099,1.0078481106985078,-0.0991075085604749,45,0.09009273907230564,0.8798234285366455,-0.08727447868464522,25,0.0931080886456177,0.9697309403164998,-0.04451450103832433,22,0.3038231612788196,1.7692999306939245,-0.028492498992283233,40,-0.07899346295199727,1.0,0.08807125982437558,0.7211877705627706
119,2e8507d11a9f,gap_down_reversal,"{""family"": ""gap_down_reversal"", ""gap_max"": -0.05, ""market_prev_return_max"": null, ""min_adv20"": 50000000.0, ""mom3_max"": -0.05, ""prev_return_max"": -0.03}",,0.08,3.0,15,13245.84311084454,0.32458431108445396,0.09863979641579013,0.7124853031404491,-0.0814814421555844,83,41,0.1102257636122178,15,False,-0.06100360439307244,11521.40516622229,0.15214051662222894,0.15149576466834458,1.0959627982082205,-0.01827440236614064,31,15,0.1225296442687747,15,False,-0.015206501793299809,12880.762498057413,0.2880762498057412,0.29068750329574766,1.2378524252483287,-0.02044596829801526,46,14,0.184,15,False,-0.013516944388447106,0.04909136055228536,0.8684774222464906,-0.03894802711081213,22,0.17859923443707282,0.8067245472609387,-0.08078058643754549,40,0.07127295640092868,1.000106363341332,-0.04056853932584281,21,0.15214051662222894,1.0959627982082205,-0.01827440236614064,31,0.2880762498057412,1.2378524252483287,-0.02044596829801526,46,-0.3834774950677714,1.0,0.04909136055228536,0.721009199134199
120,f1f3f33bc23c,relative_weakness_reversal,"{""family"": ""relative_weakness_reversal"", ""gap_max"": -0.04, ""market_prev_return_max"": 0.0, ""min_adv20"": 20000000.0, ""mom3_max"": -0.05, ""prev_return_percentile_max"": 0.15}",,,2.0,5,18274.380093960564,0.8274380093960565,0.2235694279009539,0.8259953724100098,-0.23703134558847827,97,48,0.12881806108897742,5,False,-0.13730621957815034,11334.336056408763,0.13343360564087625,0.13287262044678338,0.9920694698264536,-0.055501780589946925,21,14,0.08300395256916997,5,False,-0.03574260684001555,17817.292767239713,0.7817292767239712,0.7899811188149284,2.020089967657696,-0.0398241062567849,40,19,0.16,5,False,-0.0290779315576847,0.1399498657022491,0.971937007266506,-0.06857251184834101,22,0.3784743913000581,1.09344356898212,-0.15663458798056729,48,0.16294238579079856,0.6018558017407165,-0.23703134558847838,27,0.13343360564087625,0.9920694698264536,-0.055501780589946925,21,0.7817292767239712,2.020089967657696,-0.0398241062567849,40,-0.16607409741644386,1.0,0.13343360564087625,0.7206114718614719
121,740a4d43b9a7,gap_down_reversal,"{""family"": ""gap_down_reversal"", ""gap_max"": -0.04, ""market_prev_return_max"": null, ""min_adv20"": 50000000.0, ""mom3_max"": -0.05, ""prev_return_max"": -0.02}",,,2.0,5,20156.328077647828,1.0156328077647827,0.2643716158302265,0.9478579477384538,-0.2278551196380162,121,65,0.16069057104913678,5,False,-0.13730621957815034,11355.104602443058,0.1355104602443058,0.1349402347939257,0.9020477819141702,-0.07389017977054613,34,23,0.13438735177865613,5,False,-0.03574260684001555,17379.655288947462,0.7379655288947462,0.7456673436062069,1.7801318779086932,-0.04654920881939317,45,21,0.18,5,False,-0.0290779315576847,0.1329229598965911,0.9053624576505317,-0.06857251184834101,28,0.29624319725013426,0.9684891802016847,-0.20335360677448566,61,0.3725385465377302,1.0593491678037332,-0.2278551196380163,32,0.1355104602443058,0.9020477819141702,-0.07389017977054613,34,0.7379655288947462,1.7801318779086932,-0.04654920881939317,45,-0.045810165824283544,1.0,0.1329229598965911,0.7204816017316017
122,7aa4d3414d11,relative_weakness_reversal,"{""family"": ""relative_weakness_reversal"", ""gap_max"": -0.04, ""market_prev_return_max"": 0.0, ""min_adv20"": 20000000.0, ""mom3_max"": -0.05, ""prev_return_percentile_max"": 0.15}",,0.08,2.0,10,13530.35102915465,0.353035102915465,0.10648127621342551,0.7935005287226584,-0.11570325465975828,120,48,0.1593625498007968,10,False,-0.08497454635874242,10986.585031024182,0.0986585031024183,0.09824999147665969,1.080164898626837,-0.02794763000678091,26,14,0.10276679841897234,10,False,-0.017871303420007777,12736.100387237457,0.2736100387237457,0.2760766601259701,1.6146937519257978,-0.02490680712409321,50,19,0.2,10,False,-0.02490680712409324,0.08105744851243046,1.145442767667585,-0.03428625592417067,27,0.18261759335643646,0.8798606593640511,-0.1157032546597585,63,0.0583174451571582,0.7540839140832214,-0.0586227200977667,30,0.0986585031024183,1.080164898626837,-0.02794763000678091,26,0.2736100387237457,1.6146937519257978,-0.02490680712409321,50,-0.28666436990417865,1.0,0.0583174451571582,0.719926948051948
123,2dcede8980c5,gap_down_reversal,"{""family"": ""gap_down_reversal"", ""gap_max"": -0.04, ""market_prev_return_max"": null, ""min_adv20"": 50000000.0, ""mom3_max"": -0.05, ""prev_return_max"": -0.02}",,0.06,1.25,5,13679.796134021604,0.36797961340216045,0.11055632962725515,0.9423434425091701,-0.1233072028388581,121,65,0.16069057104913678,5,False,-0.07460165633626287,10785.827714295254,0.0785827714295253,0.0782603194226712,0.9647958951227098,-0.04072287076822512,34,23,0.13438735177865613,5,False,-0.022339129275009723,12869.507875374797,0.2869507875374797,0.28955074145657056,1.9096603145240523,-0.029242654218551434,45,21,0.18,5,False,-0.018173707223552937,0.07374453650284662,0.8942386642178429,-0.04285781990521331,28,0.09385287001999032,0.6488925348060932,-0.12330720283885799,61,0.16471521173173875,1.5477255176416107,-0.07120434276816978,32,0.0785827714295253,0.9647958951227098,-0.04072287076822512,34,0.2869507875374797,1.9096603145240523,-0.029242654218551434,45,-0.022452452613539675,1.0,0.07374453650284662,0.7198079004329003
124,a0d87a4d13d7,relative_weakness_reversal,"{""family"": ""relative_weakness_reversal"", ""gap_max"": -0.04, ""market_prev_return_max"": 0.0, ""min_adv20"": 50000000.0, ""mom3_max"": -0.05, ""prev_return_percentile_max"": 0.15}",,0.06,1.75,5,14634.93974141333,0.46349397414133287,0.13592577872251566,0.9194995156154872,-0.112380803978268,96,48,0.12749003984063745,5,False,-0.07104311573407245,10940.591584859483,0.09405915848594826,0.09367049155115459,0.918974986825689,-0.04865013164011944,21,14,0.08300395256916997,5,False,-0.031274780985013614,14173.718775948171,0.4173718775948172,0.4213324849306652,2.0781891547261306,-0.03487117486463098,40,19,0.16,5,False,-0.025443190112974114,0.09362987363679154,0.8746330893150108,-0.06000094786729859,22,0.15479549128277492,0.8193270806733225,-0.11238080397826788,47,0.15881869795264514,1.2216404242251364,-0.10150733100402975,27,0.09405915848594826,0.918974986825689,-0.04865013164011944,21,0.4173718775948172,2.0781891547261306,-0.03487117486463098,40,-0.0005245287897981399,1.0,0.09362987363679154,0.7197997835497836
125,a4082a055e1d,relative_weakness_reversal,"{""family"": ""relative_weakness_reversal"", ""gap_max"": -0.04, ""market_prev_return_max"": 0.0, ""min_adv20"": 50000000.0, ""mom3_max"": -0.05, ""prev_return_percentile_max"": 0.15}",,,1.5,5,16342.240472537336,0.6342240472537337,0.17865620784194847,0.8561672580976223,-0.18130303762427846,96,48,0.12749003984063745,5,False,-0.10297966468361275,11002.492102944592,0.10024921029445921,0.09983381762761345,0.9920694698264536,-0.041773890226315835,21,14,0.08300395256916997,5,False,-0.02680695513001167,15539.021511191031,0.5539021511191031,0.5593911216203618,2.020089967657697,-0.02991101203513391,40,19,0.16,5,False,-0.021808448668263525,0.10529386957180775,0.971937007266506,-0.05142938388625584,22,0.3080149884853507,1.17126159868926,-0.1023829422916791,47,0.13037128084601468,0.6018558017407167,-0.18130303762427846,27,0.10024921029445921,0.9920694698264536,-0.041773890226315835,21,0.5539021511191031,2.020089967657697,-0.02991101203513391,40,-0.13590221172883132,1.0,0.10024921029445921,0.7196969696969697
126,f1f3f33bc23c,relative_weakness_reversal,"{""family"": ""relative_weakness_reversal"", ""gap_max"": -0.04, ""market_prev_return_max"": 0.0, ""min_adv20"": 20000000.0, ""mom3_max"": -0.05, ""prev_return_percentile_max"": 0.15}",,,3.0,5,22868.763719399278,1.2868763719399277,0.3189388001148006,0.8259953724100096,-0.3416926347777317,97,48,0.12881806108897742,5,False,-0.2059593293672255,11991.846780621476,0.19918467806214757,0.19832402984770447,0.9920694698264536,-0.08266245174949827,21,14,0.08300395256916997,5,False,-0.05361391026002334,23117.931899928564,1.3117931899928563,1.32734395546569,2.020089967657697,-0.05956286583835513,40,19,0.16,5,False,-0.04361689733652705,0.2081954227261018,0.971937007266506,-0.10285876777251202,22,0.5644161544186512,1.0934435689821203,-0.22889068514706068,48,0.20991039891655006,0.6018558017407167,-0.3416926347777316,27,0.19918467806214757,0.9920694698264536,-0.08266245174949827,21,1.3117931899928563,2.020089967657697,-0.05956286583835513,40,-0.16607409741644397,1.0,0.19918467806214757,0.7196374458874458
127,740a4d43b9a7,gap_down_reversal,"{""family"": ""gap_down_reversal"", ""gap_max"": -0.04, ""market_prev_return_max"": null, ""min_adv20"": 50000000.0, ""mom3_max"": -0.05, ""prev_return_max"": -0.02}",,,1.5,10,14261.070307188917,0.42610703071889167,0.1261305948910032,0.8816391079763223,-0.09428928861550412,146,65,0.19389110225763612,10,False,-0.06020364445579315,10809.842659308224,0.08098426593082242,0.08065159622579432,0.9946929347381767,-0.02804551802735089,39,23,0.1541501976284585,10,False,-0.013403477565005834,12713.143602260543,0.2713143602260544,0.2737581512800771,1.5545233267124756,-0.025337502413446455,55,21,0.22,10,False,-0.025337502413446684,0.058245018629862644,1.026234413049201,-0.02571469194312792,33,0.22395188065346439,1.082560836070382,-0.0942892886155039,76,0.10103606349725092,0.7734820727983779,-0.08918850093470598,37,0.08098426593082242,0.9946929347381767,-0.02804551802735089,39,0.2713143602260544,1.5545233267124756,-0.025337502413446455,55,-0.11305382676185438,1.0,0.058245018629862644,0.719301948051948
128,f1f3f33bc23c,relative_weakness_reversal,"{""family"": ""relative_weakness_reversal"", ""gap_max"": -0.04, ""market_prev_return_max"": 0.0, ""min_adv20"": 20000000.0, ""mom3_max"": -0.05, ""prev_return_percentile_max"": 0.15}",,,3.0,10,17621.10005371601,0.762110005371601,0.208753494931309,0.7678726713116995,-0.18145428540464026,120,48,0.1593625498007968,10,False,-0.12746181953811364,11625.920065449973,0.16259200654499728,0.16189993272867187,1.0593138693975055,-0.041773890226315835,26,14,0.10276679841897234,10,False,-0.02680695513001167,15556.412260113242,0.5556412260113242,0.5611503091993368,1.5678099314345717,-0.04106050671228634,50,19,0.2,10,False,-0.04106050671228641,0.13227835986434977,1.165968968474391,-0.05142938388625584,27,0.42773284731489203,1.0144734448783757,-0.1814542854046406,63,0.09001596451293858,0.45354552537634185,-0.18130303762427824,30,0.16259200654499728,1.0593138693975055,-0.041773890226315835,26,0.5556412260113242,1.5678099314345717,-0.04106050671228634,50,-0.29144119808580604,1.0,0.09001596451293858,0.7192992424242424
129,a4082a055e1d,relative_weakness_reversal,"{""family"": ""relative_weakness_reversal"", ""gap_max"": -0.04, ""market_prev_return_max"": 0.0, ""min_adv20"": 50000000.0, ""mom3_max"": -0.05, ""prev_return_percentile_max"": 0.15}",,,2.0,7,16109.064123066995,0.6109064123066996,0.17300113008966478,0.8070031375958894,-0.17315320173313187,106,48,0.1407702523240372,7,False,-0.09807587112725025,11114.57736688803,0.11145773668880299,0.11099360263696512,1.0245811207134314,-0.039804732839192614,23,14,0.09090909090909091,7,False,-0.02553043345715397,14664.967769239955,0.4664967769239954,0.47099555950655225,1.805209143847714,-0.028492498992283233,44,19,0.176,7,False,-0.02076995111263193,0.11128043512518215,1.062613387558666,-0.0489803656059582,24,0.3207164084968508,1.0993243076674144,-0.12138390750634742,53,0.0975822331356333,0.4944477362805434,-0.1731532017331322,29,0.11145773668880299,1.0245811207134314,-0.039804732839192614,23,0.4664967769239954,1.805209143847714,-0.028492498992283233,44,-0.21757798311754206,1.0,0.0975822331356333,0.7190449134199134
130,3b47dea5c5a8,relative_weakness_reversal,"{""family"": ""relative_weakness_reversal"", ""gap_max"": -0.04, ""market_prev_return_max"": 0.0, ""min_adv20"": 100000000.0, ""mom3_max"": -0.05, ""prev_return_percentile_max"": 0.15}",,0.08,2.5,10,14347.715615873405,0.4347715615873404,0.12841572815385205,0.7872696121081563,-0.12448287244513656,113,46,0.150066401062417,10,False,-0.10621818294842802,11234.8462228319,0.12348462228319002,0.12296769352415637,1.080164898626837,-0.03487305634853621,26,14,0.10276679841897234,10,False,-0.022339129275009723,13234.702689001511,0.3234702689001512,0.32644089521956143,1.5506733994818716,-0.03113350890511657,49,19,0.196,10,False,-0.03113350890511655,0.09722462235011076,1.101865745932465,-0.04285781990521342,26,0.24124571668663708,0.9284852181794804,-0.12448287244513678,60,0.05348765860843763,0.6686263768396972,-0.07302026058509792,27,0.12348462228319002,1.080164898626837,-0.03487305634853621,26,0.3234702689001512,1.5506733994818716,-0.03113350890511657,49,-0.2928952865186808,1.0,0.05348765860843763,0.7189908008658009
131,3b47dea5c5a8,relative_weakness_reversal,"{""family"": ""relative_weakness_reversal"", ""gap_max"": -0.04, ""market_prev_return_max"": 0.0, ""min_adv20"": 100000000.0, ""mom3_max"": -0.05, ""prev_return_percentile_max"": 0.15}",,0.08,2.5,7,15278.890101869756,0.5278890101869755,0.15241370255547793,0.81736441463464,-0.12963329504108578,101,46,0.1341301460823373,7,False,-0.1034779866439873,11230.965372531535,0.12309653725315339,0.12258132002004896,1.0311399120866318,-0.049630444294011644,23,14,0.09090909090909091,7,False,-0.03191304182144246,14187.213694383237,0.41872136943832383,0.4226965789977486,1.7984645643310697,-0.03557917999314508,43,19,0.172,7,False,-0.02596243889078991,0.12075836526422035,0.9919327646086585,-0.061225457007447526,23,0.2682122851091904,0.950431471139244,-0.1296332950410859,51,0.07494900527373605,0.6686263768396972,-0.10352644716923343,27,0.12309653725315339,1.0311399120866318,-0.049630444294011644,23,0.41872136943832383,1.7984645643310697,-0.03557917999314508,43,-0.21377549745199176,1.0,0.07494900527373605,0.7189231601731602
132,6fa15aecff31,gap_down_reversal,"{""family"": ""gap_down_reversal"", ""gap_max"": -0.05, ""market_prev_return_max"": null, ""min_adv20"": 20000000.0, ""mom3_max"": -0.05, ""prev_return_max"": -0.03}",,,2.5,15,13921.145042058339,0.3921145042058338,0.11707531820518069,0.6956791864812457,-0.082118517544442,84,41,0.11155378486055777,15,False,-0.05721092482422931,11374.684340926473,0.1374684340926473,0.1368894836164869,1.118461521891701,-0.01523952617691926,31,15,0.1225296442687747,15,False,-0.012672084827749841,12697.150515554224,0.2697150515554223,0.27214295739696603,1.130051600909362,-0.01705283995396134,46,14,0.184,15,False,-0.01126412032370592,0.04649121876760787,0.9213377776933155,-0.03247967667245688,22,0.23616385619621205,0.8988437993779448,-0.0735853328328715,41,0.07612650603230198,0.586249811055164,-0.08211851754444166,21,0.1374684340926473,1.118461521891701,-0.01523952617691926,31,0.2697150515554223,1.130051600909362,-0.01705283995396134,46,-0.4227823354104552,1.0,0.04649121876760787,0.718676948051948
133,bf49567ff02c,gap_down_reversal,"{""family"": ""gap_down_reversal"", ""gap_max"": -0.05, ""market_prev_return_max"": null, ""min_adv20"": 50000000.0, ""mom3_max"": -0.05, ""prev_return_max"": -0.03}",,,1.75,3,18348.25653199135,0.8348256531991349,0.22522258576616427,0.754430050904124,-0.2759985722329267,60,41,0.0796812749003984,3,False,-0.20023823688480258,11668.850560775762,0.1668850560775761,0.16617343704965237,1.0809327605638073,-0.05286332431121332,19,15,0.07509881422924901,3,False,-0.044352296897124444,13803.758478238531,0.38037584782385303,0.38394021928984046,1.2713569318062234,-0.05904911938486024,22,14,0.088,3,False,-0.039424421132970726,0.15529752663448027,0.9009496674011354,-0.11267316901530411,18,0.24464703997616244,0.9594955360737423,-0.1407206420809941,24,0.27601197260547816,0.7160622352386111,-0.2759985722329267,18,0.1668850560775761,1.0809327605638073,-0.05286332431121332,19,0.38037584782385303,1.2713569318062234,-0.05904911938486024,22,-0.3265027096596833,1.0,0.15529752663448027,0.7183225108225108
134,f1f3f33bc23c,relative_weakness_reversal,"{""family"": ""relative_weakness_reversal"", ""gap_max"": -0.04, ""market_prev_return_max"": 0.0, ""min_adv20"": 20000000.0, ""mom3_max"": -0.05, ""prev_return_percentile_max"": 0.15}",,,1.75,5,17147.65969239147,0.714765969239147,0.19778622540629076,0.8259953724100096,-0.2094548837402338,97,48,0.12881806108897742,5,False,-0.12014294213088154,11168.624226810147,0.11686242268101465,0.11637462658121867,0.9920694698264536,-0.04865013164011933,21,14,0.08300395256916997,5,False,-0.031274780985013614,16648.867831616993,0.6648867831616994,0.6716901491640799,2.020089967657696,-0.03487117486463098,40,19,0.16,5,False,-0.025443190112974114,0.12265912172910509,0.9719370072665061,-0.060000947867298704,22,0.33121396152331006,1.09344356898212,-0.13794627644940305,48,0.14738477518534188,0.6018558017407166,-0.2094548837402338,27,0.11686242268101465,0.9920694698264536,-0.04865013164011933,21,0.6648867831616994,2.020089967657696,-0.03487117486463098,40,-0.16607409741644397,1.0,0.11686242268101465,0.7180844155844156
135,bf49567ff02c,gap_down_reversal,"{""family"": ""gap_down_reversal"", ""gap_max"": -0.05, ""market_prev_return_max"": null, ""min_adv20"": 50000000.0, ""mom3_max"": -0.05, ""prev_return_max"": -0.03}",,,1.5,3,17123.757042223046,0.7123757042223045,0.19722720510796443,0.7544300509041241,-0.23857164289228028,60,41,0.0796812749003984,3,False,-0.1716327744726879,11429.859650683531,0.14298596506835315,0.14238235637580687,1.080932760563807,-0.04539285237669799,19,15,0.07509881422924901,3,False,-0.03801625448324952,13233.824204702765,0.32338242047027643,0.3263521452660947,1.2713569318062234,-0.05072252869342353,22,14,0.088,3,False,-0.03379236097111776,0.13384152407405603,0.9009496674011355,-0.09674940761396833,18,0.21084579925828106,0.9594955360737422,-0.12092684234391671,24,0.24726248524835803,0.716062235238611,-0.23857164289228028,18,0.14298596506835315,1.080932760563807,-0.04539285237669799,19,0.32338242047027643,1.2713569318062234,-0.05072252869342353,22,-0.326502709659683,1.0,0.13384152407405603,0.7180762987012986
136,bf49567ff02c,gap_down_reversal,"{""family"": ""gap_down_reversal"", ""gap_max"": -0.05, ""market_prev_return_max"": null, ""min_adv20"": 50000000.0, ""mom3_max"": -0.05, ""prev_return_max"": -0.03}",,,3.0,5,19272.239753551075,0.9272239753551075,0.24553458908480397,0.7201962361090238,-0.2834007060406979,69,41,0.09163346613545817,5,False,-0.2059593293672255,12443.952553044113,0.2443952553044113,0.24332027871416861,1.146505924426011,-0.05435416143657579,21,15,0.08300395256916997,5,False,-0.04561950537989943,14764.640589615858,0.47646405896158583,0.4810736744850139,1.2702866596904396,-0.060710077611463076,26,14,0.104,5,False,-0.04055083316534132,0.15896605424168198,0.8982002136539156,-0.11585102507153733,20,0.3481127960371846,0.8605032155554364,-0.2006198028259465,29,0.23348889250124127,0.6397969444089564,-0.283400706040698,20,0.2443952553044113,1.146505924426011,-0.05435416143657579,21,0.47646405896158583,1.2702866596904396,-0.060710077611463076,26,-0.4263096883169871,1.0,0.15896605424168198,0.7179139610389609
137,457444b0146d,gap_down_reversal,"{""family"": ""gap_down_reversal"", ""gap_max"": -0.05, ""market_prev_return_max"": null, ""min_adv20"": 100000000.0, ""mom3_max"": -0.05, ""prev_return_max"": -0.03}",,,3.0,15,14685.512914528059,0.46855129145280583,0.13723793691078878,0.6920131977587408,-0.10643649273059841,78,37,0.10358565737051793,15,False,-0.06865310978907517,11653.822450027834,0.1653822450027833,0.16467747498976926,1.1184615218917007,-0.01827440236614042,31,15,0.1225296442687747,15,False,-0.015206501793299809,13253.714929578466,0.3253714929578466,0.3283616416780397,1.1300516009093622,-0.02044596829801526,46,14,0.184,15,False,-0.013516944388447106,0.05244111984249544,0.871071225891367,-0.03894802711081202,21,0.30580688290476177,0.9580564780541572,-0.07621345299439575,39,0.06859308152307242,0.47620077541976413,-0.1064364927305983,18,0.1653822450027833,1.1184615218917007,-0.01827440236614042,31,0.3253714929578466,1.1300516009093622,-0.02044596829801526,46,-0.42644832413295986,1.0,0.05244111984249544,0.7177489177489177
138,7aa4d3414d11,relative_weakness_reversal,"{""family"": ""relative_weakness_reversal"", ""gap_max"": -0.04, ""market_prev_return_max"": 0.0, ""min_adv20"": 20000000.0, ""mom3_max"": -0.05, ""prev_return_percentile_max"": 0.15}",,0.08,1.75,7,13835.44803228288,0.383544803228288,0.11476926009058608,0.8428770597696564,-0.11137966241782793,107,48,0.14209827357237717,7,False,-0.07243459065079112,10861.854317869595,0.08618543178695948,0.08583056062971517,1.0311399120866318,-0.03487305634853621,23,14,0.09090909090909091,7,False,-0.022339129275009723,13067.085462500627,0.3067085462500627,0.3095080163634172,1.8574738061326745,-0.024943650355306768,44,19,0.176,7,False,-0.018173707223552937,0.08894636723867921,1.036582018031155,-0.0428578199052132,24,0.17514809407184684,0.8861203742068138,-0.11137966241782793,54,0.08117037328323184,0.8569784254466993,-0.07302026058509758,29,0.08618543178695948,1.0311399120866318,-0.03487305634853621,23,0.3067085462500627,1.8574738061326745,-0.024943650355306768,44,-0.18826285231697537,1.0,0.08117037328323184,0.7176623376623377
139,7875f7bc4c9c,gap_down_reversal,"{""family"": ""gap_down_reversal"", ""gap_max"": -0.04, ""market_prev_return_max"": null, ""min_adv20"": 50000000.0, ""mom3_max"": -0.05, ""prev_return_max"": -0.02}",,0.08,1.5,7,13936.334617124754,0.3936334617124755,0.11748307491217558,0.9478035186190733,-0.11383577054634741,131,65,0.17397078353253653,7,False,-0.07187507389209243,10779.584722834234,0.07795847228342345,0.07763867305301786,0.9432924902254257,-0.039941692139752294,36,23,0.1422924901185771,7,False,-0.019147825092865476,13227.185961431414,0.32271859614314136,0.32568151012376867,2.0037781696387547,-0.0250956666679919,49,21,0.196,7,False,-0.015577463334473947,0.06689094834883469,0.8959313185610829,-0.03673527420446854,30,0.16073500669956675,0.9027622356282498,-0.11383577054634753,67,0.1253703075673107,1.3988935210876494,-0.06116634653233155,34,0.07795847228342345,0.9432924902254257,-0.039941692139752294,36,0.32271859614314136,2.0037781696387547,-0.0250956666679919,49,-0.004511028393647587,1.0,0.06689094834883469,0.71758658008658
140,6fa15aecff31,gap_down_reversal,"{""family"": ""gap_down_reversal"", ""gap_max"": -0.05, ""market_prev_return_max"": null, ""min_adv20"": 20000000.0, ""mom3_max"": -0.05, ""prev_return_max"": -0.03}",,,3.0,10,16072.918361674769,0.6072918361674768,0.1721196438771151,0.6936648437945131,-0.14597074952622513,79,41,0.1049136786188579,10,False,-0.10297966468361275,11812.672191065898,0.18126721910658983,0.18048967006478156,1.1433176935293954,-0.027352972841480083,26,15,0.10276679841897234,10,False,-0.022809752689949715,14279.817126820937,0.42798171268209373,0.432057403604603,1.2726858850753928,-0.0305904740366999,36,14,0.144,10,False,-0.02027541658267066,0.08325728670626265,0.9213377776933157,-0.05829790863360573,22,0.3173118524898759,0.8640034256898358,-0.13085506263004953,36,0.1263530006313165,0.5862498110551644,-0.14597074952622513,21,0.18126721910658983,1.1433176935293954,-0.027352972841480083,26,0.42798171268209373,1.2726858850753928,-0.0305904740366999,36,-0.4496528497348823,1.0,0.08325728670626265,0.7173998917748917
141,c6f475cac1ef,gap_down_reversal,"{""family"": ""gap_down_reversal"", ""gap_max"": -0.04, ""market_prev_return_max"": null, ""min_adv20"": 20000000.0, ""mom3_max"": -0.05, ""prev_return_max"": -0.02}",,,2.5,5,22503.369686569808,1.2503369686569807,0.31184838161365525,0.9172333098776796,-0.27988017358317796,122,65,0.16201859229747675,5,False,-0.17163277447268793,11682.245800156732,0.1682245800156732,0.16750684972967989,0.90204778191417,-0.09191144724549283,34,23,0.13438735177865613,5,False,-0.044678258550019445,19673.375920565664,0.9673375920565663,0.9780165531383345,1.7801318779086934,-0.05798770799229391,45,21,0.18,5,False,-0.036347414447105875,0.16498861630114248,0.9053624576505317,-0.08571563981042662,28,0.32187177494377583,0.88586809707667,-0.27333070271648285,62,0.4612904421160524,1.0593491678037332,-0.2798801735831782,32,0.1682245800156732,0.90204778191417,-0.09191144724549283,34,0.9673375920565663,1.7801318779086934,-0.05798770799229391,45,-0.015185527963509582,1.0,0.16498861630114248,0.7173809523809523
142,740a4d43b9a7,gap_down_reversal,"{""family"": ""gap_down_reversal"", ""gap_max"": -0.04, ""market_prev_return_max"": null, ""min_adv20"": 50000000.0, ""mom3_max"": -0.05, ""prev_return_max"": -0.02}",,,1.25,7,14652.17113990301,0.46521711399030097,0.13637319839601547,0.9360886805874166,-0.10566431136591803,131,65,0.17397078353253653,7,False,-0.06129741945453141,10719.813054879769,0.07198130548797699,0.0716868323244444,0.9442583578753948,-0.03334186797810157,36,23,0.1422924901185771,7,False,-0.01595652091072123,13432.274273701567,0.34322742737015677,0.3464019981534854,1.8710398213158048,-0.020938515365978683,49,21,0.196,7,False,-0.012981219445394956,0.06419179213000725,0.9610984859895733,-0.030612728503723874,30,0.1984958648417252,1.0506270235671733,-0.10042362632805946,67,0.14880293841318948,0.9535639135278884,-0.1056643113659178,34,0.07198130548797699,0.9442583578753948,-0.03334186797810157,36,0.34322742737015677,1.8710398213158048,-0.020938515365978683,49,-0.008169677287978239,1.0,0.06419179213000725,0.7172727272727273
143,2e8507d11a9f,gap_down_reversal,"{""family"": ""gap_down_reversal"", ""gap_max"": -0.05, ""market_prev_return_max"": null, ""min_adv20"": 50000000.0, ""mom3_max"": -0.05, ""prev_return_max"": -0.03}",,0.08,1.5,5,12868.529105363948,0.28685291053639483,0.08806563288491565,0.7563905452356642,-0.10889070074598861,69,41,0.09163346613545817,5,False,-0.0784769168870915,10980.030749016256,0.09800307490162563,0.0975973958746783,1.0890276079602048,-0.027352972841479972,21,15,0.08300395256916997,5,False,-0.022809752689949715,11635.343145590807,0.16353431455908063,0.16494502075900686,1.366986808944494,-0.0305904740366999,26,14,0.104,5,False,-0.02027541658267066,0.0709330383146487,0.8438080928298429,-0.05829790863360573,20,0.07214335318182652,0.5157946120855471,-0.1078659059076762,29,0.1207628705218935,1.130638683898583,-0.06085280898876411,20,0.09800307490162563,1.0890276079602048,-0.027352972841479972,21,0.16353431455908063,1.366986808944494,-0.0305904740366999,26,-0.33263706272454063,1.0,0.0709330383146487,0.717215909090909
144,a0d87a4d13d7,relative_weakness_reversal,"{""family"": ""relative_weakness_reversal"", ""gap_max"": -0.04, ""market_prev_return_max"": 0.0, ""min_adv20"": 50000000.0, ""mom3_max"": -0.05, ""prev_return_percentile_max"": 0.15}",,0.06,2.5,7,14770.004100259102,0.4770004100259102,0.13942343190224404,0.8415736168085906,-0.14419020923394055,106,48,0.1407702523240372,7,False,-0.1034779866439873,11158.5843598119,0.11585843598119006,0.11537504319571612,0.9691602857589857,-0.049630444294011644,23,14,0.09090909090909091,7,False,-0.03191304182144246,13934.962338354326,0.39349623383543264,0.39720022109601905,1.7292129820522903,-0.03557917999314508,44,19,0.176,7,False,-0.02596243889078991,0.10913444700161201,0.9797677175351359,-0.06122545700744764,24,0.179793125608108,0.7922678688484834,-0.144190209233941,53,0.1287312808719161,1.0270332713986046,-0.10352644716923365,29,0.11585843598119006,0.9691602857589857,-0.049630444294011644,23,0.39349623383543264,1.7292129820522903,-0.03557917999314508,44,-0.12758666895039517,1.0,0.10913444700161201,0.7172132034632034
145,c6f475cac1ef,gap_down_reversal,"{""family"": ""gap_down_reversal"", ""gap_max"": -0.04, ""market_prev_return_max"": null, ""min_adv20"": 20000000.0, ""mom3_max"": -0.05, ""prev_return_max"": -0.02}",,,3.0,5,25438.21665763045,1.543821665763045,0.36678661012562874,0.9172333098776797,-0.32996655009851517,122,65,0.16201859229747675,5,False,-0.2059593293672255,12003.408062295955,0.2003408062295955,0.1994747596796249,0.9020477819141701,-0.10975066898209929,34,23,0.13438735177865613,5,False,-0.05361391026002334,22161.93201184325,1.2161932011843253,1.2303472198778516,1.780131877908693,-0.06934706529767387,45,21,0.18,5,False,-0.04361689733652705,0.19644028707519334,0.9053624576505315,-0.10285876777251202,28,0.3750190954515553,0.8858680970766704,-0.3214686029621918,62,0.546275604483683,1.0593491678037334,-0.32996655009851517,32,0.2003408062295955,0.9020477819141701,-0.10975066898209929,34,1.2161932011843253,1.780131877908693,-0.06934706529767387,45,-0.015185527963509582,1.0,0.19644028707519334,0.7171645021645022
146,6fa15aecff31,gap_down_reversal,"{""family"": ""gap_down_reversal"", ""gap_max"": -0.05, ""market_prev_return_max"": null, ""min_adv20"": 20000000.0, ""mom3_max"": -0.05, ""prev_return_max"": -0.03}",,,3.0,20,13515.041919965632,0.35150419199656313,0.10606214111301959,0.6956791864812457,-0.07402062921754204,84,41,0.11155378486055777,15,False,-0.051489832341806374,11386.972708945164,0.13869727089451644,0.1381128377617995,1.1085967499458347,-0.013720459451538214,36,15,0.1422924901185771,20,False,-0.011404876344974857,12669.96273593756,0.2669962735937561,0.26939721240120695,1.0214146088348615,-0.02601866785500917,56,14,0.224,20,False,-0.0260186678550093,0.04186573518792769,0.9213377776933157,-0.029242053341262064,22,0.21328562779051796,0.8988437993779445,-0.06632581332140597,41,0.06915972045397689,0.5862498110551644,-0.07402062921754182,21,0.13869727089451644,1.1085967499458347,-0.013720459451538214,36,0.2669962735937561,1.0214146088348615,-0.02601866785500917,56,-0.41291756346458897,1.0,0.04186573518792769,0.7171563852813853
147,c6f475cac1ef,gap_down_reversal,"{""family"": ""gap_down_reversal"", ""gap_max"": -0.04, ""market_prev_return_max"": null, ""min_adv20"": 20000000.0, ""mom3_max"": -0.05, ""prev_return_max"": -0.02}",,,1.5,7,15497.330847525627,0.5497330847525628,0.15790154512664034,0.9096418013738722,-0.13140934591112774,132,65,0.1752988047808765,7,False,-0.07355690334543767,10862.655577066345,0.08626555770663447,0.0859103437597919,0.9442583578753947,-0.039941692139752294,36,23,0.1422924901185771,7,False,-0.019147825092865476,14207.563093337689,0.42075630933376895,0.4247535576561958,1.8710398213158044,-0.02509566666799168,49,21,0.196,7,False,-0.015577463334473947,0.07695298623068392,0.9610984859895736,-0.03673527420446854,30,0.2217006463780673,0.989165516546766,-0.13140934591112785,68,0.1778645640349652,0.953563913527888,-0.12602985108182962,34,0.08626555770663447,0.9442583578753947,-0.039941692139752294,36,0.42075630933376895,1.8710398213158044,-0.02509566666799168,49,-0.03461655650152251,1.0,0.07695298623068392,0.7171158008658008
148,6616ec9875f0,relative_weakness_reversal,"{""family"": ""relative_weakness_reversal"", ""gap_max"": -0.04, ""market_prev_return_max"": 0.0, ""min_adv20"": 50000000.0, ""mom3_max"": -0.05, ""prev_return_percentile_max"": 0.15}",,0.08,1.5,10,12726.126023939643,0.27261260239396434,0.08402120744644415,0.8250475956216354,-0.07881266996030445,119,48,0.15803452855245684,10,False,-0.06373090976905682,10738.892016411852,0.07388920164118518,0.07358665868035885,1.080164898626837,-0.020997611201049593,26,14,0.10276679841897234,10,False,-0.013403477565005834,12014.158038818987,0.20141580388189873,0.20318078417325536,1.6146937519257982,-0.018680105343070075,50,19,0.2,10,False,-0.01868010534306993,0.0606765909716982,1.1454427676675856,-0.02571469194312792,27,0.1491953797574319,0.939669183966323,-0.07881266996030412,62,0.04404535191857373,0.7540839140832214,-0.04412217477970637,30,0.07388920164118518,1.080164898626837,-0.020997611201049593,26,0.20141580388189873,1.6146937519257982,-0.018680105343070075,50,-0.25511730300520163,1.0,0.04404535191857373,0.7168641774891775
149,740a4d43b9a7,gap_down_reversal,"{""family"": ""gap_down_reversal"", ""gap_max"": -0.04, ""market_prev_return_max"": null, ""min_adv20"": 50000000.0, ""mom3_max"": -0.05, ""prev_return_max"": -0.02}",,,3.0,15,16273.472458826927,0.6273472458826928,0.17699403359648258,0.7832022502116515,-0.1569736735749101,164,65,0.21779548472775564,15,False,-0.114257920651883,11432.95378894757,0.14329537889475708,0.1426903843028875,1.018517145063911,-0.037304513024309705,44,23,0.17391304347826086,15,False,-0.017871303420007777,14726.035237536724,0.4726035237536723,0.4771701465963638,1.3988582722618121,-0.04658294280366426,65,21,0.26,15,False,-0.04658294280366411,0.09056489229390507,1.1476431153072657,-0.03428625592417067,38,0.34657310027825683,0.9768727750369515,-0.15697367357491043,86,0.10815060020619116,0.6390806002882957,-0.11791415425746776,40,0.14329537889475708,1.018517145063911,-0.037304513024309705,44,0.4726035237536723,1.3988582722618121,-0.04658294280366426,65,-0.23531489485225954,1.0,0.09056489229390507,0.7164502164502164
150,740a4d43b9a7,gap_down_reversal,"{""family"": ""gap_down_reversal"", ""gap_max"": -0.04, ""market_prev_return_max"": null, ""min_adv20"": 50000000.0, ""mom3_max"": -0.05, ""prev_return_max"": -0.02}",,,1.75,5,18687.752739075757,0.8687752739075756,0.23276319569560178,0.9478579477384538,-0.2011096732682035,121,65,0.16069057104913678,5,False,-0.12014294213088154,11189.498613612477,0.11894986136124763,0.11845289874658782,0.9020477819141701,-0.06481150992461626,34,23,0.13438735177865613,5,False,-0.031274780985013614,16303.529318704168,0.6303529318704169,0.6367406996427936,1.7801318779086932,-0.04080022177372289,45,21,0.18,5,False,-0.025443190112974114,0.11668334348932241,0.9053624576505317,-0.060000947867298704,28,0.2610427904198438,0.9684891802016848,-0.17939198809686163,61,0.32708034639409345,1.0593491678037334,-0.2011096732682035,32,0.11894986136124763,0.9020477819141701,-0.06481150992461626,34,0.6303529318704169,1.7801318779086932,-0.04080022177372289,45,-0.045810165824283655,1.0,0.11668334348932241,0.7164015151515151
