signal_rank,variant_id,family,base_config_json,stop_loss,take_profit,raw_candidates,train_final_equity,train_total_return,train_cagr,train_sharpe,train_max_drawdown,train_trades,train_traded_days,train_average_positions,train_max_positions_used,train_blown_up,train_worst_day,validation_final_equity,validation_total_return,validation_cagr,validation_sharpe,validation_max_drawdown,validation_trades,validation_traded_days,validation_average_positions,validation_max_positions_used,validation_blown_up,validation_worst_day,diagnostic_2025_final_equity,diagnostic_2025_total_return,diagnostic_2025_cagr,diagnostic_2025_sharpe,diagnostic_2025_max_drawdown,diagnostic_2025_trades,diagnostic_2025_traded_days,diagnostic_2025_average_positions,diagnostic_2025_max_positions_used,diagnostic_2025_blown_up,diagnostic_2025_worst_day,y2021_return,y2021_sharpe,y2021_max_drawdown,y2021_trades,y2022_return,y2022_sharpe,y2022_max_drawdown,y2022_trades,y2023_return,y2023_sharpe,y2023_max_drawdown,y2023_trades,y2024_return,y2024_sharpe,y2024_max_drawdown,y2024_trades,y2025_return,y2025_sharpe,y2025_max_drawdown,y2025_trades,signal_sharpe_stability,signal_positive_year_share_2021_2024,signal_worst_year_return_2021_2024,signal_selection_score
1,855ffdb1b624,gap_down_reversal,"{""family"": ""gap_down_reversal"", ""gap_max"": -0.05, ""market_prev_return_max"": 0.0, ""min_adv20"": 50000000.0, ""mom3_max"": -0.03, ""prev_return_max"": 0.0}",0.03,,333,11979.824884488624,0.19798248844886235,0.06231751133662544,0.7623635099079679,-0.040264671305593525,136,66,0.1806108897742364,10,False,-0.028592098458227123,10359.391155143323,0.035939115514332265,0.03579455119502928,0.7999530440086021,-0.01320469848592798,47,27,0.1857707509881423,10,False,-0.007914976395352737,11117.284339651025,0.11172843396510257,0.11267083137147749,1.446213743742678,-0.02060750343196205,68,33,0.272,10,False,-0.009600000000000001,0.04146472456500083,1.5827334354059153,-0.007740678484098207,27,0.08811857955531766,0.7468804920659351,-0.040264671305593414,74,0.057133119575071944,0.8074630072493564,-0.0191058463565017,35,0.035939115514332265,0.7999530440086021,-0.01320469848592798,47,0.11172843396510257,1.446213743742678,-0.02060750343196205,68,-0.03758953410063426,1.0,0.035939115514332265,0.9534628571428571
2,b40424565684,gap_down_reversal,"{""family"": ""gap_down_reversal"", ""gap_max"": -0.05, ""market_prev_return_max"": 0.0, ""min_adv20"": 20000000.0, ""mom3_max"": -0.03, ""prev_return_max"": 0.0}",0.03,,334,11941.366377636337,0.19413663776363377,0.06117498493958462,0.7489801123326997,-0.043345683596747286,137,66,0.18193891102257637,10,False,-0.028592098458227123,10359.391155143323,0.035939115514332265,0.03579455119502928,0.7999530440086021,-0.01320469848592798,47,27,0.1857707509881423,10,False,-0.007914976395352737,11117.284339651025,0.11172843396510257,0.11267083137147749,1.446213743742678,-0.02060750343196205,68,33,0.272,10,False,-0.009600000000000001,0.04146472456500083,1.5827334354059153,-0.007740678484098207,27,0.08462542199655276,0.7199736018064083,-0.043345683596747064,75,0.057133119575071944,0.8074630072493564,-0.0191058463565017,35,0.035939115514332265,0.7999530440086021,-0.01320469848592798,47,0.11172843396510257,1.446213743742678,-0.02060750343196205,68,-0.050972931675902444,1.0,0.035939115514332265,0.9518914285714285
3,71cb644fdc29,gap_down_reversal,"{""family"": ""gap_down_reversal"", ""gap_max"": -0.05, ""market_prev_return_max"": 0.0, ""min_adv20"": 100000000.0, ""mom3_max"": -0.03, ""prev_return_max"": 0.0}",0.03,,317,12069.43326939881,0.20694332693988104,0.06497016492520924,0.7942499446919125,-0.0388275383588923,125,61,0.16600265604249667,10,False,-0.028592098458227123,10350.519408376202,0.0350519408376202,0.03491100495681709,0.78207299741482,-0.014860192119112159,45,26,0.17786561264822134,10,False,-0.007914976395352737,11152.630532172905,0.11526305321729047,0.1162367930995738,1.482420026043188,-0.020607503431961383,67,33,0.268,10,False,-0.009600000000000001,0.035988268131133205,1.401149033759049,-0.007740678484097985,24,0.09973464090217221,0.8347611618857997,-0.038827538358891966,68,0.0593613776250117,0.8407196232961893,-0.020204025374381596,33,0.0350519408376202,0.78207299741482,-0.014860192119112159,45,0.11526305321729047,1.482420026043188,-0.020607503431961383,67,-0.012176947277092509,1.0,0.0350519408376202,0.9511066666666668
4,3da1147119b4,relative_weakness_reversal,"{""family"": ""relative_weakness_reversal"", ""gap_max"": -0.04, ""market_prev_return_max"": 0.0, ""min_adv20"": 50000000.0, ""mom3_max"": -0.05, ""prev_return_percentile_max"": 0.25}",,,325,12524.85812085675,0.252485812085675,0.07825326702029667,0.7947017097608939,-0.06283166446795474,126,49,0.16733067729083664,10,False,-0.04248727317937121,10407.53703301649,0.04075370330164896,0.04058939580333032,0.8063951545521967,-0.016260269943452532,29,15,0.11462450592885376,10,False,-0.008935651710003888,11814.407267158404,0.18144072671584044,0.1830176750446586,1.6195242484384058,-0.013686835570762224,53,20,0.212,10,False,-0.013686835570762135,0.04784263527975674,1.1998874210625445,-0.01714312796208528,29,0.15878038732172994,1.0861643311861937,-0.05663393588842258,66,0.03151515643511171,0.3948120292544689,-0.06283166446795452,31,0.04075370330164896,0.8063951545521967,-0.016260269943452532,29,0.18144072671584044,1.6195242484384058,-0.013686835570762224,53,-0.011693444791302743,1.0,0.03151515643511171,0.9496460317460317
5,6616ec9875f0,relative_weakness_reversal,"{""family"": ""relative_weakness_reversal"", ""gap_max"": -0.04, ""market_prev_return_max"": 0.0, ""min_adv20"": 50000000.0, ""mom3_max"": -0.05, ""prev_return_percentile_max"": 0.15}",,0.08,270,11783.629001695117,0.17836290016951173,0.05646313480809617,0.8250475956216357,-0.05274160037805842,119,48,0.15803452855245684,10,False,-0.04248727317937121,10491.845465374323,0.049184546537432317,0.048985455747351025,1.080164898626837,-0.01402299993134215,26,14,0.10276679841897234,10,False,-0.008935651710003888,11317.686568968473,0.13176865689684725,0.13288994899729412,1.6146937519257978,-0.012453403562046494,50,19,0.2,10,False,-0.01245340356204662,0.040368123724062954,1.145442767667585,-0.01714312796208528,27,0.10012182566512595,0.9396691839663232,-0.05274160037805842,62,0.02955900752802143,0.7540839140832214,-0.029518373646801543,30,0.049184546537432317,1.080164898626837,-0.01402299993134215,26,0.13176865689684725,1.6146937519257978,-0.012453403562046494,50,-0.2551173030052014,1.0,0.02955900752802143,0.9494
6,a0d87a4d13d7,relative_weakness_reversal,"{""family"": ""relative_weakness_reversal"", ""gap_max"": -0.04, ""market_prev_return_max"": 0.0, ""min_adv20"": 50000000.0, ""mom3_max"": -0.05, ""prev_return_percentile_max"": 0.15}",,0.06,270,11444.403201295198,0.14444032012951968,0.046185901177630884,0.7865513905406584,-0.05461816649746787,119,48,0.15803452855245684,10,False,-0.04248727317937121,10472.73494970224,0.04727349497022404,0.04708231209199076,1.0253411343849366,-0.014022999931342262,26,14,0.10276679841897234,10,False,-0.008935651710003888,11088.39937421434,0.10883993742143394,0.10975678903850472,1.4723509558299148,-0.01645340356204672,50,19,0.2,10,False,-0.01645340356204662,0.035490713777890814,1.0973027663041837,-0.01714312796208528,27,0.07005604903101714,0.7869544715615118,-0.05461816649746776,62,0.03285751848978369,0.935824431234357,-0.029518373646801432,30,0.04727349497022404,1.0253411343849366,-0.014022999931342262,26,0.10883993742143394,1.4723509558299148,-0.01645340356204672,50,-0.2387897438442782,1.0,0.03285751848978369,0.9479926984126985
7,a4082a055e1d,relative_weakness_reversal,"{""family"": ""relative_weakness_reversal"", ""gap_max"": -0.04, ""market_prev_return_max"": 0.0, ""min_adv20"": 50000000.0, ""mom3_max"": -0.05, ""prev_return_percentile_max"": 0.15}",,,270,12461.948466918,0.24619484669180003,0.07643776003766045,0.78949157067536,-0.06283166446795452,119,48,0.15803452855245684,10,False,-0.04248727317937121,10539.673795361845,0.05396737953618458,0.053748437430593876,1.0593138693975055,-0.01402299993134215,26,14,0.10276679841897234,10,False,-0.008935651710003888,11692.694290904477,0.16926942909044773,0.17073313920214583,1.5678099314345713,-0.013686835570762224,50,19,0.2,10,False,-0.013686835570762135,0.04368436550708643,1.165968968474391,-0.01714312796208528,27,0.15212557698379237,1.059289778898374,-0.05663393588842236,62,0.03637506472905372,0.4535455253763418,-0.06283166446795452,30,0.05396737953618458,1.0593138693975055,-0.01402299993134215,26,0.16926942909044773,1.5678099314345713,-0.013686835570762224,50,-0.26982229872214547,1.0,0.03637506472905372,0.9479177777777776
8,2e8507d11a9f,gap_down_reversal,"{""family"": ""gap_down_reversal"", ""gap_max"": -0.05, ""market_prev_return_max"": null, ""min_adv20"": 50000000.0, ""mom3_max"": -0.05, ""prev_return_max"": -0.03}",,0.08,191,11241.734760179575,0.12417347601795758,0.039948786530221714,0.71888574395121,-0.040976857248161025,78,41,0.10358565737051793,10,False,-0.03050180219653622,10519.124751689653,0.051912475168965244,0.05170207250589809,1.1139482854394405,-0.009156744752313872,26,15,0.10276679841897234,10,False,-0.007603250896649904,11067.938624485323,0.10679386244853228,0.10769265536544537,1.4073448721790307,-0.010249143619115109,36,14,0.144,10,False,-0.006758472194223553,0.02466637103495173,0.8684774222464906,-0.019515390899610074,22,0.059312746026048746,0.7076803928781836,-0.04061272521332415,35,0.0356825362402684,1.000106363341332,-0.020284269662921295,21,0.051912475168965244,1.1139482854394405,-0.009156744752313872,26,0.10679386244853228,1.4073448721790307,-0.010249143619115109,36,-0.3950625414882305,1.0,0.02466637103495173,0.9478177777777778
9,67e7fda2fd1d,relative_weakness_reversal,"{""family"": ""relative_weakness_reversal"", ""gap_max"": -0.04, ""market_prev_return_max"": 0.0, ""min_adv20"": 50000000.0, ""mom3_max"": -0.05, ""prev_return_percentile_max"": 0.2}",,,301,12436.853371010422,0.24368533710104212,0.075711840370283,0.7775653293811716,-0.06283166446795452,125,49,0.16600265604249667,10,False,-0.04248727317937121,10404.66067912075,0.040466067912074966,0.040302942386595486,0.801209930080288,-0.016260269943452643,27,14,0.1067193675889328,10,False,-0.008935651710003888,11723.668064882002,0.17236680648820024,0.17385923707887763,1.5933872626789338,-0.013686835570762224,52,20,0.208,10,False,-0.013686835570762135,0.04784263527975674,1.1998874210625445,-0.01714312796208528,29,0.15063832478265282,1.0494979175610142,-0.05663393588842258,65,0.03151515643511171,0.3948120292544689,-0.06283166446795452,31,0.040466067912074966,0.801209930080288,-0.016260269943452643,27,0.17236680648820024,1.5933872626789338,-0.013686835570762224,52,-0.023644600699116336,1.0,0.03151515643511171,0.9477149206349207
10,e53ef2ae4f95,relative_weakness_reversal,"{""family"": ""relative_weakness_reversal"", ""gap_max"": -0.04, ""market_prev_return_max"": 0.0, ""min_adv20"": 20000000.0, ""mom3_max"": -0.05, ""prev_return_percentile_max"": 0.25}",,0.08,326,11776.246638323191,0.17762466383231912,0.05624158733316098,0.79597097707474,-0.05855650976656679,127,49,0.16865869853917662,10,False,-0.04248727317937121,10360.30833075897,0.03603083307589694,0.0358858934720967,0.796551196949111,-0.01654178421544128,29,15,0.11462450592885376,10,False,-0.008935651710003888,11434.251656910259,0.14342516569102592,0.1446518337560443,1.6936010603013167,-0.012453403562046717,53,20,0.212,10,False,-0.01245340356204662,0.04452391457765148,1.1874796857226257,-0.01714312796208528,29,0.10017321350686026,0.914811818151949,-0.05855650976656679,67,0.024772443110244735,0.6090767137762683,-0.0333838346369828,31,0.03603083307589694,0.796551196949111,-0.01654178421544128,29,0.14342516569102592,1.6936010603013167,-0.012453403562046717,53,-0.0005802198743710685,1.0,0.024772443110244735,0.9474673015873016
11,3587d6ad37b2,relative_weakness_reversal,"{""family"": ""relative_weakness_reversal"", ""gap_max"": -0.04, ""market_prev_return_max"": 0.0, ""min_adv20"": 20000000.0, ""mom3_max"": -0.05, ""prev_return_percentile_max"": 0.25}",,,326,12447.972114772487,0.24479721147724876,0.07603358966370899,0.7734500230355152,-0.06283166446795463,127,49,0.16865869853917662,10,False,-0.04248727317937121,10407.53703301649,0.04075370330164896,0.04058939580333032,0.8063951545521967,-0.016260269943452532,29,15,0.11462450592885376,10,False,-0.008935651710003888,11814.407267158404,0.18144072671584044,0.1830176750446586,1.6195242484384058,-0.013686835570762224,53,20,0.212,10,False,-0.013686835570762135,0.04784263527975674,1.1998874210625445,-0.01714312796208528,29,0.1516670136571141,1.0419449056044363,-0.062424951502738635,67,0.03151515643511171,0.3948120292544689,-0.06283166446795452,31,0.04075370330164896,0.8063951545521967,-0.016260269943452532,29,0.18144072671584044,1.6195242484384058,-0.013686835570762224,53,-0.032945131516681436,1.0,0.03151515643511171,0.947355238095238
12,740a4d43b9a7,gap_down_reversal,"{""family"": ""gap_down_reversal"", ""gap_max"": -0.04, ""market_prev_return_max"": null, ""min_adv20"": 50000000.0, ""mom3_max"": -0.05, ""prev_return_max"": -0.02}",,,425,12751.522153537575,0.27515221535375756,0.08474468750645503,0.8816391079763222,-0.06340824452876537,146,65,0.19389110225763612,10,False,-0.04013576297052877,10540.158033613552,0.05401580336135514,0.0537966598334787,0.9946929347381767,-0.018741696567172506,39,23,0.1541501976284585,10,False,-0.008935651710003888,11766.941169919573,0.17669411699195736,0.17822678323521512,1.5545233267124754,-0.016891668275631155,55,21,0.22,10,False,-0.01689166827563112,0.03882656357626968,1.0262344130492014,-0.01714312796208528,33,0.14894876700491588,1.082560836070382,-0.06340824452876548,76,0.06836172340533397,0.7734820727983774,-0.059962325501418,37,0.05401580336135514,0.9946929347381767,-0.018741696567172506,39,0.17669411699195736,1.5545233267124754,-0.016891668275631155,55,-0.11305382676185449,1.0,0.03882656357626968,0.9471263492063492
13,bf49567ff02c,gap_down_reversal,"{""family"": ""gap_down_reversal"", ""gap_max"": -0.05, ""market_prev_return_max"": null, ""min_adv20"": 50000000.0, ""mom3_max"": -0.05, ""prev_return_max"": -0.03}",,,191,12034.451382681726,0.20344513826817257,0.0639361695929499,0.717025649863035,-0.04957394815494698,78,41,0.10358565737051793,10,False,-0.034326554894537585,10596.574842658642,0.05965748426586415,0.05941481393748149,1.1433176935293952,-0.009156744752314094,26,15,0.10276679841897234,10,False,-0.007603250896649904,11358.990719048292,0.1358990719048292,0.1370575930088329,1.272685885075393,-0.010249143619115109,36,14,0.144,10,False,-0.006758472194223553,0.027955107499478826,0.9213377776933155,-0.019515390899610074,22,0.11775981272594471,0.9129341437490393,-0.038509421464883786,35,0.04737850522791587,0.586249811055164,-0.04957394815494687,21,0.05965748426586415,1.1433176935293952,-0.009156744752314094,26,0.1358990719048292,1.272685885075393,-0.010249143619115109,36,-0.4262920436663602,1.0,0.027955107499478826,0.9467053968253968
14,0f96bc429878,relative_weakness_reversal,"{""family"": ""relative_weakness_reversal"", ""gap_max"": -0.04, ""market_prev_return_max"": 0.0, ""min_adv20"": 50000000.0, ""mom3_max"": -0.05, ""prev_return_percentile_max"": 0.1}",,0.06,216,11366.722928492114,0.13667229284921145,0.04380404645525626,0.7979031193357328,-0.05022851739274703,103,44,0.13678618857901725,10,False,-0.04248727317937121,10454.973244810772,0.04549732448107724,0.04531347907107497,0.9828755454298478,-0.015695211878756776,25,14,0.09881422924901186,10,False,-0.008935651710003888,10976.090687229138,0.09760906872291386,0.09842717335316276,1.3788635962530182,-0.016453403562046498,46,18,0.184,10,False,-0.01645340356204662,0.030989756690564585,0.9703773629050955,-0.01714312796208528,26,0.06302806673991146,0.7768333037870674,-0.05022851739274725,52,0.03713715343520474,1.0235933145988911,-0.03099278999362698,25,0.04549732448107724,0.9828755454298478,-0.015695211878756776,25,0.09760906872291386,1.3788635962530182,-0.016453403562046498,46,-0.18497242609411502,1.0,0.030989756690564585,0.9464660317460318
15,3ff8a1a39b3e,relative_weakness_reversal,"{""family"": ""relative_weakness_reversal"", ""gap_max"": -0.04, ""market_prev_return_max"": 0.0, ""min_adv20"": 100000000.0, ""mom3_max"": -0.05, ""prev_return_percentile_max"": 0.25}",,,316,12412.483144546008,0.2412483144546007,0.0750059554822522,0.7698058648097401,-0.06283166446795463,120,47,0.1593625498007968,10,False,-0.04248727317937121,10407.53703301649,0.04075370330164896,0.04058939580333032,0.8063951545521967,-0.016260269943452532,29,15,0.11462450592885376,10,False,-0.008935651710003888,11620.835172762094,0.1620835172762094,0.16348085133859436,1.5515496845617294,-0.013686835570762224,52,20,0.208,10,False,-0.013686835570762135,0.046211038752010936,1.1611905413507047,-0.01714312796208517,28,0.1576491123175543,1.0780915245109535,-0.05401526190171935,64,0.024855015030774696,0.3294869639364878,-0.06283166446795485,28,0.04075370330164896,0.8063951545521967,-0.016260269943452532,29,0.1620835172762094,1.5515496845617294,-0.013686835570762224,52,-0.036589289742456566,1.0,0.024855015030774696,0.946371111111111
16,7aa4d3414d11,relative_weakness_reversal,"{""family"": ""relative_weakness_reversal"", ""gap_max"": -0.04, ""market_prev_return_max"": 0.0, ""min_adv20"": 20000000.0, ""mom3_max"": -0.05, ""prev_return_percentile_max"": 0.15}",,0.08,271,11711.293158655868,0.17112931586558688,0.05428831431820913,0.7935005287226584,-0.05855650976656679,120,48,0.1593625498007968,10,False,-0.04248727317937121,10491.845465374323,0.049184546537432317,0.048985455747351025,1.080164898626837,-0.01402299993134215,26,14,0.10276679841897234,10,False,-0.008935651710003888,11317.686568968473,0.13176865689684725,0.13288994899729412,1.6146937519257978,-0.012453403562046494,50,19,0.2,10,False,-0.01245340356204662,0.040368123724062954,1.145442767667585,-0.01714312796208528,27,0.093368537718441,0.8798606593640511,-0.05855650976656679,63,0.02955900752802143,0.7540839140832214,-0.029518373646801543,30,0.049184546537432317,1.080164898626837,-0.01402299993134215,26,0.13176865689684725,1.6146937519257978,-0.012453403562046494,50,-0.28666436990417865,1.0,0.02955900752802143,0.9462038095238097
17,8c9f92764ea7,gap_down_reversal,"{""family"": ""gap_down_reversal"", ""gap_max"": -0.04, ""market_prev_return_max"": 0.0, ""min_adv20"": 50000000.0, ""mom3_max"": -0.05, ""prev_return_max"": -0.02}",,,397,12321.624681688696,0.23216246816886965,0.07236607826804153,0.775055629389698,-0.06425546918111347,127,50,0.16865869853917662,10,False,-0.04013576297052877,10465.338702748566,0.04653387027485656,0.046345744273101674,0.8807665201063708,-0.01626026994345242,32,16,0.12648221343873517,10,False,-0.008935651710003888,11878.4021528449,0.18784021528449002,0.1894771093856853,1.6453480568262864,-0.016891668275631155,53,19,0.212,10,False,-0.01689166827563112,0.035780930711440506,0.9831627924638244,-0.01714312796208528,26,0.1464379929505215,1.0682062975876556,-0.057593609057356776,70,0.037646665240087085,0.47001395290716075,-0.06425546918111336,31,0.04653387027485656,0.8807665201063708,-0.01626026994345242,32,0.18784021528449002,1.6453480568262864,-0.016891668275631155,53,-0.10571089071667283,1.0,0.035780930711440506,0.9461285714285714
18,21bd42addbfb,relative_weakness_reversal,"{""family"": ""relative_weakness_reversal"", ""gap_max"": -0.04, ""market_prev_return_max"": 0.0, ""min_adv20"": 50000000.0, ""mom3_max"": -0.05, ""prev_return_percentile_max"": 0.2}",,0.08,301,11760.427407263433,0.17604274072634318,0.05576653496950068,0.806411750284692,-0.052741600378058306,125,49,0.16600265604249667,10,False,-0.04248727317937121,10357.445029563534,0.03574450295635345,0.035600734835338876,0.7907841536008702,-0.016541784215440947,27,14,0.1067193675889328,10,False,-0.008935651710003888,11347.666953045415,0.13476669530454144,0.13591499778556337,1.6480892634265396,-0.012453403562046717,52,20,0.208,10,False,-0.01245340356204662,0.04452391457765148,1.1874796857226257,-0.01714312796208528,29,0.09869533224258764,0.9260313487021646,-0.05274160037805875,65,0.024772443110244735,0.6090767137762683,-0.0333838346369828,31,0.03574450295635345,0.7907841536008702,-0.016541784215440947,27,0.13476669530454144,1.6480892634265396,-0.012453403562046717,52,-0.015627596683821854,1.0,0.024772443110244735,0.9459241269841271
19,72c27ae8dadb,relative_weakness_reversal,"{""family"": ""relative_weakness_reversal"", ""gap_max"": -0.04, ""market_prev_return_max"": 0.0, ""min_adv20"": 50000000.0, ""mom3_max"": -0.05, ""prev_return_percentile_max"": 0.1}",,0.08,216,11617.878598530913,0.1617878598530913,0.051466485414604746,0.8127557313801663,-0.04833992824459232,103,44,0.13678618857901725,10,False,-0.04248727317937121,10474.051349146048,0.04740513491460474,0.04721340775154448,1.0366410505295474,-0.015695211878756554,25,14,0.09881422924901186,10,False,-0.008935651710003888,11159.53231391449,0.11595323139144886,0.11693310184004035,1.5052114917682056,-0.012453403562046494,46,18,0.184,10,False,-0.01245340356204662,0.03584596604790202,1.0284775257764802,-0.01714312796208528,26,0.0868839124600782,0.8915447397562447,-0.04833992824459188,52,0.03192585604339193,0.8798234285366457,-0.030992789993626868,25,0.04740513491460474,1.0366410505295474,-0.015695211878756554,25,0.11595323139144886,1.5052114917682056,-0.012453403562046494,46,-0.22388531914938103,1.0,0.03192585604339193,0.9459130158730159
20,b42eebb59383,relative_weakness_reversal,"{""family"": ""relative_weakness_reversal"", ""gap_max"": -0.04, ""market_prev_return_max"": 0.0, ""min_adv20"": 100000000.0, ""mom3_max"": -0.05, ""prev_return_percentile_max"": 0.25}",,0.08,316,11731.634443643507,0.1731634443643506,0.054900788404282475,0.7909974321704328,-0.05032525312350833,120,47,0.1593625498007968,10,False,-0.04248727317937121,10360.30833075897,0.03603083307589694,0.0358858934720967,0.796551196949111,-0.01654178421544128,29,15,0.11462450592885376,10,False,-0.008935651710003888,11347.666953045415,0.13476669530454144,0.13591499778556337,1.6480892634265396,-0.012453403562046717,52,20,0.208,10,False,-0.01245340356204662,0.042897485632318766,1.1464146005510298,-0.01714312796208517,28,0.10588783815853997,0.9621330465996312,-0.05032525312350822,64,0.017198754083078693,0.5080295119156581,-0.029518373646801432,28,0.03603083307589694,0.796551196949111,-0.01654178421544128,29,0.13476669530454144,1.6480892634265396,-0.012453403562046717,52,-0.005553764778678194,1.0,0.017198754083078693,0.9459003174603176
21,f1f3f33bc23c,relative_weakness_reversal,"{""family"": ""relative_weakness_reversal"", ""gap_max"": -0.04, ""market_prev_return_max"": 0.0, ""min_adv20"": 20000000.0, ""mom3_max"": -0.05, ""prev_return_percentile_max"": 0.15}",,,271,12385.448642616293,0.23854486426162924,0.07422182005879563,0.7678726713116991,-0.06283166446795485,120,48,0.1593625498007968,10,False,-0.04248727317937121,10539.673795361845,0.05396737953618458,0.053748437430593876,1.0593138693975055,-0.01402299993134215,26,14,0.10276679841897234,10,False,-0.008935651710003888,11692.694290904477,0.16926942909044773,0.17073313920214583,1.5678099314345713,-0.013686835570762224,50,19,0.2,10,False,-0.013686835570762135,0.04368436550708643,1.165968968474391,-0.01714312796208528,27,0.1450530550225011,1.0144734448783754,-0.062424951502738524,63,0.03637506472905372,0.4535455253763418,-0.06283166446795452,30,0.05396737953618458,1.0593138693975055,-0.01402299993134215,26,0.16926942909044773,1.5678099314345713,-0.013686835570762224,50,-0.2914411980858064,1.0,0.03637506472905372,0.9456663492063493
22,2dcede8980c5,gap_down_reversal,"{""family"": ""gap_down_reversal"", ""gap_max"": -0.04, ""market_prev_return_max"": null, ""min_adv20"": 50000000.0, ""mom3_max"": -0.05, ""prev_return_max"": -0.02}",,0.06,425,11597.319362961964,0.15973193629619642,0.05084341522620295,0.8453645378451882,-0.06052653258140783,146,65,0.19389110225763612,10,False,-0.04013576297052877,10505.8687902876,0.05058687902876002,0.050381976683732566,1.0702520861722309,-0.016343934936528304,39,23,0.1541501976284585,10,False,-0.008935651710003888,11207.59079327569,0.12075907932756902,0.12178173352844412,1.5241555109533262,-0.019843286101046798,55,21,0.22,10,False,-0.019843286101046947,0.03473955059754075,1.0285917142988068,-0.01714312796208528,33,0.07801007920151926,0.86366013163504,-0.06052653258140772,76,0.03968971070581895,1.0339779837870482,-0.028744480460112354,37,0.05058687902876002,1.0702520861722309,-0.016343934936528304,39,0.12075907932756902,1.5241555109533262,-0.019843286101046798,55,-0.22488754832704272,1.0,0.03473955059754075,0.9456482539682539
23,a8e299a13d10,relative_weakness_reversal,"{""family"": ""relative_weakness_reversal"", ""gap_max"": -0.04, ""market_prev_return_max"": 0.0, ""min_adv20"": 50000000.0, ""mom3_max"": -0.05, ""prev_return_percentile_max"": 0.25}",,0.08,325,11848.98367230236,0.184898367230236,0.058420437098642974,0.8264448998626658,-0.052741600378058306,126,49,0.16733067729083664,10,False,-0.04248727317937121,10360.30833075897,0.03603083307589694,0.0358858934720967,0.796551196949111,-0.01654178421544128,29,15,0.11462450592885376,10,False,-0.008935651710003888,11434.251656910259,0.14342516569102592,0.1446518337560443,1.6936010603013167,-0.012453403562046717,53,20,0.212,10,False,-0.01245340356204662,0.04452391457765148,1.1874796857226257,-0.01714312796208528,29,0.10696853113831994,0.9730323287418036,-0.05274160037805875,66,0.024772443110244735,0.6090767137762683,-0.0333838346369828,31,0.03603083307589694,0.796551196949111,-0.01654178421544128,29,0.14342516569102592,1.6936010603013167,-0.012453403562046717,53,-0.029893702913554754,1.0,0.024772443110244735,0.9453860317460318
24,9cc6088b4922,relative_weakness_reversal,"{""family"": ""relative_weakness_reversal"", ""gap_max"": -0.04, ""market_prev_return_max"": 0.0, ""min_adv20"": 20000000.0, ""mom3_max"": -0.05, ""prev_return_percentile_max"": 0.2}",,0.08,302,11688.233991221245,0.1688233991221244,0.053593148490468145,0.7753219779507033,-0.05855650976656679,126,49,0.16733067729083664,10,False,-0.04248727317937121,10357.445029563534,0.03574450295635345,0.035600734835338876,0.7907841536008702,-0.016541784215440947,27,14,0.1067193675889328,10,False,-0.008935651710003888,11347.666953045415,0.13476669530454144,0.13591499778556337,1.6480892634265396,-0.012453403562046717,52,20,0.208,10,False,-0.01245340356204662,0.04452391457765148,1.1874796857226257,-0.01714312796208528,29,0.09195080107229958,0.8663892443463498,-0.05855650976656679,66,0.024772443110244735,0.6090767137762683,-0.0333838346369828,31,0.03574450295635345,0.7907841536008702,-0.016541784215440947,27,0.13476669530454144,1.6480892634265396,-0.012453403562046717,52,-0.015462175650166832,1.0,0.024772443110244735,0.9453152380952382
25,142c6bb533c2,relative_weakness_reversal,"{""family"": ""relative_weakness_reversal"", ""gap_max"": -0.04, ""market_prev_return_max"": 0.0, ""min_adv20"": 20000000.0, ""mom3_max"": -0.05, ""prev_return_percentile_max"": 0.2}",,,302,12360.507597291813,0.23605075972918121,0.0734973947596691,0.7561312126024861,-0.06283166446795452,126,49,0.16733067729083664,10,False,-0.04248727317937121,10404.66067912075,0.040466067912074966,0.040302942386595486,0.801209930080288,-0.016260269943452643,27,14,0.1067193675889328,10,False,-0.008935651710003888,11723.668064882002,0.17236680648820024,0.17385923707887763,1.5933872626789338,-0.013686835570762224,52,20,0.208,10,False,-0.013686835570762135,0.04784263527975674,1.1998874210625445,-0.01714312796208528,29,0.14357493257602072,1.0047400635883987,-0.062424951502738635,66,0.03151515643511171,0.3948120292544689,-0.06283166446795452,31,0.040466067912074966,0.801209930080288,-0.016260269943452643,27,0.17236680648820024,1.5933872626789338,-0.013686835570762224,52,-0.0450787174778019,1.0,0.03151515643511171,0.9453079365079365
26,c6f475cac1ef,gap_down_reversal,"{""family"": ""gap_down_reversal"", ""gap_max"": -0.04, ""market_prev_return_max"": null, ""min_adv20"": 20000000.0, ""mom3_max"": -0.05, ""prev_return_max"": -0.02}",,,427,12673.244731117276,0.2673244731117277,0.08251164700086888,0.8594700249733954,-0.06915767487877666,147,65,0.1952191235059761,10,False,-0.04013576297052877,10540.158033613552,0.05401580336135514,0.0537966598334787,0.9946929347381767,-0.018741696567172506,39,23,0.1541501976284585,10,False,-0.008935651710003888,11766.941169919573,0.17669411699195736,0.17822678323521512,1.5545233267124754,-0.016891668275631155,55,21,0.22,10,False,-0.01689166827563112,0.03882656357626968,1.0262344130492014,-0.01714312796208528,33,0.14189574644068692,1.0355222268764372,-0.06915767487877655,77,0.06836172340533397,0.7734820727983774,-0.059962325501418,37,0.05401580336135514,0.9946929347381767,-0.018741696567172506,39,0.17669411699195736,1.5545233267124754,-0.016891668275631155,55,-0.13522290976478124,1.0,0.03882656357626968,0.9450685714285715
27,f8b9a54210ed,relative_weakness_reversal,"{""family"": ""relative_weakness_reversal"", ""gap_max"": -0.04, ""market_prev_return_max"": 0.0, ""min_adv20"": 100000000.0, ""mom3_max"": -0.05, ""prev_return_percentile_max"": 0.15}",,,262,12349.785621804633,0.2349785621804632,0.07318567062347214,0.7635148898336734,-0.06283166446795485,113,46,0.150066401062417,10,False,-0.04248727317937121,10539.673795361845,0.05396737953618458,0.053748437430593876,1.0593138693975055,-0.01402299993134215,26,14,0.10276679841897234,10,False,-0.008935651710003888,11499.63361138848,0.149963361138848,0.15124955568307663,1.4758992692599444,-0.013686835570762224,49,19,0.196,10,False,-0.013686835570762135,0.04205924382422044,1.1248907003712365,-0.01714312796208517,26,0.15100079882809192,1.0511206604687777,-0.05401526190171968,60,0.029654171470982593,0.38795799214119775,-0.06283166446795474,27,0.05396737953618458,1.0593138693975055,-0.01402299993134215,26,0.149963361138848,1.4758992692599444,-0.013686835570762224,49,-0.29579897956383205,1.0,0.029654171470982593,0.9448892063492064
28,3b47dea5c5a8,relative_weakness_reversal,"{""family"": ""relative_weakness_reversal"", ""gap_max"": -0.04, ""market_prev_return_max"": 0.0, ""min_adv20"": 100000000.0, ""mom3_max"": -0.05, ""prev_return_percentile_max"": 0.15}",,0.08,262,11666.599890888174,0.1666599890888174,0.05294011410001964,0.787269612108156,-0.05032525312350833,113,46,0.150066401062417,10,False,-0.04248727317937121,10491.845465374323,0.049184546537432317,0.048985455747351025,1.080164898626837,-0.01402299993134215,26,14,0.10276679841897234,10,False,-0.008935651710003888,11231.330620731347,0.12313306207313479,0.12417691192260727,1.5506733994818722,-0.012453403562046494,49,19,0.196,10,False,-0.01245340356204662,0.03874816576368412,1.1018657459324646,-0.01714312796208517,26,0.09904781687403874,0.9284852181794802,-0.05032525312350822,60,0.02192128767340673,0.6686263768396972,-0.029518373646801432,27,0.049184546537432317,1.080164898626837,-0.01402299993134215,26,0.12313306207313479,1.5506733994818722,-0.012453403562046494,49,-0.292895286518681,1.0,0.02192128767340673,0.9447987301587301
29,6fa15aecff31,gap_down_reversal,"{""family"": ""gap_down_reversal"", ""gap_max"": -0.05, ""market_prev_return_max"": null, ""min_adv20"": 20000000.0, ""mom3_max"": -0.05, ""prev_return_max"": -0.03}",,,192,11960.541774884776,0.19605417748847764,0.061744953709131245,0.6936648437945131,-0.049573948154946534,79,41,0.1049136786188579,10,False,-0.034326554894537585,10596.574842658642,0.05965748426586415,0.05941481393748149,1.1433176935293952,-0.009156744752314094,26,15,0.10276679841897234,10,False,-0.007603250896649904,11358.990719048292,0.1358990719048292,0.1370575930088329,1.272685885075393,-0.010249143619115109,36,14,0.144,10,False,-0.006758472194223553,0.027955107499478826,0.9213377776933155,-0.019515390899610074,22,0.110895088548435,0.8640034256898365,-0.04441441782078359,36,0.04737850522791587,0.586249811055164,-0.04957394815494687,21,0.05965748426586415,1.1433176935293952,-0.009156744752314094,26,0.1358990719048292,1.272685885075393,-0.010249143619115109,36,-0.44965284973488207,1.0,0.027955107499478826,0.9443003174603174
30,1e6700476f17,relative_weakness_reversal,"{""family"": ""relative_weakness_reversal"", ""gap_max"": -0.04, ""market_prev_return_max"": 0.0, ""min_adv20"": 100000000.0, ""mom3_max"": -0.05, ""prev_return_percentile_max"": 0.2}",,,292,12325.267987011526,0.23252679870115256,0.07247218269644273,0.7523626098307703,-0.06283166446795474,119,47,0.15803452855245684,10,False,-0.04248727317937121,10404.66067912075,0.040466067912074966,0.040302942386595486,0.801209930080288,-0.016260269943452643,27,14,0.1067193675889328,10,False,-0.008935651710003888,11530.095970485696,0.15300959704856965,0.15432362839110803,1.502813306883653,-0.013686835570762224,51,20,0.204,10,False,-0.013686835570762135,0.046211038752010936,1.1611905413507047,-0.01714312796208517,28,0.14951499857700168,1.0413512404876253,-0.05401526190171935,63,0.024855015030774696,0.3294869639364878,-0.06283166446795485,28,0.040466067912074966,0.801209930080288,-0.016260269943452643,27,0.15300959704856965,1.502813306883653,-0.013686835570762224,51,-0.048847320249517656,1.0,0.024855015030774696,0.9442800000000001
31,7875f7bc4c9c,gap_down_reversal,"{""family"": ""gap_down_reversal"", ""gap_max"": -0.04, ""market_prev_return_max"": null, ""min_adv20"": 50000000.0, ""mom3_max"": -0.05, ""prev_return_max"": -0.02}",,0.08,425,11923.367611885973,0.19233676118859733,0.06063943600284949,0.8638547229370044,-0.060526532581408055,146,65,0.19389110225763612,10,False,-0.04013576297052877,10498.746461663522,0.04987464616635218,0.04967269638252003,1.006071091066267,-0.018741696567172506,39,23,0.1541501976284585,10,False,-0.008935651710003888,11397.77879737614,0.13977787973761413,0.140971472407718,1.5744572823377625,-0.017843286101047018,55,21,0.22,10,False,-0.017843286101046945,0.034191167846176596,0.9653634042916813,-0.01714312796208528,33,0.10589838993725276,0.9797372369306253,-0.06052653258140772,76,0.042516371291357435,0.9590761911532694,-0.02934104023876294,37,0.04987464616635218,1.006071091066267,-0.018741696567172506,39,0.13977787973761413,1.5744572823377625,-0.017843286101047018,55,-0.14221636812926253,1.0,0.034191167846176596,0.9441952380952381
32,b9f46b79ae9e,relative_weakness_reversal,"{""family"": ""relative_weakness_reversal"", ""gap_max"": -0.04, ""market_prev_return_max"": 0.0, ""min_adv20"": 20000000.0, ""mom3_max"": -0.05, ""prev_return_percentile_max"": 0.15}",,0.06,271,11374.149754455726,0.13741497544557268,0.04403223725965155,0.7496042716064818,-0.060421556260549125,120,48,0.1593625498007968,10,False,-0.04248727317937121,10472.73494970224,0.04727349497022404,0.04708231209199076,1.0253411343849366,-0.014022999931342262,26,14,0.10276679841897234,10,False,-0.008935651710003888,11088.39937421434,0.10883993742143394,0.10975678903850472,1.4723509558299148,-0.01645340356204672,50,19,0.2,10,False,-0.01645340356204662,0.035490713777890814,1.0973027663041837,-0.01714312796208528,27,0.06348732505008026,0.7166679115571459,-0.060421556260549125,63,0.03285751848978369,0.935824431234357,-0.029518373646801432,30,0.04727349497022404,1.0253411343849366,-0.014022999931342262,26,0.10883993742143394,1.4723509558299148,-0.01645340356204672,50,-0.27573686277845477,1.0,0.03285751848978369,0.9441057142857143
33,457444b0146d,gap_down_reversal,"{""family"": ""gap_down_reversal"", ""gap_max"": -0.05, ""market_prev_return_max"": null, ""min_adv20"": 100000000.0, ""mom3_max"": -0.05, ""prev_return_max"": -0.03}",,,186,11936.561490436348,0.19365614904363482,0.061032069258202926,0.6899722419387427,-0.05391453546137903,73,37,0.09694555112881806,10,False,-0.034326554894537585,10596.574842658642,0.05965748426586415,0.05941481393748149,1.1433176935293952,-0.009156744752314094,26,15,0.10276679841897234,10,False,-0.007603250896649904,11358.990719048292,0.1358990719048292,0.1370575930088329,1.272685885075393,-0.010249143619115109,36,14,0.144,10,False,-0.006758472194223553,0.02635447785566991,0.871071225891367,-0.019515390899610185,21,0.1213791734778471,0.9380028686990224,-0.038286667550664566,34,0.03712086645523782,0.47620077541976413,-0.05391453546137903,18,0.05965748426586415,1.1433176935293952,-0.009156744752314094,26,0.1358990719048292,1.272685885075393,-0.010249143619115109,36,-0.4533454515906524,1.0,0.02635447785566991,0.9438482539682539
34,7710e480eb4e,relative_weakness_reversal,"{""family"": ""relative_weakness_reversal"", ""gap_max"": -0.04, ""market_prev_return_max"": 0.0, ""min_adv20"": 100000000.0, ""mom3_max"": -0.05, ""prev_return_percentile_max"": 0.2}",,0.08,292,11643.955216642828,0.16439552166428273,0.052255711504544555,0.7701640874993375,-0.05032525312350833,119,47,0.15803452855245684,10,False,-0.04248727317937121,10357.445029563534,0.03574450295635345,0.035600734835338876,0.7907841536008702,-0.016541784215440947,27,14,0.1067193675889328,10,False,-0.008935651710003888,11261.082249180572,0.12610822491805718,0.1271786951127769,1.5848298786039567,-0.012453403562046717,51,20,0.204,10,False,-0.01245340356204662,0.042897485632318766,1.1464146005510298,-0.01714312796208517,28,0.09762271608497164,0.9149083313852955,-0.05032525312350822,63,0.017198754083078693,0.5080295119156581,-0.029518373646801432,28,0.03574450295635345,0.7907841536008702,-0.016541784215440947,27,0.12610822491805718,1.5848298786039567,-0.012453403562046717,51,-0.020620066101532664,1.0,0.017198754083078693,0.9436809523809524
35,5e8060ec2725,gap_down_reversal,"{""family"": ""gap_down_reversal"", ""gap_max"": -0.04, ""market_prev_return_max"": 0.0, ""min_adv20"": 20000000.0, ""mom3_max"": -0.05, ""prev_return_max"": -0.02}",,,399,12245.98625919297,0.22459862591929713,0.07015852019730895,0.75264918653689,-0.06425546918111358,128,50,0.1699867197875166,10,False,-0.04013576297052877,10465.338702748566,0.04653387027485656,0.046345744273101674,0.8807665201063708,-0.01626026994345242,32,16,0.12648221343873517,10,False,-0.008935651710003888,11878.4021528449,0.18784021528449002,0.1894771093856853,1.6453480568262864,-0.016891668275631155,53,19,0.212,10,False,-0.01689166827563112,0.035780930711440506,0.9831627924638244,-0.01714312796208528,26,0.13940038520673026,1.0211118686156004,-0.06337873355207746,71,0.037646665240087085,0.47001395290716075,-0.06425546918111336,31,0.04653387027485656,0.8807665201063708,-0.01626026994345242,32,0.18784021528449002,1.6453480568262864,-0.016891668275631155,53,-0.12811733356948085,1.0,0.035780930711440506,0.9436396825396824
36,c67e1293a947,gap_down_reversal,"{""family"": ""gap_down_reversal"", ""gap_max"": -0.05, ""market_prev_return_max"": null, ""min_adv20"": 20000000.0, ""mom3_max"": -0.05, ""prev_return_max"": -0.03}",,0.08,192,11172.693623142128,0.1172693623142127,0.03780697354883311,0.6799323425991624,-0.046866699842148196,79,41,0.1049136786188579,10,False,-0.03050180219653622,10519.124751689653,0.051912475168965244,0.05170207250589809,1.1139482854394405,-0.009156744752313872,26,15,0.10276679841897234,10,False,-0.007603250896649904,11067.938624485323,0.10679386244853228,0.10769265536544537,1.4073448721790307,-0.010249143619115109,36,14,0.144,10,False,-0.006758472194223553,0.02466637103495173,0.8684774222464906,-0.019515390899610074,22,0.05280697462829598,0.6335645086599377,-0.04650480412494884,36,0.0356825362402684,1.000106363341332,-0.020284269662921295,21,0.051912475168965244,1.1139482854394405,-0.009156744752313872,26,0.10679386244853228,1.4073448721790307,-0.010249143619115109,36,-0.4340159428402781,1.0,0.02466637103495173,0.9435619047619047
37,1bf826e2ffbc,gap_down_reversal,"{""family"": ""gap_down_reversal"", ""gap_max"": -0.04, ""market_prev_return_max"": 0.0, ""min_adv20"": 50000000.0, ""mom3_max"": -0.05, ""prev_return_max"": -0.02}",,0.08,397,11670.863599143548,0.16708635991435483,0.05306887962987217,0.7727611594277123,-0.05413431057582063,127,50,0.16865869853917662,10,False,-0.04013576297052877,10424.221090916923,0.042422109091692306,0.042250939486825345,0.8832851782163107,-0.016541784215441058,32,16,0.12648221343873517,10,False,-0.008935651710003888,11505.742932623845,0.15057429326238458,0.15186606534654312,1.690958227513178,-0.017843286101046685,53,19,0.212,10,False,-0.017843286101046945,0.03248980159807591,0.9520691683931974,-0.01714312796208528,26,0.10348169298436027,0.9620526531855051,-0.05413431057582041,70,0.02435877059864433,0.602164732479829,-0.03377403105528731,31,0.042422109091692306,0.8832851782163107,-0.016541784215441058,32,0.15057429326238458,1.690958227513178,-0.017843286101046685,53,-0.11052401878859841,1.0,0.02435877059864433,0.9433479365079364
38,a313a4e4a375,gap_down_reversal,"{""family"": ""gap_down_reversal"", ""gap_max"": -0.05, ""market_prev_return_max"": null, ""min_adv20"": 100000000.0, ""mom3_max"": -0.05, ""prev_return_max"": -0.03}",,0.08,186,11140.399282441484,0.11403992824414844,0.036802106148586367,0.6764347455085178,-0.04039045858327983,73,37,0.09694555112881806,10,False,-0.03050180219653622,10519.124751689653,0.051912475168965244,0.05170207250589809,1.1139482854394405,-0.009156744752313872,26,15,0.10276679841897234,10,False,-0.007603250896649904,11067.938624485323,0.10679386244853228,0.10769265536544537,1.4073448721790307,-0.010249143619115109,36,14,0.144,10,False,-0.006758472194223553,0.02307086228507882,0.8148783227172435,-0.019515390899610185,21,0.06274285232733567,0.7455806171020463,-0.04039045858327983,34,0.024629482580205364,0.8046589893038312,-0.020284269662921517,18,0.051912475168965244,1.1139482854394405,-0.009156744752313872,26,0.10679386244853228,1.4073448721790307,-0.010249143619115109,36,-0.4375135399309227,1.0,0.02307086228507882,0.9430203174603174
39,8d1d740da2a0,gap_down_reversal,"{""family"": ""gap_down_reversal"", ""gap_max"": -0.05, ""market_prev_return_max"": 0.0, ""min_adv20"": 50000000.0, ""mom3_max"": -0.05, ""prev_return_max"": -0.03}",,,177,11676.700143462725,0.1676700143462726,0.05324509464015326,0.6105536048048598,-0.05391453546137903,70,34,0.09296148738379814,10,False,-0.034326554894537585,10446.499102595511,0.04464991025955123,0.04446956138519287,0.8759311882506102,-0.009156744752313761,21,10,0.08300395256916997,10,False,-0.007603250896649904,11412.078110354334,0.14120781103543334,0.14241435981898842,1.318957709945709,-0.0067584721942236525,35,13,0.14,10,False,-0.006758472194223553,0.025019050862311598,0.8420790282656779,-0.01714312796208528,19,0.1077086423327489,0.8445012793823681,-0.038509421464883786,33,0.028401369756604566,0.37622512877899905,-0.05391453546137892,18,0.04464991025955123,0.8759311882506102,-0.009156744752313761,21,0.14120781103543334,1.318957709945709,-0.0067584721942236525,35,-0.26537758344575046,1.0,0.025019050862311598,0.9429596825396824
40,a81b0fddbc60,relative_weakness_reversal,"{""family"": ""relative_weakness_reversal"", ""gap_max"": -0.04, ""market_prev_return_max"": 0.0, ""min_adv20"": 100000000.0, ""mom3_max"": -0.05, ""prev_return_percentile_max"": 0.15}",,0.06,262,11334.020568060958,0.13340205680609585,0.04279807769107169,0.7379834924455241,-0.051993896970424225,113,46,0.150066401062417,10,False,-0.04248727317937121,10472.73494970224,0.04727349497022404,0.04708231209199076,1.0253411343849366,-0.014022999931342262,26,14,0.10276679841897234,10,False,-0.008935651710003888,11025.186560797347,0.10251865607973465,0.10337981453235368,1.414124772918623,-0.01645340356204672,49,19,0.196,10,False,-0.01645340356204662,0.03387835043607845,1.049969016580079,-0.01714312796208528,26,0.06726672229403463,0.7553168356724497,-0.051993896970424336,60,0.02716825048011806,0.8698089035460711,-0.02951837364680132,27,0.04727349497022404,1.0253411343849366,-0.014022999931342262,26,0.10251865607973465,1.414124772918623,-0.01645340356204672,49,-0.2873576419394125,1.0,0.02716825048011806,0.9425266666666666
41,157a7c242a78,relative_weakness_reversal,"{""family"": ""relative_weakness_reversal"", ""gap_max"": -0.04, ""market_prev_return_max"": 0.0, ""min_adv20"": 20000000.0, ""mom3_max"": -0.05, ""prev_return_percentile_max"": 0.1}",,0.08,217,11546.560242985996,0.15465602429859948,0.049301950958488217,0.7785294721310101,-0.05418185805817577,104,44,0.13811420982735723,10,False,-0.04248727317937121,10474.051349146048,0.04740513491460474,0.04721340775154448,1.0366410505295474,-0.015695211878756554,25,14,0.09881422924901186,10,False,-0.008935651710003888,11159.53231391449,0.11595323139144886,0.11693310184004035,1.5052114917682056,-0.012453403562046494,46,18,0.184,10,False,-0.01245340356204662,0.03584596604790202,1.0284775257764802,-0.01714312796208528,26,0.08021188773133914,0.8263895018957798,-0.05418185805817599,53,0.03192585604339193,0.8798234285366457,-0.030992789993626868,25,0.04740513491460474,1.0366410505295474,-0.015695211878756554,25,0.11595323139144886,1.5052114917682056,-0.012453403562046494,46,-0.25811157839853727,1.0,0.03192585604339193,0.9423828571428571
42,e076b39b09eb,gap_down_reversal,"{""family"": ""gap_down_reversal"", ""gap_max"": -0.05, ""market_prev_return_max"": null, ""min_adv20"": 50000000.0, ""mom3_max"": -0.05, ""prev_return_max"": -0.03}",,0.06,191,11019.591654761727,0.10195916547617268,0.03302578954047264,0.7202062028349068,-0.044224429010812805,78,41,0.10358565737051793,10,False,-0.03050180219653622,10547.1920262112,0.05471920262112007,0.05449713226761976,1.2308473233763475,-0.009156744752313983,26,15,0.10276679841897234,10,False,-0.007603250896649904,10876.08589567846,0.087608589567846,0.08833954562678126,1.3980869811010448,-0.010249143619115109,36,14,0.144,10,False,-0.006758472194223553,0.027259653976654308,1.0293223587212927,-0.01714312796208539,22,0.03682739250495959,0.5542561616873185,-0.04386153004831972,35,0.03461508810245917,1.122379638127914,-0.020284269662921073,21,0.05471920262112007,1.2308473233763475,-0.009156744752313983,26,0.087608589567846,1.3980869811010448,-0.010249143619115109,36,-0.5106411205414407,1.0,0.027259653976654308,0.942284126984127
43,ac488d8f1d54,gap_down_reversal,"{""family"": ""gap_down_reversal"", ""gap_max"": -0.04, ""market_prev_return_max"": null, ""min_adv20"": 20000000.0, ""mom3_max"": -0.05, ""prev_return_max"": -0.02}",,0.06,427,11526.12721383757,0.15261272138375692,0.04868016341381298,0.8089840125975797,-0.06456984497883445,147,65,0.1952191235059761,10,False,-0.04013576297052877,10505.8687902876,0.05058687902876002,0.050381976683732566,1.0702520861722309,-0.016343934936528304,39,23,0.1541501976284585,10,False,-0.008935651710003888,11207.59079327569,0.12075907932756902,0.12178173352844412,1.5241555109533262,-0.019843286101046798,55,21,0.22,10,False,-0.019843286101046947,0.03473955059754075,1.0285917142988068,-0.01714312796208528,33,0.07139252803178842,0.79343578055964,-0.06456984497883422,77,0.03968971070581895,1.0339779837870482,-0.028744480460112354,37,0.05058687902876002,1.0702520861722309,-0.016343934936528304,39,0.12075907932756902,1.5241555109533262,-0.019843286101046798,55,-0.2612680735746512,1.0,0.03473955059754075,0.9420984126984127
44,92d4c9090bb7,relative_weakness_reversal,"{""family"": ""relative_weakness_reversal"", ""gap_max"": -0.04, ""market_prev_return_max"": 0.0, ""min_adv20"": 20000000.0, ""mom3_max"": -0.05, ""prev_return_percentile_max"": 0.1}",,0.06,217,11296.94633543172,0.1296946335431719,0.041655285790673346,0.758083205570978,-0.0560588537754646,104,44,0.13811420982735723,10,False,-0.04248727317937121,10454.973244810772,0.04549732448107724,0.04531347907107497,0.9828755454298478,-0.015695211878756776,25,14,0.09881422924901186,10,False,-0.008935651710003888,10976.090687229138,0.09760906872291386,0.09842717335316276,1.3788635962530182,-0.016453403562046498,46,18,0.184,10,False,-0.01645340356204662,0.030989756690564585,0.9703773629050955,-0.01714312796208528,26,0.05650248524282353,0.699382350442073,-0.05605885377546471,53,0.03713715343520474,1.0235933145988911,-0.03099278999362698,25,0.04549732448107724,0.9828755454298478,-0.015695211878756776,25,0.09760906872291386,1.3788635962530182,-0.016453403562046498,46,-0.22479233985886982,1.0,0.030989756690564585,0.9420901587301588
45,69d2ce938eca,gap_down_reversal,"{""family"": ""gap_down_reversal"", ""gap_max"": -0.04, ""market_prev_return_max"": null, ""min_adv20"": 20000000.0, ""mom3_max"": -0.05, ""prev_return_max"": -0.02}",,0.08,427,11850.173959238855,0.18501739592388544,0.058456018236719975,0.8329482034866702,-0.06531701241013943,147,65,0.1952191235059761,10,False,-0.04013576297052877,10498.746461663522,0.04987464616635218,0.04967269638252003,1.006071091066267,-0.018741696567172506,39,23,0.1541501976284585,10,False,-0.008935651710003888,11397.77879737614,0.13977787973761413,0.140971472407718,1.5744572823377625,-0.017843286101047018,55,21,0.22,10,False,-0.017843286101046945,0.034191167846176596,0.9653634042916813,-0.01714312796208528,33,0.09910964155249458,0.9203971644858243,-0.06531701241013932,77,0.042516371291357435,0.9590761911532694,-0.02934104023876294,37,0.04987464616635218,1.006071091066267,-0.018741696567172506,39,0.13977787973761413,1.5744572823377625,-0.017843286101047018,55,-0.1731228875795967,1.0,0.034191167846176596,0.9410631746031746
46,95cdb136eb83,gap_down_reversal,"{""family"": ""gap_down_reversal"", ""gap_max"": -0.05, ""market_prev_return_max"": null, ""min_adv20"": 100000000.0, ""mom3_max"": -0.03, ""prev_return_max"": -0.03}",0.03,,221,11925.055053024267,0.19250550530242672,0.06068966824784239,0.7226588516995148,-0.03267520718594297,83,40,0.1102257636122178,10,False,-0.019200000000000002,10325.78052435995,0.0325780524359951,0.03244721864404587,0.7696389000751247,-0.015428028744536526,34,20,0.13438735177865613,10,False,-0.007914976395352737,11018.205304092828,0.10182053040928274,0.10267555598432532,1.3896775503823902,-0.009569312767999882,44,21,0.176,10,False,-0.0032,0.02129950693457805,1.0106725164934212,-0.007740678484098096,23,0.12175661867161147,0.9597665546493076,-0.029397516969603132,41,0.040899092180550545,0.5767422901291107,-0.02547711999999991,19,0.0325780524359951,0.7696389000751247,-0.015428028744536526,34,0.10182053040928274,1.3896775503823902,-0.009569312767999882,44,-0.04698004837560987,1.0,0.02129950693457805,0.9409219047619046
47,85dd6542b33a,gap_down_reversal,"{""family"": ""gap_down_reversal"", ""gap_max"": -0.04, ""market_prev_return_max"": null, ""min_adv20"": 50000000.0, ""mom3_max"": -0.05, ""prev_return_max"": -0.03}",,,369,12688.979243062888,0.2688979243062888,0.08296124493654822,0.8417975990388623,-0.05997451527705111,128,55,0.1699867197875166,10,False,-0.04013576297052877,10680.52694966242,0.06805269496624211,0.0677747964625508,1.2737142473234384,-0.014022999931342262,33,19,0.13043478260869565,10,False,-0.007603250896649904,11649.820235460948,0.1649820235460948,0.16640608797717604,1.5067664974058743,-0.016891668275631155,52,20,0.208,10,False,-0.01689166827563112,0.04749720417105041,1.264390695497303,-0.01714312796208528,31,0.15340300914801763,1.0727474516675324,-0.05139368378718756,65,0.05025010674360186,0.5772136697611918,-0.05997451527705111,32,0.06805269496624211,1.2737142473234384,-0.014022999931342262,33,0.1649820235460948,1.5067664974058743,-0.016891668275631155,52,-0.4319166482845761,1.0,0.04749720417105041,0.940811111111111
48,a85971bf43f9,relative_weakness_reversal,"{""family"": ""relative_weakness_reversal"", ""gap_max"": -0.04, ""market_prev_return_max"": 0.0, ""min_adv20"": 100000000.0, ""mom3_max"": -0.05, ""prev_return_percentile_max"": 0.1}",,0.08,210,11501.70017974284,0.15017001797428398,0.04793587306836922,0.7682961993663694,-0.04569823106160398,97,42,0.12881806108897742,10,False,-0.04248727317937121,10474.051349146048,0.04740513491460474,0.04721340775154448,1.0366410505295474,-0.015695211878756554,25,14,0.09881422924901186,10,False,-0.008935651710003888,11159.53231391449,0.11595323139144886,0.11693310184004035,1.5052114917682056,-0.012453403562046494,46,18,0.184,10,False,-0.01245340356204662,0.03423304954252204,0.9845157457841848,-0.01714312796208517,25,0.08582282736055546,0.8792938452931874,-0.04569823106160409,50,0.024199744169033144,0.7724452986245139,-0.03099278999362698,22,0.04740513491460474,1.0366410505295474,-0.015695211878756554,25,0.11595323139144886,1.5052114917682056,-0.012453403562046494,46,-0.26834485116317797,1.0,0.024199744169033144,0.9406419047619048
49,dd9772fa96f3,gap_down_reversal,"{""family"": ""gap_down_reversal"", ""gap_max"": -0.05, ""market_prev_return_max"": 0.0, ""min_adv20"": 100000000.0, ""mom3_max"": -0.05, ""prev_return_max"": -0.03}",,,174,11617.432431875339,0.16174324318753386,0.05145297163525542,0.5939716806991499,-0.05391453546137892,67,32,0.08897742363877822,10,False,-0.034326554894537585,10446.499102595511,0.04464991025955123,0.04446956138519287,0.8759311882506102,-0.009156744752313761,21,10,0.08300395256916997,10,False,-0.007603250896649904,11412.078110354334,0.14120781103543334,0.14241435981898842,1.318957709945709,-0.0067584721942236525,35,13,0.14,10,False,-0.006758472194223553,0.023422992954423183,0.7908219385655352,-0.01714312796208528,18,0.11129545690503528,0.8695624785641666,-0.03828666755066501,32,0.021469600773607045,0.2981818368469435,-0.05391453546137903,17,0.04464991025955123,0.8759311882506102,-0.009156744752313761,21,0.14120781103543334,1.318957709945709,-0.0067584721942236525,35,-0.2819595075514604,1.0,0.021469600773607045,0.9402187301587301
50,3d976cab594d,relative_weakness_reversal,"{""family"": ""relative_weakness_reversal"", ""gap_max"": -0.04, ""market_prev_return_max"": 0.0, ""min_adv20"": 100000000.0, ""mom3_max"": -0.05, ""prev_return_percentile_max"": 0.1}",,0.06,210,11256.3307227744,0.12563307227744014,0.04040046504722139,0.7408729141274902,-0.04829918502755426,97,42,0.12881806108897742,10,False,-0.04248727317937121,10454.973244810772,0.04549732448107724,0.04531347907107497,0.9828755454298478,-0.015695211878756776,25,14,0.09881422924901186,10,False,-0.008935651710003888,10976.090687229138,0.09760906872291386,0.09842717335316276,1.3788635962530182,-0.016453403562046498,46,18,0.184,10,False,-0.01645340356204662,0.029384401792298842,0.9225372917078506,-0.01714312796208528,25,0.060257059920777234,0.7417870935881666,-0.04829918502755415,50,0.03135478665812608,0.9096981373125698,-0.03099278999362698,22,0.04549732448107724,0.9828755454298478,-0.015695211878756776,25,0.09760906872291386,1.3788635962530182,-0.016453403562046498,46,-0.24200263130235755,1.0,0.029384401792298842,0.9401276190476191
51,d93023d62f8d,gap_down_reversal,"{""family"": ""gap_down_reversal"", ""gap_max"": -0.04, ""market_prev_return_max"": 0.0, ""min_adv20"": 20000000.0, ""mom3_max"": -0.05, ""prev_return_max"": -0.02}",,0.08,399,11599.219986015656,0.15992199860156564,0.05090104650704652,0.7416280438124193,-0.05951422712785004,128,50,0.1699867197875166,10,False,-0.04013576297052877,10424.221090916923,0.042422109091692306,0.042250939486825345,0.8832851782163107,-0.016541784215441058,32,16,0.12648221343873517,10,False,-0.008935651710003888,11505.742932623845,0.15057429326238458,0.15186606534654312,1.690958227513178,-0.017843286101046685,53,19,0.212,10,False,-0.017843286101046945,0.03248980159807591,0.9520691683931974,-0.01714312796208528,26,0.09670777991149304,0.9025940793875008,-0.05951422712785004,71,0.02435877059864433,0.602164732479829,-0.03377403105528731,31,0.042422109091692306,0.8832851782163107,-0.016541784215441058,32,0.15057429326238458,1.690958227513178,-0.017843286101046685,53,-0.14165713440389138,1.0,0.02435877059864433,0.9399219047619046
52,1b50dde53660,gap_down_reversal,"{""family"": ""gap_down_reversal"", ""gap_max"": -0.05, ""market_prev_return_max"": 0.0, ""min_adv20"": 50000000.0, ""mom3_max"": -0.05, ""prev_return_max"": -0.03}",,0.08,177,10988.96365261523,0.0988963652615229,0.03206401807001846,0.5888341344333886,-0.04578210858477705,70,34,0.09296148738379814,10,False,-0.03050180219653622,10370.1459113222,0.037014591132220165,0.036865624235982164,0.8157007221625754,-0.009156744752313983,21,10,0.08300395256916997,10,False,-0.007603250896649904,11119.665754407519,0.11196657544075195,0.11291108166908792,1.473655250963345,-0.0067584721942234305,35,13,0.14,10,False,-0.006758472194223553,0.02173970772289624,0.7838775827048686,-0.01714312796208528,19,0.049787145992150394,0.6045989979522862,-0.04578210858477738,33,0.024507670880583365,0.7182839543253178,-0.020284269662921073,18,0.037014591132220165,0.8157007221625754,-0.009156744752313983,21,0.11196657544075195,1.473655250963345,-0.0067584721942234305,35,-0.22686658772918677,1.0,0.02173970772289624,0.9398504761904761
53,99538c90be75,gap_down_reversal,"{""family"": ""gap_down_reversal"", ""gap_max"": -0.05, ""market_prev_return_max"": 0.0, ""min_adv20"": 20000000.0, ""mom3_max"": -0.05, ""prev_return_max"": -0.03}",,,178,11604.987665633631,0.16049876656336304,0.051075897420537864,0.5872131473736425,-0.05391453546137892,71,34,0.09428950863213811,10,False,-0.034326554894537585,10446.499102595511,0.04464991025955123,0.04446956138519287,0.8759311882506102,-0.009156744752313761,21,10,0.08300395256916997,10,False,-0.007603250896649904,11412.078110354334,0.14120781103543334,0.14241435981898842,1.318957709945709,-0.0067584721942236525,35,13,0.14,10,False,-0.006758472194223553,0.025019050862311598,0.8420790282656779,-0.01714312796208528,19,0.1009056474387795,0.7956949891032229,-0.04441441782078415,34,0.028401369756604566,0.37622512877899905,-0.05391453546137892,18,0.04464991025955123,0.8759311882506102,-0.009156744752313761,21,0.14120781103543334,1.318957709945709,-0.0067584721942236525,35,-0.28871804087696773,1.0,0.025019050862311598,0.9398174603174602
54,62bfc8f9d366,relative_weakness_reversal,"{""family"": ""relative_weakness_reversal"", ""gap_max"": -0.04, ""market_prev_return_max"": 0.0, ""min_adv20"": 50000000.0, ""mom3_max"": -0.05, ""prev_return_percentile_max"": 0.1}",,,216,12184.937697427196,0.2184937697427196,0.06837015178809902,0.7377052984525927,-0.06425546918111336,103,44,0.13678618857901725,10,False,-0.04248727317937121,10521.798562530625,0.05217985625306243,0.05196834334406297,1.021105375681098,-0.015695211878756554,25,14,0.09881422924901186,10,False,-0.008935651710003888,11393.394677292099,0.1393394677292099,0.1405290909993835,1.41022333785934,-0.013686835570762224,46,18,0.184,10,False,-0.013686835570762135,0.03914779315606842,1.0555575585371213,-0.01714312796208528,26,0.13070503026242664,0.9622032777775863,-0.05225720167813708,52,0.037042772398444335,0.4730592259709411,-0.06425546918111358,25,0.05217985625306243,1.021105375681098,-0.015695211878756554,25,0.1393394677292099,1.41022333785934,-0.013686835570762224,46,-0.28340007722850524,1.0,0.037042772398444335,0.9396961904761905
55,fdd0bcf2d53f,gap_down_reversal,"{""family"": ""gap_down_reversal"", ""gap_max"": -0.04, ""market_prev_return_max"": null, ""min_adv20"": 50000000.0, ""mom3_max"": -0.05, ""prev_return_max"": -0.03}",,0.08,369,11826.325700450261,0.1826325700450262,0.057742670454866474,0.8624063068762197,-0.05581458922309246,128,55,0.1699867197875166,10,False,-0.04013576297052877,10638.563877682887,0.06385638776828872,0.06359613049945856,1.3173337387652702,-0.014022999931342262,33,19,0.13043478260869565,10,False,-0.007603250896649904,11276.806914722067,0.12768069147220662,0.12876525699028685,1.5012041407387864,-0.017843286101047018,52,20,0.208,10,False,-0.017843286101046945,0.04282311877725542,1.2196369651981889,-0.01714312796208528,31,0.09767019116187159,0.9599206246998057,-0.052130614675649056,65,0.03315935933997438,0.7592433016007096,-0.030436907718870976,32,0.06385638776828872,1.3173337387652702,-0.014022999931342262,33,0.12768069147220662,1.5012041407387864,-0.017843286101047018,52,-0.4549274318890505,1.0,0.03315935933997438,0.9394215873015872
56,8af5ffa78c1a,gap_down_reversal,"{""family"": ""gap_down_reversal"", ""gap_max"": -0.04, ""market_prev_return_max"": null, ""min_adv20"": 20000000.0, ""mom3_max"": -0.05, ""prev_return_max"": -0.03}",,,371,12611.085751107028,0.26110857511070273,0.08073187580132601,0.8203628112907672,-0.06021480917107447,129,55,0.17131474103585656,10,False,-0.04013576297052877,10680.52694966242,0.06805269496624211,0.0677747964625508,1.2737142473234384,-0.014022999931342262,33,19,0.13043478260869565,10,False,-0.007603250896649904,11649.820235460948,0.1649820235460948,0.16640608797717604,1.5067664974058743,-0.016891668275631155,52,20,0.208,10,False,-0.01689166827563112,0.04749720417105041,1.264390695497303,-0.01714312796208528,31,0.1463226454486246,1.0276014592880636,-0.05721686759463196,66,0.05025010674360186,0.5772136697611918,-0.05997451527705111,32,0.06805269496624211,1.2737142473234384,-0.014022999931342262,33,0.1649820235460948,1.5067664974058743,-0.016891668275631155,52,-0.45335143603267125,1.0,0.04749720417105041,0.9391304761904762
57,73015354e1f6,gap_down_reversal,"{""family"": ""gap_down_reversal"", ""gap_max"": -0.05, ""market_prev_return_max"": null, ""min_adv20"": 100000000.0, ""mom3_max"": -0.05, ""prev_return_max"": -0.03}",0.025,,186,11956.479438056003,0.19564794380560024,0.06162425575044472,0.7378165261820266,-0.021512520000000035,73,37,0.09694555112881806,10,False,-0.016200000000000003,10333.446112776004,0.033344611277600356,0.03321064974535237,0.9723536799644554,-0.013427296564422986,26,15,0.10276679841897234,10,False,-0.0027,10874.232377411947,0.08742323774119476,0.08815258554582006,1.1896773112608634,-0.005392710000000078,36,14,0.144,10,False,-0.005356078050999584,0.007582959903344122,0.34534738182386304,-0.01439486727555217,21,0.13503422075192484,1.0597797814149617,-0.01698223371604446,34,0.04547475800036249,0.6434829012678439,-0.021512519999999924,18,0.033344611277600356,0.9723536799644554,-0.013427296564422986,26,0.08742323774119476,1.1896773112608634,-0.005392710000000078,36,-0.2345371537824288,1.0,0.007582959903344122,0.9387257142857143
58,caf05aec64a2,gap_down_reversal,"{""family"": ""gap_down_reversal"", ""gap_max"": -0.04, ""market_prev_return_max"": 0.0, ""min_adv20"": 50000000.0, ""mom3_max"": -0.05, ""prev_return_max"": -0.03}",,0.06,348,11212.394885990394,0.12123948859903932,0.039039669311833336,0.698448339793761,-0.05648042282285426,114,45,0.15139442231075698,10,False,-0.04013576297052877,10428.775691039551,0.04287756910395513,0.0427045243776476,0.9688355188113851,-0.014022999931342262,28,14,0.11067193675889328,10,False,-0.007603250896649904,11214.864915270029,0.12148649152700286,0.12251563597895432,1.5782686480187336,-0.019843286101046798,50,18,0.2,10,False,-0.019843286101046947,0.027680935834620612,0.8883752311467047,-0.01714312796208528,26,0.06899338525090504,0.8137728702370316,-0.05648042282285415,61,0.020622331579548625,0.5903244418100586,-0.03100535542669125,27,0.04287756910395513,0.9688355188113851,-0.014022999931342262,28,0.12148649152700286,1.5782686480187336,-0.019843286101046798,50,-0.2703871790176241,1.0,0.020622331579548625,0.9382190476190476
59,eb0963fd802a,gap_down_reversal,"{""family"": ""gap_down_reversal"", ""gap_max"": -0.04, ""market_prev_return_max"": 0.0, ""min_adv20"": 50000000.0, ""mom3_max"": -0.05, ""prev_return_max"": -0.03}",,,348,12111.026936613993,0.21110269366139933,0.06619699979669114,0.6949468581565129,-0.06426760328615011,114,45,0.15139442231075698,10,False,-0.04013576297052877,10529.262224028433,0.05292622240284328,0.05271160894415994,1.0119866717988915,-0.01402299993134215,28,14,0.11067193675889328,10,False,-0.007603250896649904,11760.171803943946,0.17601718039439462,0.17754354394096317,1.600534906779389,-0.016891668275631155,50,18,0.2,10,False,-0.01689166827563112,0.03581279019596151,0.9838948134085598,-0.01714312796208528,26,0.14610700997348935,1.0288730159522483,-0.050923628141365196,61,0.02017465981437816,0.27035798566196295,-0.06426760328615011,27,0.05292622240284328,1.0119866717988915,-0.01402299993134215,28,0.17601718039439462,1.600534906779389,-0.016891668275631155,50,-0.31703981364237854,1.0,0.02017465981437816,0.938184761904762
60,904e3e570ad4,gap_down_reversal,"{""family"": ""gap_down_reversal"", ""gap_max"": -0.05, ""market_prev_return_max"": null, ""min_adv20"": 50000000.0, ""mom3_max"": -0.05, ""prev_return_max"": -0.03}",0.025,,191,11932.711042033809,0.19327110420338078,0.06091751459996986,0.7289394363482087,-0.026803524294000125,78,41,0.10358565737051793,10,False,-0.016200000000000003,10333.446112776004,0.033344611277600356,0.03321064974535237,0.9723536799644554,-0.013427296564422986,26,15,0.10276679841897234,10,False,-0.0027,10874.232377411947,0.08742323774119476,0.08815258554582006,1.1896773112608634,-0.005392710000000078,36,14,0.144,10,False,-0.005356078050999584,0.009154314819228127,0.4133911180948511,-0.01439486727555217,22,0.13196962835589487,1.0381150603448794,-0.016982233716044792,35,0.04459217456604336,0.6285786307894022,-0.026803524294000014,21,0.033344611277600356,0.9723536799644554,-0.013427296564422986,26,0.08742323774119476,1.1896773112608634,-0.005392710000000078,36,-0.24341424361624675,1.0,0.009154314819228127,0.9379739682539683
61,ee86d367b89e,gap_down_reversal,"{""family"": ""gap_down_reversal"", ""gap_max"": -0.05, ""market_prev_return_max"": null, ""min_adv20"": 100000000.0, ""mom3_max"": -0.05, ""prev_return_max"": -0.03}",,0.06,186,10941.395874480797,0.09413958744807971,0.03056676649261303,0.6790315747883974,-0.04386153004831972,73,37,0.09694555112881806,10,False,-0.03050180219653622,10547.1920262112,0.05471920262112007,0.05449713226761976,1.2308473233763475,-0.009156744752313983,26,15,0.10276679841897234,10,False,-0.007603250896649904,10876.08589567846,0.087608589567846,0.08833954562678126,1.3980869811010448,-0.010249143619115109,36,14,0.144,10,False,-0.006758472194223553,0.02566010722403078,0.9718703949506228,-0.01714312796208528,21,0.040184690135635526,0.6013954289261184,-0.04386153004831972,34,0.025554655033163565,0.9312869738129275,-0.020284269662921295,18,0.05471920262112007,1.2308473233763475,-0.009156744752313983,26,0.087608589567846,1.3980869811010448,-0.010249143619115109,36,-0.5518157485879501,1.0,0.025554655033163565,0.9379425396825397
62,057ad67fe5f7,gap_down_reversal,"{""family"": ""gap_down_reversal"", ""gap_max"": -0.04, ""market_prev_return_max"": null, ""min_adv20"": 100000000.0, ""mom3_max"": -0.05, ""prev_return_max"": -0.03}",,,358,12536.475580117576,0.25364755801175765,0.07858787071286466,0.8070607792883084,-0.06426760328615011,120,51,0.1593625498007968,10,False,-0.04013576297052877,10680.52694966242,0.06805269496624211,0.0677747964625508,1.2737142473234384,-0.014022999931342262,33,19,0.13043478260869565,10,False,-0.007603250896649904,11458.944802498068,0.14589448024980678,0.1471435946170243,1.4319708924945653,-0.016891668275631155,51,20,0.204,10,False,-0.01689166827563112,0.04586614551433432,1.2233425708811279,-0.01714312796208517,30,0.15227698388191402,1.0644954392543045,-0.0490847237012052,63,0.04026135890983662,0.48606264621060413,-0.06426760328615022,27,0.06805269496624211,1.2737142473234384,-0.014022999931342262,33,0.14589448024980678,1.4319708924945653,-0.016891668275631155,51,-0.46665346803512997,1.0,0.04026135890983662,0.9378612698412697
63,570c29e07067,relative_weakness_reversal,"{""family"": ""relative_weakness_reversal"", ""gap_max"": -0.04, ""market_prev_return_max"": 0.0, ""min_adv20"": 20000000.0, ""mom3_max"": -0.05, ""prev_return_percentile_max"": 0.25}",,0.06,326,11416.552427465334,0.1416552427465334,0.04533317328134512,0.7516981642167615,-0.06042155626054957,127,49,0.16865869853917662,10,False,-0.04248727317937121,10341.478811240186,0.034147881124018564,0.03401063966014228,0.7477687849295981,-0.018186602669599705,29,15,0.11462450592885376,10,False,-0.008935651710003888,11242.006197805464,0.1242006197805463,0.12525401432079675,1.625120379081446,-0.016453403562046498,53,20,0.212,10,False,-0.01645340356204662,0.0396402249892962,1.1527436553566095,-0.01714312796208528,29,0.06809347560845969,0.7478342213103131,-0.06042155626054979,67,0.02811723274261868,0.7930961358729817,-0.029518373646801543,31,0.034147881124018564,0.7477687849295981,-0.018186602669599705,29,0.1242006197805463,1.625120379081446,-0.016453403562046498,53,-0.003929379287163415,1.0,0.02811723274261868,0.9378450793650794
64,9d0e14f8279b,gap_down_reversal,"{""family"": ""gap_down_reversal"", ""gap_max"": -0.05, ""market_prev_return_max"": 0.0, ""min_adv20"": 100000000.0, ""mom3_max"": -0.05, ""prev_return_max"": -0.03}",0.025,,174,11651.329707653664,0.16513297076536637,0.05247869201296762,0.6407558503377903,-0.02248705794082706,67,32,0.08897742363877822,10,False,-0.016200000000000003,10331.402508096322,0.03314025080963212,0.033007123335043076,0.9911725579754713,-0.008078149683000135,21,10,0.08300395256916997,10,False,-0.0027,10903.672292601974,0.09036722926019736,0.0911221514929923,1.2279392245081377,-0.005392710000000189,35,13,0.14,10,False,-0.005356078050999584,0.005958020787054208,0.28482747953503884,-0.010778130000000052,18,0.12482771464480003,0.9892590662072964,-0.016982233716044792,32,0.029697423139837476,0.44355031604272654,-0.021512519999999924,17,0.03314025080963212,0.9911725579754713,-0.008078149683000135,21,0.09036722926019736,1.2279392245081377,-0.005392710000000189,35,-0.35041670763768107,1.0,0.005958020787054208,0.9378317460317461
65,241c0e7881f5,gap_down_reversal,"{""family"": ""gap_down_reversal"", ""gap_max"": -0.05, ""market_prev_return_max"": null, ""min_adv20"": 20000000.0, ""mom3_max"": -0.05, ""prev_return_max"": -0.03}",,0.06,192,10951.914810060847,0.09519148100608477,0.030898234727384954,0.6721797604923959,-0.047668569318720544,79,41,0.1049136786188579,10,False,-0.03050180219653622,10547.1920262112,0.05471920262112007,0.05449713226761976,1.2308473233763475,-0.009156744752313983,26,15,0.10276679841897234,10,False,-0.007603250896649904,10876.08589567846,0.087608589567846,0.08833954562678126,1.3980869811010448,-0.010249143619115109,36,14,0.144,10,False,-0.006758472194223553,0.027259653976654308,1.0293223587212927,-0.01714312796208539,22,0.030459714951875938,0.46244954894985474,-0.04730697806379225,36,0.03461508810245917,1.122379638127914,-0.020284269662921073,21,0.05471920262112007,1.2308473233763475,-0.009156744752313983,26,0.087608589567846,1.3980869811010448,-0.010249143619115109,36,-0.5586675628839516,1.0,0.027259653976654308,0.9374396825396825
66,0d061ef999f7,gap_down_reversal,"{""family"": ""gap_down_reversal"", ""gap_max"": -0.05, ""market_prev_return_max"": 0.0, ""min_adv20"": 100000000.0, ""mom3_max"": -0.05, ""prev_return_max"": 0.0}",0.025,,223,11935.085861887246,0.19350858618872468,0.0609881707516291,0.7723960569740026,-0.03166270890946121,91,41,0.12084993359893759,10,False,-0.021892098458227125,10329.248694331525,0.03292486943315254,0.032792620823696605,0.9160622608522486,-0.016091042863699112,28,17,0.11067193675889328,10,False,-0.0027,10928.669706202647,0.09286697062026472,0.09364365844560396,1.2359598198233743,-0.010411863249309317,41,17,0.164,10,False,-0.0054,0.011340036920348018,0.5252671133621817,-0.010778130000000052,20,0.11080571461216437,0.9477239291242721,-0.03166270890946132,48,0.06240533265252135,0.8894206510221184,-0.019606509429847985,23,0.03292486943315254,0.9160622608522486,-0.016091042863699112,28,0.09286697062026472,1.2359598198233743,-0.010411863249309317,41,-0.14366620387824602,1.0,0.011340036920348018,0.9373555555555555
67,f415d23ead06,gap_down_reversal,"{""family"": ""gap_down_reversal"", ""gap_max"": -0.05, ""market_prev_return_max"": null, ""min_adv20"": 50000000.0, ""mom3_max"": -0.05, ""prev_return_max"": -0.02}",,,219,11894.734811310798,0.18947348113107987,0.0597863643708183,0.6998381313205676,-0.04957394815494687,94,49,0.1248339973439575,10,False,-0.034809857571793154,10444.186675658873,0.044418667565887304,0.04423927235757752,0.8411234058788314,-0.016260269943452532,30,19,0.11857707509881422,10,False,-0.008935651710003888,11441.125818463292,0.14411258184632914,0.145345494269012,1.3393736057871453,-0.010249143619115109,37,15,0.148,10,False,-0.006758472194223553,0.020471329644504044,0.6661782093483969,-0.02227674249450895,25,0.10274526741401813,0.8581760715928652,-0.04838914368071223,43,0.0570091670499262,0.6897525598174339,-0.049573948154946645,26,0.044418667565887304,0.8411234058788314,-0.016260269943452532,30,0.14411258184632914,1.3393736057871453,-0.010249143619115109,37,-0.14128527455826378,1.0,0.020471329644504044,0.9371580952380951
68,7cbe71c3cd4c,relative_weakness_reversal,"{""family"": ""relative_weakness_reversal"", ""gap_max"": -0.04, ""market_prev_return_max"": 0.0, ""min_adv20"": 20000000.0, ""mom3_max"": -0.05, ""prev_return_percentile_max"": 0.1}",,,217,12110.138351606205,0.21101383516062056,0.06617081967670058,0.715284882723652,-0.06425546918111358,104,44,0.13811420982735723,10,False,-0.04248727317937121,10521.798562530625,0.05217985625306243,0.05196834334406297,1.021105375681098,-0.015695211878756554,25,14,0.09881422924901186,10,False,-0.008935651710003888,11393.394677292099,0.1393394677292099,0.1405290909993835,1.41022333785934,-0.013686835570762224,46,18,0.184,10,False,-0.013686835570762135,0.03914779315606842,1.0555575585371213,-0.01714312796208528,26,0.12376400202902094,0.915584631584555,-0.05807508463177724,53,0.037042772398444335,0.4730592259709411,-0.06425546918111358,25,0.05217985625306243,1.021105375681098,-0.015695211878756554,25,0.1393394677292099,1.41022333785934,-0.013686835570762224,46,-0.30582049295744596,1.0,0.037042772398444335,0.9371228571428571
69,9d61235791dd,gap_down_reversal,"{""family"": ""gap_down_reversal"", ""gap_max"": -0.04, ""market_prev_return_max"": 0.0, ""min_adv20"": 50000000.0, ""mom3_max"": -0.05, ""prev_return_max"": -0.03}",,0.08,348,11434.106464182818,0.14341064641828183,0.04587079934006599,0.7038488315950872,-0.06084887571191533,114,45,0.15139442231075698,10,False,-0.04013576297052877,10487.893460981377,0.048789346098137676,0.04859189176800993,1.0300828549780752,-0.01402299993134215,28,14,0.11067193675889328,10,False,-0.007603250896649904,11383.625157868135,0.13836251578681358,0.13954329859411962,1.6219888546615517,-0.017843286101046796,50,18,0.2,10,False,-0.017843286101046945,0.03252155985107774,0.9528447461331777,-0.01714312796208528,26,0.09072673710019163,0.8995374798500876,-0.05532119383793255,61,0.015283068456932725,0.3890121774135137,-0.03486489371838253,27,0.048789346098137676,1.0300828549780752,-0.01402299993134215,28,0.13836251578681358,1.6219888546615517,-0.017843286101046796,50,-0.326234023382988,1.0,0.015283068456932725,0.9370279365079364
70,aec35b8421c7,gap_down_reversal,"{""family"": ""gap_down_reversal"", ""gap_max"": -0.04, ""market_prev_return_max"": 0.0, ""min_adv20"": 50000000.0, ""mom3_max"": -0.05, ""prev_return_max"": 0.0}",,,453,13018.334575604136,0.3018334575604136,0.09228828301547809,0.9002732133175242,-0.0858319589115526,155,59,0.2058432934926959,10,False,-0.04013576297052877,10617.851701475003,0.06178517014750029,0.06153359625965149,1.1158839952493984,-0.02074907604852394,36,19,0.1422924901185771,10,False,-0.008935651710003888,11946.590020718368,0.19465900207183684,0.19636007596048155,1.6253713629838131,-0.016891668275631155,63,22,0.252,10,False,-0.01689166827563112,0.04253807506051377,1.0850036108906886,-0.01714312796208528,31,0.15624864138095562,1.0249527553383728,-0.08583195891155282,92,0.07997143438108845,0.9409310511245081,-0.06283166446795463,32,0.06178517014750029,1.1158839952493984,-0.02074907604852394,36,0.19465900207183684,1.6253713629838131,-0.016891668275631155,63,-0.21561078193187422,1.0,0.04253807506051377,0.9369349206349207
71,cf7ab2cd6d77,relative_weakness_reversal,"{""family"": ""relative_weakness_reversal"", ""gap_max"": -0.04, ""market_prev_return_max"": 0.0, ""min_adv20"": 100000000.0, ""mom3_max"": -0.05, ""prev_return_percentile_max"": 0.25}",,0.06,316,11376.584508434382,0.1376584508434382,0.044107024014994556,0.7420154101376003,-0.05199389697042456,120,47,0.1593625498007968,10,False,-0.04248727317937121,10341.478811240186,0.034147881124018564,0.03401063966014228,0.7477687849295981,-0.018186602669599705,29,15,0.11462450592885376,10,False,-0.008935651710003888,11178.280986754577,0.11782809867545763,0.11882464017686378,1.5801109521340762,-0.016453403562046498,52,20,0.208,10,False,-0.01645340356204662,0.03802140044056479,1.108110555110576,-0.01714312796208528,28,0.07188924208626957,0.7855701691702491,-0.051993896970424114,64,0.022482015164917435,0.7293259755991734,-0.02951837364680132,28,0.034147881124018564,0.7477687849295981,-0.018186602669599705,29,0.11782809867545763,1.5801109521340762,-0.016453403562046498,52,-0.0057533747919977785,1.0,0.022482015164917435,0.936808253968254
72,744693d822ac,gap_down_reversal,"{""family"": ""gap_down_reversal"", ""gap_max"": -0.04, ""market_prev_return_max"": null, ""min_adv20"": 20000000.0, ""mom3_max"": -0.05, ""prev_return_max"": -0.03}",,0.08,371,11753.727756346987,0.17537277563469877,0.05556521593048247,0.8298944351675513,-0.06118494864771251,129,55,0.17131474103585656,10,False,-0.04013576297052877,10638.563877682887,0.06385638776828872,0.06359613049945856,1.3173337387652702,-0.014022999931342262,33,19,0.13043478260869565,10,False,-0.007603250896649904,11276.806914722067,0.12768069147220662,0.12876525699028685,1.5012041407387864,-0.017843286101047018,52,20,0.208,10,False,-0.017843286101046945,0.04282311877725542,1.2196369651981889,-0.01714312796208528,31,0.09093195299726897,0.8968938245467664,-0.057521927895153535,66,0.03315935933997438,0.7592433016007096,-0.030436907718870976,32,0.06385638776828872,1.3173337387652702,-0.014022999931342262,33,0.12768069147220662,1.5012041407387864,-0.017843286101047018,52,-0.4874393035977188,1.0,0.03315935933997438,0.9367999999999999
73,882bd9071db7,gap_down_reversal,"{""family"": ""gap_down_reversal"", ""gap_max"": -0.05, ""market_prev_return_max"": null, ""min_adv20"": 20000000.0, ""mom3_max"": -0.05, ""prev_return_max"": -0.03}",0.025,,192,11900.4054972494,0.19004054972494,0.059955422422028004,0.7180373219381188,-0.026803524294000014,79,41,0.1049136786188579,10,False,-0.016200000000000003,10333.446112776004,0.033344611277600356,0.03321064974535237,0.9723536799644554,-0.013427296564422986,26,15,0.10276679841897234,10,False,-0.0027,10874.232377411947,0.08742323774119476,0.08815258554582006,1.1896773112608634,-0.005392710000000078,36,14,0.144,10,False,-0.005356078050999584,0.009154314819228127,0.4133911180948511,-0.01439486727555217,22,0.12890503595986447,1.016004172971147,-0.019470902448659566,36,0.04459217456604336,0.6285786307894022,-0.026803524294000014,21,0.033344611277600356,0.9723536799644554,-0.013427296564422986,26,0.08742323774119476,1.1896773112608634,-0.005392710000000078,36,-0.2543163580263367,1.0,0.009154314819228127,0.9367936507936507
74,7723507cb914,gap_down_reversal,"{""family"": ""gap_down_reversal"", ""gap_max"": -0.04, ""market_prev_return_max"": null, ""min_adv20"": 50000000.0, ""mom3_max"": -0.05, ""prev_return_max"": -0.03}",,0.06,369,11616.31561224118,0.16163156122411793,0.051419143178021764,0.8921762838928154,-0.0529335040441532,128,55,0.1699867197875166,10,False,-0.04013576297052877,10645.781058162644,0.06457810581626444,0.06431481908344128,1.4036290920810188,-0.014022999931342262,33,19,0.13043478260869565,10,False,-0.007603250896649904,11109.630233808148,0.11096302338081476,0.1118986456105664,1.4449700565757015,-0.01984328610104691,52,20,0.208,10,False,-0.019843286101046947,0.04337607864467641,1.2984358892951464,-0.01714312796208528,31,0.07620786596809803,0.8889995036299179,-0.05293350404415309,65,0.034502074104502345,0.9169153213075096,-0.028757075047740832,32,0.06457810581626444,1.4036290920810188,-0.014022999931342262,33,0.11096302338081476,1.4449700565757015,-0.01984328610104691,52,-0.5114528081882034,1.0,0.034502074104502345,0.9366946031746031
75,dee55c14f0a3,gap_down_reversal,"{""family"": ""gap_down_reversal"", ""gap_max"": -0.05, ""market_prev_return_max"": null, ""min_adv20"": 50000000.0, ""mom3_max"": -0.03, ""prev_return_max"": -0.03}",0.03,,228,11807.987633107354,0.1807987633107353,0.05719349201445545,0.6840311450286032,-0.04427340674235747,90,44,0.11952191235059761,10,False,-0.019200000000000002,10325.78052435995,0.0325780524359951,0.03244721864404587,0.7696389000751247,-0.015428028744536526,34,20,0.13438735177865613,10,False,-0.007914976395352737,11018.205304092828,0.10182053040928274,0.10267555598432532,1.3896775503823902,-0.009569312767999882,44,21,0.176,10,False,-0.0032,0.02289225320428967,1.0820483566888857,-0.007740678484098318,24,0.11107232505968723,0.8859299700744595,-0.031785380483841275,44,0.038971584492848876,0.5481756552129871,-0.03172410982399998,22,0.0325780524359951,0.7696389000751247,-0.015428028744536526,34,0.10182053040928274,1.3896775503823902,-0.009569312767999882,44,-0.08560775504652152,1.0,0.02289225320428967,0.9363644444444444
76,bea20d1679a2,relative_weakness_reversal,"{""family"": ""relative_weakness_reversal"", ""gap_max"": -0.04, ""market_prev_return_max"": 0.0, ""min_adv20"": 20000000.0, ""mom3_max"": -0.05, ""prev_return_percentile_max"": 0.2}",,0.06,302,11352.563246870726,0.1352563246870726,0.0433687122232751,0.7321655357915621,-0.06042155626054957,126,49,0.16733067729083664,10,False,-0.04248727317937121,10338.620714000466,0.0338620714000466,0.033725997243195804,0.7420534282604644,-0.018186602669599483,27,14,0.1067193675889328,10,False,-0.008935651710003888,11178.280986754577,0.11782809867545763,0.11882464017686378,1.5801109521340762,-0.016453403562046498,52,20,0.208,10,False,-0.01645340356204662,0.0396402249892962,1.1527436553566095,-0.01714312796208528,29,0.06210686741506066,0.700803165614312,-0.06042155626054979,66,0.02811723274261868,0.7930961358729817,-0.029518373646801543,31,0.0338620714000466,0.7420534282604644,-0.018186602669599483,27,0.11782809867545763,1.5801109521340762,-0.016453403562046498,52,-0.009887892468902315,1.0,0.02811723274261868,0.9363095238095238
77,603fba949ab3,gap_down_reversal,"{""family"": ""gap_down_reversal"", ""gap_max"": -0.05, ""market_prev_return_max"": 0.0, ""min_adv20"": 50000000.0, ""mom3_max"": -0.05, ""prev_return_max"": -0.03}",0.025,,177,11606.399460904866,0.1606399460904866,0.05111868809247322,0.6249646819782642,-0.02514067240247997,70,34,0.09296148738379814,10,False,-0.016200000000000003,10331.402508096322,0.03314025080963212,0.033007123335043076,0.9911725579754713,-0.008078149683000135,21,10,0.08300395256916997,10,False,-0.0027,10903.672292601974,0.09036722926019736,0.0911221514929923,1.2279392245081377,-0.005392710000000189,35,13,0.14,10,False,-0.005356078050999584,0.007526841563149311,0.35590226021399235,-0.010778129999999941,19,0.12179067981525904,0.967599770491495,-0.01698223371604446,33,0.026902145598637572,0.40435284166625135,-0.02416878,18,0.03314025080963212,0.9911725579754713,-0.008078149683000135,21,0.09036722926019736,1.2279392245081377,-0.005392710000000189,35,-0.36620787599720717,1.0,0.007526841563149311,0.9362457142857143
78,ae695d56be0d,relative_weakness_reversal,"{""family"": ""relative_weakness_reversal"", ""gap_max"": -0.04, ""market_prev_return_max"": 0.0, ""min_adv20"": 100000000.0, ""mom3_max"": -0.05, ""prev_return_percentile_max"": 0.1}",,,210,12074.41862642038,0.207441862642038,0.06511735981267974,0.708748501112319,-0.06425546918111369,97,42,0.12881806108897742,10,False,-0.04248727317937121,10521.798562530625,0.05217985625306243,0.05196834334406297,1.021105375681098,-0.015695211878756554,25,14,0.09881422924901186,10,False,-0.008935651710003888,11393.394677292099,0.1393394677292099,0.1405290909993835,1.41022333785934,-0.013686835570762224,46,18,0.184,10,False,-0.013686835570762135,0.037529735373302175,1.0141628045157791,-0.01714312796208517,25,0.12960116420477985,0.9537689364230449,-0.04962637838857131,50,0.030245070847394695,0.4022567327375978,-0.06425546918111358,22,0.05217985625306243,1.021105375681098,-0.015695211878756554,25,0.1393394677292099,1.41022333785934,-0.013686835570762224,46,-0.3123568745687789,1.0,0.030245070847394695,0.9360231746031746
79,25046446db17,relative_weakness_reversal,"{""family"": ""relative_weakness_reversal"", ""gap_max"": -0.04, ""market_prev_return_max"": 0.0, ""min_adv20"": 50000000.0, ""mom3_max"": -0.05, ""prev_return_percentile_max"": 0.2}",,0.06,301,11422.683362727588,0.1422683362727588,0.04552100740006204,0.7686536574264788,-0.05461816649746798,125,49,0.16600265604249667,10,False,-0.04248727317937121,10338.620714000466,0.0338620714000466,0.033725997243195804,0.7420534282604644,-0.018186602669599483,27,14,0.1067193675889328,10,False,-0.008935651710003888,11178.280986754577,0.11782809867545763,0.11882464017686378,1.5801109521340762,-0.016453403562046498,52,20,0.208,10,False,-0.01645340356204662,0.0396402249892962,1.1527436553566095,-0.01714312796208528,29,0.06866706487672691,0.7708107915207366,-0.054618166497467646,65,0.02811723274261868,0.7930961358729817,-0.029518373646801543,31,0.0338620714000466,0.7420534282604644,-0.018186602669599483,27,0.11782809867545763,1.5801109521340762,-0.016453403562046498,52,-0.026600229166014455,1.0,0.02811723274261868,0.9357660317460317
80,142bb17a0177,gap_down_reversal,"{""family"": ""gap_down_reversal"", ""gap_max"": -0.04, ""market_prev_return_max"": 0.0, ""min_adv20"": 20000000.0, ""mom3_max"": -0.05, ""prev_return_max"": -0.03}",,,350,12036.681304771302,0.20366813047713017,0.06400214130611559,0.6733820623315123,-0.06426760328614978,115,45,0.15272244355909695,10,False,-0.04013576297052877,10529.262224028433,0.05292622240284328,0.05271160894415994,1.0119866717988915,-0.01402299993134215,28,14,0.11067193675889328,10,False,-0.007603250896649904,11760.171803943946,0.17601718039439462,0.17754354394096317,1.600534906779389,-0.016891668275631155,50,18,0.2,10,False,-0.01689166827563112,0.03581279019596151,0.9838948134085598,-0.01714312796208528,26,0.13907143402590205,0.9837739056763815,-0.05674969746662528,62,0.02017465981437816,0.27035798566196295,-0.06426760328615011,27,0.05292622240284328,1.0119866717988915,-0.01402299993134215,28,0.17601718039439462,1.600534906779389,-0.016891668275631155,50,-0.33860460946737914,1.0,0.02017465981437816,0.935719365079365
81,bb9ffa906a05,relative_weakness_reversal,"{""family"": ""relative_weakness_reversal"", ""gap_max"": -0.04, ""market_prev_return_max"": 0.0, ""min_adv20"": 50000000.0, ""mom3_max"": -0.05, ""prev_return_percentile_max"": 0.25}",,0.06,325,11487.067778183191,0.1487067778183191,0.04748952081278901,0.7876088992945701,-0.05461816649746798,126,49,0.16733067729083664,10,False,-0.04248727317937121,10341.478811240186,0.034147881124018564,0.03401063966014228,0.7477687849295981,-0.018186602669599705,29,15,0.11462450592885376,10,False,-0.008935651710003888,11242.006197805464,0.1242006197805463,0.12525401432079675,1.625120379081446,-0.016453403562046498,53,20,0.212,10,False,-0.01645340356204662,0.0396402249892962,1.1527436553566095,-0.01714312796208528,29,0.0746906498876938,0.8165060952938554,-0.054618166497467646,66,0.02811723274261868,0.7930961358729817,-0.029518373646801543,31,0.034147881124018564,0.7477687849295981,-0.018186602669599705,29,0.1242006197805463,1.625120379081446,-0.016453403562046498,53,-0.039840114364972035,1.0,0.02811723274261868,0.9354304761904761
82,f0087bcede8f,gap_down_reversal,"{""family"": ""gap_down_reversal"", ""gap_max"": -0.04, ""market_prev_return_max"": 0.0, ""min_adv20"": 50000000.0, ""mom3_max"": -0.05, ""prev_return_max"": -0.02}",,0.06,397,11332.853153127824,0.13328531531278243,0.04276213075194546,0.7302585229344882,-0.05413431057582063,127,50,0.16865869853917662,10,False,-0.04013576297052877,10365.462227035607,0.03654622270356067,0.036399173664601214,0.8126207833843113,-0.018186602669599372,32,16,0.12648221343873517,10,False,-0.008935651710003888,11313.753394754209,0.1313753394754209,0.1324930927942567,1.6542670177299053,-0.01984328610104691,53,19,0.212,10,False,-0.019843286101046947,0.027649326469320723,0.8875306365164914,-0.01714312796208528,26,0.07524515762551509,0.8388988615864514,-0.05413431057582063,70,0.02562080975815495,0.7154392660395308,-0.03099278999362709,31,0.03654622270356067,0.8126207833843113,-0.018186602669599372,32,0.1313753394754209,1.6542670177299053,-0.01984328610104691,53,-0.08236226044982309,1.0,0.02562080975815495,0.9353990476190476
83,6a1c794711d6,gap_down_reversal,"{""family"": ""gap_down_reversal"", ""gap_max"": -0.05, ""market_prev_return_max"": 0.0, ""min_adv20"": 100000000.0, ""mom3_max"": -0.05, ""prev_return_max"": -0.03}",,0.08,174,10923.48568805248,0.09234856880524811,0.03000190012206616,0.5618027798721561,-0.045561039574767426,67,32,0.08897742363877822,10,False,-0.03050180219653622,10370.1459113222,0.037014591132220165,0.036865624235982164,0.8157007221625754,-0.009156744752313983,21,10,0.08300395256916997,10,False,-0.007603250896649904,11119.665754407519,0.11196657544075195,0.11291108166908792,1.473655250963345,-0.0067584721942234305,35,13,0.14,10,False,-0.006758472194223553,0.020148756082589703,0.7290647044824817,-0.01714312796208528,18,0.05318640793626095,0.6425052056278543,-0.045561039574767426,32,0.016699228597147675,0.569743256736255,-0.020284269662921517,17,0.037014591132220165,0.8157007221625754,-0.009156744752313983,21,0.11196657544075195,1.473655250963345,-0.0067584721942234305,35,-0.2538979422904193,1.0,0.016699228597147675,0.9353742857142857
84,db9ac1c2d3f0,gap_down_reversal,"{""family"": ""gap_down_reversal"", ""gap_max"": -0.04, ""market_prev_return_max"": 0.0, ""min_adv20"": 20000000.0, ""mom3_max"": -0.05, ""prev_return_max"": 0.0}",,,455,12938.419279021238,0.2938419279021238,0.09003971336785188,0.8794981736035681,-0.09144373741562417,156,59,0.20717131474103587,10,False,-0.04013576297052877,10617.851701475003,0.06178517014750029,0.06153359625965149,1.1158839952493984,-0.02074907604852394,36,19,0.1422924901185771,10,False,-0.008935651710003888,11946.590020718368,0.19465900207183684,0.19636007596048155,1.6253713629838131,-0.016891668275631155,63,22,0.252,10,False,-0.01689166827563112,0.04253807506051377,1.0850036108906886,-0.01714312796208528,31,0.14915080927632673,0.9831357382783434,-0.09144373741562406,93,0.07997143438108845,0.9409310511245081,-0.06283166446795463,32,0.06178517014750029,1.1158839952493984,-0.02074907604852394,36,0.19465900207183684,1.6253713629838131,-0.016891668275631155,63,-0.23638582164583033,1.0,0.04253807506051377,0.9350022222222222
85,fe9addc44357,gap_down_reversal,"{""family"": ""gap_down_reversal"", ""gap_max"": -0.05, ""market_prev_return_max"": 0.0, ""min_adv20"": 20000000.0, ""mom3_max"": -0.05, ""prev_return_max"": -0.03}",0.025,,178,11574.977342641108,0.15749773426411084,0.05016548197231252,0.6140343774486681,-0.027608686725823284,71,34,0.09428950863213811,10,False,-0.016200000000000003,10331.402508096322,0.03314025080963212,0.033007123335043076,0.9911725579754713,-0.008078149683000135,21,10,0.08300395256916997,10,False,-0.0027,10903.672292601974,0.09036722926019736,0.0911221514929923,1.2279392245081377,-0.005392710000000189,35,13,0.14,10,False,-0.005356078050999584,0.007526841563149311,0.35590226021399235,-0.010778129999999941,19,0.11875364498571828,0.9455250691033603,-0.019470902448659233,34,0.026902145598637572,0.40435284166625135,-0.02416878,18,0.03314025080963212,0.9911725579754713,-0.008078149683000135,21,0.09036722926019736,1.2279392245081377,-0.005392710000000189,35,-0.37713818052680326,1.0,0.007526841563149311,0.9347923809523808
86,887d2381963a,gap_down_reversal,"{""family"": ""gap_down_reversal"", ""gap_max"": -0.04, ""market_prev_return_max"": null, ""min_adv20"": 50000000.0, ""mom3_max"": -0.05, ""prev_return_max"": 0.0}",,,503,13218.17463605963,0.321817463605963,0.09787125276738529,0.932260116969905,-0.09357202048776192,187,82,0.24833997343957503,10,False,-0.04013576297052877,10678.142212705665,0.06781422127056658,0.067537327049495,1.1950005856265982,-0.02074907604852394,45,28,0.17786561264822134,10,False,-0.008935651710003888,11702.240563989952,0.17022405639899518,0.1716966112525593,1.4341312094827119,-0.02486118428281825,72,31,0.288,10,False,-0.01689166827563112,0.04647605160055668,1.1327783817358943,-0.018669662038742096,41,0.15235433768621198,0.9987051025256547,-0.09357202048776148,104,0.09611507430401867,1.0518747059063533,-0.05962612042304616,42,0.06781422127056658,1.1950005856265982,-0.02074907604852394,45,0.17022405639899518,1.4341312094827119,-0.02486118428281825,72,-0.2627404686566932,1.0,0.04647605160055668,0.9347876190476191
87,2a9950033337,gap_down_reversal,"{""family"": ""gap_down_reversal"", ""gap_max"": -0.05, ""market_prev_return_max"": null, ""min_adv20"": 20000000.0, ""mom3_max"": -0.03, ""prev_return_max"": -0.03}",0.03,,229,11770.080770721775,0.17700807707217758,0.05605647651907231,0.67115602915943,-0.04734154989888317,91,44,0.12084993359893759,10,False,-0.019200000000000002,10325.78052435995,0.0325780524359951,0.03244721864404587,0.7696389000751247,-0.015428028744536526,34,20,0.13438735177865613,10,False,-0.007914976395352737,11018.205304092828,0.10182053040928274,0.10267555598432532,1.3896775503823902,-0.009569312767999882,44,21,0.176,10,False,-0.0032,0.02289225320428967,1.0820483566888857,-0.007740678484098318,24,0.10750547971439128,0.8599256984814633,-0.03489361361230392,45,0.038971584492848876,0.5481756552129871,-0.03172410982399998,22,0.0325780524359951,0.7696389000751247,-0.015428028744536526,34,0.10182053040928274,1.3896775503823902,-0.009569312767999882,44,-0.09848287091569474,1.0,0.02289225320428967,0.9347758730158731
88,1ae115523c6b,gap_down_reversal,"{""family"": ""gap_down_reversal"", ""gap_max"": -0.05, ""market_prev_return_max"": 0.0, ""min_adv20"": 20000000.0, ""mom3_max"": -0.05, ""prev_return_max"": -0.03}",,0.08,178,10921.474909852224,0.09214749098522246,0.02993844406083923,0.55009453854508,-0.051642439717845545,71,34,0.09428950863213811,10,False,-0.03050180219653622,10370.1459113222,0.037014591132220165,0.036865624235982164,0.8157007221625754,-0.009156744752313983,21,10,0.08300395256916997,10,False,-0.007603250896649904,11119.665754407519,0.11196657544075195,0.11291108166908792,1.473655250963345,-0.0067584721942234305,35,13,0.14,10,False,-0.006758472194223553,0.02173970772289624,0.7838775827048686,-0.01714312796208528,19,0.043339876086501805,0.5308478449561178,-0.051642439717845656,34,0.024507670880583365,0.7182839543253178,-0.020284269662921073,18,0.037014591132220165,0.8157007221625754,-0.009156744752313983,21,0.11196657544075195,1.473655250963345,-0.0067584721942234305,35,-0.26560618361749544,1.0,0.02173970772289624,0.9346739682539682
89,748846db0256,gap_down_reversal,"{""family"": ""gap_down_reversal"", ""gap_max"": -0.05, ""market_prev_return_max"": null, ""min_adv20"": 50000000.0, ""mom3_max"": -0.05, ""prev_return_max"": 0.0}",,,260,12442.532203935461,0.24425322039354613,0.07587619582903504,0.8423361642581426,-0.0536284127449973,115,60,0.15272244355909695,10,False,-0.03768071511157404,10571.824138394006,0.05718241383940059,0.056950079583101054,1.0340573437414593,-0.02074907604852405,35,24,0.1383399209486166,10,False,-0.008935651710003888,11231.21288075313,0.12312128807531297,0.1241650327028998,1.1475247831473703,-0.014816470030870055,46,22,0.184,10,False,-0.00808236492006984,0.023624670424639893,0.7577259795071433,-0.02351848907524745,27,0.12953521741771357,1.0130513056000539,-0.05362841274499697,57,0.07613870803227862,0.8825263394610583,-0.050678490759650585,31,0.05718241383940059,1.0340573437414593,-0.02074907604852405,35,0.12312128807531297,1.1475247831473703,-0.014816470030870055,46,-0.19172117948331668,1.0,0.023624670424639893,0.934543492063492
90,33965e02d680,gap_down_reversal,"{""family"": ""gap_down_reversal"", ""gap_max"": -0.05, ""market_prev_return_max"": 0.0, ""min_adv20"": 100000000.0, ""mom3_max"": -0.05, ""prev_return_max"": -0.03}",0.03,,174,11655.67404688815,0.16556740468881515,0.052610006684930655,0.640570012442552,-0.030842939434727157,67,32,0.08897742363877822,10,False,-0.019200000000000002,10514.89844978378,0.05148984497837783,0.0512811966561586,1.2526157786515006,-0.006389759999999911,21,10,0.08300395256916997,10,False,-0.0032,10934.51273175543,0.09345127317554303,0.09423305526066139,1.302897505658132,-0.0063897599999998,35,13,0.14,10,False,-0.0032,0.01203791215886918,0.6016828450906918,-0.007740678484098096,18,0.11980895736082364,0.9523198885016795,-0.01995919780399147,32,0.02848195126647135,0.4225216101602895,-0.02547711999999991,17,0.05148984497837783,1.2526157786515006,-0.006389759999999911,21,0.09345127317554303,1.302897505658132,-0.0063897599999998,35,-0.6120457662089487,1.0,0.01203791215886918,0.934530476190476
91,f3e39d50bcbc,relative_weakness_reversal,"{""family"": ""relative_weakness_reversal"", ""gap_max"": -0.04, ""market_prev_return_max"": 0.0, ""min_adv20"": 100000000.0, ""mom3_max"": -0.05, ""prev_return_percentile_max"": 0.2}",,0.06,292,11312.819345940261,0.13128193459402615,0.042144867219858995,0.7222167994826781,-0.05199389697042456,119,47,0.15803452855245684,10,False,-0.04248727317937121,10338.620714000466,0.0338620714000466,0.033725997243195804,0.7420534282604644,-0.018186602669599483,27,14,0.1067193675889328,10,False,-0.008935651710003888,11114.555775703686,0.1114555775703685,0.11239555924874223,1.5236641984242512,-0.016453403562046498,51,20,0.204,10,False,-0.01645340356204662,0.03802140044056479,1.108110555110576,-0.01714312796208528,28,0.06588135881984103,0.7393450378287502,-0.051993896970424114,63,0.022482015164917435,0.7293259755991734,-0.02951837364680132,28,0.0338620714000466,0.7420534282604644,-0.018186602669599483,27,0.1114555775703685,1.5236641984242512,-0.016453403562046498,51,-0.019836628777786247,1.0,0.022482015164917435,0.9344390476190476
92,5e0cf1f1aff7,gap_down_reversal,"{""family"": ""gap_down_reversal"", ""gap_max"": -0.04, ""market_prev_return_max"": null, ""min_adv20"": 100000000.0, ""mom3_max"": -0.05, ""prev_return_max"": -0.03}",,0.08,358,11673.20659009198,0.16732065900919801,0.05313962547817219,0.8113503886909986,-0.06959713294417713,120,51,0.1593625498007968,10,False,-0.04013576297052877,10638.563877682887,0.06385638776828872,0.06359613049945856,1.3173337387652702,-0.014022999931342262,33,19,0.13043478260869565,10,False,-0.007603250896649904,11191.414445101009,0.11914144451010089,0.12014967921486708,1.4497754243766212,-0.017843286101047018,51,20,0.204,10,False,-0.017843286101046945,0.04119933814229726,1.175851436822989,-0.01714312796208517,30,0.09659857581208153,0.9479943328507208,-0.05611093577480153,63,0.022371208872015602,0.6071582422715157,-0.03100535542669125,27,0.06385638776828872,1.3173337387652702,-0.014022999931342262,33,0.11914144451010089,1.4497754243766212,-0.017843286101047018,51,-0.5059833500742715,1.0,0.022371208872015602,0.9343130158730157
93,0cae2f8e8ee6,gap_down_reversal,"{""family"": ""gap_down_reversal"", ""gap_max"": -0.05, ""market_prev_return_max"": null, ""min_adv20"": 20000000.0, ""mom3_max"": -0.05, ""prev_return_max"": -0.02}",,,220,11821.683273122877,0.1821683273122876,0.05760369516430752,0.675475305928383,-0.053892684988006256,95,49,0.12616201859229748,10,False,-0.034809857571793154,10444.186675658873,0.044418667565887304,0.04423927235757752,0.8411234058788314,-0.016260269943452532,30,19,0.11857707509881422,10,False,-0.008935651710003888,11441.125818463292,0.14411258184632914,0.145345494269012,1.3393736057871453,-0.010249143619115109,37,15,0.148,10,False,-0.006758472194223553,0.020471329644504044,0.6661782093483969,-0.02227674249450895,25,0.09597275509727021,0.8058642135514646,-0.053892684988006256,44,0.0570091670499262,0.6897525598174339,-0.049573948154946645,26,0.044418667565887304,0.8411234058788314,-0.016260269943452532,30,0.14411258184632914,1.3393736057871453,-0.010249143619115109,37,-0.16564809995044838,1.0,0.020471329644504044,0.9342279365079365
94,a8e27cd3f8b1,gap_down_reversal,"{""family"": ""gap_down_reversal"", ""gap_max"": -0.04, ""market_prev_return_max"": 0.0, ""min_adv20"": 100000000.0, ""mom3_max"": -0.05, ""prev_return_max"": -0.03}",,,339,12002.364918093053,0.20023649180930536,0.06298599740498423,0.6688930604885335,-0.06426760328614978,108,43,0.14342629482071714,10,False,-0.04013576297052877,10529.262224028433,0.05292622240284328,0.05271160894415994,1.0119866717988915,-0.01402299993134215,28,14,0.11067193675889328,10,False,-0.007603250896649904,11567.488325621858,0.15674883256218575,0.15809712220992678,1.5319332499196439,-0.016891668275631155,49,18,0.196,10,False,-0.01689166827563112,0.034199925348724625,0.9417991371340297,-0.01714312796208517,25,0.14498810752512292,1.0206775880936028,-0.05228555549578551,59,0.013587740127258385,0.20048148833997045,-0.06426760328614989,24,0.05292622240284328,1.0119866717988915,-0.01402299993134215,28,0.15674883256218575,1.5319332499196439,-0.016891668275631155,49,-0.343093611310358,1.0,0.013587740127258385,0.9339803174603174
95,0eabcdb777b6,gap_down_reversal,"{""family"": ""gap_down_reversal"", ""gap_max"": -0.05, ""market_prev_return_max"": 0.0, ""min_adv20"": 100000000.0, ""mom3_max"": -0.05, ""prev_return_max"": 0.0}",0.03,,223,11910.554335142924,0.19105543351429244,0.06025785219987445,0.7629993994255653,-0.03723559053005898,91,41,0.12084993359893759,10,False,-0.025392098458227118,10630.283661181358,0.06302836611813589,0.06277158215653911,1.4338890082287443,-0.009569312767999771,28,17,0.11067193675889328,10,False,-0.0032,10937.58631433539,0.09375863143353902,0.09454309424244789,1.2786746379185943,-0.012397845290494702,41,17,0.164,10,False,-0.0064,0.01744851807180403,0.847005481730041,-0.007740678484098096,20,0.10009438157318584,0.8617033348722104,-0.03723559053005865,48,0.06411749754300633,0.9148358085724914,-0.012630987499868018,23,0.06302836611813589,1.4338890082287443,-0.009569312767999771,28,0.09375863143353902,1.2786746379185943,-0.012397845290494702,41,-0.670889608803179,1.0,0.01744851807180403,0.933935873015873
96,a675931ffee4,gap_down_reversal,"{""family"": ""gap_down_reversal"", ""gap_max"": -0.04, ""market_prev_return_max"": null, ""min_adv20"": 100000000.0, ""mom3_max"": -0.05, ""prev_return_max"": -0.02}",,,411,12320.073844660545,0.2320073844660544,0.07232090671698854,0.7550161223096061,-0.06425546918111336,139,61,0.1845949535192563,10,False,-0.04013576297052877,10540.158033613552,0.05401580336135514,0.0537966598334787,0.9946929347381767,-0.018741696567172506,39,23,0.1541501976284585,10,False,-0.008935651710003888,11575.46803261817,0.15754680326181703,0.15890241644062497,1.499925929210647,-0.016891668275631155,54,21,0.216,10,False,-0.01689166827563112,0.03720900598031518,0.9856661254568437,-0.01714312796208517,32,0.14782709025286533,1.0739006529065491,-0.06080837523144966,74,0.03483369541992909,0.40958239006969005,-0.06425546918111336,33,0.05401580336135514,0.9946929347381767,-0.018741696567172506,39,0.15754680326181703,1.499925929210647,-0.016891668275631155,54,-0.23967681242857053,1.0,0.03483369541992909,0.9338933333333332
97,898b7d0f19da,gap_down_reversal,"{""family"": ""gap_down_reversal"", ""gap_max"": -0.04, ""market_prev_return_max"": null, ""min_adv20"": 20000000.0, ""mom3_max"": -0.05, ""prev_return_max"": -0.03}",,0.06,371,11545.006851357715,0.15450068513577153,0.04925470617998284,0.8537688482976383,-0.05756749006424022,129,55,0.17131474103585656,10,False,-0.04013576297052877,10645.781058162644,0.06457810581626444,0.06431481908344128,1.4036290920810188,-0.014022999931342262,33,19,0.13043478260869565,10,False,-0.007603250896649904,11109.630233808148,0.11096302338081476,0.1118986456105664,1.4449700565757015,-0.01984328610104691,52,20,0.208,10,False,-0.019843286101046947,0.04337607864467641,1.2984358892951464,-0.01714312796208528,31,0.06960137799575405,0.8144229719589698,-0.05756749006423978,66,0.034502074104502345,0.9169153213075096,-0.028757075047740832,32,0.06457810581626444,1.4036290920810188,-0.014022999931342262,33,0.11096302338081476,1.4449700565757015,-0.01984328610104691,52,-0.5498602437833805,1.0,0.034502074104502345,0.933671746031746
98,1f8309e0ae55,gap_down_reversal,"{""family"": ""gap_down_reversal"", ""gap_max"": -0.04, ""market_prev_return_max"": 0.0, ""min_adv20"": 20000000.0, ""mom3_max"": -0.05, ""prev_return_max"": -0.03}",,0.06,350,11143.565662289411,0.11435656622894119,0.03690071652855886,0.6601158636495092,-0.061097053808099266,115,45,0.15272244355909695,10,False,-0.04013576297052877,10428.775691039551,0.04287756910395513,0.0427045243776476,0.9688355188113851,-0.014022999931342262,28,14,0.11067193675889328,10,False,-0.007603250896649904,11214.864915270029,0.12148649152700286,0.12251563597895432,1.5782686480187336,-0.019843286101046798,50,18,0.2,10,False,-0.019843286101046947,0.027680935834620612,0.8883752311467047,-0.01714312796208528,26,0.06243118461522856,0.7393389128413329,-0.06109705380809938,62,0.020622331579548625,0.5903244418100586,-0.03100535542669125,27,0.04287756910395513,0.9688355188113851,-0.014022999931342262,28,0.12148649152700286,1.5782686480187336,-0.019843286101046798,50,-0.30871965516187583,1.0,0.020622331579548625,0.9336253968253968
99,50cbc727d6cc,relative_weakness_reversal,"{""family"": ""relative_weakness_reversal"", ""gap_max"": -0.04, ""market_prev_return_max"": 0.0, ""min_adv20"": 100000000.0, ""mom3_max"": -0.08, ""prev_return_percentile_max"": 0.15}",,0.06,171,10894.819259438158,0.08948192594381577,0.029096510582633517,0.6365620430039051,-0.046394218772152995,72,27,0.09561752988047809,10,False,-0.04104023440218394,10374.912464122692,0.0374912464122692,0.037340326871142526,0.9495892187177133,-0.012315036315300176,19,10,0.07509881422924901,10,False,-0.008935651710003888,10793.266864861747,0.0793266864861748,0.07998603181199648,1.2187297005153948,-0.016453403562046498,34,9,0.136,10,False,-0.01645340356204662,0.023793872604187527,1.64510013854561,-0.0020959314866053624,15,0.04736914668861858,0.6666315374987396,-0.04639421877215322,38,0.016032798375268165,0.5395308954519394,-0.027266643143561642,19,0.0374912464122692,0.9495892187177133,-0.012315036315300176,19,0.0793266864861748,1.2187297005153948,-0.016453403562046498,34,-0.3130271757138082,1.0,0.016032798375268165,0.9333552380952381
100,f8df3b11d6f6,gap_down_reversal,"{""family"": ""gap_down_reversal"", ""gap_max"": -0.05, ""market_prev_return_max"": 0.0, ""min_adv20"": 50000000.0, ""mom3_max"": -0.05, ""prev_return_max"": 0.0}",0.025,,229,11824.98912798458,0.18249891279845798,0.057702662662019844,0.7329417138572657,-0.03427378928151037,96,44,0.12749003984063745,10,False,-0.021892098458227125,10329.248694331525,0.03292486943315254,0.032792620823696605,0.9160622608522486,-0.016091042863699112,28,17,0.11067193675889328,10,False,-0.0027,10928.669706202647,0.09286697062026472,0.09364365844560396,1.2359598198233743,-0.010411863249309317,41,17,0.164,10,False,-0.0054,0.012917251107055883,0.5949986282083248,-0.010778129999999941,21,0.101836373565656,0.8782552575644218,-0.03427378928151037,51,0.0595212642851759,0.8480944806852212,-0.019606509429848096,24,0.03292486943315254,0.9160622608522486,-0.016091042863699112,28,0.09286697062026472,1.2359598198233743,-0.010411863249309317,41,-0.18312054699498292,1.0,0.012917251107055883,0.9333104761904761
101,f0a400505e23,gap_down_reversal,"{""family"": ""gap_down_reversal"", ""gap_max"": -0.04, ""market_prev_return_max"": 0.0, ""min_adv20"": 20000000.0, ""mom3_max"": -0.05, ""prev_return_max"": -0.03}",,0.08,350,11363.916225643557,0.13639162256435577,0.0437177840863987,0.6713368593649977,-0.06619060100643392,115,45,0.15272244355909695,10,False,-0.04013576297052877,10487.893460981377,0.048789346098137676,0.04859189176800993,1.0300828549780752,-0.01402299993134215,28,14,0.11067193675889328,10,False,-0.007603250896649904,11383.625157868135,0.13836251578681358,0.13954329859411962,1.6219888546615517,-0.017843286101046796,50,18,0.2,10,False,-0.017843286101046945,0.03252155985107774,0.9528447461331777,-0.01714312796208528,26,0.08403112252829437,0.8366080276002594,-0.06069435960813463,62,0.015283068456932725,0.3890121774135137,-0.03486489371838253,27,0.048789346098137676,1.0300828549780752,-0.01402299993134215,28,0.13836251578681358,1.6219888546615517,-0.017843286101046796,50,-0.3587459956130775,1.0,0.015283068456932725,0.9332342857142857
102,122f236cfdce,gap_down_reversal,"{""family"": ""gap_down_reversal"", ""gap_max"": -0.05, ""market_prev_return_max"": 0.0, ""min_adv20"": 50000000.0, ""mom3_max"": -0.05, ""prev_return_max"": 0.0}",,,229,12271.89405195796,0.2271894051957959,0.07091567541475885,0.8006467997075281,-0.057925774801064533,96,44,0.12749003984063745,10,False,-0.03768071511157404,10531.699911613865,0.05316999116138654,0.052954364588804426,0.9847871169589247,-0.02074907604852383,28,17,0.11067193675889328,10,False,-0.008935651710003888,11424.475855782439,0.14244758557824388,0.14366537923757128,1.3152288092975366,-0.009753281851684559,41,17,0.164,10,False,-0.00808236492006984,0.030497451704676992,1.009113166971174,-0.01714312796208528,21,0.10930472034932426,0.873041275116201,-0.05792577480106442,51,0.07352908200849795,0.8794560380718575,-0.05391453546137892,24,0.05316999116138654,0.9847871169589247,-0.02074907604852383,28,0.14244758557824388,1.3152288092975366,-0.009753281851684559,41,-0.18414031725139668,1.0,0.030497451704676992,0.9331177777777776
103,877dbc625fa1,relative_weakness_reversal,"{""family"": ""relative_weakness_reversal"", ""gap_max"": -0.04, ""market_prev_return_max"": 0.0, ""min_adv20"": 100000000.0, ""mom3_max"": -0.08, ""prev_return_percentile_max"": 0.15}",,0.08,171,11033.575005665725,0.10335750056657256,0.03346429927581318,0.6309755561528329,-0.04637690600024669,72,27,0.09561752988047809,10,False,-0.04104023440218394,10374.945322424493,0.03749453224244936,0.03734359923774444,1.0079171185033242,-0.010351057465260993,19,10,0.07509881422924901,10,False,-0.008935651710003888,10963.406750819147,0.09634067508191468,0.09714768551724218,1.3480218581542562,-0.012453403562046383,34,9,0.136,10,False,-0.01245340356204662,0.026633685634522397,1.6638558879524463,-0.0020959314866053624,15,0.06739636222838818,0.78705394860505,-0.04637690600024669,38,0.006873760643531623,0.24225124733273867,-0.02726664314356153,19,0.03749453224244936,1.0079171185033242,-0.010351057465260993,19,0.09634067508191468,1.3480218581542562,-0.012453403562046383,34,-0.37694156235049137,1.0,0.006873760643531623,0.9330730158730158
104,95dd5c2af192,gap_down_reversal,"{""family"": ""gap_down_reversal"", ""gap_max"": -0.05, ""market_prev_return_max"": 0.0, ""min_adv20"": 50000000.0, ""mom3_max"": -0.05, ""prev_return_max"": -0.03}",0.03,,177,11599.018450144722,0.15990184501447224,0.05089493577176052,0.6206540689059694,-0.03416123288003825,70,34,0.09296148738379814,10,False,-0.019200000000000002,10514.89844978378,0.05148984497837783,0.0512811966561586,1.2526157786515006,-0.006389759999999911,21,10,0.08300395256916997,10,False,-0.0032,10934.51273175543,0.09345127317554303,0.09423305526066139,1.302897505658132,-0.0063897599999998,35,13,0.14,10,False,-0.0032,0.013616214702298457,0.6769143686875743,-0.007740678484098318,19,0.11622556869726886,0.9266707781025156,-0.020159068674457936,33,0.02516961003856011,0.3765137278098297,-0.028615680000000032,18,0.05148984497837783,1.2526157786515006,-0.006389759999999911,21,0.09345127317554303,1.302897505658132,-0.0063897599999998,35,-0.6319617097455312,1.0,0.013616214702298457,0.9329876190476191
105,d1058d25def3,gap_down_reversal,"{""family"": ""gap_down_reversal"", ""gap_max"": -0.04, ""market_prev_return_max"": null, ""min_adv20"": 20000000.0, ""mom3_max"": -0.05, ""prev_return_max"": 0.0}",,,505,13137.03258672985,0.3137032586729851,0.095611190094957,0.9118868929089592,-0.09913628528623308,188,82,0.249667994687915,10,False,-0.04013576297052877,10678.142212705665,0.06781422127056658,0.067537327049495,1.1950005856265982,-0.02074907604852394,45,28,0.17786561264822134,10,False,-0.008935651710003888,11702.240563989952,0.17022405639899518,0.1716966112525593,1.4341312094827119,-0.02486118428281825,72,31,0.288,10,False,-0.01689166827563112,0.04647605160055668,1.1327783817358943,-0.018669662038742096,41,0.145280411437815,0.9571450633743211,-0.09913628528623275,105,0.09611507430401867,1.0518747059063533,-0.05962612042304616,42,0.06781422127056658,1.1950005856265982,-0.02074907604852394,45,0.17022405639899518,1.4341312094827119,-0.02486118428281825,72,-0.283113692717639,1.0,0.04647605160055668,0.9329190476190475
106,c477c7333e5b,relative_weakness_reversal,"{""family"": ""relative_weakness_reversal"", ""gap_max"": -0.04, ""market_prev_return_max"": 0.0, ""min_adv20"": 100000000.0, ""mom3_max"": -0.08, ""prev_return_percentile_max"": 0.15}",,,171,11609.716593771776,0.16097165937717772,0.05121921478382019,0.5914764272634534,-0.06065722811544194,72,27,0.09561752988047809,10,False,-0.04104023440218394,10365.693094366956,0.036569309436695674,0.036422165882573854,0.9733696392191784,-0.009156744752314094,19,10,0.07509881422924901,10,False,-0.008935651710003888,11192.525122426325,0.11925251224263245,0.1202617363951668,1.2604981045780537,-0.013686835570762002,34,9,0.136,10,False,-0.013686835570762135,0.02862118077850684,1.6773257299738005,-0.0020959314866054735,15,0.11565728620800297,0.8869265593653899,-0.04842768900118721,38,0.011661794960038385,0.1808383206071639,-0.06065722811544194,19,0.036569309436695674,0.9733696392191784,-0.009156744752314094,19,0.11925251224263245,1.2604981045780537,-0.013686835570762002,34,-0.381893211955725,1.0,0.011661794960038385,0.9326434920634921
107,c0ac012780e4,gap_down_reversal,"{""family"": ""gap_down_reversal"", ""gap_max"": -0.04, ""market_prev_return_max"": 0.0, ""min_adv20"": 50000000.0, ""mom3_max"": -0.05, ""prev_return_max"": 0.0}",,0.08,453,12052.982812498547,0.20529828124985472,0.06448417069169365,0.831705874359303,-0.08237357864625683,155,59,0.2058432934926959,10,False,-0.04013576297052877,10533.362229271632,0.053336222927163224,0.05311990536053823,1.0726802343486816,-0.02074907604852405,36,19,0.1422924901185771,10,False,-0.008935651710003888,11572.87336035124,0.1572873360351239,0.15864056741566102,1.6596311633978071,-0.017843286101046907,63,22,0.252,10,False,-0.017843286101046945,0.03923615492866794,1.0661196528094323,-0.01714312796208528,31,0.11487810710215274,0.9268158700441815,-0.08237357864625683,92,0.04028635622764054,1.083879603208325,-0.029518373646801432,32,0.053336222927163224,1.0726802343486816,-0.02074907604852405,36,0.1572873360351239,1.6596311633978071,-0.017843286101046907,63,-0.24097435998937866,1.0,0.03923615492866794,0.9321685714285713
108,2f0a6f67249a,gap_down_reversal,"{""family"": ""gap_down_reversal"", ""gap_max"": -0.05, ""market_prev_return_max"": null, ""min_adv20"": 20000000.0, ""mom3_max"": -0.05, ""prev_return_max"": 0.0}",,,261,12366.11636693959,0.23661163669395902,0.07366038901966165,0.8186525709945709,-0.05910165329066808,116,60,0.15405046480743692,10,False,-0.03768071511157404,10571.824138394006,0.05718241383940059,0.056950079583101054,1.0340573437414593,-0.02074907604852405,35,24,0.1383399209486166,10,False,-0.008935651710003888,11231.21288075313,0.12312128807531297,0.1241650327028998,1.1475247831473703,-0.014816470030870055,46,22,0.184,10,False,-0.00808236492006984,0.023624670424639893,0.7577259795071433,-0.02351848907524745,27,0.12259817456818856,0.962748798455032,-0.059101653290667855,58,0.07613870803227862,0.8825263394610583,-0.050678490759650585,31,0.05718241383940059,1.0340573437414593,-0.02074907604852405,35,0.12312128807531297,1.1475247831473703,-0.014816470030870055,46,-0.2154047727468884,1.0,0.023624670424639893,0.9320971428571427
109,8aaa6bf06aa6,gap_down_reversal,"{""family"": ""gap_down_reversal"", ""gap_max"": -0.04, ""market_prev_return_max"": 0.0, ""min_adv20"": 100000000.0, ""mom3_max"": -0.05, ""prev_return_max"": 0.0}",,,438,12789.51104013015,0.27895110401301504,0.08582512018257993,0.8490544140427755,-0.07244913355572469,147,56,0.1952191235059761,10,False,-0.04013576297052877,10617.851701475003,0.06178517014750029,0.06153359625965149,1.1158839952493984,-0.02074907604852394,36,19,0.1422924901185771,10,False,-0.008935651710003888,11753.28687794657,0.17532868779465693,0.17684864427834346,1.5874522156874213,-0.016891668275631155,62,22,0.248,10,False,-0.01689166827563112,0.04091473826733405,1.0457682285063112,-0.01714312796208517,30,0.16592996758338718,1.0802410965732174,-0.07244913355572458,87,0.053819713201059605,0.6745534811924061,-0.06283166446795463,30,0.06178517014750029,1.1158839952493984,-0.02074907604852394,36,0.17532868779465693,1.5874522156874213,-0.016891668275631155,62,-0.2668295812066229,1.0,0.04091473826733405,0.9320733333333333
110,9859bb6bf866,gap_down_reversal,"{""family"": ""gap_down_reversal"", ""gap_max"": -0.05, ""market_prev_return_max"": 0.0, ""min_adv20"": 20000000.0, ""mom3_max"": -0.05, ""prev_return_max"": 0.0}",0.025,,230,11792.975219786891,0.1792975219786892,0.05674348586992117,0.7213221135105194,-0.03671868163983161,97,44,0.12881806108897742,10,False,-0.021892098458227125,10329.248694331525,0.03292486943315254,0.032792620823696605,0.9160622608522486,-0.016091042863699112,28,17,0.11067193675889328,10,False,-0.0027,10928.669706202647,0.09286697062026472,0.09364365844560396,1.2359598198233743,-0.010411863249309317,41,17,0.164,10,False,-0.0054,0.012917251107055883,0.5949986282083248,-0.010778129999999941,21,0.09885336122370592,0.8546060131589591,-0.03671868163983105,52,0.0595212642851759,0.8480944806852212,-0.019606509429848096,24,0.03292486943315254,0.9160622608522486,-0.016091042863699112,28,0.09286697062026472,1.2359598198233743,-0.010411863249309317,41,-0.19474014734172918,1.0,0.012917251107055883,0.9318590476190477
111,845ab6bd42d0,gap_down_reversal,"{""family"": ""gap_down_reversal"", ""gap_max"": -0.05, ""market_prev_return_max"": 0.0, ""min_adv20"": 20000000.0, ""mom3_max"": -0.05, ""prev_return_max"": -0.03}",0.03,,178,11561.782435858542,0.1561782435858543,0.04976469439682041,0.6076820312441487,-0.037261838874002806,71,34,0.09428950863213811,10,False,-0.019200000000000002,10514.89844978378,0.05148984497837783,0.0512811966561586,1.2526157786515006,-0.006389759999999911,21,10,0.08300395256916997,10,False,-0.0032,10934.51273175543,0.09345127317554303,0.09423305526066139,1.302897505658132,-0.0063897599999998,35,13,0.14,10,False,-0.0032,0.013616214702298457,0.6769143686875743,-0.007740678484098318,19,0.11264218003371451,0.9004716103803649,-0.0233046254363376,34,0.02516961003856011,0.3765137278098297,-0.028615680000000032,18,0.05148984497837783,1.2526157786515006,-0.006389759999999911,21,0.09345127317554303,1.302897505658132,-0.0063897599999998,35,-0.644933747407352,1.0,0.013616214702298457,0.9314809523809523
112,48551a3c6d39,gap_down_reversal,"{""family"": ""gap_down_reversal"", ""gap_max"": -0.04, ""market_prev_return_max"": 0.0, ""min_adv20"": 50000000.0, ""mom3_max"": -0.05, ""prev_return_max"": 0.0}",,0.06,453,11632.774734504388,0.16327747345043875,0.05191747097967725,0.78495373361213,-0.08237357864625694,155,59,0.2058432934926959,10,False,-0.04013576297052877,10446.66139865719,0.0446661398657191,0.044485724051410935,0.9652657715834254,-0.020442906506694336,36,19,0.1422924901185771,10,False,-0.008935651710003888,11429.870675684588,0.1429870675684588,0.14420975777390432,1.6746759806969678,-0.01984328610104691,63,22,0.252,10,False,-0.019843286101046947,0.03437718835180381,1.0214546254692614,-0.01714312796208528,31,0.08204683972633342,0.7991329415822288,-0.08237357864625672,92,0.03934163004090219,1.108010579162832,-0.029518373646801432,32,0.0446661398657191,0.9652657715834254,-0.020442906506694336,36,0.1429870675684588,1.6746759806969678,-0.01984328610104691,63,-0.18031203797129547,1.0,0.03437718835180381,0.9314441269841269
113,2a249ea3eda6,gap_down_reversal,"{""family"": ""gap_down_reversal"", ""gap_max"": -0.04, ""market_prev_return_max"": 0.0, ""min_adv20"": 100000000.0, ""mom3_max"": -0.05, ""prev_return_max"": -0.03}",,0.06,339,11104.553435705606,0.11045534357056064,0.03568445831984057,0.6490710552868219,-0.06398571788673424,108,43,0.14342629482071714,10,False,-0.04013576297052877,10428.775691039551,0.04287756910395513,0.0427045243776476,0.9688355188113851,-0.014022999931342262,28,14,0.11067193675889328,10,False,-0.007603250896649904,11151.293554335149,0.11512935543351488,0.11610190813237509,1.5323765355307464,-0.019843286101046798,49,18,0.196,10,False,-0.019843286101046947,0.02608073310371095,0.8394280092057779,-0.01714312796208528,25,0.06620682857115168,0.7800779093947848,-0.06197587416453754,59,0.015028194335326539,0.4965071944307432,-0.031005355426691472,24,0.04287756910395513,0.9688355188113851,-0.014022999931342262,28,0.11512935543351488,1.5323765355307464,-0.019843286101046798,49,-0.3197644635245632,1.0,0.015028194335326539,0.9313853968253968
114,cfb2e2bbfeb5,gap_down_reversal,"{""family"": ""gap_down_reversal"", ""gap_max"": -0.04, ""market_prev_return_max"": null, ""min_adv20"": 100000000.0, ""mom3_max"": -0.05, ""prev_return_max"": -0.03}",,0.06,358,11469.223928799816,0.14692239287998166,0.04694469311241156,0.8286564550752646,-0.061503999070129156,120,51,0.1593625498007968,10,False,-0.04013576297052877,10645.781058162644,0.06457810581626444,0.06431481908344128,1.4036290920810188,-0.014022999931342262,33,19,0.13043478260869565,10,False,-0.007603250896649904,11046.65539471893,0.10466553947189294,0.10554558015887072,1.3963751893670122,-0.01984328610104691,51,20,0.204,10,False,-0.019843286101046947,0.04175143699550787,1.252449146915521,-0.01714312796208528,30,0.07340250322302144,0.8550370473794414,-0.058449614119404525,63,0.025669214112076233,0.7823739209021714,-0.03100535542669125,27,0.06457810581626444,1.4036290920810188,-0.014022999931342262,33,0.10466553947189294,1.3963751893670122,-0.01984328610104691,51,-0.5749726370057542,1.0,0.025669214112076233,0.9311968253968252
115,1ef0de1355d6,relative_weakness_reversal,"{""family"": ""relative_weakness_reversal"", ""gap_max"": -0.04, ""market_prev_return_max"": 0.0, ""min_adv20"": 20000000.0, ""mom3_max"": -0.08, ""prev_return_percentile_max"": 0.15}",,,175,11580.492704436569,0.1580492704436569,0.050332917776320985,0.5783059501681341,-0.06065722811544194,75,28,0.099601593625498,10,False,-0.04104023440218394,10365.693094366956,0.036569309436695674,0.036422165882573854,0.9733696392191784,-0.009156744752314094,19,10,0.07509881422924901,10,False,-0.008935651710003888,11380.429935627986,0.1380429935627987,0.13922088647390218,1.36463874550832,-0.013686835570762002,35,9,0.14,10,False,-0.013686835570762135,0.02862118077850684,1.6773257299738005,-0.0020959314866054735,15,0.11205639340583673,0.8622867351566426,-0.05149898152782206,39,0.01238281202412872,0.1866055599851259,-0.06065722811544194,21,0.036569309436695674,0.9733696392191784,-0.009156744752314094,19,0.1380429935627987,1.36463874550832,-0.013686835570762002,35,-0.3950636890510443,1.0,0.01238281202412872,0.9311961904761905
116,96fb5c721628,relative_weakness_reversal,"{""family"": ""relative_weakness_reversal"", ""gap_max"": -0.04, ""market_prev_return_max"": 0.0, ""min_adv20"": 50000000.0, ""mom3_max"": -0.08, ""prev_return_percentile_max"": 0.15}",,,175,11580.492704436569,0.1580492704436569,0.050332917776320985,0.5783059501681341,-0.06065722811544194,75,28,0.099601593625498,10,False,-0.04104023440218394,10365.693094366956,0.036569309436695674,0.036422165882573854,0.9733696392191784,-0.009156744752314094,19,10,0.07509881422924901,10,False,-0.008935651710003888,11380.429935627986,0.1380429935627987,0.13922088647390218,1.36463874550832,-0.013686835570762002,35,9,0.14,10,False,-0.013686835570762135,0.02862118077850684,1.6773257299738005,-0.0020959314866054735,15,0.11205639340583673,0.8622867351566426,-0.05149898152782206,39,0.01238281202412872,0.1866055599851259,-0.06065722811544194,21,0.036569309436695674,0.9733696392191784,-0.009156744752314094,19,0.1380429935627987,1.36463874550832,-0.013686835570762002,35,-0.3950636890510443,1.0,0.01238281202412872,0.9311961904761905
117,e741b2aa021d,gap_down_reversal,"{""family"": ""gap_down_reversal"", ""gap_max"": -0.04, ""market_prev_return_max"": 0.0, ""min_adv20"": 100000000.0, ""mom3_max"": -0.05, ""prev_return_max"": -0.03}",,0.08,339,11320.86607065342,0.13208660706534192,0.042392882942818844,0.6645575312796395,-0.07170433604116377,108,43,0.14342629482071714,10,False,-0.04013576297052877,10487.893460981377,0.048789346098137676,0.04859189176800993,1.0300828549780752,-0.01402299993134215,28,14,0.11067193675889328,10,False,-0.007603250896649904,11297.423818001116,0.12974238180011155,0.13084545477168175,1.5742183343370708,-0.017843286101046796,49,18,0.196,10,False,-0.017843286101046945,0.030913819780999274,0.9080357109720436,-0.01714312796208517,25,0.08966190039121114,0.887754442127383,-0.05928811696289671,59,0.0077795116558718735,0.24353435787659083,-0.03100535542669114,24,0.048789346098137676,1.0300828549780752,-0.01402299993134215,28,0.12974238180011155,1.5742183343370708,-0.017843286101046796,49,-0.3655253236984357,1.0,0.0077795116558718735,0.9310457142857144
118,5fec17c51280,gap_down_reversal,"{""family"": ""gap_down_reversal"", ""gap_max"": -0.04, ""market_prev_return_max"": 0.0, ""min_adv20"": 20000000.0, ""mom3_max"": -0.05, ""prev_return_max"": -0.02}",,0.06,399,11263.28447553677,0.126328447553677,0.0406155149607097,0.6935861540029787,-0.05876242106266394,128,50,0.1699867197875166,10,False,-0.04013576297052877,10365.462227035607,0.03654622270356067,0.036399173664601214,0.8126207833843113,-0.018186602669599372,32,16,0.12648221343873517,10,False,-0.008935651710003888,11313.753394754209,0.1313753394754209,0.1324930927942567,1.6542670177299053,-0.01984328610104691,53,19,0.212,10,False,-0.019843286101046947,0.027649326469320723,0.8875306365164914,-0.01714312796208528,26,0.06864457940470459,0.768472428808936,-0.05876242106266416,71,0.02562080975815495,0.7154392660395308,-0.03099278999362709,31,0.03654622270356067,0.8126207833843113,-0.018186602669599372,32,0.1313753394754209,1.6542670177299053,-0.01984328610104691,53,-0.11903462938133258,1.0,0.02562080975815495,0.930891746031746
119,e79bdbc379ad,relative_weakness_reversal,"{""family"": ""relative_weakness_reversal"", ""gap_max"": -0.04, ""market_prev_return_max"": 0.0, ""min_adv20"": 20000000.0, ""mom3_max"": -0.08, ""prev_return_percentile_max"": 0.15}",,0.08,175,11016.147721418403,0.10161477214184034,0.03291773298420475,0.6085628342032151,-0.04758513992045532,75,28,0.099601593625498,10,False,-0.04104023440218394,10374.945322424493,0.03749453224244936,0.03734359923774444,1.0079171185033242,-0.010351057465260993,19,10,0.07509881422924901,10,False,-0.008935651710003888,11047.702674236152,0.10477026742361528,0.10565123007409416,1.419574912540291,-0.012453403562046383,35,9,0.14,10,False,-0.01245340356204662,0.026633685634522397,1.6638558879524463,-0.0020959314866053624,15,0.06395123626961818,0.7496361581646275,-0.0475851399204551,39,0.008538582852068322,0.25320535519110593,-0.027266643143561753,21,0.03749453224244936,1.0079171185033242,-0.010351057465260993,19,0.10477026742361528,1.419574912540291,-0.012453403562046383,35,-0.3993542843001091,1.0,0.008538582852068322,0.9307228571428571
120,2d2aa41917a6,relative_weakness_reversal,"{""family"": ""relative_weakness_reversal"", ""gap_max"": -0.04, ""market_prev_return_max"": 0.0, ""min_adv20"": 50000000.0, ""mom3_max"": -0.08, ""prev_return_percentile_max"": 0.15}",,0.08,175,11016.147721418403,0.10161477214184034,0.03291773298420475,0.6085628342032151,-0.04758513992045532,75,28,0.099601593625498,10,False,-0.04104023440218394,10374.945322424493,0.03749453224244936,0.03734359923774444,1.0079171185033242,-0.010351057465260993,19,10,0.07509881422924901,10,False,-0.008935651710003888,11047.702674236152,0.10477026742361528,0.10565123007409416,1.419574912540291,-0.012453403562046383,35,9,0.14,10,False,-0.01245340356204662,0.026633685634522397,1.6638558879524463,-0.0020959314866053624,15,0.06395123626961818,0.7496361581646275,-0.0475851399204551,39,0.008538582852068322,0.25320535519110593,-0.027266643143561753,21,0.03749453224244936,1.0079171185033242,-0.010351057465260993,19,0.10477026742361528,1.419574912540291,-0.012453403562046383,35,-0.3993542843001091,1.0,0.008538582852068322,0.9307228571428571
121,b0753c4a99a0,gap_down_reversal,"{""family"": ""gap_down_reversal"", ""gap_max"": -0.05, ""market_prev_return_max"": 0.0, ""min_adv20"": 20000000.0, ""mom3_max"": -0.05, ""prev_return_max"": 0.0}",,,230,12196.526189521685,0.21965261895216837,0.06871008498060993,0.7767228519633493,-0.06371152558321214,97,44,0.12881806108897742,10,False,-0.03768071511157404,10531.699911613865,0.05316999116138654,0.052954364588804426,0.9847871169589247,-0.02074907604852383,28,17,0.11067193675889328,10,False,-0.008935651710003888,11424.475855782439,0.14244758557824388,0.14366537923757128,1.3152288092975366,-0.009753281851684559,41,17,0.164,10,False,-0.00808236492006984,0.030497451704676992,1.009113166971174,-0.01714312796208528,21,0.10249192313894939,0.8230213390054679,-0.06371152558321191,52,0.07352908200849795,0.8794560380718575,-0.05391453546137892,24,0.05316999116138654,0.9847871169589247,-0.02074907604852383,28,0.14244758557824388,1.3152288092975366,-0.009753281851684559,41,-0.2080642649955754,1.0,0.030497451704676992,0.9304904761904761
122,e9aa87d869d2,gap_down_reversal,"{""family"": ""gap_down_reversal"", ""gap_max"": -0.04, ""market_prev_return_max"": null, ""min_adv20"": 50000000.0, ""mom3_max"": -0.05, ""prev_return_max"": 0.0}",,0.08,503,12189.704642984258,0.21897046429842582,0.06851000990510392,0.8612772289202651,-0.09068131026404269,187,82,0.24833997343957503,10,False,-0.04013576297052877,10593.172990585266,0.059317299058526674,0.05907605071805455,1.1584176025617032,-0.02074907604852394,45,28,0.17786561264822134,10,False,-0.008935651710003888,11336.167713511051,0.13361677135110517,0.13475470619559138,1.4178488658385136,-0.02486118428281847,72,31,0.288,10,False,-0.017843286101046945,0.04182043590934126,1.088150646853991,-0.018669662038742096,41,0.11112314145177771,0.8944742094923722,-0.0906813102640428,104,0.05302363232045493,1.2035431659261755,-0.02726664314356142,42,0.059317299058526674,1.1584176025617032,-0.02074907604852394,45,0.13361677135110517,1.4178488658385136,-0.02486118428281847,72,-0.2971403736414381,1.0,0.04182043590934126,0.9304390476190476
123,7283b9b2b0a5,gap_down_reversal,"{""family"": ""gap_down_reversal"", ""gap_max"": -0.05, ""market_prev_return_max"": 0.0, ""min_adv20"": 50000000.0, ""mom3_max"": -0.05, ""prev_return_max"": 0.0}",0.03,,229,11776.973775369652,0.17769737753696524,0.05626341308866567,0.714906882081007,-0.040508114492372016,96,44,0.12749003984063745,10,False,-0.025392098458227118,10630.283661181358,0.06302836611813589,0.06277158215653911,1.4338890082287443,-0.009569312767999771,28,17,0.11067193675889328,10,False,-0.0032,10937.58631433539,0.09375863143353902,0.09454309424244789,1.2786746379185943,-0.012397845290494702,41,17,0.164,10,False,-0.0064,0.019035258612438044,0.9200662365946464,-0.007740678484098318,21,0.0895718235873757,0.77976407914068,-0.04050811449237213,51,0.06069038805011395,0.8649244051928253,-0.012630987499868351,24,0.06302836611813589,1.4338890082287443,-0.009569312767999771,28,0.09375863143353902,1.2786746379185943,-0.012397845290494702,41,-0.7189821261477374,1.0,0.019035258612438044,0.9304038095238096
124,e3d943b5c52e,gap_down_reversal,"{""family"": ""gap_down_reversal"", ""gap_max"": -0.05, ""market_prev_return_max"": null, ""min_adv20"": 50000000.0, ""mom3_max"": -0.05, ""prev_return_max"": 0.0}",,0.08,260,11487.899567432314,0.14878995674323137,0.04751490416110893,0.7720696554231766,-0.0536284127449973,115,60,0.15272244355909695,10,False,-0.03768071511157404,10452.11157087518,0.045211157087517995,0.045028492741948645,0.9204876883658986,-0.02074907604852405,35,24,0.1383399209486166,10,False,-0.008935651710003888,10949.582223327274,0.09495822233272744,0.09575315442596732,1.2249055934412572,-0.014816470030870055,46,22,0.184,10,False,-0.00808236492006984,0.020349788326136986,0.6946761251050101,-0.02351848907524745,27,0.08328058742101563,0.8802517281433156,-0.0536284127449973,57,0.03932312580226749,0.9852646878699456,-0.020284269662921406,31,0.045211157087517995,0.9204876883658986,-0.02074907604852405,35,0.09495822233272744,1.2249055934412572,-0.014816470030870055,46,-0.14841803294272193,1.0,0.020349788326136986,0.9296926984126983
125,324c92cca991,gap_down_reversal,"{""family"": ""gap_down_reversal"", ""gap_max"": -0.04, ""market_prev_return_max"": 0.0, ""min_adv20"": 20000000.0, ""mom3_max"": -0.05, ""prev_return_max"": 0.0}",,0.08,455,11978.993494542754,0.19789934945427534,0.062292838207573586,0.8040786881291189,-0.08769460766072046,156,59,0.20717131474103587,10,False,-0.04013576297052877,10533.362229271632,0.053336222927163224,0.05311990536053823,1.0726802343486816,-0.02074907604852405,36,19,0.1422924901185771,10,False,-0.008935651710003888,11572.87336035124,0.1572873360351239,0.15864056741566102,1.6596311633978071,-0.017843286101046907,63,22,0.252,10,False,-0.017843286101046945,0.03923615492866794,1.0661196528094323,-0.01714312796208528,31,0.10803423517172872,0.8759404763879416,-0.08769460766072046,93,0.04028635622764054,1.083879603208325,-0.029518373646801432,32,0.053336222927163224,1.0726802343486816,-0.02074907604852405,36,0.1572873360351239,1.6596311633978071,-0.017843286101046907,63,-0.2686015462195628,1.0,0.03923615492866794,0.9294942857142857
126,d4e7cfce7aac,gap_down_reversal,"{""family"": ""gap_down_reversal"", ""gap_max"": -0.04, ""market_prev_return_max"": null, ""min_adv20"": 100000000.0, ""mom3_max"": -0.05, ""prev_return_max"": 0.0}",,,486,12945.919821847157,0.29459198218471583,0.09025114775641452,0.8726292561614856,-0.08030250459765786,177,77,0.2350597609561753,10,False,-0.04013576297052877,10678.142212705665,0.06781422127056658,0.067537327049495,1.1950005856265982,-0.02074907604852394,45,28,0.17786561264822134,10,False,-0.008935651710003888,11512.891145070587,0.15128911450705873,0.15258741591745673,1.3812637709434916,-0.02486118428281847,71,31,0.284,10,False,-0.01689166827563112,0.04484658298124855,1.0952020241363647,-0.018669662038741985,40,0.16200305669409043,1.0537022135706535,-0.08030250459765798,99,0.06628454806566397,0.7701912983997476,-0.06392079954833763,38,0.06781422127056658,1.1950005856265982,-0.02074907604852394,45,0.15128911450705873,1.3812637709434916,-0.02486118428281847,71,-0.3223713294651126,1.0,0.04484658298124855,0.9294079365079365
127,94415aa7308d,gap_down_reversal,"{""family"": ""gap_down_reversal"", ""gap_max"": -0.05, ""market_prev_return_max"": null, ""min_adv20"": 50000000.0, ""mom3_max"": -0.05, ""prev_return_max"": -0.02}",,0.08,219,11143.739892056165,0.11437398920561637,0.036906142014707655,0.642252268507855,-0.048389143680712676,94,49,0.1248339973439575,10,False,-0.034809857571793154,10367.850385854124,0.03678503858541249,0.03663701175630729,0.7756669066809118,-0.01626026994345242,30,19,0.11857707509881422,10,False,-0.008935651710003888,11154.268545756308,0.11542685457563073,0.11640204912549734,1.5053775984157944,-0.010249143619115109,37,15,0.148,10,False,-0.006758472194223553,0.01720653602820521,0.5971377349651233,-0.02227674249450895,25,0.05653577922513975,0.6547348310057174,-0.048389143680712454,43,0.03690176961659586,0.9697047864240528,-0.020284269662921184,26,0.03678503858541249,0.7756669066809118,-0.01626026994345242,30,0.11542685457563073,1.5053775984157944,-0.010249143619115109,37,-0.13341463817305677,1.0,0.01720653602820521,0.9293203174603174
128,c745dc1dd034,gap_down_reversal,"{""family"": ""gap_down_reversal"", ""gap_max"": -0.05, ""market_prev_return_max"": 0.0, ""min_adv20"": 20000000.0, ""mom3_max"": -0.05, ""prev_return_max"": 0.0}",0.03,,230,11739.16647593027,0.17391664759302694,0.05512739789659382,0.7010907644137253,-0.043588345264466755,97,44,0.12881806108897742,10,False,-0.025392098458227118,10630.283661181358,0.06302836611813589,0.06277158215653911,1.4338890082287443,-0.009569312767999771,28,17,0.11067193675889328,10,False,-0.0032,10937.58631433539,0.09375863143353902,0.09454309424244789,1.2786746379185943,-0.012397845290494702,41,17,0.164,10,False,-0.0064,0.019035258612438044,0.9200662365946464,-0.007740678484098318,21,0.08607400071871663,0.7518713058329034,-0.04358834526446709,52,0.06069038805011395,0.8649244051928253,-0.012630987499868351,24,0.06302836611813589,1.4338890082287443,-0.009569312767999771,28,0.09375863143353902,1.2786746379185943,-0.012397845290494702,41,-0.732798243815019,1.0,0.019035258612438044,0.9292444444444444
129,fa0e46182eab,relative_weakness_reversal,"{""family"": ""relative_weakness_reversal"", ""gap_max"": -0.04, ""market_prev_return_max"": 0.0, ""min_adv20"": 20000000.0, ""mom3_max"": -0.08, ""prev_return_percentile_max"": 0.15}",,0.06,175,10857.038253695126,0.0857038253695126,0.027900825401683704,0.6033521484771724,-0.04947207452245983,75,28,0.099601593625498,10,False,-0.04104023440218394,10374.912464122692,0.0374912464122692,0.037340326871142526,0.9495892187177133,-0.012315036315300176,19,10,0.07509881422924901,10,False,-0.008935651710003888,10855.149968673728,0.08551499686737274,0.08622780214452952,1.283753135860589,-0.016453403562046498,35,9,0.14,10,False,-0.01645340356204662,0.023793872604187527,1.64510013854561,-0.0020959314866053624,15,0.04398866052306882,0.6220123252980903,-0.04947207452245983,39,0.01578795915850706,0.48780741470104794,-0.02726664314356153,21,0.0374912464122692,0.9495892187177133,-0.012315036315300176,19,0.08551499686737274,1.283753135860589,-0.016453403562046498,35,-0.34623707024054085,1.0,0.01578795915850706,0.9289904761904763
130,37f2e1b26edb,relative_weakness_reversal,"{""family"": ""relative_weakness_reversal"", ""gap_max"": -0.04, ""market_prev_return_max"": 0.0, ""min_adv20"": 50000000.0, ""mom3_max"": -0.08, ""prev_return_percentile_max"": 0.15}",,0.06,175,10857.038253695126,0.0857038253695126,0.027900825401683704,0.6033521484771724,-0.04947207452245983,75,28,0.099601593625498,10,False,-0.04104023440218394,10374.912464122692,0.0374912464122692,0.037340326871142526,0.9495892187177133,-0.012315036315300176,19,10,0.07509881422924901,10,False,-0.008935651710003888,10855.149968673728,0.08551499686737274,0.08622780214452952,1.283753135860589,-0.016453403562046498,35,9,0.14,10,False,-0.01645340356204662,0.023793872604187527,1.64510013854561,-0.0020959314866053624,15,0.04398866052306882,0.6220123252980903,-0.04947207452245983,39,0.01578795915850706,0.48780741470104794,-0.02726664314356153,21,0.0374912464122692,0.9495892187177133,-0.012315036315300176,19,0.08551499686737274,1.283753135860589,-0.016453403562046498,35,-0.34623707024054085,1.0,0.01578795915850706,0.9289904761904763
131,2a2edb7e8c2a,gap_down_reversal,"{""family"": ""gap_down_reversal"", ""gap_max"": -0.05, ""market_prev_return_max"": 0.0, ""min_adv20"": 100000000.0, ""mom3_max"": -0.05, ""prev_return_max"": -0.02}",0.025,,196,11446.496011239917,0.14464960112399172,0.04624992250136839,0.5993497411362408,-0.031798187877091766,78,36,0.10358565737051793,10,False,-0.0216,10290.984732193858,0.029098473219385745,0.028981808741335824,0.867307544485131,-0.010756338678855948,24,13,0.09486166007905138,10,False,-0.0027,10982.515055123082,0.0982515055123081,0.0990752338258214,1.3217793419904666,-0.005392710000000189,36,14,0.144,10,False,-0.005356078050999584,0.006944055337600785,0.3326784934499833,-0.010778130000000052,19,0.09954453974488664,0.8726787855647061,-0.02764399633338155,39,0.033842526721651556,0.48800541081097715,-0.0268833599999998,20,0.029098473219385745,0.867307544485131,-0.010756338678855948,24,0.0982515055123081,1.3217793419904666,-0.005392710000000189,36,-0.2679578033488902,1.0,0.006944055337600785,0.928884761904762
132,2a31a8ad23fd,gap_down_reversal,"{""family"": ""gap_down_reversal"", ""gap_max"": -0.05, ""market_prev_return_max"": null, ""min_adv20"": 100000000.0, ""mom3_max"": -0.05, ""prev_return_max"": -0.03}",0.03,,186,11954.935141591388,0.19549351415913874,0.061578365290068104,0.7353452166963047,-0.02559262455561495,73,37,0.09694555112881806,10,False,-0.019200000000000002,10559.281550410311,0.0559281550410311,0.05570104995535563,1.3321482887832532,-0.012738690967142308,26,15,0.10276679841897234,10,False,-0.0032,10899.522291013813,0.08995222910138123,0.09070354234383782,1.2558694294086845,-0.0063897599999998,36,14,0.144,10,False,-0.0032,0.013163976012601442,0.6241099546572334,-0.011864650779532693,21,0.12996992407004537,1.022738424703806,-0.01995919780399158,34,0.044240662299910305,0.6205628001260208,-0.02547711999999991,18,0.0559281550410311,1.3321482887832532,-0.012738690967142308,26,0.08995222910138123,1.2558694294086845,-0.0063897599999998,36,-0.5968030720869485,1.0,0.013163976012601442,0.9288165079365079
133,ed7ca4cf1dc1,gap_down_reversal,"{""family"": ""gap_down_reversal"", ""gap_max"": -0.04, ""market_prev_return_max"": null, ""min_adv20"": 100000000.0, ""mom3_max"": -0.05, ""prev_return_max"": -0.02}",,0.06,411,11295.19898728596,0.12951989872859593,0.04160136325425001,0.7012760043605982,-0.06612390400156831,139,61,0.1845949535192563,10,False,-0.04013576297052877,10505.8687902876,0.05058687902876002,0.050381976683732566,1.0702520861722309,-0.016343934936528304,39,23,0.1541501976284585,10,False,-0.008935651710003888,11144.418755762576,0.11444187557625751,0.11540832576933013,1.4864526027877523,-0.019843286101046798,54,21,0.216,10,False,-0.019843286101046947,0.033128356892460964,0.9832587514150302,-0.01714312796208528,32,0.07520001860761183,0.8318691701414384,-0.060526532581408055,74,0.016834659465009727,0.47203191937862415,-0.03445728982138907,33,0.05058687902876002,1.0702520861722309,-0.016343934936528304,39,0.11444187557625751,1.4864526027877523,-0.019843286101046798,54,-0.36897608181163266,1.0,0.016834659465009727,0.9286431746031746
134,08be310dc2dd,gap_down_reversal,"{""family"": ""gap_down_reversal"", ""gap_max"": -0.05, ""market_prev_return_max"": 0.0, ""min_adv20"": 50000000.0, ""mom3_max"": -0.05, ""prev_return_max"": -0.02}",,,200,11628.866356125032,0.16288663561250316,0.051799180698445246,0.6183070550955804,-0.05391453546137903,82,38,0.10889774236387782,10,False,-0.034809857571793154,10380.422456245013,0.038042245624501314,0.037889067810267685,0.7410998212250087,-0.016260269943452532,24,13,0.09486166007905138,10,False,-0.008935651710003888,11494.597076458756,0.14945970764587568,0.15074130602699465,1.3856465155521807,-0.0067584721942236525,36,14,0.144,10,False,-0.006758472194223553,0.026018198779462764,0.8733786648447959,-0.01714312796208528,20,0.09218245297327932,0.7801480398840878,-0.04860955763974384,40,0.03773656742004938,0.4815449468718168,-0.05391453546137892,22,0.038042245624501314,0.7410998212250087,-0.016260269943452532,24,0.14945970764587568,1.3856465155521807,-0.0067584721942236525,36,-0.12279276612942835,1.0,0.026018198779462764,0.9286323809523809
135,199b6fbcc96f,gap_down_reversal,"{""family"": ""gap_down_reversal"", ""gap_max"": -0.04, ""market_prev_return_max"": 0.0, ""min_adv20"": 100000000.0, ""mom3_max"": -0.05, ""prev_return_max"": -0.02}",,,385,11941.430129504057,0.1941430129504056,0.061176880906202324,0.657998240217135,-0.06425546918111347,122,48,0.16201859229747675,10,False,-0.04013576297052877,10465.338702748566,0.04653387027485656,0.046345744273101674,0.8807665201063708,-0.01626026994345242,32,16,0.12648221343873517,10,False,-0.008935651710003888,11685.115308499388,0.16851153084993875,0.16996822342026596,1.5975947281694416,-0.016891668275631155,52,19,0.208,10,False,-0.01689166827563112,0.03416811547263032,0.9410617833178061,-0.01714312796208517,25,0.14531876737555294,1.0595508293618756,-0.05497759901125854,68,0.00818172491627056,0.13477372249630112,-0.06425546918111325,29,0.04653387027485656,0.8807665201063708,-0.01626026994345242,32,0.16851153084993875,1.5975947281694416,-0.016891668275631155,52,-0.22276827988923575,1.0,0.00818172491627056,0.928579365079365
136,1134d5bffec6,gap_down_reversal,"{""family"": ""gap_down_reversal"", ""gap_max"": -0.05, ""market_prev_return_max"": null, ""min_adv20"": 100000000.0, ""mom3_max"": -0.05, ""prev_return_max"": 0.0}",,,252,12229.753851931293,0.22297538519312932,0.06968358490057303,0.7866217865580885,-0.05501403362985313,108,55,0.14342629482071714,10,False,-0.03768071511157404,10571.824138394006,0.05718241383940059,0.056950079583101054,1.0340573437414593,-0.02074907604852405,35,24,0.1383399209486166,10,False,-0.008935651710003888,11231.21288075313,0.12312128807531297,0.1241650327028998,1.1475247831473703,-0.014816470030870055,46,22,0.184,10,False,-0.00808236492006984,0.022030783707542856,0.7089357194273336,-0.023518489075247673,26,0.13642964330866758,1.0617043897582013,-0.048600599325854144,54,0.05295833199704503,0.6516783496376216,-0.05501403362985313,28,0.05718241383940059,1.0340573437414593,-0.02074907604852405,35,0.12312128807531297,1.1475247831473703,-0.014816470030870055,46,-0.24743555718337085,1.0,0.022030783707542856,0.9285555555555555
137,b4804e7e6732,relative_weakness_reversal,"{""family"": ""relative_weakness_reversal"", ""gap_max"": -0.04, ""market_prev_return_max"": 0.0, ""min_adv20"": 100000000.0, ""mom3_max"": -0.08, ""prev_return_percentile_max"": 0.1}",,0.06,140,10821.777707300746,0.0821777707300746,0.0267824071113818,0.5951105019713034,-0.04596048206009151,61,25,0.08100929614873838,10,False,-0.04104023440218394,10374.912464122692,0.0374912464122692,0.037340326871142526,0.9495892187177133,-0.012315036315300176,19,10,0.07509881422924901,10,False,-0.008935651710003888,10815.302395453318,0.0815302395453319,0.08220858832170652,1.242139524934951,-0.01645340356204661,33,9,0.132,10,False,-0.01645340356204662,0.021518906036332552,1.5324722048840387,-0.0020959314866054735,12,0.041705040401351035,0.6092010028403533,-0.04596048206009151,34,0.01696834361260202,0.524419247763923,-0.028744480460112354,15,0.0374912464122692,0.9495892187177133,-0.012315036315300176,19,0.0815302395453319,1.242139524934951,-0.01645340356204661,33,-0.35447871674640985,1.0,0.01696834361260202,0.9281869841269842
138,e9eab04926c9,gap_down_reversal,"{""family"": ""gap_down_reversal"", ""gap_max"": -0.05, ""market_prev_return_max"": 0.0, ""min_adv20"": 100000000.0, ""mom3_max"": -0.03, ""prev_return_max"": -0.03}",0.03,,204,11563.0028428961,0.15630028428960996,0.0498017763147236,0.6066166058315704,-0.03788735959840739,76,35,0.10092961487383798,10,False,-0.019200000000000002,10319.365737050759,0.031936573705075855,0.031808355575573266,0.7699840701794354,-0.01411857635197189,27,13,0.1067193675889328,10,False,-0.007914976395352737,11074.32145228429,0.10743214522842903,0.10833656836891725,1.4642713022814784,-0.0032000000000000917,41,18,0.164,10,False,-0.0032,0.014589199456748414,0.720973540863242,-0.007740678484098096,19,0.11166950801904107,0.8897460231138932,-0.02939751696960291,39,0.02519080902241866,0.37797039919773207,-0.02547711999999991,18,0.031936573705075855,0.7699840701794354,-0.01411857635197189,27,0.10743214522842903,1.4642713022814784,-0.0032000000000000917,41,-0.16336746434786498,1.0,0.014589199456748414,0.9281771428571428
139,e223de7eb089,gap_down_reversal,"{""family"": ""gap_down_reversal"", ""gap_max"": -0.05, ""market_prev_return_max"": 0.0, ""min_adv20"": 100000000.0, ""mom3_max"": -0.05, ""prev_return_max"": 0.0}",,,223,12099.22699107696,0.2099226991076959,0.06584923719819846,0.7551052326955612,-0.05391453546137914,91,41,0.12084993359893759,10,False,-0.03768071511157404,10531.699911613865,0.05316999116138654,0.052954364588804426,0.9847871169589247,-0.02074907604852383,28,17,0.11067193675889328,10,False,-0.008935651710003888,11424.475855782439,0.14244758557824388,0.14366537923757128,1.3152288092975366,-0.009753281851684559,41,17,0.164,10,False,-0.00808236492006984,0.028892863374861744,0.9585979612056024,-0.01714312796208528,20,0.1160756638905256,0.9216011851424739,-0.052701376940066824,48,0.05364383702973674,0.678276912718368,-0.05391453546137914,23,0.05316999116138654,0.9847871169589247,-0.02074907604852383,28,0.14244758557824388,1.3152288092975366,-0.009753281851684559,41,-0.22968188426336356,1.0,0.028892863374861744,0.9280403174603173
140,80f45e33fcb7,gap_down_reversal,"{""family"": ""gap_down_reversal"", ""gap_max"": -0.05, ""market_prev_return_max"": 0.0, ""min_adv20"": 100000000.0, ""mom3_max"": -0.05, ""prev_return_max"": -0.02}",0.03,,196,11404.08340475474,0.1404083404754739,0.04495095135191862,0.5801317640578735,-0.043504498477182074,78,36,0.10358565737051793,10,False,-0.0256,10463.26332825148,0.046326332825147976,0.04613906420819758,1.123668689147061,-0.009569312767999993,24,13,0.09486166007905138,10,False,-0.0032,11013.578496706818,0.10135784967068173,0.10220881266590065,1.3990323288855298,-0.006389760000000022,36,14,0.144,10,False,-0.0032,0.013025984815376201,0.650125341443688,-0.007740678484098096,19,0.09131761593067722,0.8044109786211675,-0.03256357500116014,39,0.031546081947375626,0.4503817720479465,-0.03183615999999989,20,0.046326332825147976,1.123668689147061,-0.009569312767999993,24,0.10135784967068173,1.3990323288855298,-0.006389760000000022,36,-0.5435369250891876,1.0,0.013025984815376201,0.9280044444444444
141,9ec83f0678f5,gap_down_reversal,"{""family"": ""gap_down_reversal"", ""gap_max"": -0.04, ""market_prev_return_max"": null, ""min_adv20"": 20000000.0, ""mom3_max"": -0.05, ""prev_return_max"": 0.0}",,0.08,505,12114.876034444156,0.21148760344441553,0.06631038988370763,0.8342584768538184,-0.09541889859590391,188,82,0.249667994687915,10,False,-0.04013576297052877,10593.172990585266,0.059317299058526674,0.05907605071805455,1.1584176025617032,-0.02074907604852394,45,28,0.17786561264822134,10,False,-0.008935651710003888,11336.167713511051,0.13361677135110517,0.13475470619559138,1.4178488658385136,-0.02486118428281847,72,31,0.288,10,False,-0.017843286101046945,0.04182043590934126,1.088150646853991,-0.018669662038742096,41,0.10430232002692152,0.8440540064035538,-0.09541889859590369,105,0.05302363232045493,1.2035431659261755,-0.02726664314356142,42,0.059317299058526674,1.1584176025617032,-0.02074907604852394,45,0.13361677135110517,1.4178488658385136,-0.02486118428281847,72,-0.32415912570788485,1.0,0.04182043590934126,0.9278206349206349
142,7f464f1e7997,gap_down_reversal,"{""family"": ""gap_down_reversal"", ""gap_max"": -0.04, ""market_prev_return_max"": 0.0, ""min_adv20"": 20000000.0, ""mom3_max"": -0.05, ""prev_return_max"": 0.0}",,0.06,455,11561.364936454496,0.15613649364544968,0.04975200813087488,0.7524686593628865,-0.08696553054301304,156,59,0.20717131474103587,10,False,-0.04013576297052877,10446.66139865719,0.0446661398657191,0.044485724051410935,0.9652657715834254,-0.020442906506694336,36,19,0.1422924901185771,10,False,-0.008935651710003888,11429.870675684588,0.1429870675684588,0.14420975777390432,1.6746759806969678,-0.01984328610104691,63,22,0.252,10,False,-0.019843286101046947,0.03437718835180381,1.0214546254692614,-0.01714312796208528,31,0.07540450820449962,0.738619786591353,-0.08696553054301326,93,0.03934163004090219,1.108010579162832,-0.029518373646801432,32,0.0446661398657191,0.9652657715834254,-0.020442906506694336,36,0.1429870675684588,1.6746759806969678,-0.01984328610104691,63,-0.21279711222053888,1.0,0.03437718835180381,0.927788253968254
143,3068653585dd,gap_down_reversal,"{""family"": ""gap_down_reversal"", ""gap_max"": -0.05, ""market_prev_return_max"": null, ""min_adv20"": 50000000.0, ""mom3_max"": -0.05, ""prev_return_max"": -0.03}",0.03,,191,11913.162370972841,0.19131623709728407,0.06033554253733353,0.720326136583918,-0.03203632207302998,78,41,0.10358565737051793,10,False,-0.019200000000000002,10559.281550410311,0.0559281550410311,0.05570104995535563,1.3321482887832532,-0.012738690967142308,26,15,0.10276679841897234,10,False,-0.0032,10899.522291013813,0.08995222910138123,0.09070354234383782,1.2558694294086845,-0.0063897599999998,36,14,0.144,10,False,-0.0032,0.014744034685344687,0.6955448659853715,-0.011864650779532804,22,0.12635402031302156,0.9970802675424746,-0.020159068674457825,35,0.042306966786565425,0.591633045601818,-0.03172410982399998,21,0.0559281550410311,1.3321482887832532,-0.012738690967142308,26,0.08995222910138123,1.2558694294086845,-0.0063897599999998,36,-0.6118221521993352,1.0,0.014744034685344687,0.9277282539682539
144,5baae7f8b4dd,relative_weakness_reversal,"{""family"": ""relative_weakness_reversal"", ""gap_max"": -0.04, ""market_prev_return_max"": 0.0, ""min_adv20"": 100000000.0, ""mom3_max"": -0.08, ""prev_return_percentile_max"": 0.1}",,,140,11474.864265152522,0.14748642651525223,0.0471169708811936,0.5543020184241328,-0.06208433636822064,61,25,0.08100929614873838,10,False,-0.04104023440218394,10365.693094366956,0.036569309436695674,0.036422165882573854,0.9733696392191784,-0.009156744752314094,19,10,0.07509881422924901,10,False,-0.008935651710003888,11215.375778564096,0.12153757785640962,0.12256717826336083,1.2785223497995104,-0.013686835570762002,33,9,0.132,10,False,-0.013686835570762135,0.026335487476488506,1.576749774639395,-0.0020959314866052514,12,0.10807715856603828,0.8429325672251702,-0.04908328031533837,34,0.00899312875951308,0.1499928773568625,-0.06208433636822108,15,0.036569309436695674,0.9733696392191784,-0.009156744752314094,19,0.12153757785640962,1.2785223497995104,-0.013686835570762002,33,-0.41906762079504556,1.0,0.00899312875951308,0.9275304761904762
145,2378991948bf,gap_down_reversal,"{""family"": ""gap_down_reversal"", ""gap_max"": -0.04, ""market_prev_return_max"": null, ""min_adv20"": 100000000.0, ""mom3_max"": -0.05, ""prev_return_max"": -0.02}",,0.08,411,11583.685018736876,0.15836850187368756,0.050429806073839734,0.7242468636563927,-0.06712256826165952,139,61,0.1845949535192563,10,False,-0.04013576297052877,10498.746461663522,0.04987464616635218,0.04967269638252003,1.006071091066267,-0.018741696567172506,39,23,0.1541501976284585,10,False,-0.008935651710003888,11312.118931114363,0.13121189311143633,0.1323281761844053,1.5389543944455342,-0.017843286101047018,54,21,0.216,10,False,-0.017843286101046945,0.032580828028277775,0.9221428793842499,-0.01714312796208517,32,0.10481874169727434,0.9685825052482142,-0.06052653258140772,74,0.015387118962294277,0.35866955447455484,-0.04321709122647743,33,0.04987464616635218,1.006071091066267,-0.018741696567172506,39,0.13121189311143633,1.5389543944455342,-0.017843286101047018,54,-0.28182422740987423,1.0,0.015387118962294277,0.9271787301587302
146,03a09e4595db,gap_down_reversal,"{""family"": ""gap_down_reversal"", ""gap_max"": -0.05, ""market_prev_return_max"": null, ""min_adv20"": 20000000.0, ""mom3_max"": -0.05, ""prev_return_max"": -0.03}",0.03,,192,11874.917868979353,0.18749178689793533,0.05919514775503787,0.707382177278304,-0.03514374961051636,79,41,0.1049136786188579,10,False,-0.019200000000000002,10559.281550410311,0.0559281550410311,0.05570104995535563,1.3321482887832532,-0.012738690967142308,26,15,0.10276679841897234,10,False,-0.0032,10899.522291013813,0.08995222910138123,0.09070354234383782,1.2558694294086845,-0.0063897599999998,36,14,0.144,10,False,-0.0032,0.014744034685344687,0.6955448659853715,-0.011864650779532804,22,0.12273811655599731,0.9708290549877708,-0.02330462543633749,36,0.042306966786565425,0.591633045601818,-0.03172410982399998,21,0.0559281550410311,1.3321482887832532,-0.012738690967142308,26,0.08995222910138123,1.2558694294086845,-0.0063897599999998,36,-0.6247661115049492,1.0,0.014744034685344687,0.9266685714285714
147,d425fb609be4,relative_weakness_reversal,"{""family"": ""relative_weakness_reversal"", ""gap_max"": -0.04, ""market_prev_return_max"": 0.0, ""min_adv20"": 100000000.0, ""mom3_max"": -0.08, ""prev_return_percentile_max"": 0.1}",,0.08,140,10917.457142830048,0.09174571428300471,0.02981162823670691,0.579651774165912,-0.04543524075725491,61,25,0.08100929614873838,10,False,-0.04104023440218394,10374.945322424493,0.03749453224244936,0.03734359923774444,1.0079171185033242,-0.010351057465260993,19,10,0.07509881422924901,10,False,-0.008935651710003888,10985.789638953971,0.09857896389539711,0.09940555984036492,1.3694537184295463,-0.012453403562046828,33,9,0.132,10,False,-0.01245340356204662,0.024352408734211073,1.5586447014423621,-0.0020959314866055845,12,0.05953251301004836,0.7185027462272534,-0.045435240757255135,34,0.005906963590360803,0.21684496767974334,-0.028744480460112243,15,0.03749453224244936,1.0079171185033242,-0.010351057465260993,19,0.09857896389539711,1.3694537184295463,-0.012453403562046828,33,-0.42826534433741226,1.0,0.005906963590360803,0.9265130158730158
148,485a37bb3339,gap_down_reversal,"{""family"": ""gap_down_reversal"", ""gap_max"": -0.05, ""market_prev_return_max"": null, ""min_adv20"": 100000000.0, ""mom3_max"": -0.05, ""prev_return_max"": -0.02}",0.025,,213,11691.21674669576,0.16912167466957606,0.05368312111532836,0.6822357905159436,-0.02764399633338177,88,45,0.11686586985391766,10,False,-0.0216,10265.229187105615,0.02652291871056156,0.026416712417541177,0.7713260751988494,-0.016091042863699223,30,19,0.11857707509881422,10,False,-0.0027,10952.862264474246,0.09528622644742457,0.09608402300374785,1.2835911235028639,-0.005392710000000078,37,15,0.148,10,False,-0.005356078050999584,0.0031316585189711255,0.14863032907765336,-0.01439486727555217,24,0.11017855506992236,0.9546320322779883,-0.027643996333381438,42,0.04980573585149095,0.6835942982872706,-0.026883359999999912,22,0.02652291871056156,0.7713260751988494,-0.016091042863699223,30,0.09528622644742457,1.2835911235028639,-0.005392710000000078,37,-0.08909028468290581,1.0,0.0031316585189711255,0.9262060317460318
149,a4476a7f80b1,gap_down_reversal,"{""family"": ""gap_down_reversal"", ""gap_max"": -0.04, ""market_prev_return_max"": null, ""min_adv20"": 100000000.0, ""mom3_max"": -0.03, ""prev_return_max"": -0.03}",,0.06,432,11802.559026336534,0.18025590263365343,0.057030810212787,0.9588095029698113,-0.06389956849604583,141,60,0.18725099601593626,10,False,-0.04013576297052877,10505.213181640758,0.05052131816407579,0.05031668768104214,1.0247205331410658,-0.027946279281940045,45,24,0.17786561264822134,10,False,-0.01732454706952442,11192.918580161491,0.11929185801614905,0.12030143270215499,1.5408332678743468,-0.01984328610104691,63,29,0.252,10,False,-0.019843286101046947,0.06589998399638342,1.5656365440533804,-0.01714312796208506,36,0.08514510018527988,0.9683055343027044,-0.06389956849604606,75,0.020403434344799187,0.6234374054618245,-0.03100535542669125,30,0.05052131816407579,1.0247205331410658,-0.027946279281940045,45,0.11929185801614905,1.5408332678743468,-0.01984328610104691,63,-0.06591103017125455,1.0,0.020403434344799187,0.9261003174603174
150,9a34bab06e3d,relative_weakness_reversal,"{""family"": ""relative_weakness_reversal"", ""gap_max"": -0.04, ""market_prev_return_max"": 0.0, ""min_adv20"": 20000000.0, ""mom3_max"": -0.08, ""prev_return_percentile_max"": 0.1}",,,143,11446.561226310143,0.14465612263101435,0.04625191737589773,0.542308137524406,-0.06208433636822064,64,26,0.0849933598937583,10,False,-0.04104023440218394,10365.693094366956,0.036569309436695674,0.036422165882573854,0.9733696392191784,-0.009156744752314094,19,10,0.07509881422924901,10,False,-0.008935651710003888,11215.375778564096,0.12153757785640962,0.12256717826336083,1.2785223497995104,-0.013686835570762002,33,9,0.132,10,False,-0.013686835570762135,0.026335487476488506,1.576749774639395,-0.0020959314866052514,12,0.10450073136581262,0.8180527971173214,-0.05215245685700676,35,0.009763532422029542,0.1577583706064468,-0.06208433636822086,17,0.036569309436695674,0.9733696392191784,-0.009156744752314094,19,0.12153757785640962,1.2785223497995104,-0.013686835570762002,33,-0.4310615016947724,1.0,0.009763532422029542,0.9260984126984126
