trades,win_rate,avg_return,median_return,expectancy,profit_factor,max_drawdown,sharpe,worst_losing_streak,train_trades,train_win_rate,train_avg_return,train_median_return,train_expectancy,train_profit_factor,train_max_drawdown,train_sharpe,train_worst_losing_streak,validation_trades,validation_win_rate,validation_avg_return,validation_median_return,validation_expectancy,validation_profit_factor,validation_max_drawdown,validation_sharpe,validation_worst_losing_streak,oos_trades,oos_win_rate,oos_avg_return,oos_median_return,oos_expectancy,oos_profit_factor,oos_max_drawdown,oos_sharpe,oos_worst_losing_streak,oos_ci_low,oos_ci_high,portfolio_final_equity,portfolio_total_return,portfolio_cagr,portfolio_annualized_volatility,portfolio_sharpe,portfolio_max_drawdown,portfolio_average_positions,portfolio_max_positions_used,portfolio_accepted_trades,portfolio_skipped_trades,oos_portfolio_final_equity,oos_portfolio_total_return,oos_portfolio_cagr,oos_portfolio_annualized_volatility,oos_portfolio_sharpe,oos_portfolio_max_drawdown,oos_portfolio_average_positions,oos_portfolio_max_positions_used,oos_portfolio_accepted_trades,oos_portfolio_skipped_trades,variant_id,drop_threshold,wait_days,hold_days,min_quality_percentile,require_stabilization,neighbor_count,neighbor_positive_fraction,neighbor_oos_return_median,robustness_score
278,0.6474820143884892,0.04968926435573007,0.033311734456924036,0.04968926435573007,3.2948933140991095,-0.7753150216455751,6.813847240128053,8,147,0.6870748299319728,0.06075817091908477,0.04740991348181389,0.06075817091908477,3.8732273599508806,-0.7753150216455751,5.731405151333808,8,71,0.6197183098591549,0.044450021027873626,0.03111828602233835,0.044450021027873626,3.2825501398225314,-0.3446516655012988,3.3834510254401304,4,60,0.5833333333333334,0.02877021454680783,0.005066548217624312,0.02877021454680783,2.1296219311819935,-0.5322142466623695,1.9391776135532823,5,0.004049204466355399,0.06163084513974655,15712.95730837895,0.571295730837895,0.029576357517469898,0.07034370383324501,0.4471485094514571,-0.17940952528960097,0.9163040696186332,8,179,99,10398.128604570324,0.03981286045703247,0.015738873689553845,0.06885731032388835,0.26678380414122677,-0.09278883808310201,1.5555555555555556,7,49,11,753d3c3a53b3,-0.05,2,20,0.5,False,7,1.0,0.023797364186345638,0.9803385416666668
273,0.7142857142857143,0.10572587678212925,0.08628470339854,0.10572587678212925,4.885374418684801,-0.8238376193092549,9.496874615733105,6,147,0.782312925170068,0.13875328524325223,0.13437780761718743,0.13875328524325223,9.001516341456265,-0.5670164540139693,9.42787421690861,4,71,0.6338028169014085,0.05852111903249992,0.04391484255813183,0.05852111903249992,2.703168608579435,-0.8238376193092549,3.153646716026969,6,55,0.6363636363636364,0.07838967235374025,0.04889914747749258,0.07838967235374025,2.7669866176334,-0.7359587199628005,2.710944026791717,5,0.02982245413424121,0.12793197735839584,18351.263105041682,0.8351263105041682,0.03982105491258614,0.0936174539970739,0.4619607292533409,-0.2408097987532185,2.1138335885655946,10,138,135,10536.04119128191,0.053604119128191074,0.020740436501334614,0.08992249534598182,0.2785028127602398,-0.14541244978484957,3.279251170046802,8,35,20,f06d1b9ccbf5,-0.05,0,60,0.5,False,6,0.8333333333333334,0.049496778898725446,0.9644531250000001
285,0.7052631578947368,0.1047755250144784,0.08375430042431475,0.1047755250144784,4.764646561027742,-0.8551631225551712,9.456408080253583,8,150,0.8066666666666666,0.1516968371126127,0.14474407540170975,0.1516968371126127,10.336036371566236,-0.5259000290644951,10.008517577623113,4,80,0.6125,0.04476882479706003,0.03046691113673783,0.04476882479706003,2.262352852628625,-0.8551631225551712,2.703117152045631,8,55,0.5636363636363636,0.06409078324490247,0.039748477788852266,0.06409078324490247,2.326425259970437,-0.7185284139491497,2.2740472721865768,5,0.005458165480999387,0.12223567693131974,18305.191100826185,0.8305191100826186,0.039652951517402224,0.09352832262104482,0.46248406027605843,-0.22002104117940868,2.1904032669729454,10,143,142,10409.944869342908,0.040994486934290864,0.015920212420694746,0.09062975642638817,0.21982215994996407,-0.13769755517409565,3.279251170046802,8,35,20,747d3d0318fe,-0.05,1,60,0.0,False,6,0.8333333333333334,0.0524472490974205,0.9595052083333334
285,0.7017543859649122,0.10325584570705623,0.08530117111110347,0.10325584570705623,4.881593115476975,-0.8057231564793531,9.608849096716337,8,150,0.78,0.1384240237344469,0.13476762727020042,0.1384240237344469,9.120459292679069,-0.5670164540139693,9.569642714172415,4,80,0.6,0.05441100608610348,0.02679535893977003,0.05441100608610348,2.6842509014798797,-0.8057231564793532,3.24542373567594,8,55,0.6363636363636364,0.07838967235374025,0.04889914747749258,0.07838967235374025,2.7669866176334,-0.7359587199628005,2.710944026791717,5,0.028681285056721822,0.13245472766758962,18268.92756087351,0.8268927560873511,0.039520357701533726,0.0943709646218168,0.45595732540936174,-0.24081003655059363,2.1904032669729454,10,143,142,10536.04119128191,0.053604119128191074,0.020740436501334614,0.08992249534598182,0.2785028127602398,-0.14541244978484957,3.279251170046802,8,35,20,4e3bc0aec66c,-0.05,0,60,0.0,False,5,0.8,0.06409078324490247,0.9577864583333334
278,0.6366906474820144,0.04183718021237186,0.03191077495590955,0.04183718021237186,2.5186952667283893,-0.9266803062409894,5.54487286515095,12,147,0.6598639455782312,0.04274242728066795,0.04218675119062498,0.04274242728066795,2.4171152192879477,-0.9266803062409894,3.908713373827799,12,71,0.6619718309859155,0.04582299740321525,0.03151690707647037,0.04582299740321525,3.148269599929478,-0.38125137970196366,3.4058523468953084,5,60,0.55,0.034902774552548414,0.015501868241945327,0.034902774552548414,2.224530692386785,-0.5332029086597859,2.1723850754106238,6,0.002846031103504731,0.061697358036876794,12741.032886577068,0.27410328865770683,0.01574725811610156,0.07095339591084215,0.2531373024319979,-0.22437458422125334,0.9163040696186332,8,179,99,10419.628317584777,0.0419628317584777,0.016578431035109364,0.06709675044144099,0.28592938310953603,-0.08050305841211702,1.5555555555555556,7,49,11,6480b7b974fa,-0.05,0,20,0.5,False,7,0.8571428571428571,0.023797364186345638,0.9543712797619048
285,0.6842105263157895,0.10488974075488681,0.08591961273601167,0.10488974075488681,4.8110887097006305,-0.869768005779367,9.399066083005284,11,150,0.7933333333333333,0.1547498391815895,0.13369169997749064,0.1547498391815895,11.399571393696803,-0.4309383124642093,10.016131033782468,4,80,0.5375,0.04175290819241016,0.022289649140115553,0.04175290819241016,2.1344172982053213,-0.8697680057793669,2.552635493712817,11,55,0.6,0.06074304695475459,0.03946780298495678,0.06074304695475459,2.252512445120535,-0.7135750697293655,2.204425545001368,6,0.010023914315906013,0.11182001163470942,17826.119413313063,0.7826119413313064,0.03788110377674303,0.09325552744826342,0.44353199228368023,-0.20781996839394046,2.1904032669729454,10,143,142,10309.372369979885,0.03093723699798856,0.012050213753627359,0.09191078536015711,0.18025978025189054,-0.1564907180036017,3.279251170046802,8,35,20,8a16e2137ddf,-0.05,2,60,0.0,False,5,0.8,0.060257252848331444,0.9502343750000001
290,0.6379310344827587,0.04190718049551493,0.03352790949080675,0.04190718049551493,2.5596482336116617,-0.9266803062409894,5.76113683408544,12,150,0.6666666666666666,0.043359566951703815,0.042272159819041866,0.043359566951703815,2.4669146339932064,-0.9266803062409894,4.039583105051391,12,80,0.65,0.04443726034738567,0.03160447344453399,0.04443726034738567,3.15680294952639,-0.38125137970196366,3.639692752834529,5,60,0.55,0.034902774552548414,0.015501868241945327,0.034902774552548414,2.224530692386785,-0.5332029086597859,2.1723850754106238,6,0.006635167103075693,0.06674288743089829,12989.23258470339,0.29892325847033896,0.017012033723541764,0.07119451323233489,0.26999955873178416,-0.22437458422125323,0.9572562068082928,8,187,103,10419.628317584777,0.0419628317584777,0.016578431035109364,0.06709675044144099,0.28592938310953603,-0.08050305841211702,1.5555555555555556,7,49,11,0a62007297e5,-0.05,0,20,0.0,False,6,0.8333333333333334,0.02573961477374549,0.9496093750000001
273,0.706959706959707,0.10740377412493854,0.08521820331783869,0.10740377412493854,4.7602878359070315,-0.8611034297180378,9.345114617922814,8,147,0.8027210884353742,0.15230528861225603,0.14308988883967266,0.15230528861225603,10.186013276929009,-0.5259000290644953,9.86496323817861,4,71,0.6197183098591549,0.047990983544182325,0.03296947300890196,0.047990983544182325,2.260673050205548,-0.8611034297180378,2.6075919132837724,8,55,0.5636363636363636,0.06409078324490247,0.039748477788852266,0.06409078324490247,2.326425259970437,-0.7185284139491497,2.2740472721865768,5,0.008337454867537848,0.11375994714849572,18255.52897973593,0.8255528979735929,0.03947130488780304,0.09278014254231749,0.46357865801025955,-0.22002085207716104,2.1138335885655946,10,138,135,10409.944869342908,0.040994486934290864,0.015920212420694746,0.09062975642638817,0.21982215994996407,-0.13769755517409565,3.279251170046802,8,35,20,e4315cbd9379,-0.05,1,60,0.5,False,7,0.7142857142857143,0.0441514512400864,0.9356956845238096
290,0.6482758620689655,0.04966777668856775,0.035314561317857374,0.04966777668856775,3.294388226111866,-0.7753150216455751,6.9882539274351645,8,150,0.6933333333333334,0.06070186101110657,0.04722987138325707,0.06070186101110657,3.9291474377572824,-0.7753150216455751,5.838637042659816,8,80,0.6125,0.0446520401901274,0.0317969810956531,0.0446520401901274,3.176642754397573,-0.34465166550129867,3.5638587309661673,4,60,0.5833333333333334,0.02877021454680783,0.005066548217624312,0.02877021454680783,2.1296219311819935,-0.5322142466623695,1.9391776135532823,5,-0.0009911871970346773,0.05778714592320394,16198.21161264473,0.6198211612644731,0.031598128270079684,0.07056143222524029,0.47379123865240075,-0.17940952528960108,0.9572562068082928,8,187,103,10398.128604570324,0.03981286045703247,0.015738873689553845,0.06885731032388835,0.26678380414122677,-0.09278883808310201,1.5555555555555556,7,49,11,436c1319ceb4,-0.05,2,20,0.0,False,6,1.0,0.026283789366576736,0.9303385416666667
273,0.684981684981685,0.10741801649161163,0.08968303447398818,0.10741801649161163,4.824587055388675,-0.8790011250011981,9.286648221611559,20,147,0.7891156462585034,0.1553474334854092,0.132143465093994,0.1553474334854092,11.230936582713124,-0.4309383124642093,9.87316701867837,4,71,0.5352112676056338,0.044340537990751015,0.022007860020682446,0.044340537990751015,2.1372934771633956,-0.879001125001198,2.450961484581009,20,55,0.6,0.06074304695475459,0.03946780298495678,0.06074304695475459,2.252512445120535,-0.7135750697293655,2.204425545001368,6,0.008706567643786623,0.11327342676888454,17858.653448640544,0.7858653448640545,0.038002832844039824,0.0925405379641272,0.44750838192800724,-0.2078198099214239,2.1138335885655946,10,138,135,10309.372369979885,0.03093723699798856,0.012050213753627359,0.09191078536015711,0.18025978025189054,-0.1564907180036017,3.279251170046802,8,35,20,6a944dda46dc,-0.05,2,60,0.5,False,6,0.6666666666666666,0.04451373369756964,0.9235677083333333
278,0.6366906474820144,0.045418961252873695,0.03137917555910985,0.045418961252873695,3.0187499000321694,-0.8314936744171495,6.44509303184335,12,147,0.6802721088435374,0.05502262656497201,0.04692232272796282,0.05502262656497201,3.6115822076996977,-0.8314936744171495,5.417160323183894,12,71,0.6338028169014085,0.04380708833897556,0.027753337440952985,0.04380708833897556,3.17542803057458,-0.3155014046178364,3.4362896444007465,5,60,0.5333333333333333,0.023797364186345638,0.012737916257562265,0.023797364186345638,1.8264131481225703,-0.536727412060878,1.623589058627866,5,-0.005081506657383939,0.05169059458879284,14164.286890055224,0.41642868900552243,0.02270881918694867,0.06987728007096856,0.3561620580954016,-0.18924081032269024,0.9163040696186332,8,179,99,10369.200538070696,0.03692005380706953,0.014607596206446916,0.06723475763418009,0.24978548954561447,-0.07573819709266816,1.5555555555555556,7,49,11,5ff05448eed4,-0.05,1,20,0.5,False,8,0.875,0.019574937664266465,0.898046875
290,0.6413793103448275,0.04558927759801119,0.034538103767357886,0.04558927759801119,3.0449601814079585,-0.8314936744171495,6.668575107099409,12,150,0.6866666666666666,0.05525179603278564,0.04715469413032858,0.05525179603278564,3.6759790392087788,-0.8314936744171495,5.5468924890165665,12,80,0.6375,0.04381599059155829,0.029915586994394117,0.04381599059155829,3.137035613995709,-0.3155014046178365,3.6794755388651565,5,60,0.5333333333333333,0.023797364186345638,0.012737916257562265,0.023797364186345638,1.8264131481225703,-0.536727412060878,1.623589058627866,5,-0.0022621605909033415,0.05850381912369937,14596.257809248982,0.45962578092489825,0.024692400532241754,0.0701084458202686,0.3828580815694773,-0.18924081032269047,0.9572562068082928,8,187,103,10369.200538070696,0.03692005380706953,0.014607596206446916,0.06723475763418009,0.24978548954561447,-0.07573819709266816,1.5555555555555556,7,49,11,ac386fee1cc2,-0.05,1,20,0.0,False,7,0.8571428571428571,0.023797364186345638,0.8944754464285714
145,0.6413793103448275,0.03841425682358331,0.03151690707647037,0.03841425682358331,2.383121679915052,-0.8300335767085968,3.859784302135963,9,80,0.6625,0.05238835487802309,0.05145384134781705,0.05238835487802309,2.832585985653271,-0.8300335767085968,3.437158059489209,9,34,0.6470588235294118,0.02307718207744352,0.02509091993418655,0.02307718207744352,1.8830928626938375,-0.4154258142203423,1.3726608808740834,4,31,0.5806451612903226,0.019173376082085632,0.006913840738223543,0.019173376082085632,1.6978640214087715,-0.3483821572965108,1.1747068677878842,4,-0.014217724415476708,0.05146869872958378,11335.443589685947,0.13354435896859473,0.008443224748121647,0.044937389246435554,0.21113119020510213,-0.1463000031536107,0.5003992547245142,6,94,51,9686.468394222662,-0.03135316057773385,-0.012661240373169291,0.03653921032797929,-0.316184608114444,-0.0671744002594864,0.7619047619047619,4,24,7,79a23dc2d79d,-0.05,0,20,0.7,False,7,0.7142857142857143,0.009403739136267217,0.8629092261904763
290,0.5758620689655173,0.016028315603571573,0.01210297958747697,0.016028315603571573,1.5449955092200651,-0.964074948774257,2.7135343690792064,13,150,0.56,0.01302680973871723,0.01686644254894054,0.01302680973871723,1.345444213905965,-0.964074948774257,1.3531725476046506,13,80,0.625,0.02559747453403415,0.011832297614557286,0.02559747453403415,2.4095307114019544,-0.4380403007884913,2.9158218649542724,10,60,0.55,0.010773201691757323,0.008215173214234928,0.010773201691757323,1.455356691806126,-0.390304539303464,1.0751405913966714,6,-0.007586900661217835,0.030738403480728538,11035.249140444439,0.10352491404444386,0.0063904633004472355,0.06108351726782812,0.13171935975692334,-0.21720695295700776,0.5414421349756223,8,211,79,9795.946311139583,-0.020405368886041608,-0.008344572253961346,0.05006927351001118,-0.13210142145994178,-0.07176706518037756,0.8387096774193549,7,52,8,8f6c05ab4224,-0.05,0,10,0.0,False,6,0.6666666666666666,0.003383643269352096,0.8477864583333333
290,0.5758620689655173,0.022064820459921135,0.01602574717284211,0.022064820459921135,1.9474616380577847,-0.8327844851054168,3.9284568966037527,10,150,0.6133333333333333,0.027568663366572547,0.023318781562681634,0.027568663366572547,2.1468395624425627,-0.8327844851054168,3.2111735079197987,8,80,0.575,0.021781235663440007,0.011926976255102195,0.021781235663440007,2.094162190142117,-0.39133737047019845,2.2412208623083396,8,60,0.48333333333333334,0.008683326255267446,-0.009055435981875415,0.008683326255267446,1.3349922960999243,-0.4866283661075136,0.8332856072332372,10,-0.009766175635615285,0.0299065698620146,12015.28617161131,0.20152861716113102,0.011942921633417924,0.06124274761005128,0.22150473513391464,-0.1718962238336813,0.5414421349756223,8,211,79,9917.898644638553,-0.008210135536144691,-0.0033451893241647213,0.06026500441394015,-0.019046220363558054,-0.0762217870391908,0.8387096774193549,7,52,8,88ad42fed240,-0.05,2,10,0.0,False,6,0.6666666666666666,0.0010829202983863814,0.839453125
145,0.6689655172413793,0.04373146893462338,0.03081788881386116,0.04373146893462338,3.007692507948598,-0.6772042687744186,4.640447986719996,8,80,0.725,0.06412416684296439,0.04747666189787858,0.06412416684296439,4.350244257499338,-0.6772042687744186,4.5162882391208194,8,34,0.6176470588235294,0.027402028117275472,0.014409834496137086,0.027402028117275472,2.1703388547271776,-0.369673976349415,1.6064063429335944,5,31,0.5806451612903226,0.00901486103535073,0.013163608418978678,0.00901486103535073,1.3362523268924336,-0.32722293702136984,0.6588192375333339,5,-0.016026578776743593,0.03571659326714168,12028.933902126073,0.20289339021260733,0.012467797049006801,0.043348932233744995,0.3076905033826522,-0.11801964560352429,0.5003992547245142,6,94,51,9688.930127654556,-0.031106987234544414,-0.012560878530352038,0.0369228332914039,-0.32213907278220083,-0.06501475548127689,0.7619047619047619,4,24,7,bf54747dbaa9,-0.05,1,20,0.7,False,8,0.625,0.01040662467280739,0.8304687500000001
145,0.6482758620689655,0.04815405241711655,0.03836980159795622,0.04815405241711655,3.311315578515533,-0.5708471371850785,5.067461939799238,5,80,0.7125,0.07078039248941566,0.06879671515643049,0.07078039248941566,4.979383261390114,-0.5708471371850785,5.029610668737969,5,34,0.5588235294117647,0.026146696339149747,0.015941083318914306,0.026146696339149747,2.080529931563066,-0.36659363881046836,1.5405994990732812,5,31,0.5806451612903226,0.013900597606372812,0.005910454681278599,0.013900597606372812,1.5558363491165028,-0.35166440600378,0.9103259100197271,2,-0.012419437601103546,0.047670866299826316,12272.189078054254,0.22721890780542542,0.01382834060549576,0.04367346970892456,0.3360813172146921,-0.12516888772332768,0.5003992547245142,6,94,51,9712.088568151019,-0.02879114318489806,-0.011617485469162525,0.03717393537577503,-0.2844898955536161,-0.06881872388775379,0.7619047619047619,4,24,7,833632fae4c7,-0.05,2,20,0.7,False,7,0.5714285714285714,0.00901486103535073,0.8288690476190476
278,0.5755395683453237,0.015536931268137459,0.01210297958747697,0.015536931268137459,1.513980499193935,-0.964074948774257,2.5369525670386945,13,147,0.5578231292517006,0.012444777311547353,0.015230249512151794,0.012444777311547353,1.3235216480540841,-0.964074948774257,1.2684092482697278,13,71,0.6338028169014085,0.025964683468159326,0.013070006877864526,0.025964683468159326,2.3866656683809313,-0.39095937786937873,2.7097372145544467,8,60,0.55,0.010773201691757323,0.008215173214234928,0.010773201691757323,1.455356691806126,-0.390304539303464,1.0751405913966714,6,-0.006986462750433785,0.03067492578244256,10713.192292743646,0.07131922927436452,0.004464770732796053,0.06076479526165969,0.10057224745155015,-0.21720695295700754,0.5183474467539133,8,202,76,9795.946311139583,-0.020405368886041608,-0.008344572253961346,0.05006927351001118,-0.13210142145994178,-0.07176706518037756,0.8387096774193549,7,52,8,f719b9189bd6,-0.05,0,10,0.5,False,7,0.5714285714285714,1.5400850091571807e-05,0.8287388392857142
278,0.564748201438849,0.021808315605584012,0.014546085797722985,0.021808315605584012,1.9079375074989828,-0.840852347851101,3.7375011141547705,10,147,0.6054421768707483,0.02704649020479855,0.022731040168205596,0.02704649020479855,2.1026151282000223,-0.840852347851101,3.092609594297299,8,71,0.5492957746478874,0.022054621168041164,0.01134442854480755,0.022054621168041164,2.032646134581972,-0.3957398683565284,2.0388299927523805,8,60,0.48333333333333334,0.008683326255267446,-0.009055435981875415,0.008683326255267446,1.3349922960999243,-0.4866283661075136,0.8332856072332372,10,-0.013520853062476143,0.028871970678266533,11762.877279720102,0.1762877279720101,0.010554566044658209,0.06103501112936059,0.1995564341375508,-0.1718962238336813,0.5183474467539133,8,202,76,9917.898644638553,-0.008210135536144691,-0.0033451893241647213,0.06026500441394015,-0.019046220363558054,-0.0762217870391908,0.8387096774193549,7,52,8,b4a5e67584b9,-0.05,2,10,0.5,False,7,0.5714285714285714,1.5400850091571807e-05,0.8204055059523809
42,0.7380952380952381,0.1780268005542258,0.167948342587533,0.1780268005542258,7.09771301059425,-0.45561850649316304,4.678093564214677,3,23,0.8695652173913043,0.25172997261949637,0.25253169000900766,0.25172997261949637,42.26428099099412,-0.08006556484478389,5.781235553338276,1,7,0.7142857142857143,0.10521721889188225,0.021471019757892562,0.10521721889188225,6.745440530589718,-0.11190257478883925,1.5856584236311364,1,12,0.5,0.0792346433988242,-0.01347358730894721,0.0792346433988242,1.9927951747393693,-0.45561850649316293,0.8799011262507831,3,-0.06923114693458038,0.2580414922463094,14995.482392831342,0.4995482392831341,0.028678610467966603,0.057996372245560736,0.5112190015645238,-0.13240946260079733,0.5649404597064525,8,34,8,11119.957107413107,0.11199571074131076,0.04261694845806563,0.05392409767157891,0.8102150306751379,-0.0687226526095106,1.029641185647426,4,11,1,22c44ea4dbb6,-0.1,0,60,0.0,False,6,0.6666666666666666,0.03591665830061587,0.8117447916666667
43,0.6744186046511628,0.10101752786568592,0.05593465481163784,0.10101752786568592,8.24573704965424,-0.26428912636261537,4.221006367846271,6,23,0.8260869565217391,0.15218514724193066,0.13306779757332377,0.15218514724193066,21.31260674993068,-0.06721959928780297,4.412045434762674,1,7,0.8571428571428571,0.0535402668367151,0.03111828602233835,0.0535402668367151,274.5992699922174,-0.0013698204233792977,2.462429850857756,1,13,0.3076923076923077,0.036054880292545013,-0.02285433153318228,0.036054880292545013,2.100778937398575,-0.2642891263626155,0.8485548632283049,6,-0.03249847359838297,0.11620414652155814,12896.202595239753,0.2896202595239752,0.017988996195234197,0.04194641509802442,0.43554565880733465,-0.05767830725456902,0.20584144645340752,7,37,6,10441.560576794574,0.04415605767945752,0.01757449783343601,0.04119570795888468,0.45347285260303255,-0.04649807113962667,0.416,4,13,0,999457ba2b01,-0.1,2,20,0.0,False,7,0.7142857142857143,0.015352511142187292,0.8113206845238096
42,0.6904761904761905,0.19165452118277843,0.1711871129890956,0.19165452118277843,6.2433628885194,-0.4201838848920152,4.606826980448174,4,23,0.8695652173913043,0.31116974694209876,0.2737142019359088,0.31116974694209876,36.09142569446156,-0.09257999319774224,6.2091122989186145,1,7,0.5714285714285714,0.05182404216105509,0.04096113563752202,0.05182404216105509,2.091035814135061,-0.30057983553589396,0.7630829944874183,3,12,0.4166666666666667,0.0441514512400864,-0.005646716676962427,0.0441514512400864,1.530492332181582,-0.4148232005412221,0.5709579693323964,4,-0.09690196921902255,0.19915830496290754,15225.59350235422,0.522559350235422,0.02977243992204892,0.05708839499680431,0.5439946995965304,-0.0802492065775201,0.5649404597064525,8,34,8,10853.297604958601,0.08532976049586005,0.03271522414586103,0.05372643723620271,0.6270421940732758,-0.072607446465621,1.029641185647426,4,11,1,9a6c66f873e5,-0.1,1,60,0.0,False,7,0.7142857142857143,0.0441514512400864,0.8038206845238096
290,0.5793103448275863,0.014834657851831285,0.01437333460690049,0.014834657851831285,1.5630994485077585,-0.9470015708084218,2.6549110583404842,14,150,0.6266666666666667,0.01803391487149911,0.01704864250513538,0.01803391487149911,1.6088445998895151,-0.9470015708084218,2.032278149540181,14,80,0.5625,0.019950493691258897,0.0071512947924985415,0.019950493691258897,2.0909759102381984,-0.34501076497421,2.2295137970109375,7,60,0.48333333333333334,1.5400850091571807e-05,-0.003160637439553359,1.5400850091571807e-05,1.0005328961001403,-0.5300359581204741,0.001585760546824037,10,-0.017979376785224647,0.017199904211753537,10757.808654557457,0.0757808654557457,0.004734753277450876,0.061103301098548904,0.10766725481556069,-0.20686592972064144,0.5414421349756223,8,211,79,9565.384981645466,-0.04346150183545339,-0.01789825822098101,0.05431401244600099,-0.3045155318560674,-0.08160672781334488,0.8387096774193549,7,52,8,ab1328459c66,-0.05,1,10,0.0,False,7,0.5714285714285714,1.5400850091571807e-05,0.802436755952381
42,0.7142857142857143,0.18513600962663024,0.18548138060585828,0.18513600962663024,5.738330119814529,-0.40135787531958733,4.402853941289407,4,23,0.8695652173913043,0.29709441274542003,0.25253169000900766,0.29709441274542003,31.62482142219599,-0.11641631658673313,5.943744842034319,1,7,0.42857142857142855,0.03135055385626194,-0.0015378407131468865,0.03135055385626194,1.4927675580866069,-0.38289529525284816,0.42213429672237035,4,12,0.5833333333333334,0.060257252848331444,0.003877954178987287,0.060257252848331444,1.7434968965559015,-0.40135787531958733,0.7265832669864225,3,-0.07947853519435791,0.22162002651455015,15340.383089838258,0.5340383089838259,0.030312353686612337,0.05785862870672506,0.5374570942450599,-0.10760757940745835,0.5649404597064525,8,34,8,11028.98087982282,0.10289808798228206,0.03925513481741527,0.05428041286830251,0.7438682269990996,-0.06924469216445295,1.029641185647426,4,11,1,40fa69c97a44,-0.1,2,60,0.0,False,6,0.6666666666666666,0.04010316576631571,0.7995052083333334
43,0.6744186046511628,0.10101752786568592,0.05593465481163784,0.10101752786568592,8.24573704965424,-0.26428912636261537,4.221006367846271,6,23,0.8260869565217391,0.15218514724193066,0.13306779757332377,0.15218514724193066,21.31260674993068,-0.06721959928780297,4.412045434762674,1,7,0.8571428571428571,0.0535402668367151,0.03111828602233835,0.0535402668367151,274.5992699922174,-0.0013698204233792977,2.462429850857756,1,13,0.3076923076923077,0.036054880292545013,-0.02285433153318228,0.036054880292545013,2.100778937398575,-0.2642891263626155,0.8485548632283049,6,-0.03547674827165895,0.12042709524064572,12896.202595239753,0.2896202595239752,0.017988996195234197,0.04194641509802442,0.43554565880733465,-0.05767830725456902,0.20584144645340752,7,37,6,10441.560576794574,0.04415605767945752,0.01757449783343601,0.04119570795888468,0.45347285260303255,-0.04649807113962667,0.416,4,13,0,7076c469f339,-0.1,2,20,0.5,False,8,0.625,0.008751475444434241,0.7934635416666667
42,0.7380952380952381,0.1780268005542258,0.167948342587533,0.1780268005542258,7.09771301059425,-0.45561850649316304,4.678093564214677,3,23,0.8695652173913043,0.25172997261949637,0.25253169000900766,0.25172997261949637,42.26428099099412,-0.08006556484478389,5.781235553338276,1,7,0.7142857142857143,0.10521721889188225,0.021471019757892562,0.10521721889188225,6.745440530589718,-0.11190257478883925,1.5856584236311364,1,12,0.5,0.0792346433988242,-0.01347358730894721,0.0792346433988242,1.9927951747393693,-0.45561850649316293,0.8799011262507831,3,-0.09075772841006613,0.2552806188206071,14995.482392831342,0.4995482392831341,0.028678610467966603,0.057996372245560736,0.5112190015645238,-0.13240946260079733,0.5649404597064525,8,34,8,11119.957107413107,0.11199571074131076,0.04261694845806563,0.05392409767157891,0.8102150306751379,-0.0687226526095106,1.029641185647426,4,11,1,59a060ade294,-0.1,0,60,0.5,False,7,0.5714285714285714,0.02768186536114534,0.7926971726190477
278,0.5683453237410072,0.014299650993566707,0.012526802408787785,0.014299650993566707,1.5252966626381297,-0.9498676860552621,2.462048085453139,14,147,0.6190476190476191,0.017433951872354077,0.016524147584149218,0.017433951872354077,1.5768174119315577,-0.9498676860552621,1.9283750785267624,14,71,0.5352112676056338,0.019881521126338043,0.005767937991403183,0.019881521126338043,2.014999722335659,-0.390717793849363,1.9948624256104017,7,60,0.48333333333333334,1.5400850091571807e-05,-0.003160637439553359,1.5400850091571807e-05,1.0005328961001403,-0.5300359581204741,0.001585760546824037,10,-0.019748060049930412,0.017056336445364657,10495.11249219414,0.049511249219413855,0.0031298026674926316,0.06085438055724328,0.08158830203293972,-0.20686592972064133,0.5183474467539133,8,202,76,9565.384981645466,-0.04346150183545339,-0.01789825822098101,0.05431401244600099,-0.3045155318560674,-0.08160672781334488,0.8387096774193549,7,52,8,450db0a4983e,-0.05,1,10,0.5,False,8,0.5,-0.002307034552430782,0.7881510416666667
292,0.5547945205479452,0.011070958545756836,0.010087920808026785,0.011070958545756836,1.4636822258528208,-0.9694981373438941,2.213938808216771,16,150,0.56,0.010351565666219253,0.01492587943551893,0.010351565666219253,1.3264863068198172,-0.9694981373438941,1.1889312659624738,16,80,0.5625,0.015767101659176573,0.009735968158682273,0.015767101659176573,2.1823058765446834,-0.18921884663069577,2.617296361541506,6,62,0.532258064516129,0.006751885688612621,0.00182972601999254,0.006751885688612621,1.3643072792772901,-0.35900168670464394,0.9327213989034647,4,-0.00713527512928907,0.019739860108112534,12033.207420290546,0.2033207420290546,0.011944866738273774,0.054690540332354716,0.24126609938081825,-0.16959075860016526,0.3105906313645621,8,244,48,9974.216750955562,-0.002578324904443763,-0.000998850948291996,0.05045917961685955,0.014713404745876736,-0.04456128343548793,0.4377880184331797,7,57,5,0b27764c6d3c,-0.05,0,5,0.0,False,5,0.4,-0.0045266637518725185,0.7879427083333334
42,0.6904761904761905,0.19165452118277843,0.1711871129890956,0.19165452118277843,6.2433628885194,-0.4201838848920152,4.606826980448174,4,23,0.8695652173913043,0.31116974694209876,0.2737142019359088,0.31116974694209876,36.09142569446156,-0.09257999319774224,6.2091122989186145,1,7,0.5714285714285714,0.05182404216105509,0.04096113563752202,0.05182404216105509,2.091035814135061,-0.30057983553589396,0.7630829944874183,3,12,0.4166666666666667,0.0441514512400864,-0.005646716676962427,0.0441514512400864,1.530492332181582,-0.4148232005412221,0.5709579693323964,4,-0.09694137192432481,0.17557846638273802,15225.59350235422,0.522559350235422,0.02977243992204892,0.05708839499680431,0.5439946995965304,-0.0802492065775201,0.5649404597064525,8,34,8,10853.297604958601,0.08532976049586005,0.03271522414586103,0.05372643723620271,0.6270421940732758,-0.072607446465621,1.029641185647426,4,11,1,48b69f980f3b,-0.1,1,60,0.5,False,8,0.625,0.029751981191136846,0.7859635416666667
42,0.7142857142857143,0.18513600962663024,0.18548138060585828,0.18513600962663024,5.738330119814529,-0.40135787531958733,4.402853941289407,4,23,0.8695652173913043,0.29709441274542003,0.25253169000900766,0.29709441274542003,31.62482142219599,-0.11641631658673313,5.943744842034319,1,7,0.42857142857142855,0.03135055385626194,-0.0015378407131468865,0.03135055385626194,1.4927675580866069,-0.38289529525284816,0.42213429672237035,4,12,0.5833333333333334,0.060257252848331444,0.003877954178987287,0.060257252848331444,1.7434968965559015,-0.40135787531958733,0.7265832669864225,3,-0.09045192410984278,0.2222632771792726,15340.383089838258,0.5340383089838259,0.030312353686612337,0.05785862870672506,0.5374570942450599,-0.10760757940745835,0.5649404597064525,8,34,8,11028.98087982282,0.10289808798228206,0.03925513481741527,0.05428041286830251,0.7438682269990996,-0.06924469216445295,1.029641185647426,4,11,1,cc6b7037cfb9,-0.1,2,60,0.5,False,7,0.5714285714285714,0.036054880292545013,0.7804575892857144
280,0.5464285714285714,0.01070978441610479,0.009173539674661613,0.01070978441610479,1.4380487672304267,-0.9694981373438941,2.065658772786917,16,147,0.5510204081632653,0.009591720183704943,0.010454658608355483,0.009591720183704943,1.2964705139112802,-0.9694981373438941,1.0810494121234175,16,71,0.5492957746478874,0.01648084305367228,0.009286543270336067,0.01648084305367228,2.243899228201793,-0.2129645622238988,2.543409497612365,6,62,0.532258064516129,0.006751885688612621,0.00182972601999254,0.006751885688612621,1.3643072792772901,-0.35900168670464394,0.9327213989034647,4,-0.006105285681979982,0.020375678991270383,11789.937146747194,0.17899371467471936,0.010619803913798576,0.054343186412038766,0.21834958230016813,-0.16959075860016548,0.29786150712830956,8,234,46,9974.216750955562,-0.002578324904443763,-0.000998850948291996,0.05045917961685955,0.014713404745876736,-0.04456128343548793,0.4377880184331797,7,57,5,31acadb66f73,-0.05,0,5,0.5,False,6,0.3333333333333333,-0.004578066853412827,0.774609375
43,0.6976744186046512,0.0927878368477125,0.05481809848317043,0.0927878368477125,7.119123733460158,-0.27406545169489904,4.3065908195801414,5,23,0.8695652173913043,0.14528767143450522,0.07969471118251603,0.14528767143450522,29.675892247556217,-0.058373715587115016,4.6934735158208305,1,7,0.7142857142857143,0.06409684237279742,0.06821329537116816,0.06409684237279742,7.692135193263168,-0.04541761305575143,2.1312886086820337,1,13,0.38461538461538464,0.015352511142187292,-0.026514269149011116,0.015352511142187292,1.426041725130106,-0.27406545169489915,0.46726340299810354,5,-0.03981519752038325,0.073991625804451,12282.124142289395,0.22821241422893945,0.014513511026496229,0.0416661766362342,0.36885242030616855,-0.07258912035897336,0.20584144645340752,7,37,6,10189.010497888907,0.018901049788890623,0.007578348007812208,0.04031084628763945,0.20884531625118405,-0.05217591476715788,0.416,4,13,0,8974cd1eaea5,-0.1,1,20,0.0,False,8,0.625,0.019574937664266465,0.774453125
43,0.6046511627906976,0.07465990032548642,0.05455555555555558,0.07465990032548642,4.18602008257178,-0.3040683795435186,3.1410983643667536,5,23,0.6956521739130435,0.10075295535253895,0.0790514815118567,0.10075295535253895,7.070761923326235,-0.18523671426076016,2.951385466732878,3,7,0.7142857142857143,0.07617049874180436,0.09718427701045218,0.07617049874180436,14.239828641481443,-0.030960784313725287,2.2392820403278226,1,13,0.38461538461538464,0.02768186536114534,-0.052967655250998336,0.02768186536114534,1.6144647996103687,-0.3040683795435185,0.5949972164609243,5,-0.047431425034913356,0.11428520611589468,11466.09052424908,0.14660905242490818,0.009636075789343224,0.04299141704819323,0.237381175990133,-0.12511807901303706,0.20584144645340752,7,37,6,10329.713216810454,0.03297132168104544,0.013165489026874422,0.04076801195940091,0.3538478423134389,-0.03991613063236299,0.416,4,13,0,425bb9e15b68,-0.1,0,20,0.0,False,7,0.5714285714285714,0.015352511142187292,0.771030505952381
43,0.6976744186046512,0.0927878368477125,0.05481809848317043,0.0927878368477125,7.119123733460158,-0.27406545169489904,4.3065908195801414,5,23,0.8695652173913043,0.14528767143450522,0.07969471118251603,0.14528767143450522,29.675892247556217,-0.058373715587115016,4.6934735158208305,1,7,0.7142857142857143,0.06409684237279742,0.06821329537116816,0.06409684237279742,7.692135193263168,-0.04541761305575143,2.1312886086820337,1,13,0.38461538461538464,0.015352511142187292,-0.026514269149011116,0.015352511142187292,1.426041725130106,-0.27406545169489915,0.46726340299810354,5,-0.04107320437681004,0.09760480485869626,12282.124142289395,0.22821241422893945,0.014513511026496229,0.0416661766362342,0.36885242030616855,-0.07258912035897336,0.20584144645340752,7,37,6,10189.010497888907,0.018901049788890623,0.007578348007812208,0.04031084628763945,0.20884531625118405,-0.05217591476715788,0.416,4,13,0,ec8d68ed3283,-0.1,1,20,0.5,False,9,0.5555555555555556,0.015352511142187292,0.7605642361111111
43,0.6046511627906976,0.07465990032548642,0.05455555555555558,0.07465990032548642,4.18602008257178,-0.3040683795435186,3.1410983643667536,5,23,0.6956521739130435,0.10075295535253895,0.0790514815118567,0.10075295535253895,7.070761923326235,-0.18523671426076016,2.951385466732878,3,7,0.7142857142857143,0.07617049874180436,0.09718427701045218,0.07617049874180436,14.239828641481443,-0.030960784313725287,2.2392820403278226,1,13,0.38461538461538464,0.02768186536114534,-0.052967655250998336,0.02768186536114534,1.6144647996103687,-0.3040683795435185,0.5949972164609243,5,-0.04967775565795013,0.12007607390551231,11466.09052424908,0.14660905242490818,0.009636075789343224,0.04299141704819323,0.237381175990133,-0.12511807901303706,0.20584144645340752,7,37,6,10329.713216810454,0.03297132168104544,0.013165489026874422,0.04076801195940091,0.3538478423134389,-0.03991613063236299,0.416,4,13,0,f2526719447b,-0.1,0,20,0.5,False,8,0.5,0.0039209326206333574,0.7567447916666666
46,0.6739130434782609,0.0531017950164166,0.0521381136278557,0.0531017950164166,4.492893771730381,-0.18038194795705542,3.7048999044714632,3,32,0.71875,0.06542272462382982,0.07128068338576621,0.06542272462382982,5.935064792270222,-0.18038194795705542,3.6493801286577474,2,9,0.5555555555555556,0.023936495065998067,0.041125535445178385,0.023936495065998067,2.8420467979543687,-0.10749624684835235,1.2248407038279128,3,5,0.6,0.02674538543972531,0.0296773950028274,0.02674538543972531,1.8454960493260617,-0.1302229088026602,0.476729086261373,2,-0.06885374021640867,0.11471263184507849,11172.541459211288,0.11725414592112893,0.008539067483955387,0.035417814183562615,0.2542007351160198,-0.10992153155288664,0.2130249543517955,6,35,11,10131.27975990929,0.013127975990929075,0.008874422702926932,0.01561075200515305,0.5896611934683801,-0.028356087262801033,0.26881720430107525,1,5,0,ea889ed12704,-0.05,2,20,0.7,True,7,0.5714285714285714,0.006226824798954287,0.7413690476190478
46,0.6956521739130435,0.0406886228915743,0.034070173571779105,0.0406886228915743,3.145846968827682,-0.40287148418190677,2.8536299921466126,5,32,0.71875,0.05039721118973557,0.043270018556919476,0.05039721118973557,3.7477108913514847,-0.40287148418190677,2.725871208279704,5,9,0.6666666666666666,0.012884391877944608,0.023432938228524436,0.012884391877944608,1.7479036838002653,-0.12796133152068745,0.661432223699209,2,5,0.6,0.028601273607875566,0.04261888194328012,0.028601273607875566,2.097876760037196,-0.11244152922111084,0.6116632234223791,2,-0.05054532601461673,0.11149513725538462,10794.299931142736,0.07942999311427346,0.005878790767461339,0.035371937855276724,0.18070721260440523,-0.11430643236064852,0.2130249543517955,6,35,11,10141.621741109742,0.014162174110974313,0.009571952349421098,0.015741833323327944,0.5764251977019429,-0.024935263499179072,0.26881720430107525,1,5,0,b76c3f5ff602,-0.05,1,20,0.7,True,8,0.5,0.0009997057933629934,0.7334635416666667
43,0.6511627906976745,0.054854251555075895,0.03130051672110701,0.054854251555075895,3.6133452193537767,-0.3180820851034899,2.9082030925625006,6,23,0.7391304347826086,0.08901883543315986,0.05489858332699871,0.08901883543315986,7.834834136863992,-0.11502946702513706,3.1549229681516766,2,7,0.8571428571428571,0.04047769788553308,0.013248361539816789,0.04047769788553308,6.081597522638261,-0.055758820712669355,1.2695416600574083,1,13,0.38461538461538464,0.002150439746681191,-0.024481381715303674,0.002150439746681191,1.051083545300056,-0.3180820851034899,0.07376488221094696,6,-0.04923254188384498,0.05683614682364097,11172.547633679738,0.11725476336797391,0.007824143670648542,0.033380436026360906,0.23707507865341845,-0.06617996250068792,0.10320781032078104,6,37,6,10014.907820014538,0.0014907820014538053,0.0006105884732288125,0.03823281854980758,0.04600101591354837,-0.044923936009383936,0.21138211382113822,4,13,0,dc5784e24c59,-0.1,2,10,0.0,False,7,0.42857142857142855,-0.018057588150857562,0.7198028273809524
46,0.6956521739130435,0.0406886228915743,0.034070173571779105,0.0406886228915743,3.145846968827682,-0.40287148418190677,2.8536299921466126,5,32,0.71875,0.05039721118973557,0.043270018556919476,0.05039721118973557,3.7477108913514847,-0.40287148418190677,2.725871208279704,5,9,0.6666666666666666,0.012884391877944608,0.023432938228524436,0.012884391877944608,1.7479036838002653,-0.12796133152068745,0.661432223699209,2,5,0.6,0.028601273607875566,0.04261888194328012,0.028601273607875566,2.097876760037196,-0.11244152922111084,0.6116632234223791,2,-0.04357910919734829,0.11538898230351817,10794.299931142736,0.07942999311427346,0.005878790767461339,0.035371937855276724,0.18070721260440523,-0.11430643236064852,0.2130249543517955,6,35,11,10141.621741109742,0.014162174110974313,0.009571952349421098,0.015741833323327944,0.5764251977019429,-0.024935263499179072,0.26881720430107525,1,5,0,d59df43d55d5,-0.05,0,20,0.7,True,7,0.42857142857142855,-0.007015449448624743,0.7191778273809525
43,0.6511627906976745,0.054854251555075895,0.03130051672110701,0.054854251555075895,3.6133452193537767,-0.3180820851034899,2.9082030925625006,6,23,0.7391304347826086,0.08901883543315986,0.05489858332699871,0.08901883543315986,7.834834136863992,-0.11502946702513706,3.1549229681516766,2,7,0.8571428571428571,0.04047769788553308,0.013248361539816789,0.04047769788553308,6.081597522638261,-0.055758820712669355,1.2695416600574083,1,13,0.38461538461538464,0.002150439746681191,-0.024481381715303674,0.002150439746681191,1.051083545300056,-0.3180820851034899,0.07376488221094696,6,-0.04716225951623227,0.05991163680449751,11172.547633679738,0.11725476336797391,0.007824143670648542,0.033380436026360906,0.23707507865341845,-0.06617996250068792,0.10320781032078104,6,37,6,10014.907820014538,0.0014907820014538053,0.0006105884732288125,0.03823281854980758,0.04600101591354837,-0.044923936009383936,0.21138211382113822,4,13,0,e13cc15d9d3a,-0.1,2,10,0.5,False,8,0.375,-0.018318102692992305,0.7090885416666666
82,0.6829268292682927,0.04878912024548064,0.04189848614019798,0.04878912024548064,3.9952101587817475,-0.2599932138768829,4.400354619796409,3,51,0.6862745098039216,0.053174094710311905,0.04740991348181389,0.053174094710311905,4.085991257733959,-0.2599932138768829,3.6169351010172752,3,22,0.7272727272727273,0.05603580030513258,0.04128548176491498,0.05603580030513258,8.770360968840277,-0.08204893919740919,2.955675393277987,2,9,0.5555555555555556,0.006226824798954287,0.005388898654608122,0.006226824798954287,1.1878828214837083,-0.1545253167247128,0.18577313931672623,2,-0.049903249883284304,0.07117424882752436,12572.483221968789,0.2572483221968789,0.015548691878306986,0.04725907154331676,0.35130549652864074,-0.1305254474225238,0.3476865472051351,8,65,17,10052.136866183717,0.005213686618371627,0.0023639354430595727,0.015814113219330666,0.15633739641012032,-0.028356087262801144,0.32432432432432434,1,9,0,62c7a80e23ec,-0.05,2,20,0.5,True,7,0.42857142857142855,-0.007015449448624743,0.7090736607142858
84,0.6785714285714286,0.0484857413693237,0.04189848614019798,0.0484857413693237,4.00873946894432,-0.2599932138768829,4.463532429963264,3,51,0.6862745098039216,0.053174094710311905,0.04740991348181389,0.053174094710311905,4.085991257733959,-0.2599932138768829,3.6169351010172752,3,24,0.7083333333333334,0.05437008423361228,0.04128548176491498,0.05437008423361228,8.388577823998224,-0.08204893919740919,3.074540312465126,2,9,0.5555555555555556,0.006226824798954287,0.005388898654608122,0.006226824798954287,1.1878828214837083,-0.1545253167247128,0.18577313931672623,2,-0.05600099099314275,0.07030302884259759,12663.222885718671,0.266322288571867,0.016041031344734336,0.0473272077640721,0.3611096352283052,-0.1305254474225238,0.3583845948114469,8,67,17,10052.136866183717,0.005213686618371627,0.0023639354430595727,0.015814113219330666,0.15633739641012032,-0.028356087262801144,0.32432432432432434,1,9,0,e76351cc84cb,-0.05,2,20,0.0,True,6,0.3333333333333333,-0.014156023809209897,0.6900260416666667
3,0.6666666666666666,0.07094300510573619,0.058557658805902135,0.07094300510573619,12.94615971132296,0.0,1.2859248255786602,1,0,0.0,0.0,0.0,0.0,0.0,0.0,0.0,0,0,0.0,0.0,0.0,0.0,0.0,0.0,0.0,0,3,0.6666666666666666,0.07094300510573619,0.058557658805902135,0.07094300510573619,12.94615971132296,0.0,1.2859248255786602,1,-0.01781568474389994,0.17208704125520635,10213.42401212638,0.021342401212637974,0.01671667829262158,0.015523132446646505,1.0327414170313736,-0.013846806183275606,0.18691588785046728,1,3,0,10213.42401212638,0.021342401212637974,0.01671667829262158,0.015523132446646505,1.0327414170313736,-0.013846806183275606,0.18691588785046728,1,3,0,a56b2791828d,-0.05,1,20,0.8,True,7,0.5714285714285714,0.006912651739241965,0.6134784226190476
14,0.5714285714285714,0.01938552882189744,0.0143294941744474,0.01938552882189744,1.5494789337362234,-0.18961198818838143,0.6777140330727962,2,2,0.5,-0.032867502614753574,-0.032867502614753574,-0.032867502614753574,0.24857235503918798,-0.0874801528401784,-0.6018294750224767,1,0,0.0,0.0,0.0,0.0,0.0,0.0,0.0,0,12,0.5833333333333334,0.02809436739467261,0.024031515964090477,0.02809436739467261,1.8294813366687055,-0.16426536344743015,0.8734072155255308,2,-0.02988248290141351,0.08617179812186304,9652.553907486965,-0.034744609251303515,-0.00481836233118782,0.01121372712452597,-0.413399908130872,-0.04402529672175881,0.10840108401084012,2,10,4,9716.610890316704,-0.028338910968329634,-0.019922615256268816,0.023035365357198467,-0.9090649965443376,-0.035882447265334294,0.4444444444444444,2,8,4,b3f17cd2a793,-0.05,0,20,0.8,False,6,0.5,0.001451510802550173,0.6100520833333333
142,0.6901408450704225,0.08678453712747035,0.06778398142997566,0.08678453712747035,3.6514864418886583,-0.8539468194297519,5.817033106408027,11,80,0.825,0.1510850423059812,0.15637531032279983,0.1510850423059812,12.650936055437933,-0.3067341417956977,8.149391965371699,4,34,0.5588235294117647,-0.0007854061233290707,0.008891543021033566,-0.0007854061233290707,0.9857692397226718,-0.8213471740585537,-0.03179667621961019,11,28,0.4642857142857143,0.009403739136267217,-0.014649070941015974,0.009403739136267217,1.1518622766929612,-0.5699065344484536,0.28203159502741465,3,-0.05302214203733821,0.06932177830311445,11509.684459855398,0.15096844598553982,0.009470511521187941,0.05674527513153021,0.19572521041179558,-0.17674706805706253,1.14950784783187,6,72,70,9375.924842468936,-0.062407515753106435,-0.02536708956060829,0.04899414388411499,-0.48932825913019895,-0.1008171741113919,1.7104430379746836,4,18,10,de616963c744,-0.05,0,60,0.7,False,6,0.3333333333333333,-0.008694705346054715,0.61
14,0.5,0.0027787168836273524,-0.0026036247372385746,0.0027787168836273524,1.089263043900697,-0.1863003040461445,0.1316294430188063,4,2,0.5,-0.022024892250060324,-0.022024892250060324,-0.022024892250060324,0.22253497057809854,-0.05665821976954344,-0.6359450225413696,1,0,0.0,0.0,0.0,0.0,0.0,0.0,0.0,0,12,0.5,0.006912651739241965,0.0030950737150838292,0.006912651739241965,1.21878062384772,-0.14754136965899822,0.28570730072283995,3,-0.03447640016515921,0.046797798598474945,9663.602229078022,-0.03363977709219779,-0.004662856708659069,0.011090133745925462,-0.43011348469471095,-0.047347693140266434,0.10840108401084012,2,10,4,9706.428175975996,-0.029357182402400372,-0.020641692345708007,0.022933702236396562,-0.9239501778656362,-0.03717909034376532,0.4444444444444444,2,8,4,5ed78327a6f8,-0.05,1,20,0.8,False,7,0.5714285714285714,0.00901486103535073,0.6016815476190477
3,0.6666666666666666,0.07094300510573619,0.058557658805902135,0.07094300510573619,12.94615971132296,0.0,1.2859248255786602,1,0,0.0,0.0,0.0,0.0,0.0,0.0,0.0,0,0,0.0,0.0,0.0,0.0,0.0,0.0,0.0,0,3,0.6666666666666666,0.07094300510573619,0.058557658805902135,0.07094300510573619,12.94615971132296,0.0,1.2859248255786602,1,-0.01781568474389994,0.17208704125520635,10213.42401212638,0.021342401212637974,0.01671667829262158,0.015523132446646505,1.0327414170313736,-0.013846806183275606,0.18691588785046728,1,3,0,10213.42401212638,0.021342401212637974,0.01671667829262158,0.015523132446646505,1.0327414170313736,-0.013846806183275606,0.18691588785046728,1,3,0,cf6593dcc94b,-0.05,0,20,0.8,True,6,0.5,0.014047183697336305,0.5991927083333334
3,0.6666666666666666,0.07809081366615311,0.04886451990518881,0.07809081366615311,9.384551972499796,0.0,1.0972317647767769,1,0,0.0,0.0,0.0,0.0,0.0,0.0,0.0,0,0,0.0,0.0,0.0,0.0,0.0,0.0,0.0,0,3,0.6666666666666666,0.07809081366615311,0.04886451990518881,0.07809081366615311,9.384551972499796,0.0,1.0972317647767769,1,-0.02794096115890765,0.21334888225217818,10234.57939772183,0.023457939772183023,0.018369585324951476,0.015567453561201625,1.1955633139770592,-0.015536112154154846,0.18691588785046728,1,3,0,10234.57939772183,0.023457939772183023,0.018369585324951476,0.015567453561201625,1.1955633139770592,-0.015536112154154846,0.18691588785046728,1,3,0,ce89975ac6d2,-0.05,2,20,0.8,True,6,0.5,0.006396800775608853,0.5990625
14,0.5714285714285714,0.012676229200360125,0.0036813090360149356,0.012676229200360125,1.4742410642524826,-0.1708291641983618,0.5052616487221268,3,2,1.0,0.011971995095214627,0.011971995095214627,0.011971995095214627,inf,0.0,1.9082396088997933,0,0,0.0,0.0,0.0,0.0,0.0,0.0,0.0,0,12,0.5,0.012793601551217707,-0.01313824775281941,0.012793601551217707,1.410256154212935,-0.1474023619184721,0.4344320048100305,3,-0.03467572510035726,0.07212639093431304,9703.274717694649,-0.029672528230535122,-0.004105726954415245,0.011397003896275513,-0.34842632083198377,-0.04264969514475492,0.10840108401084012,2,10,4,9680.086663532878,-0.03199133364671214,-0.022502913051537732,0.02304355712417218,-0.9650198363012171,-0.0390499397355597,0.4444444444444444,2,8,4,ee9f900d53b7,-0.05,2,20,0.8,False,6,0.5,-0.0073139818337200815,0.5933854166666668
292,0.547945205479452,0.008904006021473636,0.007805282264401359,0.008904006021473636,1.3675200241872407,-0.959571022534578,1.7730916282297249,8,150,0.6066666666666667,0.014304680010050962,0.013336535563185814,0.014304680010050962,1.4859599968057462,-0.959571022534578,1.623802852644089,8,80,0.55,0.009266186174621906,0.0037366080285391465,0.009266186174621906,1.582100428674612,-0.2205092466889106,1.5816632964375568,8,62,0.4032258064516129,-0.0046294699549531354,-0.012001206412251053,-0.0046294699549531354,0.7928336671152193,-0.5432120292873074,-0.6792425362055372,7,-0.01647897461200602,0.008829045898862367,11626.226774096624,0.1626226774096624,0.009713613208466532,0.05080419691823192,0.21578067102911486,-0.14406728461766816,0.3105906313645621,8,244,48,9610.360877160307,-0.03896391228396934,-0.015266773341856443,0.046591967507333985,-0.3060044830684408,-0.07561649278099469,0.4377880184331797,7,57,5,f7fcd87c80f8,-0.05,1,5,0.0,False,6,0.3333333333333333,-0.0047915201952475625,0.541015625
145,0.5586206896551724,0.009231241564780593,0.008705278914389658,0.009231241564780593,1.2915567138668935,-0.8941564112113792,1.117737967877804,10,80,0.55,0.015646303426439395,0.01783371514224974,0.015646303426439395,1.4285298511640956,-0.8941564112113792,1.1862293595138607,10,34,0.5882352941176471,0.008054790857417553,0.005405993949940236,0.008054790857417553,1.3603894604429154,-0.4343052962169449,0.6654957577030284,7,31,0.5483870967741935,-0.006033456012069745,0.008130720880223152,-0.006033456012069745,0.794496682371193,-0.4303394998001985,-0.4754701102127645,4,-0.03213022068957562,0.018813156069436583,10132.342901914313,0.013234290191431297,0.0008846092031113972,0.03776568212526721,0.04406178556881698,-0.13923294028905753,0.28022417934347477,6,105,40,9431.563448082556,-0.05684365519174439,-0.023506177756501434,0.027257732579749415,-0.8394960313362336,-0.07362716498135724,0.41935483870967744,3,26,5,8392a90d93d4,-0.05,0,10,0.7,False,7,0.2857142857142857,-0.00690415350765207,0.5331845238095237
280,0.5392857142857143,0.008189050008092825,0.006389913076120025,0.008189050008092825,1.3269318183599386,-0.959571022534578,1.5699202362214997,8,147,0.5986394557823129,0.01364587534505763,0.01239960244733862,0.01364587534505763,1.45430743950565,-0.959571022534578,1.5194869447247716,8,71,0.5352112676056338,0.008084753010557943,0.0023066607263128045,0.008084753010557943,1.4733721190610753,-0.3190315478954594,1.260724861799081,8,62,0.4032258064516129,-0.0046294699549531354,-0.012001206412251053,-0.0046294699549531354,0.7928336671152193,-0.5432120292873074,-0.6792425362055372,7,-0.01641486881716515,0.008900830329331996,11313.31894608544,0.131331894608544,0.00794783643617114,0.05037653138614433,0.18243900866229304,-0.14406728461766816,0.29786150712830956,8,234,46,9610.360877160307,-0.03896391228396934,-0.015266773341856443,0.046591967507333985,-0.3060044830684408,-0.07561649278099469,0.4377880184331797,7,57,5,74287770a327,-0.05,1,5,0.5,False,7,0.2857142857142857,-0.00495357043554199,0.5314918154761904
291,0.5326460481099656,0.016324343153464715,0.004925901436931058,0.016324343153464715,1.8286530542144006,-0.7595480074549475,3.3416723741488523,7,150,0.5666666666666667,0.02471889340792199,0.01039455617465923,0.02471889340792199,2.0973258688224528,-0.7595480074549475,2.9805150786640584,5,80,0.6,0.01680897053797494,0.013067268503390905,0.01680897053797494,2.22475392470225,-0.2119324642227921,2.477404819218846,6,61,0.36065573770491804,-0.00495357043554199,-0.007574039265343723,-0.00495357043554199,0.7593698393686082,-0.5369806090111751,-0.780415624498899,7,-0.016042903646856534,0.005735134102952868,11815.022187014565,0.18150221870145655,0.010760370361128757,0.049783569827084026,0.23675436979920073,-0.11239422721273751,0.3093964858670741,8,243,48,9479.808057512568,-0.05201919424874324,-0.020497921976698308,0.05279798277806693,-0.35888441090838025,-0.09367669618603847,0.4307692307692308,7,56,5,c7f5370d45d4,-0.05,2,5,0.0,False,5,0.2,-0.00495357043554199,0.5086197916666667
145,0.5448275862068965,0.015976049326274295,0.01321870406887593,0.015976049326274295,1.6508231615384727,-0.7326305329957676,2.0494738446568626,6,80,0.5875,0.027952986468349546,0.024768326416662267,0.027952986468349546,2.1943263210091426,-0.7326305329957676,2.304338768613528,6,34,0.5882352941176471,0.012480185094828082,0.011926976255102195,0.012480185094828082,1.6144112909869892,-0.3340425982345211,0.9884436347780186,6,31,0.3870967741935484,-0.011098001883301473,-0.014616341155309853,-0.011098001883301473,0.6547094263659841,-0.45425099650690615,-0.9561260700650508,6,-0.03435141009762163,0.013430847460812844,10742.633178999695,0.07426331789996943,0.004829359611032036,0.03772714091815486,0.14621204214974395,-0.10902612840104697,0.28022417934347477,6,105,40,9507.501315573321,-0.04924986844266788,-0.020318176310491265,0.031269022252643934,-0.6272167247498969,-0.07255490708389434,0.41935483870967744,3,26,5,25d3b4c08449,-0.05,2,10,0.7,False,7,0.2857142857142857,-0.01858568690312529,0.5084449404761905
279,0.5304659498207885,0.016033894380217503,0.004155085523193659,0.016033894380217503,1.7945694478057967,-0.7595480074549474,3.1666021919753984,7,147,0.564625850340136,0.024262205418354707,0.009440484651281555,0.024262205418354707,2.0598162975893466,-0.7595480074549474,2.875812138921069,5,71,0.6056338028169014,0.017029297635923975,0.013514465180540225,0.017029297635923975,2.198229505679374,-0.27021543066521614,2.2826308575954593,6,61,0.36065573770491804,-0.00495357043554199,-0.007574039265343723,-0.00495357043554199,0.7593698393686082,-0.5369806090111751,-0.780415624498899,7,-0.015850724270105886,0.006491883786302865,11461.802293627512,0.1461802293627512,0.00879361776640053,0.049405734952785114,0.19876347017036614,-0.11239422721273751,0.29666412019353194,8,233,46,9479.808057512568,-0.05201919424874324,-0.020497921976698308,0.05279798277806693,-0.35888441090838025,-0.09367669618603847,0.4307692307692308,7,56,5,a7ed3656321a,-0.05,2,5,0.5,False,6,0.16666666666666666,-0.00909276608934369,0.501953125
145,0.5379310344827586,0.0052618556709720585,0.00850628212100435,0.0052618556709720585,1.2009089343837989,-0.9056079782931374,0.7099418608379231,10,80,0.575,0.010108041860520998,0.01492587943551893,0.010108041860520998,1.3030740573198596,-0.9056079782931374,0.7923972314142468,10,34,0.5,0.004951602417249492,0.0028131683274045254,0.004951602417249492,1.3662745850619986,-0.233483314544364,0.7290577131439048,4,31,0.4838709677419355,-0.00690415350765207,-0.0013831046676586736,-0.00690415350765207,0.6804628508237089,-0.2924243662807696,-0.8569621309360472,3,-0.023060974114348473,0.00861319224008366,10891.59424037286,0.08915942403728594,0.005768140569931468,0.03807897520259486,0.1718969166861554,-0.107749277344512,0.16034206306787813,6,120,25,9689.771891657645,-0.031022810834235526,-0.012830122014353629,0.02809076726730718,-0.42671416535625073,-0.03573685425008244,0.22764227642276422,3,28,3,f0acfa266865,-0.05,0,5,0.7,False,6,0.16666666666666666,-0.010429152277991672,0.49609375
5,0.6,0.07140835202787447,0.016656059474344675,0.07140835202787447,5.0936737400204075,-0.03929085159047163,1.182032719656673,1,4,0.5,0.04540503723588091,-0.011317396058063478,0.04540503723588091,3.0823716365796336,-0.03929085159047163,0.6449927121388087,1,1,1.0,0.17542161119584876,0.17542161119584876,0.17542161119584876,inf,0.0,0.0,0,0,0.0,0.0,0.0,0.0,0.0,0.0,0.0,0,,,10359.467401980351,0.03594674019803512,0.003698054849818888,0.012185533975810797,0.3572699958908627,-0.01592499160858818,0.010369141435089175,2,5,0,10000.0,0.0,0.0,0.0,0.0,0.0,0.0,0,0,0,8a6416d6b9a4,-0.2,0,5,0.0,False,5,0.0,0.0,0.48997395833333335
2,1.0,0.20923473946078264,0.20923473946078264,0.20923473946078264,inf,0.0,1.4278694938939676,0,1,1.0,0.3557710583299357,0.3557710583299357,0.3557710583299357,inf,0.0,0.0,0,1,1.0,0.06269842059162956,0.06269842059162956,0.06269842059162956,inf,0.0,0.0,0,0,0.0,0.0,0.0,0.0,0.0,0.0,0.0,0,,,10420.700107266515,0.04207001072665162,0.018818871224191236,0.01674423578429457,0.9695166550682628,-0.007046798677063704,0.017953321364452424,1,2,0,10000.0,0.0,0.0,0.0,0.0,0.0,0.0,0,0,0,378aeb5d1b8b,-0.2,0,5,0.0,True,5,0.0,0.0,0.48997395833333335
5,0.6,0.07140835202787447,0.016656059474344675,0.07140835202787447,5.0936737400204075,-0.03929085159047163,1.182032719656673,1,4,0.5,0.04540503723588091,-0.011317396058063478,0.04540503723588091,3.0823716365796336,-0.03929085159047163,0.6449927121388087,1,1,1.0,0.17542161119584876,0.17542161119584876,0.17542161119584876,inf,0.0,0.0,0,0,0.0,0.0,0.0,0.0,0.0,0.0,0.0,0,,,10359.467401980351,0.03594674019803512,0.003698054849818888,0.012185533975810797,0.3572699958908627,-0.01592499160858818,0.010369141435089175,2,5,0,10000.0,0.0,0.0,0.0,0.0,0.0,0.0,0,0,0,3151653a98da,-0.2,0,5,0.5,False,6,0.0,0.0,0.48997395833333335
2,1.0,0.20923473946078264,0.20923473946078264,0.20923473946078264,inf,0.0,1.4278694938939676,0,1,1.0,0.3557710583299357,0.3557710583299357,0.3557710583299357,inf,0.0,0.0,0,1,1.0,0.06269842059162956,0.06269842059162956,0.06269842059162956,inf,0.0,0.0,0,0,0.0,0.0,0.0,0.0,0.0,0.0,0.0,0,,,10420.700107266515,0.04207001072665162,0.018818871224191236,0.01674423578429457,0.9695166550682628,-0.007046798677063704,0.017953321364452424,1,2,0,10000.0,0.0,0.0,0.0,0.0,0.0,0.0,0,0,0,16a826147925,-0.2,0,5,0.5,True,6,0.0,0.0,0.48997395833333335
5,0.8,0.13372488909920036,0.11720745454325565,0.13372488909920036,27.90261546375656,0.0,1.9619607572910542,1,4,0.75,0.13785424773818652,0.10199986060640731,0.13785424773818652,23.186683971416606,0.0,1.5695398476426359,1,1,1.0,0.11720745454325565,0.11720745454325565,0.11720745454325565,inf,0.0,0.0,0,0,0.0,0.0,0.0,0.0,0.0,0.0,0.0,0,,,10675.627722992689,0.06756277229926888,0.006842560447273938,0.017200746297462762,0.43911564238443257,-0.01592499160858818,0.020695364238410598,2,5,0,10000.0,0.0,0.0,0.0,0.0,0.0,0.0,0,0,0,31964fee33bb,-0.2,0,10,0.0,False,6,0.0,0.0,0.48997395833333335
2,1.0,0.10878005213796582,0.10878005213796582,0.10878005213796582,inf,0.0,1.730066171940311,0,1,1.0,0.17165628999652494,0.17165628999652494,0.17165628999652494,inf,0.0,0.0,0,1,1.0,0.04590381427940671,0.04590381427940671,0.04590381427940671,inf,0.0,0.0,0,0,0.0,0.0,0.0,0.0,0.0,0.0,0.0,0,,,10218.348072121522,0.02183480721215214,0.009732393058525801,0.020275648704175413,0.3631514967513318,-0.02249810418386866,0.03558718861209965,1,2,0,10000.0,0.0,0.0,0.0,0.0,0.0,0.0,0,0,0,2698d0ae2a59,-0.2,0,10,0.0,True,6,0.0,0.0,0.48997395833333335
5,0.8,0.13372488909920036,0.11720745454325565,0.13372488909920036,27.90261546375656,0.0,1.9619607572910542,1,4,0.75,0.13785424773818652,0.10199986060640731,0.13785424773818652,23.186683971416606,0.0,1.5695398476426359,1,1,1.0,0.11720745454325565,0.11720745454325565,0.11720745454325565,inf,0.0,0.0,0,0,0.0,0.0,0.0,0.0,0.0,0.0,0.0,0,,,10675.627722992689,0.06756277229926888,0.006842560447273938,0.017200746297462762,0.43911564238443257,-0.01592499160858818,0.020695364238410598,2,5,0,10000.0,0.0,0.0,0.0,0.0,0.0,0.0,0,0,0,9dc4cc4af708,-0.2,0,10,0.5,False,7,0.0,0.0,0.48997395833333335
2,1.0,0.10878005213796582,0.10878005213796582,0.10878005213796582,inf,0.0,1.730066171940311,0,1,1.0,0.17165628999652494,0.17165628999652494,0.17165628999652494,inf,0.0,0.0,0,1,1.0,0.04590381427940671,0.04590381427940671,0.04590381427940671,inf,0.0,0.0,0,0,0.0,0.0,0.0,0.0,0.0,0.0,0.0,0,,,10218.348072121522,0.02183480721215214,0.009732393058525801,0.020275648704175413,0.3631514967513318,-0.02249810418386866,0.03558718861209965,1,2,0,10000.0,0.0,0.0,0.0,0.0,0.0,0.0,0,0,0,68de104fbf64,-0.2,0,10,0.5,True,7,0.0,0.0,0.48997395833333335
5,0.8,0.1341330036116091,0.04534700233324107,0.1341330036116091,22.631084485444116,0.0,1.5097127393551086,1,4,0.75,0.1651008275958955,0.11709487280968556,0.1651008275958955,22.300111705152126,0.0,1.5357130168919968,1,1,1.0,0.010261707674463438,0.010261707674463438,0.010261707674463438,inf,0.0,0.0,0,0,0.0,0.0,0.0,0.0,0.0,0.0,0.0,0,,,10672.120422507638,0.06721204225076383,0.00677989554191516,0.022239048136090855,0.34117858489745717,-0.034055732277595285,0.041220115416323165,2,5,0,10000.0,0.0,0.0,0.0,0.0,0.0,0.0,0,0,0,786ce57416d4,-0.2,0,20,0.0,False,6,0.0,0.0,0.48997395833333335
5,0.8,0.1341330036116091,0.04534700233324107,0.1341330036116091,22.631084485444116,0.0,1.5097127393551086,1,4,0.75,0.1651008275958955,0.11709487280968556,0.1651008275958955,22.300111705152126,0.0,1.5357130168919968,1,1,1.0,0.010261707674463438,0.010261707674463438,0.010261707674463438,inf,0.0,0.0,0,0,0.0,0.0,0.0,0.0,0.0,0.0,0.0,0,,,10672.120422507638,0.06721204225076383,0.00677989554191516,0.022239048136090855,0.34117858489745717,-0.034055732277595285,0.041220115416323165,2,5,0,10000.0,0.0,0.0,0.0,0.0,0.0,0.0,0,0,0,dd5b0932c004,-0.2,0,20,0.5,False,7,0.0,0.0,0.48997395833333335
5,1.0,0.3337803155561193,0.2669028765350242,0.3337803155561193,inf,0.0,2.8025112600031785,0,4,1.0,0.3480272449004691,0.25084031303083376,0.3480272449004691,inf,0.0,2.2798441827864195,0,1,1.0,0.2767925981787204,0.2767925981787204,0.2767925981787204,inf,0.0,0.0,0,0,0.0,0.0,0.0,0.0,0.0,0.0,0.0,0,,,11746.260584043812,0.17462605840438128,0.01658343338905377,0.031168861234696265,0.561701935718206,-0.04273187951156232,0.12165450121654502,2,5,0,10000.0,0.0,0.0,0.0,0.0,0.0,0.0,0,0,0,9fbe6619873a,-0.2,0,60,0.0,False,5,0.0,0.0,0.48997395833333335
2,1.0,0.46658722888747994,0.46658722888747994,0.46658722888747994,inf,0.0,1.597723632108757,0,1,1.0,0.7586197303230721,0.7586197303230721,0.7586197303230721,inf,0.0,0.0,0,1,1.0,0.17455472745188783,0.17455472745188783,0.17455472745188783,inf,0.0,0.0,0,0,0.0,0.0,0.0,0.0,0.0,0.0,0.0,0,,,10946.416523801578,0.09464165238015765,0.03793656307930737,0.03996081304300854,0.8937212799155901,-0.032606322704442525,0.19607843137254902,1,2,0,10000.0,0.0,0.0,0.0,0.0,0.0,0.0,0,0,0,61604e07da0a,-0.2,0,60,0.0,True,5,0.0,0.0,0.48997395833333335
5,1.0,0.3337803155561193,0.2669028765350242,0.3337803155561193,inf,0.0,2.8025112600031785,0,4,1.0,0.3480272449004691,0.25084031303083376,0.3480272449004691,inf,0.0,2.2798441827864195,0,1,1.0,0.2767925981787204,0.2767925981787204,0.2767925981787204,inf,0.0,0.0,0,0,0.0,0.0,0.0,0.0,0.0,0.0,0.0,0,,,11746.260584043812,0.17462605840438128,0.01658343338905377,0.031168861234696265,0.561701935718206,-0.04273187951156232,0.12165450121654502,2,5,0,10000.0,0.0,0.0,0.0,0.0,0.0,0.0,0,0,0,72ec93cfc66b,-0.2,0,60,0.5,False,6,0.0,0.0,0.48997395833333335
2,1.0,0.46658722888747994,0.46658722888747994,0.46658722888747994,inf,0.0,1.597723632108757,0,1,1.0,0.7586197303230721,0.7586197303230721,0.7586197303230721,inf,0.0,0.0,0,1,1.0,0.17455472745188783,0.17455472745188783,0.17455472745188783,inf,0.0,0.0,0,0,0.0,0.0,0.0,0.0,0.0,0.0,0.0,0,,,10946.416523801578,0.09464165238015765,0.03793656307930737,0.03996081304300854,0.8937212799155901,-0.032606322704442525,0.19607843137254902,1,2,0,10000.0,0.0,0.0,0.0,0.0,0.0,0.0,0,0,0,b811561a0eca,-0.2,0,60,0.5,True,6,0.0,0.0,0.48997395833333335
5,0.8,0.1380624953669652,0.06269842059162956,0.1380624953669652,164.258061093179,0.0,1.9956191157834304,1,4,0.75,0.15690351406079908,0.13803567473518752,0.15690351406079908,149.4299608879971,0.0,1.825761231214603,1,1,1.0,0.06269842059162956,0.06269842059162956,0.06269842059162956,inf,0.0,0.0,0,0,0.0,0.0,0.0,0.0,0.0,0.0,0.0,0,,,10695.920900229814,0.06959209002298139,0.007056674210887293,0.014657112680846353,0.5123418509261105,-0.01019716655393188,0.010369141435089175,2,5,0,10000.0,0.0,0.0,0.0,0.0,0.0,0.0,0,0,0,50535755b925,-0.2,1,5,0.0,False,6,0.0,0.0,0.48997395833333335
2,1.0,0.20923473946078264,0.20923473946078264,0.20923473946078264,inf,0.0,1.4278694938939676,0,1,1.0,0.3557710583299357,0.3557710583299357,0.3557710583299357,inf,0.0,0.0,0,1,1.0,0.06269842059162956,0.06269842059162956,0.06269842059162956,inf,0.0,0.0,0,0,0.0,0.0,0.0,0.0,0.0,0.0,0.0,0,,,10420.700107266515,0.04207001072665162,0.018818871224191236,0.01674423578429457,0.9695166550682628,-0.007046798677063704,0.017953321364452424,1,2,0,10000.0,0.0,0.0,0.0,0.0,0.0,0.0,0,0,0,c181b69631d5,-0.2,1,5,0.0,True,6,0.0,0.0,0.48997395833333335
5,0.8,0.1380624953669652,0.06269842059162956,0.1380624953669652,164.258061093179,0.0,1.9956191157834304,1,4,0.75,0.15690351406079908,0.13803567473518752,0.15690351406079908,149.4299608879971,0.0,1.825761231214603,1,1,1.0,0.06269842059162956,0.06269842059162956,0.06269842059162956,inf,0.0,0.0,0,0,0.0,0.0,0.0,0.0,0.0,0.0,0.0,0,,,10695.920900229814,0.06959209002298139,0.007056674210887293,0.014657112680846353,0.5123418509261105,-0.01019716655393188,0.010369141435089175,2,5,0,10000.0,0.0,0.0,0.0,0.0,0.0,0.0,0,0,0,0ce40343c795,-0.2,1,5,0.5,False,7,0.0,0.0,0.48997395833333335
2,1.0,0.20923473946078264,0.20923473946078264,0.20923473946078264,inf,0.0,1.4278694938939676,0,1,1.0,0.3557710583299357,0.3557710583299357,0.3557710583299357,inf,0.0,0.0,0,1,1.0,0.06269842059162956,0.06269842059162956,0.06269842059162956,inf,0.0,0.0,0,0,0.0,0.0,0.0,0.0,0.0,0.0,0.0,0,,,10420.700107266515,0.04207001072665162,0.018818871224191236,0.01674423578429457,0.9695166550682628,-0.007046798677063704,0.017953321364452424,1,2,0,10000.0,0.0,0.0,0.0,0.0,0.0,0.0,0,0,0,5ba5808dd784,-0.2,1,5,0.5,True,7,0.0,0.0,0.48997395833333335
5,1.0,0.09912163613019594,0.04590381427940671,0.09912163613019594,inf,0.0,2.1837512720271515,0,4,1.0,0.11242609159289324,0.0982425390478896,0.11242609159289324,inf,0.0,2.0067067139433656,0,1,1.0,0.04590381427940671,0.04590381427940671,0.04590381427940671,inf,0.0,0.0,0,0,0.0,0.0,0.0,0.0,0.0,0.0,0.0,0,,,10499.247847867471,0.04992478478674722,0.005094501390682682,0.017380335313191456,0.32233335657771883,-0.02838715614096876,0.020695364238410598,2,5,0,10000.0,0.0,0.0,0.0,0.0,0.0,0.0,0,0,0,e62e3d2fae27,-0.2,1,10,0.0,False,7,0.0,0.0,0.48997395833333335
2,1.0,0.10878005213796582,0.10878005213796582,0.10878005213796582,inf,0.0,1.730066171940311,0,1,1.0,0.17165628999652494,0.17165628999652494,0.17165628999652494,inf,0.0,0.0,0,1,1.0,0.04590381427940671,0.04590381427940671,0.04590381427940671,inf,0.0,0.0,0,0,0.0,0.0,0.0,0.0,0.0,0.0,0.0,0,,,10218.348072121522,0.02183480721215214,0.009732393058525801,0.020275648704175413,0.3631514967513318,-0.02249810418386866,0.03558718861209965,1,2,0,10000.0,0.0,0.0,0.0,0.0,0.0,0.0,0,0,0,9495bdbe4f6c,-0.2,1,10,0.0,True,7,0.0,0.0,0.48997395833333335
5,1.0,0.09912163613019594,0.04590381427940671,0.09912163613019594,inf,0.0,2.1837512720271515,0,4,1.0,0.11242609159289324,0.0982425390478896,0.11242609159289324,inf,0.0,2.0067067139433656,0,1,1.0,0.04590381427940671,0.04590381427940671,0.04590381427940671,inf,0.0,0.0,0,0,0.0,0.0,0.0,0.0,0.0,0.0,0.0,0,,,10499.247847867471,0.04992478478674722,0.005094501390682682,0.017380335313191456,0.32233335657771883,-0.02838715614096876,0.020695364238410598,2,5,0,10000.0,0.0,0.0,0.0,0.0,0.0,0.0,0,0,0,caec49d234f2,-0.2,1,10,0.5,False,8,0.0,0.0,0.48997395833333335
2,1.0,0.10878005213796582,0.10878005213796582,0.10878005213796582,inf,0.0,1.730066171940311,0,1,1.0,0.17165628999652494,0.17165628999652494,0.17165628999652494,inf,0.0,0.0,0,1,1.0,0.04590381427940671,0.04590381427940671,0.04590381427940671,inf,0.0,0.0,0,0,0.0,0.0,0.0,0.0,0.0,0.0,0.0,0,,,10218.348072121522,0.02183480721215214,0.009732393058525801,0.020275648704175413,0.3631514967513318,-0.02249810418386866,0.03558718861209965,1,2,0,10000.0,0.0,0.0,0.0,0.0,0.0,0.0,0,0,0,6de60814e3f9,-0.2,1,10,0.5,True,8,0.0,0.0,0.48997395833333335
5,1.0,0.35140101634298687,0.2501341009308419,0.35140101634298687,inf,0.0,3.151508966854248,0,4,1.0,0.39561258856576165,0.33268346648939384,0.39561258856576165,inf,0.0,2.993668468180074,0,1,1.0,0.17455472745188783,0.17455472745188783,0.17455472745188783,inf,0.0,0.0,0,0,0.0,0.0,0.0,0.0,0.0,0.0,0.0,0,,,11837.93438983774,0.18379343898377387,0.017391373941922472,0.03058646824643598,0.5908447593359984,-0.044992663275632006,0.12165450121654502,2,5,0,10000.0,0.0,0.0,0.0,0.0,0.0,0.0,0,0,0,ba527e6e474b,-0.2,1,60,0.0,False,6,0.0,0.0,0.48997395833333335
2,1.0,0.46658722888747994,0.46658722888747994,0.46658722888747994,inf,0.0,1.597723632108757,0,1,1.0,0.7586197303230721,0.7586197303230721,0.7586197303230721,inf,0.0,0.0,0,1,1.0,0.17455472745188783,0.17455472745188783,0.17455472745188783,inf,0.0,0.0,0,0,0.0,0.0,0.0,0.0,0.0,0.0,0.0,0,,,10946.416523801578,0.09464165238015765,0.03793656307930737,0.03996081304300854,0.8937212799155901,-0.032606322704442525,0.19607843137254902,1,2,0,10000.0,0.0,0.0,0.0,0.0,0.0,0.0,0,0,0,31a259a2bde1,-0.2,1,60,0.0,True,6,0.0,0.0,0.48997395833333335
5,1.0,0.35140101634298687,0.2501341009308419,0.35140101634298687,inf,0.0,3.151508966854248,0,4,1.0,0.39561258856576165,0.33268346648939384,0.39561258856576165,inf,0.0,2.993668468180074,0,1,1.0,0.17455472745188783,0.17455472745188783,0.17455472745188783,inf,0.0,0.0,0,0,0.0,0.0,0.0,0.0,0.0,0.0,0.0,0,,,11837.93438983774,0.18379343898377387,0.017391373941922472,0.03058646824643598,0.5908447593359984,-0.044992663275632006,0.12165450121654502,2,5,0,10000.0,0.0,0.0,0.0,0.0,0.0,0.0,0,0,0,6dbf8c991dea,-0.2,1,60,0.5,False,7,0.0,0.0,0.48997395833333335
2,1.0,0.46658722888747994,0.46658722888747994,0.46658722888747994,inf,0.0,1.597723632108757,0,1,1.0,0.7586197303230721,0.7586197303230721,0.7586197303230721,inf,0.0,0.0,0,1,1.0,0.17455472745188783,0.17455472745188783,0.17455472745188783,inf,0.0,0.0,0,0,0.0,0.0,0.0,0.0,0.0,0.0,0.0,0,,,10946.416523801578,0.09464165238015765,0.03793656307930737,0.03996081304300854,0.8937212799155901,-0.032606322704442525,0.19607843137254902,1,2,0,10000.0,0.0,0.0,0.0,0.0,0.0,0.0,0,0,0,1bb8b6ada591,-0.2,1,60,0.5,True,7,0.0,0.0,0.48997395833333335
5,0.8,0.17262110819166254,0.07462059777873631,0.17262110819166254,56.51458496519973,-0.015547365462596163,1.8680025703089305,1,4,0.75,0.1971212357948941,0.18270462559969458,0.1971212357948941,51.71501953668659,-0.015547365462596163,1.7136386358143239,1,1,1.0,0.07462059777873631,0.07462059777873631,0.07462059777873631,inf,0.0,0.0,0,0,0.0,0.0,0.0,0.0,0.0,0.0,0.0,0,,,10869.087145133846,0.08690871451338467,0.008748574441950208,0.015730801079418204,0.5559888954834761,-0.01017551747651424,0.010369141435089175,2,5,0,10000.0,0.0,0.0,0.0,0.0,0.0,0.0,0,0,0,4099e0c21331,-0.2,2,5,0.0,False,5,0.0,0.0,0.48997395833333335
2,1.0,0.21144115553796894,0.21144115553796894,0.21144115553796894,inf,0.0,1.5453902469104717,0,1,1.0,0.34826171329720157,0.34826171329720157,0.34826171329720157,inf,0.0,0.0,0,1,1.0,0.07462059777873631,0.07462059777873631,0.07462059777873631,inf,0.0,0.0,0,0,0.0,0.0,0.0,0.0,0.0,0.0,0.0,0,,,10425.481060798906,0.04254810607989046,0.019030320113363253,0.01599105000351506,0.9570048913084922,-0.006799697186259057,0.017953321364452424,1,2,0,10000.0,0.0,0.0,0.0,0.0,0.0,0.0,0,0,0,700bc0d026b2,-0.2,2,5,0.0,True,5,0.0,0.0,0.48997395833333335
5,0.8,0.17262110819166254,0.07462059777873631,0.17262110819166254,56.51458496519973,-0.015547365462596163,1.8680025703089305,1,4,0.75,0.1971212357948941,0.18270462559969458,0.1971212357948941,51.71501953668659,-0.015547365462596163,1.7136386358143239,1,1,1.0,0.07462059777873631,0.07462059777873631,0.07462059777873631,inf,0.0,0.0,0,0,0.0,0.0,0.0,0.0,0.0,0.0,0.0,0,,,10869.087145133846,0.08690871451338467,0.008748574441950208,0.015730801079418204,0.5559888954834761,-0.01017551747651424,0.010369141435089175,2,5,0,10000.0,0.0,0.0,0.0,0.0,0.0,0.0,0,0,0,1f510127e5d9,-0.2,2,5,0.5,False,6,0.0,0.0,0.48997395833333335
2,1.0,0.21144115553796894,0.21144115553796894,0.21144115553796894,inf,0.0,1.5453902469104717,0,1,1.0,0.34826171329720157,0.34826171329720157,0.34826171329720157,inf,0.0,0.0,0,1,1.0,0.07462059777873631,0.07462059777873631,0.07462059777873631,inf,0.0,0.0,0,0,0.0,0.0,0.0,0.0,0.0,0.0,0.0,0,,,10425.481060798906,0.04254810607989046,0.019030320113363253,0.01599105000351506,0.9570048913084922,-0.006799697186259057,0.017953321364452424,1,2,0,10000.0,0.0,0.0,0.0,0.0,0.0,0.0,0,0,0,7316ce2a1caf,-0.2,2,5,0.5,True,6,0.0,0.0,0.48997395833333335
5,1.0,0.11975353616100166,0.050150861605331554,0.11975353616100166,inf,0.0,2.0741393718374046,0,4,1.0,0.14121634587319543,0.09900597380060838,0.14121634587319543,inf,0.0,2.0408170565905523,0,1,1.0,0.033902297312226604,0.033902297312226604,0.033902297312226604,inf,0.0,0.0,0,0,0.0,0.0,0.0,0.0,0.0,0.0,0.0,0,,,10604.853283211754,0.06048532832117548,0.006144261919005967,0.017890895150964568,0.34642704210674574,-0.028424838521669105,0.020695364238410598,2,5,0,10000.0,0.0,0.0,0.0,0.0,0.0,0.0,0,0,0,1f2ed01e8544,-0.2,2,10,0.0,False,6,0.0,0.0,0.48997395833333335
2,1.0,0.09088169165405591,0.09088169165405591,0.09088169165405591,inf,0.0,1.5949922371733336,0,1,1.0,0.1478610859958852,0.1478610859958852,0.1478610859958852,inf,0.0,0.0,0,1,1.0,0.033902297312226604,0.033902297312226604,0.033902297312226604,inf,0.0,0.0,0,0,0.0,0.0,0.0,0.0,0.0,0.0,0.0,0,,,10182.264666357947,0.018226466635794747,0.008132021300170544,0.019249588036792685,0.24110385323537814,-0.021515261883893855,0.03558718861209965,1,2,0,10000.0,0.0,0.0,0.0,0.0,0.0,0.0,0,0,0,e0ec935d477a,-0.2,2,10,0.0,True,6,0.0,0.0,0.48997395833333335
5,1.0,0.11975353616100166,0.050150861605331554,0.11975353616100166,inf,0.0,2.0741393718374046,0,4,1.0,0.14121634587319543,0.09900597380060838,0.14121634587319543,inf,0.0,2.0408170565905523,0,1,1.0,0.033902297312226604,0.033902297312226604,0.033902297312226604,inf,0.0,0.0,0,0,0.0,0.0,0.0,0.0,0.0,0.0,0.0,0,,,10604.853283211754,0.06048532832117548,0.006144261919005967,0.017890895150964568,0.34642704210674574,-0.028424838521669105,0.020695364238410598,2,5,0,10000.0,0.0,0.0,0.0,0.0,0.0,0.0,0,0,0,7b6e64f67d9f,-0.2,2,10,0.5,False,7,0.0,0.0,0.48997395833333335
2,1.0,0.09088169165405591,0.09088169165405591,0.09088169165405591,inf,0.0,1.5949922371733336,0,1,1.0,0.1478610859958852,0.1478610859958852,0.1478610859958852,inf,0.0,0.0,0,1,1.0,0.033902297312226604,0.033902297312226604,0.033902297312226604,inf,0.0,0.0,0,0,0.0,0.0,0.0,0.0,0.0,0.0,0.0,0,,,10182.264666357947,0.018226466635794747,0.008132021300170544,0.019249588036792685,0.24110385323537814,-0.021515261883893855,0.03558718861209965,1,2,0,10000.0,0.0,0.0,0.0,0.0,0.0,0.0,0,0,0,55cf8559aae4,-0.2,2,10,0.5,True,7,0.0,0.0,0.48997395833333335
5,1.0,0.20940436850675556,0.13984158122342139,0.20940436850675556,inf,0.0,2.1507461094124527,0,4,1.0,0.2605136014377356,0.22228525214406414,0.2605136014377356,inf,0.0,2.435040580190845,0,1,1.0,0.004967436782835289,0.004967436782835289,0.004967436782835289,inf,0.0,0.0,0,0,0.0,0.0,0.0,0.0,0.0,0.0,0.0,0,,,11064.964638340294,0.10649646383402933,0.010567427079017255,0.022937214509354435,0.4659254544166267,-0.03507059539700019,0.041220115416323165,2,5,0,10000.0,0.0,0.0,0.0,0.0,0.0,0.0,0,0,0,b93d7d0a89ac,-0.2,2,20,0.0,False,6,0.0,0.0,0.48997395833333335
2,1.0,0.1548481799237711,0.1548481799237711,0.1548481799237711,inf,0.0,1.0331425950975193,0,1,1.0,0.3047289230647069,0.3047289230647069,0.3047289230647069,inf,0.0,0.0,0,1,1.0,0.004967436782835289,0.004967436782835289,0.004967436782835289,inf,0.0,0.0,0,0,0.0,0.0,0.0,0.0,0.0,0.0,0.0,0,,,10309.847732013666,0.03098477320136661,0.013534191939541529,0.02548341636616509,0.3998132057108377,-0.022643651707238033,0.06993006993006994,1,2,0,10000.0,0.0,0.0,0.0,0.0,0.0,0.0,0,0,0,b995dff7e4c1,-0.2,2,20,0.0,True,6,0.0,0.0,0.48997395833333335
5,1.0,0.20940436850675556,0.13984158122342139,0.20940436850675556,inf,0.0,2.1507461094124527,0,4,1.0,0.2605136014377356,0.22228525214406414,0.2605136014377356,inf,0.0,2.435040580190845,0,1,1.0,0.004967436782835289,0.004967436782835289,0.004967436782835289,inf,0.0,0.0,0,0,0.0,0.0,0.0,0.0,0.0,0.0,0.0,0,,,11064.964638340294,0.10649646383402933,0.010567427079017255,0.022937214509354435,0.4659254544166267,-0.03507059539700019,0.041220115416323165,2,5,0,10000.0,0.0,0.0,0.0,0.0,0.0,0.0,0,0,0,f4f239dd55a2,-0.2,2,20,0.5,False,7,0.0,0.0,0.48997395833333335
2,1.0,0.1548481799237711,0.1548481799237711,0.1548481799237711,inf,0.0,1.0331425950975193,0,1,1.0,0.3047289230647069,0.3047289230647069,0.3047289230647069,inf,0.0,0.0,0,1,1.0,0.004967436782835289,0.004967436782835289,0.004967436782835289,inf,0.0,0.0,0,0,0.0,0.0,0.0,0.0,0.0,0.0,0.0,0,,,10309.847732013666,0.03098477320136661,0.013534191939541529,0.02548341636616509,0.3998132057108377,-0.022643651707238033,0.06993006993006994,1,2,0,10000.0,0.0,0.0,0.0,0.0,0.0,0.0,0,0,0,2663789bae8c,-0.2,2,20,0.5,True,7,0.0,0.0,0.48997395833333335
5,1.0,0.3645591469011925,0.24226537803727888,0.3645591469011925,inf,0.0,3.3383940123409523,0,4,1.0,0.42013761395178306,0.3886280428356096,0.42013761395178306,inf,0.0,3.4620781264308893,0,1,1.0,0.14224527869883008,0.14224527869883008,0.14224527869883008,inf,0.0,0.0,0,0,0.0,0.0,0.0,0.0,0.0,0.0,0.0,0,,,11907.420070587832,0.1907420070587833,0.01800003188132715,0.03104542075789298,0.5873960355806156,-0.045016392828180596,0.12165450121654502,2,5,0,10000.0,0.0,0.0,0.0,0.0,0.0,0.0,0,0,0,cb0c0679f5ea,-0.2,2,60,0.0,False,5,0.0,0.0,0.48997395833333335
2,1.0,0.4243758891179761,0.4243758891179761,0.4243758891179761,inf,0.0,1.5041823660591245,0,1,1.0,0.7065064995371221,0.7065064995371221,0.7065064995371221,inf,0.0,0.0,0,1,1.0,0.14224527869883008,0.14224527869883008,0.14224527869883008,inf,0.0,0.0,0,0,0.0,0.0,0.0,0.0,0.0,0.0,0.0,0,,,10858.801499628871,0.08588014996288718,0.03450768480825572,0.03864390297798907,0.8106887541853834,-0.029914426061973476,0.19607843137254902,1,2,0,10000.0,0.0,0.0,0.0,0.0,0.0,0.0,0,0,0,b1b748ffc539,-0.2,2,60,0.0,True,5,0.0,0.0,0.48997395833333335
5,1.0,0.3645591469011925,0.24226537803727888,0.3645591469011925,inf,0.0,3.3383940123409523,0,4,1.0,0.42013761395178306,0.3886280428356096,0.42013761395178306,inf,0.0,3.4620781264308893,0,1,1.0,0.14224527869883008,0.14224527869883008,0.14224527869883008,inf,0.0,0.0,0,0,0.0,0.0,0.0,0.0,0.0,0.0,0.0,0,,,11907.420070587832,0.1907420070587833,0.01800003188132715,0.03104542075789298,0.5873960355806156,-0.045016392828180596,0.12165450121654502,2,5,0,10000.0,0.0,0.0,0.0,0.0,0.0,0.0,0,0,0,bee09e3df6b5,-0.2,2,60,0.5,False,6,0.0,0.0,0.48997395833333335
2,1.0,0.4243758891179761,0.4243758891179761,0.4243758891179761,inf,0.0,1.5041823660591245,0,1,1.0,0.7065064995371221,0.7065064995371221,0.7065064995371221,inf,0.0,0.0,0,1,1.0,0.14224527869883008,0.14224527869883008,0.14224527869883008,inf,0.0,0.0,0,0,0.0,0.0,0.0,0.0,0.0,0.0,0.0,0,,,10858.801499628871,0.08588014996288718,0.03450768480825572,0.03864390297798907,0.8106887541853834,-0.029914426061973476,0.19607843137254902,1,2,0,10000.0,0.0,0.0,0.0,0.0,0.0,0.0,0,0,0,5945cad3f73c,-0.2,2,60,0.5,True,6,0.0,0.0,0.48997395833333335
82,0.6585365853658537,0.043375358652582754,0.034618934409873514,0.043375358652582754,3.367918390290594,-0.4686566741213719,3.9784837039578687,6,51,0.6862745098039216,0.04872128449548471,0.04692232272796282,0.04872128449548471,3.704677056221864,-0.4686566741213719,3.442216892473356,6,22,0.7272727272727273,0.051596952058167674,0.028560081798626347,0.051596952058167674,5.596276286738362,-0.08405605988353682,2.5419723967987573,1,9,0.3333333333333333,-0.007015449448624743,-0.01859210284700208,-0.007015449448624743,0.8123110821315387,-0.1282539911282855,-0.23812945287737708,3,-0.05415918126338491,0.04723704255812834,12075.638828340701,0.20756388283407023,0.01279267897325398,0.046988152891419686,0.2932616898662562,-0.14173041065075365,0.3476865472051351,8,65,17,9933.941968783787,-0.00660580312162129,-0.00300481869665703,0.015562030901308989,-0.12224161061354648,-0.02493526349917896,0.32432432432432434,1,9,0,4409bf15abd5,-0.05,1,20,0.5,True,8,0.375,-0.007015449448624743,0.4863802083333334
43,0.6046511627906976,0.035562373371813984,0.036519305845429506,0.035562373371813984,2.110599878600998,-0.47439048997624667,1.8356925598208427,5,23,0.6086956521739131,0.046169268139058105,0.036519305845429506,0.046169268139058105,2.2994212157315066,-0.47439048997624667,1.4485228973874338,4,7,1.0,0.08070389778594744,0.08128099824118162,0.08070389778594744,inf,0.0,4.012105364267758,0,13,0.38461538461538464,-0.007510645900920577,-0.036629228049234075,-0.007510645900920577,0.8255499720356284,-0.292280278506329,-0.2884262734904854,5,-0.0546713795871068,0.03712499006543791,10239.518395747664,0.02395183957476643,0.0016651819352280217,0.035388628407036694,0.056055494067064796,-0.14339703923465352,0.10320781032078104,6,37,6,9894.106316516298,-0.01058936834837021,-0.004352695122452066,0.03665567058101907,-0.08637900545650895,-0.03449978966230771,0.21138211382113822,4,13,0,f0c748499974,-0.1,0,10,0.0,False,7,0.2857142857142857,-0.007510645900920577,0.4774293154761905
43,0.6046511627906976,0.035562373371813984,0.036519305845429506,0.035562373371813984,2.110599878600998,-0.47439048997624667,1.8356925598208427,5,23,0.6086956521739131,0.046169268139058105,0.036519305845429506,0.046169268139058105,2.2994212157315066,-0.47439048997624667,1.4485228973874338,4,7,1.0,0.08070389778594744,0.08128099824118162,0.08070389778594744,inf,0.0,4.012105364267758,0,13,0.38461538461538464,-0.007510645900920577,-0.036629228049234075,-0.007510645900920577,0.8255499720356284,-0.292280278506329,-0.2884262734904854,5,-0.05429303555467285,0.045327598556874765,10239.518395747664,0.02395183957476643,0.0016651819352280217,0.035388628407036694,0.056055494067064796,-0.14339703923465352,0.10320781032078104,6,37,6,9894.106316516298,-0.01058936834837021,-0.004352695122452066,0.03665567058101907,-0.08637900545650895,-0.03449978966230771,0.21138211382113822,4,13,0,2664ffb1ee33,-0.1,0,10,0.5,False,8,0.25,-0.013044631568023811,0.4702864583333334
44,0.5227272727272727,0.008499821305349231,0.007638752417364225,0.008499821305349231,1.2064948088194163,-0.7126133117560374,0.42548398100468204,5,23,0.5217391304347826,-0.002783345444119362,0.007266669379340286,-0.002783345444119362,0.9527598966395435,-0.7126133117560374,-0.08024275312652349,5,7,0.8571428571428571,0.07162605359661811,0.0418245660127442,0.07162605359661811,165.97097505801662,-0.003039215686274521,2.7152448176599893,1,14,0.35714285714285715,-0.0045266637518725185,-0.03748361211856022,-0.0045266637518725185,0.8600927398451232,-0.20968384817095442,-0.21092428944413052,4,-0.03965025384666298,0.03816789571027123,9707.401802107299,-0.02925981978927006,-0.0020645599691333505,0.02698244678014642,-0.07409885616968002,-0.11500531070367304,0.053852526926263466,4,39,5,9929.661097243277,-0.00703389027567225,-0.0027286876485640432,0.027373256122982744,-0.06786127737511836,-0.03560668416286006,0.10752688172043011,3,14,0,e67d50c98913,-0.1,0,5,0.0,False,6,0.16666666666666666,-0.009744672436735564,0.4699739583333334
145,0.5724137931034483,0.009612083823045904,0.011733820825263197,0.009612083823045904,1.3401890370026432,-0.8578152759828571,1.180375780624505,9,80,0.625,0.020736685739575246,0.014653879526293156,0.020736685739575246,1.7325993528764985,-0.8578152759828571,1.6185821551581199,9,34,0.5,0.006906802243392224,-0.00045515778952137566,0.006906802243392224,1.2997546903062576,-0.4118576296661256,0.5437590983175996,6,31,0.5161290322580645,-0.016129483261280612,0.002509567971274441,-0.016129483261280612,0.5234018970509614,-0.5109221077738667,-1.3360865141268239,6,-0.041879123026993745,0.004285769768233501,10044.132726142652,0.004413272614265162,0.0002962001960913341,0.0370586926929866,0.026711260084149497,-0.12092287482632513,0.28022417934347477,6,105,40,9315.2105193183,-0.06847894806817001,-0.028420567174002542,0.028182224296897037,-1.0065242676097723,-0.0865477598657689,0.41935483870967744,3,26,5,a8469171cda4,-0.05,1,10,0.7,False,8,0.25,-0.015041363398233875,0.4697916666666666
82,0.6585365853658537,0.043375358652582754,0.034618934409873514,0.043375358652582754,3.367918390290594,-0.4686566741213719,3.9784837039578687,6,51,0.6862745098039216,0.04872128449548471,0.04692232272796282,0.04872128449548471,3.704677056221864,-0.4686566741213719,3.442216892473356,6,22,0.7272727272727273,0.051596952058167674,0.028560081798626347,0.051596952058167674,5.596276286738362,-0.08405605988353682,2.5419723967987573,1,9,0.3333333333333333,-0.007015449448624743,-0.01859210284700208,-0.007015449448624743,0.8123110821315387,-0.1282539911282855,-0.23812945287737708,3,-0.05957144789256958,0.051951211878401515,12075.638828340701,0.20756388283407023,0.01279267897325398,0.046988152891419686,0.2932616898662562,-0.14173041065075365,0.3476865472051351,8,65,17,9933.941968783787,-0.00660580312162129,-0.00300481869665703,0.015562030901308989,-0.12224161061354648,-0.02493526349917896,0.32432432432432434,1,9,0,0f94f23c539e,-0.05,0,20,0.5,True,7,0.2857142857142857,-0.007015449448624743,0.4685230654761905
84,0.6666666666666666,0.04382447983067211,0.037050482289339604,0.04382447983067211,3.4507886214449806,-0.4686566741213719,4.112745907715007,6,51,0.6862745098039216,0.04872128449548471,0.04692232272796282,0.04872128449548471,3.704677056221864,-0.4686566741213719,3.442216892473356,6,24,0.75,0.052483743397681644,0.029915586994394117,0.052483743397681644,6.100296726746935,-0.0840560598835367,2.8140975165880953,1,9,0.3333333333333333,-0.007015449448624743,-0.01859210284700208,-0.007015449448624743,0.8123110821315387,-0.1282539911282855,-0.23812945287737708,3,-0.06017856578194895,0.055147594131136325,12225.779291163775,0.22257792911637764,0.01363649571614145,0.04709412021697263,0.31039259703299726,-0.14173041065075365,0.3583845948114469,8,67,17,9933.941968783787,-0.00660580312162129,-0.00300481869665703,0.015562030901308989,-0.12224161061354648,-0.02493526349917896,0.32432432432432434,1,9,0,0172d93506e7,-0.05,1,20,0.0,True,7,0.2857142857142857,-0.007015449448624743,0.4685230654761905
44,0.5227272727272727,0.008499821305349231,0.007638752417364225,0.008499821305349231,1.2064948088194163,-0.7126133117560374,0.42548398100468204,5,23,0.5217391304347826,-0.002783345444119362,0.007266669379340286,-0.002783345444119362,0.9527598966395435,-0.7126133117560374,-0.08024275312652349,5,7,0.8571428571428571,0.07162605359661811,0.0418245660127442,0.07162605359661811,165.97097505801662,-0.003039215686274521,2.7152448176599893,1,14,0.35714285714285715,-0.0045266637518725185,-0.03748361211856022,-0.0045266637518725185,0.8600927398451232,-0.20968384817095442,-0.21092428944413052,4,-0.040233333550997306,0.039522926235389305,9707.401802107299,-0.02925981978927006,-0.0020645599691333505,0.02698244678014642,-0.07409885616968002,-0.11500531070367304,0.053852526926263466,4,39,5,9929.661097243277,-0.00703389027567225,-0.0027286876485640432,0.027373256122982744,-0.06786127737511836,-0.03560668416286006,0.10752688172043011,3,14,0,7405be3c2e31,-0.1,0,5,0.5,False,7,0.14285714285714285,-0.01197869897255055,0.46521205357142864
84,0.6666666666666666,0.04382447983067211,0.037050482289339604,0.04382447983067211,3.4507886214449806,-0.4686566741213719,4.112745907715007,6,51,0.6862745098039216,0.04872128449548471,0.04692232272796282,0.04872128449548471,3.704677056221864,-0.4686566741213719,3.442216892473356,6,24,0.75,0.052483743397681644,0.029915586994394117,0.052483743397681644,6.100296726746935,-0.0840560598835367,2.8140975165880953,1,9,0.3333333333333333,-0.007015449448624743,-0.01859210284700208,-0.007015449448624743,0.8123110821315387,-0.1282539911282855,-0.23812945287737708,3,-0.05585204100212338,0.04583859676237631,12225.779291163775,0.22257792911637764,0.01363649571614145,0.04709412021697263,0.31039259703299726,-0.14173041065075365,0.3583845948114469,8,67,17,9933.941968783787,-0.00660580312162129,-0.00300481869665703,0.015562030901308989,-0.12224161061354648,-0.02493526349917896,0.32432432432432434,1,9,0,cd38c6591b3a,-0.05,0,20,0.0,True,6,0.16666666666666666,-0.011390772864501866,0.44471354166666666
84,0.7142857142857143,0.10573662201709423,0.11417769913543141,0.10573662201709423,4.326555871506467,-0.5966099717780341,5.184944842821781,6,51,0.8431372549019608,0.16586691322365787,0.17387924649359265,0.16586691322365787,8.929889913563835,-0.5300801984758192,6.201669403322018,3,24,0.5,0.025597210773230027,0.010288481401197036,0.025597210773230027,1.608695880261229,-0.5410290553677636,0.8906763342460666,6,9,0.5555555555555556,-0.02129659816979505,0.017363394774524532,-0.02129659816979505,0.677313521062235,-0.33730966703777066,-0.4905209392851245,2,-0.10508136820294375,0.06472296474670496,13157.837408025727,0.31578374080257277,0.018468818001935672,0.05990547624548149,0.3365000341787796,-0.19969283451965347,0.9370203757607832,8,59,25,9806.036604090841,-0.019396339590915912,-0.008261321579576375,0.032216484304493274,-0.2417303443358921,-0.05309521897494707,0.9092436974789916,3,9,0,601e161c51ac,-0.05,2,60,0.0,True,5,0.4,-0.015766096280378988,0.44424479166666675
43,0.6511627906976745,0.042054716107038696,0.028963867150800238,0.042054716107038696,3.0325794248365257,-0.31081336929581793,2.646846624425426,5,23,0.782608695652174,0.0759906587979867,0.041489676126798325,0.0759906587979867,6.739632695357537,-0.24257609638291255,3.159476219037979,2,7,0.7142857142857143,0.04315566632937445,0.04590381427940671,0.04315566632937445,7.90309773614345,-0.03608771929824561,1.7816339168288533,1,13,0.38461538461538464,-0.018578617235127045,-0.023521625242581612,-0.018578617235127045,0.5539022722841277,-0.31081336929581804,-0.9152702784313953,5,-0.058204599617587435,0.018526183238680622,10680.30903652122,0.06803090365212183,0.004637162695409591,0.03388470400046906,0.1562733503292724,-0.09274744191953288,0.10320781032078104,6,37,6,9758.687473872438,-0.02413125261275617,-0.00995926146779269,0.037039301778924595,-0.25014099619944696,-0.05169781624943337,0.21138211382113822,4,13,0,b63fb541f696,-0.1,1,10,0.0,False,8,0.375,-0.012431426415955552,0.443984375
43,0.6511627906976745,0.042054716107038696,0.028963867150800238,0.042054716107038696,3.0325794248365257,-0.31081336929581793,2.646846624425426,5,23,0.782608695652174,0.0759906587979867,0.041489676126798325,0.0759906587979867,6.739632695357537,-0.24257609638291255,3.159476219037979,2,7,0.7142857142857143,0.04315566632937445,0.04590381427940671,0.04315566632937445,7.90309773614345,-0.03608771929824561,1.7816339168288533,1,13,0.38461538461538464,-0.018578617235127045,-0.023521625242581612,-0.018578617235127045,0.5539022722841277,-0.31081336929581804,-0.9152702784313953,5,-0.05545827264807527,0.016554619252401943,10680.30903652122,0.06803090365212183,0.004637162695409591,0.03388470400046906,0.1562733503292724,-0.09274744191953288,0.10320781032078104,6,37,6,9758.687473872438,-0.02413125261275617,-0.00995926146779269,0.037039301778924595,-0.25014099619944696,-0.05169781624943337,0.21138211382113822,4,13,0,061256398eff,-0.1,1,10,0.5,False,9,0.3333333333333333,-0.017352206930990526,0.4356510416666667
82,0.7195121951219512,0.10826830858515572,0.11741042982476901,0.10826830858515572,4.35916444317673,-0.6087189550151642,5.203281919449478,6,51,0.8431372549019608,0.16586691322365787,0.17387924649359265,0.16586691322365787,8.929889913563835,-0.5300801984758192,6.201669403322018,3,22,0.5,0.027748096050198814,0.010288481401197036,0.027748096050198814,1.621528152089794,-0.5410290553677636,0.8861345877576962,6,9,0.5555555555555556,-0.02129659816979505,0.017363394774524532,-0.02129659816979505,0.677313521062235,-0.33730966703777066,-0.4905209392851245,2,-0.10198132502070409,0.06494371911466214,13151.35235981937,0.31513523598193705,0.018435336881207354,0.05962852946355898,0.33723350937016794,-0.19969283451965347,0.9052659433712622,8,57,25,9806.036604090841,-0.019396339590915912,-0.008261321579576375,0.032216484304493274,-0.2417303443358921,-0.05309521897494707,0.9092436974789916,3,9,0,2fca58a3cadd,-0.05,2,60,0.5,True,6,0.3333333333333333,-0.01853134722508702,0.43091145833333333
13,0.7692307692307693,0.0527316613686657,0.012779904306220113,0.0527316613686657,2.815837192045,-0.3328138117102024,1.2402913585697368,2,8,0.75,0.0408831865605805,0.009640181269516934,0.0408831865605805,1.8947473169254914,-0.3328138117102024,0.6093043587865405,2,4,1.0,0.09260620107014017,0.08033138009672758,0.09260620107014017,inf,0.0,2.3785770085510953,0,1,0.0,-0.01197869897255055,-0.01197869897255055,-0.01197869897255055,0.0,0.0,0.0,1,,,10695.624361991258,0.06956243619912583,0.006469431291584948,0.017542936679513496,0.36381374515109177,-0.03598133458737629,0.024733637747336376,4,13,0,9988.02130102745,-0.0011978698972551216,-0.04909459703847996,0.017937530925398612,-1.5001302994928905,-0.0028856217322466016,0.8333333333333334,1,1,0,038a8a56e7d7,-0.1,0,5,0.0,True,6,0.0,-0.01197869897255055,0.4269010416666667
13,0.7692307692307693,0.0527316613686657,0.012779904306220113,0.0527316613686657,2.815837192045,-0.3328138117102024,1.2402913585697368,2,8,0.75,0.0408831865605805,0.009640181269516934,0.0408831865605805,1.8947473169254914,-0.3328138117102024,0.6093043587865405,2,4,1.0,0.09260620107014017,0.08033138009672758,0.09260620107014017,inf,0.0,2.3785770085510953,0,1,0.0,-0.01197869897255055,-0.01197869897255055,-0.01197869897255055,0.0,0.0,0.0,1,,,10695.624361991258,0.06956243619912583,0.006469431291584948,0.017542936679513496,0.36381374515109177,-0.03598133458737629,0.024733637747336376,4,13,0,9988.02130102745,-0.0011978698972551216,-0.04909459703847996,0.017937530925398612,-1.5001302994928905,-0.0028856217322466016,0.8333333333333334,1,1,0,5c78cdc5af60,-0.1,0,5,0.5,True,7,0.0,-0.01197869897255055,0.4269010416666667
7,0.7142857142857143,0.01113279280319939,0.009057891168796073,0.01113279280319939,1.3529293800863866,-0.20882907170191378,0.21634798773894628,1,5,0.8,0.015425668857745234,0.009057891168796073,0.015425668857745234,1.369337198408948,-0.20882907170191378,0.2074506155310222,1,1,1.0,0.012779904306220113,0.012779904306220113,0.012779904306220113,inf,0.0,0.0,0,1,0.0,-0.01197869897255055,-0.01197869897255055,-0.01197869897255055,0.0,0.0,0.0,1,,,10075.882671728235,0.007588267172823571,0.0007251579738087877,0.009352406050819917,0.058802656744170824,-0.025326090788991062,0.013318112633181126,2,7,0,9988.02130102745,-0.0011978698972551216,-0.04909459703847996,0.017937530925398612,-1.5001302994928905,-0.0028856217322466016,0.8333333333333334,1,1,0,b01ac0f9acd3,-0.1,0,5,0.7,True,7,0.0,-0.01197869897255055,0.4269010416666667
13,0.7692307692307693,0.0527316613686657,0.012779904306220113,0.0527316613686657,2.815837192045,-0.3328138117102024,1.2402913585697368,2,8,0.75,0.0408831865605805,0.009640181269516934,0.0408831865605805,1.8947473169254914,-0.3328138117102024,0.6093043587865405,2,4,1.0,0.09260620107014017,0.08033138009672758,0.09260620107014017,inf,0.0,2.3785770085510953,0,1,0.0,-0.01197869897255055,-0.01197869897255055,-0.01197869897255055,0.0,0.0,0.0,1,,,10695.624361991258,0.06956243619912583,0.006469431291584948,0.017542936679513496,0.36381374515109177,-0.03598133458737629,0.024733637747336376,4,13,0,9988.02130102745,-0.0011978698972551216,-0.04909459703847996,0.017937530925398612,-1.5001302994928905,-0.0028856217322466016,0.8333333333333334,1,1,0,c93737a3fd35,-0.1,1,5,0.0,True,7,0.0,-0.013792640869910434,0.4269010416666667
13,0.7692307692307693,0.0527316613686657,0.012779904306220113,0.0527316613686657,2.815837192045,-0.3328138117102024,1.2402913585697368,2,8,0.75,0.0408831865605805,0.009640181269516934,0.0408831865605805,1.8947473169254914,-0.3328138117102024,0.6093043587865405,2,4,1.0,0.09260620107014017,0.08033138009672758,0.09260620107014017,inf,0.0,2.3785770085510953,0,1,0.0,-0.01197869897255055,-0.01197869897255055,-0.01197869897255055,0.0,0.0,0.0,1,,,10695.624361991258,0.06956243619912583,0.006469431291584948,0.017542936679513496,0.36381374515109177,-0.03598133458737629,0.024733637747336376,4,13,0,9988.02130102745,-0.0011978698972551216,-0.04909459703847996,0.017937530925398612,-1.5001302994928905,-0.0028856217322466016,0.8333333333333334,1,1,0,64150516466c,-0.1,1,5,0.5,True,8,0.0,-0.012885669921230492,0.4269010416666667
7,0.7142857142857143,0.01113279280319939,0.009057891168796073,0.01113279280319939,1.3529293800863866,-0.20882907170191378,0.21634798773894628,1,5,0.8,0.015425668857745234,0.009057891168796073,0.015425668857745234,1.369337198408948,-0.20882907170191378,0.2074506155310222,1,1,1.0,0.012779904306220113,0.012779904306220113,0.012779904306220113,inf,0.0,0.0,0,1,0.0,-0.01197869897255055,-0.01197869897255055,-0.01197869897255055,0.0,0.0,0.0,1,,,10075.882671728235,0.007588267172823571,0.0007251579738087877,0.009352406050819917,0.058802656744170824,-0.025326090788991062,0.013318112633181126,2,7,0,9988.02130102745,-0.0011978698972551216,-0.04909459703847996,0.017937530925398612,-1.5001302994928905,-0.0028856217322466016,0.8333333333333334,1,1,0,6a0f662925d3,-0.1,1,5,0.7,True,8,0.0,-0.011994552399270931,0.4269010416666667
3,0.6666666666666666,0.13549692664967158,0.06269842059162956,0.13549692664967158,34.93446824905586,-0.01197869897255055,1.2073471257303958,1,1,1.0,0.3557710583299357,0.3557710583299357,0.3557710583299357,inf,0.0,0.0,0,1,1.0,0.06269842059162956,0.06269842059162956,0.06269842059162956,inf,0.0,0.0,0,1,0.0,-0.01197869897255055,-0.01197869897255055,-0.01197869897255055,0.0,0.0,0.0,1,,,10408.217464299698,0.04082174642996983,0.009885277854946972,0.012416738577794986,0.6868024486136083,-0.007200223185415133,0.014634146341463415,1,3,0,9988.02130102745,-0.0011978698972551216,-0.04909459703847996,0.017937530925398612,-1.5001302994928905,-0.0028856217322466016,0.8333333333333334,1,1,0,fb83703cdb29,-0.15,0,5,0.0,True,6,0.0,-0.01197869897255055,0.4269010416666667
3,0.6666666666666666,0.13549692664967158,0.06269842059162956,0.13549692664967158,34.93446824905586,-0.01197869897255055,1.2073471257303958,1,1,1.0,0.3557710583299357,0.3557710583299357,0.3557710583299357,inf,0.0,0.0,0,1,1.0,0.06269842059162956,0.06269842059162956,0.06269842059162956,inf,0.0,0.0,0,1,0.0,-0.01197869897255055,-0.01197869897255055,-0.01197869897255055,0.0,0.0,0.0,1,,,10408.217464299698,0.04082174642996983,0.009885277854946972,0.012416738577794986,0.6868024486136083,-0.007200223185415133,0.014634146341463415,1,3,0,9988.02130102745,-0.0011978698972551216,-0.04909459703847996,0.017937530925398612,-1.5001302994928905,-0.0028856217322466016,0.8333333333333334,1,1,0,ed2d45574cab,-0.15,0,5,0.5,True,7,0.0,-0.01197869897255055,0.4269010416666667
3,0.6666666666666666,0.13549692664967158,0.06269842059162956,0.13549692664967158,34.93446824905586,-0.01197869897255055,1.2073471257303958,1,1,1.0,0.3557710583299357,0.3557710583299357,0.3557710583299357,inf,0.0,0.0,0,1,1.0,0.06269842059162956,0.06269842059162956,0.06269842059162956,inf,0.0,0.0,0,1,0.0,-0.01197869897255055,-0.01197869897255055,-0.01197869897255055,0.0,0.0,0.0,1,,,10408.217464299698,0.04082174642996983,0.009885277854946972,0.012416738577794986,0.6868024486136083,-0.007200223185415133,0.014634146341463415,1,3,0,9988.02130102745,-0.0011978698972551216,-0.04909459703847996,0.017937530925398612,-1.5001302994928905,-0.0028856217322466016,0.8333333333333334,1,1,0,e9f2e51774a3,-0.15,1,5,0.0,True,7,0.0,-0.01197869897255055,0.4269010416666667
3,0.6666666666666666,0.13549692664967158,0.06269842059162956,0.13549692664967158,34.93446824905586,-0.01197869897255055,1.2073471257303958,1,1,1.0,0.3557710583299357,0.3557710583299357,0.3557710583299357,inf,0.0,0.0,0,1,1.0,0.06269842059162956,0.06269842059162956,0.06269842059162956,inf,0.0,0.0,0,1,0.0,-0.01197869897255055,-0.01197869897255055,-0.01197869897255055,0.0,0.0,0.0,1,,,10408.217464299698,0.04082174642996983,0.009885277854946972,0.012416738577794986,0.6868024486136083,-0.007200223185415133,0.014634146341463415,1,3,0,9988.02130102745,-0.0011978698972551216,-0.04909459703847996,0.017937530925398612,-1.5001302994928905,-0.0028856217322466016,0.8333333333333334,1,1,0,ed40fb59fbfa,-0.15,1,5,0.5,True,8,0.0,-0.01197869897255055,0.4269010416666667
84,0.7261904761904762,0.10516934522234068,0.08266226574876523,0.10516934522234068,4.571692607039908,-0.5371562654642773,5.2471625822717245,4,51,0.8235294117647058,0.1602894078162505,0.16878123019893143,0.1602894078162505,9.021391475993152,-0.46128692057024023,6.0873818792977294,3,24,0.625,0.03339000277380225,0.026350721860460724,0.03339000277380225,1.8787851523369756,-0.52025122296539,1.1112320165837895,4,9,0.4444444444444444,-0.015766096280378988,-0.01948486897273516,-0.015766096280378988,0.7383871406836452,-0.3105178013895922,-0.3796202418429384,3,-0.09166723799616315,0.05816843816883867,13286.04168752979,0.32860416875297904,0.01912757092937567,0.060468828499144874,0.3431290686342613,-0.21650781098097427,0.9370203757607832,8,59,25,9855.60659360746,-0.014439340639254117,-0.006141132594327248,0.03189156763961984,-0.14832001149115467,-0.05127573064949087,0.9092436974789916,3,9,0,a9266745b5c6,-0.05,0,60,0.0,True,5,0.2,-0.015766096280378988,0.4216927083333334
82,0.7195121951219512,0.10695613167925525,0.08416028008852694,0.10695613167925525,4.545889179638956,-0.5526339351075794,5.218756690482431,4,51,0.8235294117647058,0.1602894078162505,0.16878123019893143,0.1602894078162505,9.021391475993152,-0.46128692057024023,6.0873818792977294,3,22,0.5909090909090909,0.03352444843607119,0.023013313465733765,0.03352444843607119,1.8087966353790104,-0.5202512229653898,1.0207273414678915,4,9,0.4444444444444444,-0.015766096280378988,-0.01948486897273516,-0.015766096280378988,0.7383871406836452,-0.3105178013895922,-0.3796202418429384,3,-0.08942045542177174,0.06312276846233994,13201.89652011219,0.3201896520112191,0.01869588023867408,0.06016603756260678,0.33750989451352564,-0.21650781098097427,0.9052659433712622,8,57,25,9855.60659360746,-0.014439340639254117,-0.006141132594327248,0.03189156763961984,-0.14832001149115467,-0.05127573064949087,0.9092436974789916,3,9,0,25ca8ff2abab,-0.05,0,60,0.5,True,6,0.16666666666666666,-0.015766096280378988,0.4150260416666667
84,0.7261904761904762,0.10516934522234068,0.08266226574876523,0.10516934522234068,4.571692607039908,-0.5371562654642773,5.2471625822717245,4,51,0.8235294117647058,0.1602894078162505,0.16878123019893143,0.1602894078162505,9.021391475993152,-0.46128692057024023,6.0873818792977294,3,24,0.625,0.03339000277380225,0.026350721860460724,0.03339000277380225,1.8787851523369756,-0.52025122296539,1.1112320165837895,4,9,0.4444444444444444,-0.015766096280378988,-0.01948486897273516,-0.015766096280378988,0.7383871406836452,-0.3105178013895922,-0.3796202418429384,3,-0.09287333558416148,0.06051597499697439,13286.04168752979,0.32860416875297904,0.01912757092937567,0.060468828499144874,0.3431290686342613,-0.21650781098097427,0.9370203757607832,8,59,25,9855.60659360746,-0.014439340639254117,-0.006141132594327248,0.03189156763961984,-0.14832001149115467,-0.05127573064949087,0.9092436974789916,3,9,0,0265d9df671c,-0.05,1,60,0.0,True,6,0.16666666666666666,-0.015766096280378988,0.4150260416666667
26,0.6153846153846154,0.08788715157802635,0.058189885279201325,0.08788715157802635,5.928524583275067,-0.31163032874213503,2.8467203439424495,6,14,0.8571428571428571,0.16841744550689647,0.133469533287221,0.16841744550689647,31.51981779338029,-0.0391994011854192,3.8191644474456066,1,3,0.6666666666666666,0.03322367786685306,0.005692607003891071,0.03322367786685306,73.7621167705139,-0.0013698204233792977,1.0672861796247706,1,9,0.2222222222222222,-0.01916103662982492,-0.029137407981394525,-0.01916103662982492,0.5520970953275518,-0.31163032874213503,-0.6814776762757727,6,-0.06516997491257714,0.02601245523254176,11437.915267961205,0.1437915267961205,0.010359489162060864,0.028990301877585885,0.3676381642134678,-0.04287750485393593,0.1339421613394216,5,22,4,9826.1028758547,-0.017389712414530023,-0.007048256131839015,0.02498081551696449,-0.25373637021475304,-0.04287750485393571,0.288,2,9,0,19190144c1bf,-0.1,2,20,0.7,False,8,0.25,-0.027708042423757455,0.4125520833333334
82,0.7195121951219512,0.10695613167925525,0.08416028008852694,0.10695613167925525,4.545889179638956,-0.5526339351075794,5.218756690482431,4,51,0.8235294117647058,0.1602894078162505,0.16878123019893143,0.1602894078162505,9.021391475993152,-0.46128692057024023,6.0873818792977294,3,22,0.5909090909090909,0.03352444843607119,0.023013313465733765,0.03352444843607119,1.8087966353790104,-0.5202512229653898,1.0207273414678915,4,9,0.4444444444444444,-0.015766096280378988,-0.01948486897273516,-0.015766096280378988,0.7383871406836452,-0.3105178013895922,-0.3796202418429384,3,-0.09585209616888246,0.06221970555044131,13201.89652011219,0.3201896520112191,0.01869588023867408,0.06016603756260678,0.33750989451352564,-0.21650781098097427,0.9052659433712622,8,57,25,9855.60659360746,-0.014439340639254117,-0.006141132594327248,0.03189156763961984,-0.14832001149115467,-0.05127573064949087,0.9092436974789916,3,9,0,a16ae16326b1,-0.05,1,60,0.5,True,7,0.14285714285714285,-0.015766096280378988,0.41026413690476193
142,0.6690140845070423,0.08842289399898999,0.07432389906936487,0.08842289399898999,3.4517644528372577,-0.8857708406135744,5.694214870639063,11,80,0.8375,0.1631099825135493,0.15882193007202094,0.1631099825135493,12.812129060859903,-0.2833445599769636,8.406604977090005,4,34,0.47058823529411764,-0.00812166208237118,-0.013649440035614857,-0.00812166208237118,0.8651913433766388,-0.852579700536531,-0.33757943854036326,11,28,0.42857142857142855,-0.007736112229526605,-0.026961686697708265,-0.007736112229526605,0.889943246367276,-0.5499851251839221,-0.24126281343746372,3,-0.06579493944978285,0.055074390413039,11675.827856391985,0.16758278563919848,0.010440874727146277,0.05639105466753702,0.2125658348986489,-0.16206561092887883,1.14950784783187,6,72,70,9225.296401254689,-0.0774703598745311,-0.03164085092684199,0.050324283087674185,-0.6124332379266503,-0.10525354354973704,1.7104430379746836,4,18,10,8370d41eb12a,-0.05,1,60,0.7,False,7,0.42857142857142855,-0.013295241989405607,0.40561011904761907
85,0.5176470588235295,-0.0005023424352391918,0.0038968488747407335,-0.0005023424352391918,0.984175552954583,-0.8169688399479449,-0.0472374019927721,7,51,0.5294117647058824,-0.004567505965317252,0.006958030543522954,-0.004567505965317252,0.887510003198952,-0.8169688399479449,-0.2767020214182165,7,24,0.5416666666666666,0.01367375441395637,0.002927155955656958,0.01367375441395637,1.7916175655856472,-0.13952214974303911,1.0557358767502727,3,10,0.4,-0.013792640869910434,-0.011201933182740764,-0.013792640869910434,0.3523270953617084,-0.1631185312949076,-1.164947157353827,4,-0.03857010077507789,0.0054101394150474795,10417.868804908765,0.04178688049087653,0.0027028148137180352,0.02831434316261085,0.10848661137013714,-0.09614007787915357,0.1033490319204605,6,79,6,9862.301436027388,-0.013769856397261138,-0.0054617014494214855,0.007151829038220304,-0.6422287120686454,-0.023240185542703906,0.07836990595611286,1,10,0,5d0bb849ade8,-0.05,0,5,0.0,True,5,0.2,-0.013792640869910434,0.40184895833333334
43,0.5348837209302325,0.040535735675391794,0.014789677334973494,0.040535735675391794,2.8240481658694034,-0.306604174555281,2.0816552492134317,6,23,0.6521739130434783,0.06938229936170599,0.017642088988635396,0.06938229936170599,4.3550067677159845,-0.306604174555281,2.1395244336967107,2,7,0.7142857142857143,0.05457034209767975,0.050206225680934025,0.05457034209767975,14.999931811639605,-0.014130793156401755,1.7744270008128011,2,13,0.23076923076923078,-0.018057588150857562,-0.028946958412087387,-0.018057588150857562,0.48139776172673776,-0.25340643688936837,-1.031347549718577,6,-0.04773399235711309,0.01590412980173666,10462.947486713321,0.0462947486713321,0.003190634674487658,0.0260437171028846,0.11872559522473534,-0.06272811664835265,0.05307262569832402,4,38,5,9762.20628817009,-0.023779371182991005,-0.00989303276704423,0.03466109445380183,-0.25737164992558476,-0.04114445642300135,0.10655737704918032,3,13,0,352e77f15955,-0.1,2,5,0.0,False,6,0.16666666666666666,-0.017704897540924046,0.4015364583333333
43,0.5348837209302325,0.040535735675391794,0.014789677334973494,0.040535735675391794,2.8240481658694034,-0.306604174555281,2.0816552492134317,6,23,0.6521739130434783,0.06938229936170599,0.017642088988635396,0.06938229936170599,4.3550067677159845,-0.306604174555281,2.1395244336967107,2,7,0.7142857142857143,0.05457034209767975,0.050206225680934025,0.05457034209767975,14.999931811639605,-0.014130793156401755,1.7744270008128011,2,13,0.23076923076923078,-0.018057588150857562,-0.028946958412087387,-0.018057588150857562,0.48139776172673776,-0.25340643688936837,-1.031347549718577,6,-0.048098766866619874,0.015879638735556954,10462.947486713321,0.0462947486713321,0.003190634674487658,0.0260437171028846,0.11872559522473534,-0.06272811664835265,0.05307262569832402,4,38,5,9762.20628817009,-0.023779371182991005,-0.00989303276704423,0.03466109445380183,-0.25737164992558476,-0.04114445642300135,0.10655737704918032,3,13,0,ca9be2a8530d,-0.1,2,5,0.5,False,7,0.14285714285714285,-0.018057588150857562,0.39677455357142855
145,0.5103448275862069,0.008847291400492898,0.0019680905019990877,0.008847291400492898,1.4330104491792033,-0.6841600722459009,1.2581806161759392,7,80,0.575,0.02234277949740206,0.006061742772186741,0.02234277949740206,2.1074380204845524,-0.6841600722459009,1.9126539422902733,5,34,0.5294117647058824,0.0021056231551820413,0.0022500628698323153,0.0021056231551820413,1.1303753227328455,-0.21157102717888276,0.26030522760735914,4,31,0.3225806451612903,-0.01858568690312529,-0.010827200739571996,-0.01858568690312529,0.27936823471878475,-0.48272035784058454,-2.37067848991276,7,-0.03426109511558613,-0.003908725284422195,10017.079515273153,0.0017079515273152879,0.00011492820942149429,0.0325149628355766,0.019593629902169146,-0.08644510149257767,0.16034206306787813,6,120,25,9418.611981600556,-0.058138801839944465,-0.024244571803406778,0.027075470526324114,-0.8771121764993932,-0.06885089513215426,0.22764227642276422,3,28,3,0d99f1d06727,-0.05,2,5,0.7,False,6,0.0,-0.018213825298616808,0.3966145833333333
83,0.5060240963855421,-0.001460836356344256,0.0019574630365731824,-0.001460836356344256,0.955064517205526,-0.8169688399479449,-0.13439625060340957,7,51,0.5294117647058824,-0.004567505965317252,0.006958030543522954,-0.004567505965317252,0.887510003198952,-0.8169688399479449,-0.2767020214182165,7,22,0.5,0.011346354334259588,-0.003718734451316596,0.011346354334259588,1.6021371573651482,-0.177868478898486,0.8081903552970858,4,10,0.4,-0.013792640869910434,-0.011201933182740764,-0.013792640869910434,0.3523270953617084,-0.1631185312949076,-1.164947157353827,4,-0.03678572405352896,0.007358711810139803,10336.522195411984,0.03365221954119835,0.0021846933970646187,0.028274715901507586,0.09031898221803118,-0.09614007787915357,0.10073260073260074,6,77,6,9862.301436027388,-0.013769856397261138,-0.0054617014494214855,0.007151829038220304,-0.6422287120686454,-0.023240185542703906,0.07836990595611286,1,10,0,21c6193fc889,-0.05,0,5,0.5,True,6,0.16666666666666666,-0.012901523347950871,0.39518229166666663
26,0.5769230769230769,0.06175824697906706,0.049951278944398325,0.06175824697906706,3.5580544876115487,-0.3078714577473568,2.197201529385084,4,14,0.7857142857142857,0.1275341543887421,0.09718596373051758,0.1275341543887421,14.540030210477832,-0.08102285459002068,3.0692311058705375,2,3,0.3333333333333333,0.018970781356671407,-0.009311148626712562,0.018970781356671407,2.413201202787742,-0.03998365247609337,0.47902399671071616,2,9,0.3333333333333333,-0.026297342672962267,-0.052967655250998336,-0.026297342672962267,0.4804843689854461,-0.3078714577473567,-0.9600015493074848,4,-0.0764113076351595,0.023394765578399732,10439.56869153094,0.04395686915309405,0.003305475499804311,0.028974907161338485,0.14314532971069402,-0.06879039888919614,0.1339421613394216,5,22,4,9762.169559250375,-0.023783044074962567,-0.009658252484413876,0.02500929241779967,-0.3545437580589508,-0.036376148381994655,0.288,2,9,0,c48255f35be3,-0.1,0,20,0.7,False,8,0.25,-0.02802641935957837,0.39171875
26,0.6923076923076923,0.08857054614731229,0.04284792185761066,0.08857054614731229,6.151693756167276,-0.30173681360716464,3.2070947742839278,4,14,0.9285714285714286,0.16942443000771873,0.16915654226780796,0.16942443000771873,98.19463860250599,-0.024404041768276152,4.784502885538163,1,3,0.6666666666666666,0.046665888922613696,0.029366826156299708,0.046665888922613696,7.47300089766234,-0.02162793872288804,1.0311194793476908,1,9,0.3333333333333333,-0.023233943005087052,-0.041605256445287786,-0.023233943005087052,0.4785051811452265,-0.30173681360716476,-0.9196405388674538,4,-0.06805757797671895,0.028447342797973195,11263.929502051835,0.12639295020518349,0.009172144375087177,0.028846749799359115,0.3401928430591596,-0.042261545141347945,0.1339421613394216,5,22,4,9790.609142291685,-0.020939085770831478,-0.00849598691717346,0.023943219915560237,-0.3416650835591141,-0.03694660159850194,0.288,2,9,0,7b972fdcd1af,-0.1,1,20,0.7,False,9,0.2222222222222222,-0.027992011810043793,0.3911111111111111
84,0.5714285714285714,0.022034791880331216,0.016822560642196005,0.022034791880331216,2.01779523672498,-0.39846178805658694,2.210960444498023,5,51,0.6274509803921569,0.02982310734735681,0.025630129876166863,0.02982310734735681,2.3667878850419215,-0.39846178805658694,2.197173990792261,4,24,0.5416666666666666,0.023623293382275673,0.008639839679707939,0.023623293382275673,2.44631564386605,-0.2338910441281994,1.2948105081978458,5,9,0.3333333333333333,-0.026334999771332357,-0.031125864288016225,-0.026334999771332357,0.24456440255446535,-0.2280071645002183,-1.8410076566310836,3,-0.05076366968432408,0.0009077081928983604,10848.665054012241,0.08486650540122409,0.005519911952036827,0.03803654965043296,0.16538598128649104,-0.12886151364865983,0.19039957093054438,7,71,13,9764.74400728956,-0.023525599271043918,-0.010947524015196941,0.010332851782038938,-1.061475362790872,-0.027935344113788285,0.1651376146788991,1,9,0,6f298c29d65b,-0.05,2,10,0.0,True,6,0.3333333333333333,-0.019783480757238875,0.3908072916666667
82,0.573170731707317,0.022464800146704694,0.016822560642196005,0.022464800146704694,2.0207688297030857,-0.39846178805658694,2.2021969686688725,4,51,0.6274509803921569,0.02982310734735681,0.025630129876166863,0.02982310734735681,2.3667878850419215,-0.39846178805658694,2.197173990792261,4,22,0.5454545454545454,0.025370460693480867,0.008639839679707939,0.025370460693480867,2.4762948368960456,-0.22307050497920167,1.2773189027083474,4,9,0.3333333333333333,-0.026334999771332357,-0.031125864288016225,-0.026334999771332357,0.24456440255446535,-0.2280071645002183,-1.8410076566310836,3,-0.05127473497658287,-0.0009172599551093969,10839.256702582215,0.08392567025822162,0.005460958163774787,0.03800542780412966,0.1639475568508324,-0.12886151364865983,0.1850362027353178,7,69,13,9764.74400728956,-0.023525599271043918,-0.010947524015196941,0.010332851782038938,-1.061475362790872,-0.027935344113788285,0.1651376146788991,1,9,0,27e2524204f6,-0.05,2,10,0.5,True,7,0.2857142857142857,-0.026334999771332357,0.3812834821428571
13,0.6153846153846154,0.07468852717891987,0.017642088988635396,0.07468852717891987,4.794318084167283,-0.10991810026620052,1.7909879061695917,2,8,0.625,0.08528769578286109,0.017044927913738128,0.08528769578286109,4.478777793013005,-0.10991810026620052,1.343186515094066,1,4,0.75,0.08357048765048342,0.06316644319183207,0.08357048765048342,24.656276537491596,0.0,1.6762940140736475,1,1,0.0,-0.04563266353886397,-0.04563266353886397,-0.04563266353886397,0.0,0.0,0.0,1,,,10986.410498225956,0.09864104982259558,0.00906160516642407,0.021064009203208566,0.4463704312317319,-0.03538890745163881,0.024733637747336376,4,13,0,9954.367336461137,-0.004563266353886375,-0.1747722029685933,0.014346560441957009,-12.926989127540049,-0.004852930951777412,0.8333333333333334,1,1,0,5a1244ae3958,-0.1,2,5,0.0,True,6,0.0,-0.03184512584486077,0.37690104166666666
13,0.6153846153846154,0.07468852717891987,0.017642088988635396,0.07468852717891987,4.794318084167283,-0.10991810026620052,1.7909879061695917,2,8,0.625,0.08528769578286109,0.017044927913738128,0.08528769578286109,4.478777793013005,-0.10991810026620052,1.343186515094066,1,4,0.75,0.08357048765048342,0.06316644319183207,0.08357048765048342,24.656276537491596,0.0,1.6762940140736475,1,1,0.0,-0.04563266353886397,-0.04563266353886397,-0.04563266353886397,0.0,0.0,0.0,1,,,10986.410498225956,0.09864104982259558,0.00906160516642407,0.021064009203208566,0.4463704312317319,-0.03538890745163881,0.024733637747336376,4,13,0,9954.367336461137,-0.004563266353886375,-0.1747722029685933,0.014346560441957009,-12.926989127540049,-0.004852930951777412,0.8333333333333334,1,1,0,3a845575be2a,-0.1,2,5,0.5,True,7,0.0,-0.04563266353886397,0.37690104166666666
3,0.6666666666666666,0.12574988251235797,0.07462059777873631,0.12574988251235797,9.267096817957638,-0.04563266353886408,1.0789729287619643,1,1,1.0,0.34826171329720157,0.34826171329720157,0.34826171329720157,inf,0.0,0.0,0,1,1.0,0.07462059777873631,0.07462059777873631,0.07462059777873631,inf,0.0,0.0,0,1,0.0,-0.04563266353886397,-0.04563266353886397,-0.04563266353886397,0.0,0.0,0.0,1,,,10377.906813851083,0.03779068138510833,0.009161433706560862,0.011872453524537597,0.6058221282306628,-0.00987026493403842,0.014634146341463415,1,3,0,9954.367336461137,-0.004563266353886375,-0.1747722029685933,0.014346560441957009,-12.926989127540049,-0.004852930951777412,0.8333333333333334,1,1,0,c0d751aed56a,-0.15,2,5,0.0,True,6,0.0,-0.04563266353886397,0.37690104166666666
3,0.6666666666666666,0.12574988251235797,0.07462059777873631,0.12574988251235797,9.267096817957638,-0.04563266353886408,1.0789729287619643,1,1,1.0,0.34826171329720157,0.34826171329720157,0.34826171329720157,inf,0.0,0.0,0,1,1.0,0.07462059777873631,0.07462059777873631,0.07462059777873631,inf,0.0,0.0,0,1,0.0,-0.04563266353886397,-0.04563266353886397,-0.04563266353886397,0.0,0.0,0.0,1,,,10377.906813851083,0.03779068138510833,0.009161433706560862,0.011872453524537597,0.6058221282306628,-0.00987026493403842,0.014634146341463415,1,3,0,9954.367336461137,-0.004563266353886375,-0.1747722029685933,0.014346560441957009,-12.926989127540049,-0.004852930951777412,0.8333333333333334,1,1,0,1626108b3641,-0.15,2,5,0.5,True,7,0.0,-0.04563266353886397,0.37690104166666666
44,0.6136363636363636,0.023376687557752372,0.010762256139404847,0.023376687557752372,1.8234068737093596,-0.5397003267002982,1.3061430442124886,6,23,0.6956521739130435,0.038493865839074284,0.021882891130876936,0.038493865839074284,2.1292087980176233,-0.5397003267002982,1.2361190566979199,2,7,0.8571428571428571,0.055163747896609015,0.033753462822097124,0.055163747896609015,19.985794405199336,-0.020338692552707482,1.9754685190818773,1,14,0.35714285714285715,-0.017352206930990526,-0.012991897566925148,-0.017352206930990526,0.45381509746049725,-0.3255123698358591,-1.0792650383145779,6,-0.04707245315318906,0.016800932886545283,10072.043882626102,0.007204388262610051,0.0004997098117498489,0.02330138321554241,0.037496461628802824,-0.07321852916845761,0.053852526926263466,4,39,5,9758.370283960461,-0.024162971603953864,-0.009423582508497619,0.028256861766493755,-0.3188293059898431,-0.04492188708140987,0.10752688172043011,3,14,0,4c3149eba055,-0.1,1,5,0.0,False,7,0.0,-0.017352206930990526,0.37231770833333333
44,0.6136363636363636,0.023376687557752372,0.010762256139404847,0.023376687557752372,1.8234068737093596,-0.5397003267002982,1.3061430442124886,6,23,0.6956521739130435,0.038493865839074284,0.021882891130876936,0.038493865839074284,2.1292087980176233,-0.5397003267002982,1.2361190566979199,2,7,0.8571428571428571,0.055163747896609015,0.033753462822097124,0.055163747896609015,19.985794405199336,-0.020338692552707482,1.9754685190818773,1,14,0.35714285714285715,-0.017352206930990526,-0.012991897566925148,-0.017352206930990526,0.45381509746049725,-0.3255123698358591,-1.0792650383145779,6,-0.04518174812598318,0.012825194647745793,10072.043882626102,0.007204388262610051,0.0004997098117498489,0.02330138321554241,0.037496461628802824,-0.07321852916845761,0.053852526926263466,4,39,5,9758.370283960461,-0.024162971603953864,-0.009423582508497619,0.028256861766493755,-0.3188293059898431,-0.04492188708140987,0.10752688172043011,3,14,0,4dae00d61107,-0.1,1,5,0.5,False,8,0.0,-0.017704897540924046,0.37231770833333333
0,0.0,0.0,0.0,0.0,0.0,0.0,0.0,0,0,0.0,0.0,0.0,0.0,0.0,0.0,0.0,0,0,0.0,0.0,0.0,0.0,0.0,0.0,0.0,0,0,0.0,0.0,0.0,0.0,0.0,0.0,0.0,0,,,10000.0,0.0,0.0,0.0,0.0,0.0,0.0,0,0,0,10000.0,0.0,0.0,0.0,0.0,0.0,0.0,0,0,0,451e8c8e22c7,-0.1,0,20,0.8,True,7,0.14285714285714285,0.0,0.3685453869047619
0,0.0,0.0,0.0,0.0,0.0,0.0,0.0,0,0,0.0,0.0,0.0,0.0,0.0,0.0,0.0,0,0,0.0,0.0,0.0,0.0,0.0,0.0,0.0,0,0,0.0,0.0,0.0,0.0,0.0,0.0,0.0,0,,,10000.0,0.0,0.0,0.0,0.0,0.0,0.0,0,0,0,10000.0,0.0,0.0,0.0,0.0,0.0,0.0,0,0,0,f9fcfcb738b6,-0.1,2,20,0.8,True,7,0.14285714285714285,0.0,0.3685453869047619
142,0.647887323943662,0.0885382750305593,0.08225841608360174,0.0885382750305593,3.503572459661082,-0.9024917564300817,5.838672101389233,12,80,0.825,0.16644211712851487,0.16267488534179086,0.16644211712851487,15.519131274350213,-0.25443151214301596,9.03819685089852,4,34,0.4411764705882353,-0.010901986477600352,-0.01484432916127576,-0.010901986477600352,0.8216109376423655,-0.8581884533459748,-0.4574823475549772,12,28,0.39285714285714285,-0.013295241989405607,-0.04245503230235009,-0.013295241989405607,0.816332022719327,-0.5738444691535894,-0.4333740564915251,4,-0.07382185437075953,0.04450967075048332,11740.32852716114,0.17403285271611413,0.01081412405706672,0.056368729904505956,0.2188461848594047,-0.17233458201975038,1.14950784783187,6,72,70,9203.140593710728,-0.0796859406289272,-0.0325688360897638,0.050449199630734985,-0.6227914303861958,-0.10890057794612196,1.7104430379746836,4,18,10,ed4ac4e65bc9,-0.05,2,60,0.7,False,6,0.3333333333333333,-0.017615594519380693,0.36624999999999996
0,0.0,0.0,0.0,0.0,0.0,0.0,0.0,0,0,0.0,0.0,0.0,0.0,0.0,0.0,0.0,0,0,0.0,0.0,0.0,0.0,0.0,0.0,0.0,0,0,0.0,0.0,0.0,0.0,0.0,0.0,0.0,0,,,10000.0,0.0,0.0,0.0,0.0,0.0,0.0,0,0,0,10000.0,0.0,0.0,0.0,0.0,0.0,0.0,0,0,0,9d08a839ab39,-0.1,1,20,0.8,True,8,0.125,0.0,0.36497395833333335
85,0.5058823529411764,0.013351675200863066,0.00538948802431738,0.013351675200863066,1.5717820746739588,-0.6197826591463718,1.3121593384088301,7,51,0.5490196078431373,0.018934126622338558,0.014289988781966856,0.018934126622338558,1.7208565240652816,-0.6197826591463718,1.2352276267206044,5,24,0.4583333333333333,0.012565481323564498,-0.005051198572426695,0.012565481323564498,1.6608721973545781,-0.2533922948333661,0.8492283207761578,7,10,0.4,-0.013231961743145393,-0.0029783900039958558,-0.013231961743145393,0.2996610052421913,-0.16684705728024085,-1.2200707113538432,3,-0.03398050561794985,0.005526969325010644,11208.930943279855,0.12089309432798556,0.0075531585290813386,0.029449097741937994,0.2723262025518775,-0.09367469821016505,0.1033490319204605,6,79,6,9867.940698320182,-0.013205930167981772,-0.005237121855908633,0.006943488829520319,-0.7544433542224083,-0.023175045691734897,0.07836990595611286,1,10,0,fb67b3ab1319,-0.05,2,5,0.0,True,5,0.0,-0.013792640869910434,0.3634114583333333
83,0.5060240963855421,0.013823163858977406,0.00538948802431738,0.013823163858977406,1.5853567752503368,-0.6197826591463718,1.3276655642782325,6,51,0.5490196078431373,0.018934126622338558,0.014289988781966856,0.018934126622338558,1.7208565240652816,-0.6197826591463718,1.2352276267206044,5,22,0.45454545454545453,0.014272807272150549,-0.005051198572426695,0.014272807272150549,1.7276482705160092,-0.234410289021034,0.8878617485779066,6,10,0.4,-0.013231961743145393,-0.0029783900039958558,-0.013231961743145393,0.2996610052421913,-0.16684705728024085,-1.2200707113538432,3,-0.03332532349140819,0.005849086469918997,11222.96042106919,0.12229604210691902,0.007636258601265045,0.029430678959791595,0.2752806122211062,-0.09367469821016505,0.10073260073260074,6,77,6,9867.940698320182,-0.013205930167981772,-0.005237121855908633,0.006943488829520319,-0.7544433542224083,-0.023175045691734897,0.07836990595611286,1,10,0,9b421380d92d,-0.05,2,5,0.5,True,6,0.0,-0.015617783276988885,0.3634114583333333
26,0.6153846153846154,0.04794349633206784,0.029066094230405737,0.04794349633206784,2.994838227928079,-0.3823001100840394,1.9338083292973502,6,14,0.7857142857142857,0.10635987213355112,0.06500297963493717,0.10635987213355112,14.585248061956563,-0.04775039590011587,2.962735011181416,1,3,0.6666666666666666,0.0029272557028565682,0.011840466926069992,0.0029272557028565682,1.157495567451525,-0.055758820712669355,0.09256148171543901,1,9,0.3333333333333333,-0.027921008038280126,-0.042324445347901474,-0.027921008038280126,0.45313970808095816,-0.3823001100840393,-1.0260122929916653,6,-0.0738604131254983,0.025348985025371026,10571.949038304207,0.057194903830420696,0.004288868384975553,0.022171244931692587,0.20110982671179062,-0.04882405444298876,0.06717557251908397,4,22,4,9748.53168572563,-0.02514683142743701,-0.010381574177503183,0.022680283590174103,-0.42984156157448067,-0.048824054442988096,0.14634146341463414,2,9,0,387f28f5dfb4,-0.1,2,10,0.7,False,8,0.125,-0.036345778382672826,0.36307291666666663
85,0.5176470588235295,-0.0005023424352391918,0.0038968488747407335,-0.0005023424352391918,0.984175552954583,-0.8169688399479449,-0.0472374019927721,7,51,0.5294117647058824,-0.004567505965317252,0.006958030543522954,-0.004567505965317252,0.887510003198952,-0.8169688399479449,-0.2767020214182165,7,24,0.5416666666666666,0.01367375441395637,0.002927155955656958,0.01367375441395637,1.7916175655856472,-0.13952214974303911,1.0557358767502727,3,10,0.4,-0.013792640869910434,-0.011201933182740764,-0.013792640869910434,0.3523270953617084,-0.1631185312949076,-1.164947157353827,4,-0.03863167372642789,0.006566359235161957,10417.868804908765,0.04178688049087653,0.0027028148137180352,0.02831434316261085,0.10848661137013714,-0.09614007787915357,0.1033490319204605,6,79,6,9862.301436027388,-0.013769856397261138,-0.0054617014494214855,0.007151829038220304,-0.6422287120686454,-0.023240185542703906,0.07836990595611286,1,10,0,27bade134fbf,-0.05,1,5,0.0,True,6,0.0,-0.013512301306527913,0.3618489583333333
83,0.5060240963855421,-0.001460836356344256,0.0019574630365731824,-0.001460836356344256,0.955064517205526,-0.8169688399479449,-0.13439625060340957,7,51,0.5294117647058824,-0.004567505965317252,0.006958030543522954,-0.004567505965317252,0.887510003198952,-0.8169688399479449,-0.2767020214182165,7,22,0.5,0.011346354334259588,-0.003718734451316596,0.011346354334259588,1.6021371573651482,-0.177868478898486,0.8081903552970858,4,10,0.4,-0.013792640869910434,-0.011201933182740764,-0.013792640869910434,0.3523270953617084,-0.1631185312949076,-1.164947157353827,4,-0.03709857820670482,0.007078411970229993,10336.522195411984,0.03365221954119835,0.0021846933970646187,0.028274715901507586,0.09031898221803118,-0.09614007787915357,0.10073260073260074,6,77,6,9862.301436027388,-0.013769856397261138,-0.0054617014494214855,0.007151829038220304,-0.6422287120686454,-0.023240185542703906,0.07836990595611286,1,10,0,1177374bc2f2,-0.05,1,5,0.5,True,7,0.0,-0.013231961743145393,0.3618489583333333
13,0.6923076923076923,0.06100971048794575,0.03130051672110701,0.06100971048794575,4.106866763692011,-0.12420591115096313,1.6593199154495595,2,8,0.75,0.08311885776623643,0.053203946331991325,0.08311885776623643,6.530224984835377,-0.07248899109648499,1.6244884203816683,1,4,0.75,0.051864717208171235,0.023575329426021696,0.051864717208171235,4.720646638165838,0.0,0.8943178854012679,1,1,0.0,-0.07928349461928164,-0.07928349461928164,-0.07928349461928164,0.0,0.0,0.0,1,,,10790.488212390017,0.0790488212390017,0.007308056741203606,0.0267549420177519,0.2914460021735706,-0.035388907451638696,0.04937333839726547,4,13,0,9920.716505380718,-0.007928349461928108,-0.16669463985636312,0.01802577754237499,-9.9084348345627,-0.009104694541560931,0.9090909090909091,1,1,0,b80464dd3728,-0.1,2,10,0.0,True,7,0.14285714285714285,-0.07641982907618261,0.3570349702380953
13,0.6923076923076923,0.06100971048794575,0.03130051672110701,0.06100971048794575,4.106866763692011,-0.12420591115096313,1.6593199154495595,2,8,0.75,0.08311885776623643,0.053203946331991325,0.08311885776623643,6.530224984835377,-0.07248899109648499,1.6244884203816683,1,4,0.75,0.051864717208171235,0.023575329426021696,0.051864717208171235,4.720646638165838,0.0,0.8943178854012679,1,1,0.0,-0.07928349461928164,-0.07928349461928164,-0.07928349461928164,0.0,0.0,0.0,1,,,10790.488212390017,0.0790488212390017,0.007308056741203606,0.0267549420177519,0.2914460021735706,-0.035388907451638696,0.04937333839726547,4,13,0,9920.716505380718,-0.007928349461928108,-0.16669463985636312,0.01802577754237499,-9.9084348345627,-0.009104694541560931,0.9090909090909091,1,1,0,7ce6de7c74dc,-0.1,2,10,0.5,True,8,0.125,-0.07785166184773212,0.35346354166666666
13,0.6923076923076923,0.08837138664858267,0.0516188611690257,0.08837138664858267,6.783588013129677,-0.1302229088026602,2.208665918292288,2,8,0.75,0.12955352592793823,0.08020943812977643,0.12955352592793823,16.459124124125943,-0.027843737811442226,2.349955552241356,1,4,0.75,0.06065568195268223,0.049808144134558474,0.06065568195268223,178.12009813095614,0.0,1.7091751326430618,1,1,0.0,-0.1302229088026602,-0.1302229088026602,-0.1302229088026602,0.0,0.0,0.0,1,,,11160.963224375795,0.1160963224375795,0.010527585718537846,0.03428804835159016,0.32710572970366153,-0.043856811938563944,0.09837306091562618,5,13,0,9869.77709119734,-0.013022290880265963,-0.1455470944351689,0.015419642139987368,-10.070281069398197,-0.01330949396568204,0.9523809523809523,1,1,0,425956c4668d,-0.1,2,20,0.0,True,7,0.2857142857142857,-0.11244152922111084,0.3473251488095238
84,0.5595238095238095,0.011124806559487613,0.012250255822009448,0.011124806559487613,1.4391742421117137,-0.6083433539662406,1.1849759852857387,5,51,0.6470588235294118,0.015944223692476146,0.021853670515553092,0.015944223692476146,1.5819635098199916,-0.6083433539662406,1.2249371314270072,5,24,0.5,0.015613033496813644,-0.00032221887064159873,0.015613033496813644,1.8659679744604543,-0.22792566367462586,0.9279187894998793,3,9,0.2222222222222222,-0.02815382902698349,-0.020411109915996484,-0.02815382902698349,0.14928384112208407,-0.21537622546647595,-2.316336532648183,5,-0.050970564803989676,-0.007536109621586918,10089.55324781205,0.008955324781204865,0.0006026746550584772,0.03687396326489105,0.03397594959180121,-0.1275916382044231,0.19039957093054438,7,71,13,9748.929039285787,-0.025107096071421253,-0.011688527104635527,0.010156737689784555,-1.053612363596594,-0.027092898612490868,0.1651376146788991,1,9,0,e09b92ccb702,-0.05,0,10,0.0,True,6,0.16666666666666666,-0.02097323494844696,0.34497395833333333
82,0.5487804878048781,0.010668160958254833,0.0105989876780056,0.010668160958254833,1.4111199182250649,-0.6083433539662406,1.1097745269766015,6,51,0.6470588235294118,0.015944223692476146,0.021853670515553092,0.015944223692476146,1.5819635098199916,-0.6083433539662406,1.2249371314270072,5,22,0.45454545454545453,0.01431901143197565,-0.001077490879296871,0.01431901143197565,1.7280127989119953,-0.2519036643408483,0.7796789939983262,6,9,0.2222222222222222,-0.02815382902698349,-0.020411109915996484,-0.02815382902698349,0.14928384112208407,-0.21537622546647595,-2.316336532648183,5,-0.05084791196921889,-0.006096107602628988,10029.680356129196,0.002968035612919584,0.00020029820186917568,0.03681405467736174,0.023045813959638676,-0.1275916382044231,0.1850362027353178,7,69,13,9748.929039285787,-0.025107096071421253,-0.011688527104635527,0.010156737689784555,-1.053612363596594,-0.027092898612490868,0.1651376146788991,1,9,0,ad3c967feb0a,-0.05,0,10,0.5,True,7,0.14285714285714285,-0.023692638228353213,0.3402120535714286
84,0.5595238095238095,0.011124806559487613,0.012250255822009448,0.011124806559487613,1.4391742421117137,-0.6083433539662406,1.1849759852857387,5,51,0.6470588235294118,0.015944223692476146,0.021853670515553092,0.015944223692476146,1.5819635098199916,-0.6083433539662406,1.2249371314270072,5,24,0.5,0.015613033496813644,-0.00032221887064159873,0.015613033496813644,1.8659679744604543,-0.22792566367462586,0.9279187894998793,3,9,0.2222222222222222,-0.02815382902698349,-0.020411109915996484,-0.02815382902698349,0.14928384112208407,-0.21537622546647595,-2.316336532648183,5,-0.04923085748058261,-0.00739217589172789,10089.55324781205,0.008955324781204865,0.0006026746550584772,0.03687396326489105,0.03397594959180121,-0.1275916382044231,0.19039957093054438,7,71,13,9748.929039285787,-0.025107096071421253,-0.011688527104635527,0.010156737689784555,-1.053612363596594,-0.027092898612490868,0.1651376146788991,1,9,0,db14ce358cab,-0.05,1,10,0.0,True,7,0.14285714285714285,-0.026334999771332357,0.3402120535714286
13,0.6923076923076923,0.08837138664858267,0.0516188611690257,0.08837138664858267,6.783588013129677,-0.1302229088026602,2.208665918292288,2,8,0.75,0.12955352592793823,0.08020943812977643,0.12955352592793823,16.459124124125943,-0.027843737811442226,2.349955552241356,1,4,0.75,0.06065568195268223,0.049808144134558474,0.06065568195268223,178.12009813095614,0.0,1.7091751326430618,1,1,0.0,-0.1302229088026602,-0.1302229088026602,-0.1302229088026602,0.0,0.0,0.0,1,,,11160.963224375795,0.1160963224375795,0.010527585718537846,0.03428804835159016,0.32710572970366153,-0.043856811938563944,0.09837306091562618,5,13,0,9869.77709119734,-0.013022290880265963,-0.1455470944351689,0.015419642139987368,-10.070281069398197,-0.01330949396568204,0.9523809523809523,1,1,0,d85db6fe3637,-0.1,2,20,0.5,True,8,0.25,-0.12133221901188551,0.34018229166666664
0,0.0,0.0,0.0,0.0,0.0,0.0,0.0,0,0,0.0,0.0,0.0,0.0,0.0,0.0,0.0,0,0,0.0,0.0,0.0,0.0,0.0,0.0,0.0,0,0,0.0,0.0,0.0,0.0,0.0,0.0,0.0,0,,,10000.0,0.0,0.0,0.0,0.0,0.0,0.0,0,0,0,10000.0,0.0,0.0,0.0,0.0,0.0,0.0,0,0,0,4e2aff75732c,-0.1,0,5,0.8,True,6,0.0,-0.005989349486275275,0.3399739583333333
0,0.0,0.0,0.0,0.0,0.0,0.0,0.0,0,0,0.0,0.0,0.0,0.0,0.0,0.0,0.0,0,0,0.0,0.0,0.0,0.0,0.0,0.0,0.0,0,0,0.0,0.0,0.0,0.0,0.0,0.0,0.0,0,,,10000.0,0.0,0.0,0.0,0.0,0.0,0.0,0,0,0,10000.0,0.0,0.0,0.0,0.0,0.0,0.0,0,0,0,58b9cd2e9748,-0.1,0,10,0.8,True,7,0.0,0.0,0.3399739583333333
0,0.0,0.0,0.0,0.0,0.0,0.0,0.0,0,0,0.0,0.0,0.0,0.0,0.0,0.0,0.0,0,0,0.0,0.0,0.0,0.0,0.0,0.0,0.0,0,0,0.0,0.0,0.0,0.0,0.0,0.0,0.0,0,,,10000.0,0.0,0.0,0.0,0.0,0.0,0.0,0,0,0,10000.0,0.0,0.0,0.0,0.0,0.0,0.0,0,0,0,5713b1b14d54,-0.1,0,60,0.8,True,6,0.0,-0.026261032824655122,0.3399739583333333
0,0.0,0.0,0.0,0.0,0.0,0.0,0.0,0,0,0.0,0.0,0.0,0.0,0.0,0.0,0.0,0,0,0.0,0.0,0.0,0.0,0.0,0.0,0.0,0,0,0.0,0.0,0.0,0.0,0.0,0.0,0.0,0,,,10000.0,0.0,0.0,0.0,0.0,0.0,0.0,0,0,0,10000.0,0.0,0.0,0.0,0.0,0.0,0.0,0,0,0,e81066807f10,-0.1,1,5,0.8,True,7,0.0,0.0,0.3399739583333333
0,0.0,0.0,0.0,0.0,0.0,0.0,0.0,0,0,0.0,0.0,0.0,0.0,0.0,0.0,0.0,0,0,0.0,0.0,0.0,0.0,0.0,0.0,0.0,0,0,0.0,0.0,0.0,0.0,0.0,0.0,0.0,0,,,10000.0,0.0,0.0,0.0,0.0,0.0,0.0,0,0,0,10000.0,0.0,0.0,0.0,0.0,0.0,0.0,0,0,0,7e847712895e,-0.1,1,10,0.8,True,8,0.0,0.0,0.3399739583333333
0,0.0,0.0,0.0,0.0,0.0,0.0,0.0,0,0,0.0,0.0,0.0,0.0,0.0,0.0,0.0,0,0,0.0,0.0,0.0,0.0,0.0,0.0,0.0,0,0,0.0,0.0,0.0,0.0,0.0,0.0,0.0,0,,,10000.0,0.0,0.0,0.0,0.0,0.0,0.0,0,0,0,10000.0,0.0,0.0,0.0,0.0,0.0,0.0,0,0,0,bcdc2802d9a4,-0.1,1,60,0.8,True,7,0.0,0.0,0.3399739583333333
0,0.0,0.0,0.0,0.0,0.0,0.0,0.0,0,0,0.0,0.0,0.0,0.0,0.0,0.0,0.0,0,0,0.0,0.0,0.0,0.0,0.0,0.0,0.0,0,0,0.0,0.0,0.0,0.0,0.0,0.0,0.0,0,,,10000.0,0.0,0.0,0.0,0.0,0.0,0.0,0,0,0,10000.0,0.0,0.0,0.0,0.0,0.0,0.0,0,0,0,75829f292aff,-0.1,2,5,0.8,True,6,0.0,-0.007828575484298347,0.3399739583333333
0,0.0,0.0,0.0,0.0,0.0,0.0,0.0,0,0,0.0,0.0,0.0,0.0,0.0,0.0,0.0,0,0,0.0,0.0,0.0,0.0,0.0,0.0,0.0,0,0,0.0,0.0,0.0,0.0,0.0,0.0,0.0,0,,,10000.0,0.0,0.0,0.0,0.0,0.0,0.0,0,0,0,10000.0,0.0,0.0,0.0,0.0,0.0,0.0,0,0,0,e9bc2ba5b9bd,-0.1,2,10,0.8,True,7,0.0,0.0,0.3399739583333333
0,0.0,0.0,0.0,0.0,0.0,0.0,0.0,0,0,0.0,0.0,0.0,0.0,0.0,0.0,0.0,0,0,0.0,0.0,0.0,0.0,0.0,0.0,0.0,0,0,0.0,0.0,0.0,0.0,0.0,0.0,0.0,0,,,10000.0,0.0,0.0,0.0,0.0,0.0,0.0,0,0,0,10000.0,0.0,0.0,0.0,0.0,0.0,0.0,0,0,0,f845b052dbad,-0.1,2,60,0.8,True,6,0.0,-0.03582823514225284,0.3399739583333333
0,0.0,0.0,0.0,0.0,0.0,0.0,0.0,0,0,0.0,0.0,0.0,0.0,0.0,0.0,0.0,0,0,0.0,0.0,0.0,0.0,0.0,0.0,0.0,0,0,0.0,0.0,0.0,0.0,0.0,0.0,0.0,0,,,10000.0,0.0,0.0,0.0,0.0,0.0,0.0,0,0,0,10000.0,0.0,0.0,0.0,0.0,0.0,0.0,0,0,0,06fa1589b686,-0.15,0,5,0.8,True,6,0.0,0.0,0.3399739583333333
0,0.0,0.0,0.0,0.0,0.0,0.0,0.0,0,0,0.0,0.0,0.0,0.0,0.0,0.0,0.0,0,0,0.0,0.0,0.0,0.0,0.0,0.0,0.0,0,0,0.0,0.0,0.0,0.0,0.0,0.0,0.0,0,,,10000.0,0.0,0.0,0.0,0.0,0.0,0.0,0,0,0,10000.0,0.0,0.0,0.0,0.0,0.0,0.0,0,0,0,07df6e77ed8c,-0.15,0,10,0.8,True,7,0.0,0.0,0.3399739583333333
0,0.0,0.0,0.0,0.0,0.0,0.0,0.0,0,0,0.0,0.0,0.0,0.0,0.0,0.0,0.0,0,0,0.0,0.0,0.0,0.0,0.0,0.0,0.0,0,0,0.0,0.0,0.0,0.0,0.0,0.0,0.0,0,,,10000.0,0.0,0.0,0.0,0.0,0.0,0.0,0,0,0,10000.0,0.0,0.0,0.0,0.0,0.0,0.0,0,0,0,f9036b419cc8,-0.15,0,20,0.8,True,7,0.0,0.0,0.3399739583333333
0,0.0,0.0,0.0,0.0,0.0,0.0,0.0,0,0,0.0,0.0,0.0,0.0,0.0,0.0,0.0,0,0,0.0,0.0,0.0,0.0,0.0,0.0,0.0,0,0,0.0,0.0,0.0,0.0,0.0,0.0,0.0,0,,,10000.0,0.0,0.0,0.0,0.0,0.0,0.0,0,0,0,10000.0,0.0,0.0,0.0,0.0,0.0,0.0,0,0,0,f3a3d3618b56,-0.15,0,60,0.8,True,6,0.0,0.0,0.3399739583333333
0,0.0,0.0,0.0,0.0,0.0,0.0,0.0,0,0,0.0,0.0,0.0,0.0,0.0,0.0,0.0,0,0,0.0,0.0,0.0,0.0,0.0,0.0,0.0,0,0,0.0,0.0,0.0,0.0,0.0,0.0,0.0,0,,,10000.0,0.0,0.0,0.0,0.0,0.0,0.0,0,0,0,10000.0,0.0,0.0,0.0,0.0,0.0,0.0,0,0,0,21cc9b7979d5,-0.15,1,5,0.8,True,7,0.0,0.0,0.3399739583333333
0,0.0,0.0,0.0,0.0,0.0,0.0,0.0,0,0,0.0,0.0,0.0,0.0,0.0,0.0,0.0,0,0,0.0,0.0,0.0,0.0,0.0,0.0,0.0,0,0,0.0,0.0,0.0,0.0,0.0,0.0,0.0,0,,,10000.0,0.0,0.0,0.0,0.0,0.0,0.0,0,0,0,10000.0,0.0,0.0,0.0,0.0,0.0,0.0,0,0,0,496f083c7ed9,-0.15,1,10,0.8,True,8,0.0,0.0,0.3399739583333333
0,0.0,0.0,0.0,0.0,0.0,0.0,0.0,0,0,0.0,0.0,0.0,0.0,0.0,0.0,0.0,0,0,0.0,0.0,0.0,0.0,0.0,0.0,0.0,0,0,0.0,0.0,0.0,0.0,0.0,0.0,0.0,0,,,10000.0,0.0,0.0,0.0,0.0,0.0,0.0,0,0,0,10000.0,0.0,0.0,0.0,0.0,0.0,0.0,0,0,0,353ddbf99ae9,-0.15,1,20,0.8,True,8,0.0,0.0,0.3399739583333333
0,0.0,0.0,0.0,0.0,0.0,0.0,0.0,0,0,0.0,0.0,0.0,0.0,0.0,0.0,0.0,0,0,0.0,0.0,0.0,0.0,0.0,0.0,0.0,0,0,0.0,0.0,0.0,0.0,0.0,0.0,0.0,0,,,10000.0,0.0,0.0,0.0,0.0,0.0,0.0,0,0,0,10000.0,0.0,0.0,0.0,0.0,0.0,0.0,0,0,0,066b678a5272,-0.15,1,60,0.8,True,7,0.0,0.0,0.3399739583333333
0,0.0,0.0,0.0,0.0,0.0,0.0,0.0,0,0,0.0,0.0,0.0,0.0,0.0,0.0,0.0,0,0,0.0,0.0,0.0,0.0,0.0,0.0,0.0,0,0,0.0,0.0,0.0,0.0,0.0,0.0,0.0,0,,,10000.0,0.0,0.0,0.0,0.0,0.0,0.0,0,0,0,10000.0,0.0,0.0,0.0,0.0,0.0,0.0,0,0,0,87b2205285f7,-0.15,2,5,0.8,True,6,0.0,0.0,0.3399739583333333
0,0.0,0.0,0.0,0.0,0.0,0.0,0.0,0,0,0.0,0.0,0.0,0.0,0.0,0.0,0.0,0,0,0.0,0.0,0.0,0.0,0.0,0.0,0.0,0,0,0.0,0.0,0.0,0.0,0.0,0.0,0.0,0,,,10000.0,0.0,0.0,0.0,0.0,0.0,0.0,0,0,0,10000.0,0.0,0.0,0.0,0.0,0.0,0.0,0,0,0,c1f4a63b95e4,-0.15,2,10,0.8,True,7,0.0,0.0,0.3399739583333333
0,0.0,0.0,0.0,0.0,0.0,0.0,0.0,0,0,0.0,0.0,0.0,0.0,0.0,0.0,0.0,0,0,0.0,0.0,0.0,0.0,0.0,0.0,0.0,0,0,0.0,0.0,0.0,0.0,0.0,0.0,0.0,0,,,10000.0,0.0,0.0,0.0,0.0,0.0,0.0,0,0,0,10000.0,0.0,0.0,0.0,0.0,0.0,0.0,0,0,0,fd0cd692914e,-0.15,2,20,0.8,True,7,0.0,0.0,0.3399739583333333
0,0.0,0.0,0.0,0.0,0.0,0.0,0.0,0,0,0.0,0.0,0.0,0.0,0.0,0.0,0.0,0,0,0.0,0.0,0.0,0.0,0.0,0.0,0.0,0,0,0.0,0.0,0.0,0.0,0.0,0.0,0.0,0,,,10000.0,0.0,0.0,0.0,0.0,0.0,0.0,0,0,0,10000.0,0.0,0.0,0.0,0.0,0.0,0.0,0,0,0,c23c7f2a9b4c,-0.15,2,60,0.8,True,6,0.0,0.0,0.3399739583333333
3,0.3333333333333333,-0.02352062435859788,-0.03929085159047163,-0.02352062435859788,0.19097058354105942,-0.03929085159047163,-1.1619454333488728,1,3,0.3333333333333333,-0.02352062435859788,-0.03929085159047163,-0.02352062435859788,0.19097058354105942,-0.03929085159047163,-1.1619454333488728,1,0,0.0,0.0,0.0,0.0,0.0,0.0,0.0,0,0,0.0,0.0,0.0,0.0,0.0,0.0,0.0,0,,,9929.481479449103,-0.007051852055089736,-0.000958337349222127,0.007704663936672329,-0.02156729713192444,-0.023055363925777006,0.008064516129032258,1,3,0,10000.0,0.0,0.0,0.0,0.0,0.0,0.0,0,0,0,3d1179b480b2,-0.2,0,5,0.7,False,6,0.0,0.0,0.3399739583333333
0,0.0,0.0,0.0,0.0,0.0,0.0,0.0,0,0,0.0,0.0,0.0,0.0,0.0,0.0,0.0,0,0,0.0,0.0,0.0,0.0,0.0,0.0,0.0,0,0,0.0,0.0,0.0,0.0,0.0,0.0,0.0,0,,,10000.0,0.0,0.0,0.0,0.0,0.0,0.0,0,0,0,10000.0,0.0,0.0,0.0,0.0,0.0,0.0,0,0,0,499fa3f21124,-0.2,0,5,0.7,True,6,0.0,0.0,0.3399739583333333
0,0.0,0.0,0.0,0.0,0.0,0.0,0.0,0,0,0.0,0.0,0.0,0.0,0.0,0.0,0.0,0,0,0.0,0.0,0.0,0.0,0.0,0.0,0.0,0,0,0.0,0.0,0.0,0.0,0.0,0.0,0.0,0,,,10000.0,0.0,0.0,0.0,0.0,0.0,0.0,0,0,0,10000.0,0.0,0.0,0.0,0.0,0.0,0.0,0,0,0,f80bbea70f73,-0.2,0,5,0.8,False,5,0.0,0.0,0.3399739583333333
0,0.0,0.0,0.0,0.0,0.0,0.0,0.0,0,0,0.0,0.0,0.0,0.0,0.0,0.0,0.0,0,0,0.0,0.0,0.0,0.0,0.0,0.0,0.0,0,0,0.0,0.0,0.0,0.0,0.0,0.0,0.0,0,,,10000.0,0.0,0.0,0.0,0.0,0.0,0.0,0,0,0,10000.0,0.0,0.0,0.0,0.0,0.0,0.0,0,0,0,db8e92ab9660,-0.2,0,5,0.8,True,5,0.0,0.0,0.3399739583333333
3,0.6666666666666666,0.059715403452113756,0.036519305845429506,0.059715403452113756,8.208084660187184,0.0,1.0528019685580643,1,3,0.6666666666666666,0.059715403452113756,0.036519305845429506,0.059715403452113756,8.208084660187184,0.0,1.0528019685580643,1,0,0.0,0.0,0.0,0.0,0.0,0.0,0.0,0,0,0.0,0.0,0.0,0.0,0.0,0.0,0.0,0,,,10179.249306171485,0.017924930617148505,0.002403460470293828,0.009907279242994334,0.3240504342055861,-0.021118061508479946,0.0160857908847185,1,3,0,10000.0,0.0,0.0,0.0,0.0,0.0,0.0,0,0,0,91ab259e16d6,-0.2,0,10,0.7,False,7,0.0,0.0,0.3399739583333333
0,0.0,0.0,0.0,0.0,0.0,0.0,0.0,0,0,0.0,0.0,0.0,0.0,0.0,0.0,0.0,0,0,0.0,0.0,0.0,0.0,0.0,0.0,0.0,0,0,0.0,0.0,0.0,0.0,0.0,0.0,0.0,0,,,10000.0,0.0,0.0,0.0,0.0,0.0,0.0,0,0,0,10000.0,0.0,0.0,0.0,0.0,0.0,0.0,0,0,0,0bdc2d434655,-0.2,0,10,0.7,True,7,0.0,0.0,0.3399739583333333
0,0.0,0.0,0.0,0.0,0.0,0.0,0.0,0,0,0.0,0.0,0.0,0.0,0.0,0.0,0.0,0,0,0.0,0.0,0.0,0.0,0.0,0.0,0.0,0,0,0.0,0.0,0.0,0.0,0.0,0.0,0.0,0,,,10000.0,0.0,0.0,0.0,0.0,0.0,0.0,0,0,0,10000.0,0.0,0.0,0.0,0.0,0.0,0.0,0,0,0,015bfe5b75d1,-0.2,0,10,0.8,False,6,0.0,0.0,0.3399739583333333
0,0.0,0.0,0.0,0.0,0.0,0.0,0.0,0,0,0.0,0.0,0.0,0.0,0.0,0.0,0.0,0,0,0.0,0.0,0.0,0.0,0.0,0.0,0.0,0,0,0.0,0.0,0.0,0.0,0.0,0.0,0.0,0,,,10000.0,0.0,0.0,0.0,0.0,0.0,0.0,0,0,0,10000.0,0.0,0.0,0.0,0.0,0.0,0.0,0,0,0,56b926404dc2,-0.2,0,10,0.8,True,6,0.0,0.0,0.3399739583333333
2,0.5,0.12067154652778311,0.12067154652778311,0.12067154652778311,6.313865630924079,-0.045417613055751316,0.7265467946876532,1,1,1.0,0.28676070611131765,0.28676070611131765,0.28676070611131765,inf,0.0,0.0,0,1,0.0,-0.04541761305575143,-0.04541761305575143,-0.04541761305575143,0.0,0.0,0.0,1,0,0.0,0.0,0.0,0.0,0.0,0.0,0.0,0,,,10240.04069437659,0.024004069437659092,0.010505085498816014,0.026097044055746782,0.31832123504449517,-0.029342482718972884,0.06993006993006994,1,2,0,10000.0,0.0,0.0,0.0,0.0,0.0,0.0,0,0,0,8c8be5eb76ee,-0.2,0,20,0.0,True,6,0.0,0.0,0.3399739583333333
2,0.5,0.12067154652778311,0.12067154652778311,0.12067154652778311,6.313865630924079,-0.045417613055751316,0.7265467946876532,1,1,1.0,0.28676070611131765,0.28676070611131765,0.28676070611131765,inf,0.0,0.0,0,1,0.0,-0.04541761305575143,-0.04541761305575143,-0.04541761305575143,0.0,0.0,0.0,1,0,0.0,0.0,0.0,0.0,0.0,0.0,0.0,0,,,10240.04069437659,0.024004069437659092,0.010505085498816014,0.026097044055746782,0.31832123504449517,-0.029342482718972884,0.06993006993006994,1,2,0,10000.0,0.0,0.0,0.0,0.0,0.0,0.0,0,0,0,3a68750a9387,-0.2,0,20,0.5,True,7,0.0,0.0,0.3399739583333333
3,0.6666666666666666,0.0677283526555927,0.04534700233324107,0.0677283526555927,7.553365744027586,0.0,1.0509716378642835,1,3,0.6666666666666666,0.0677283526555927,0.04534700233324107,0.0677283526555927,7.553365744027586,0.0,1.0509716378642835,1,0,0.0,0.0,0.0,0.0,0.0,0.0,0.0,0,0,0.0,0.0,0.0,0.0,0.0,0.0,0.0,0,,,10203.312650135738,0.02033126501357385,0.0027087771844369612,0.012888277683597463,0.2750342575160231,-0.020923361417895858,0.032,1,3,0,10000.0,0.0,0.0,0.0,0.0,0.0,0.0,0,0,0,300bb37396cf,-0.2,0,20,0.7,False,7,0.0,0.0,0.3399739583333333
0,0.0,0.0,0.0,0.0,0.0,0.0,0.0,0,0,0.0,0.0,0.0,0.0,0.0,0.0,0.0,0,0,0.0,0.0,0.0,0.0,0.0,0.0,0.0,0,0,0.0,0.0,0.0,0.0,0.0,0.0,0.0,0,,,10000.0,0.0,0.0,0.0,0.0,0.0,0.0,0,0,0,10000.0,0.0,0.0,0.0,0.0,0.0,0.0,0,0,0,5890a010759d,-0.2,0,20,0.7,True,7,0.0,0.0,0.3399739583333333
0,0.0,0.0,0.0,0.0,0.0,0.0,0.0,0,0,0.0,0.0,0.0,0.0,0.0,0.0,0.0,0,0,0.0,0.0,0.0,0.0,0.0,0.0,0.0,0,0,0.0,0.0,0.0,0.0,0.0,0.0,0.0,0,,,10000.0,0.0,0.0,0.0,0.0,0.0,0.0,0,0,0,10000.0,0.0,0.0,0.0,0.0,0.0,0.0,0,0,0,f8044cfb8be7,-0.2,0,20,0.8,False,6,0.0,0.0,0.3399739583333333
0,0.0,0.0,0.0,0.0,0.0,0.0,0.0,0,0,0.0,0.0,0.0,0.0,0.0,0.0,0.0,0,0,0.0,0.0,0.0,0.0,0.0,0.0,0.0,0,0,0.0,0.0,0.0,0.0,0.0,0.0,0.0,0,,,10000.0,0.0,0.0,0.0,0.0,0.0,0.0,0,0,0,10000.0,0.0,0.0,0.0,0.0,0.0,0.0,0,0,0,a4eb0252fb61,-0.2,0,20,0.8,True,6,0.0,0.0,0.3399739583333333
3,1.0,0.19983926508011718,0.23477774952664332,0.19983926508011718,inf,0.0,3.8551225851119892,0,3,1.0,0.19983926508011718,0.23477774952664332,0.19983926508011718,inf,0.0,3.8551225851119892,0,0,0.0,0.0,0.0,0.0,0.0,0.0,0.0,0,0,0.0,0.0,0.0,0.0,0.0,0.0,0.0,0,,,10610.753689703544,0.06107536897035448,0.007831703912435817,0.01674485110217168,0.5184994799667223,-0.021310600776734745,0.09399477806788512,1,3,0,10000.0,0.0,0.0,0.0,0.0,0.0,0.0,0,0,0,5b0f435c277a,-0.2,0,60,0.7,False,6,0.0,0.0,0.3399739583333333
0,0.0,0.0,0.0,0.0,0.0,0.0,0.0,0,0,0.0,0.0,0.0,0.0,0.0,0.0,0.0,0,0,0.0,0.0,0.0,0.0,0.0,0.0,0.0,0,0,0.0,0.0,0.0,0.0,0.0,0.0,0.0,0,,,10000.0,0.0,0.0,0.0,0.0,0.0,0.0,0,0,0,10000.0,0.0,0.0,0.0,0.0,0.0,0.0,0,0,0,091e3ce1b1cf,-0.2,0,60,0.7,True,6,0.0,0.0,0.3399739583333333
0,0.0,0.0,0.0,0.0,0.0,0.0,0.0,0,0,0.0,0.0,0.0,0.0,0.0,0.0,0.0,0,0,0.0,0.0,0.0,0.0,0.0,0.0,0.0,0,0,0.0,0.0,0.0,0.0,0.0,0.0,0.0,0,,,10000.0,0.0,0.0,0.0,0.0,0.0,0.0,0,0,0,10000.0,0.0,0.0,0.0,0.0,0.0,0.0,0,0,0,f50c543899f5,-0.2,0,60,0.8,False,5,0.0,0.0,0.3399739583333333
0,0.0,0.0,0.0,0.0,0.0,0.0,0.0,0,0,0.0,0.0,0.0,0.0,0.0,0.0,0.0,0,0,0.0,0.0,0.0,0.0,0.0,0.0,0.0,0,0,0.0,0.0,0.0,0.0,0.0,0.0,0.0,0,,,10000.0,0.0,0.0,0.0,0.0,0.0,0.0,0,0,0,10000.0,0.0,0.0,0.0,0.0,0.0,0.0,0,0,0,eb4414584dd7,-0.2,0,60,0.8,True,5,0.0,0.0,0.3399739583333333
3,0.6666666666666666,0.09061433263775354,0.032201568715680806,0.09061433263775354,65.29053834368861,0.0,1.171545237234756,1,3,0.6666666666666666,0.09061433263775354,0.032201568715680806,0.09061433263775354,65.29053834368861,0.0,1.171545237234756,1,0,0.0,0.0,0.0,0.0,0.0,0.0,0.0,0,0,0.0,0.0,0.0,0.0,0.0,0.0,0.0,0,,,10272.511232139483,0.02725112321394829,0.0036493191654276558,0.008683010184138865,0.47934282448944454,-0.009910194429822106,0.008064516129032258,1,3,0,10000.0,0.0,0.0,0.0,0.0,0.0,0.0,0,0,0,56a7019122e0,-0.2,1,5,0.7,False,7,0.0,0.0,0.3399739583333333
0,0.0,0.0,0.0,0.0,0.0,0.0,0.0,0,0,0.0,0.0,0.0,0.0,0.0,0.0,0.0,0,0,0.0,0.0,0.0,0.0,0.0,0.0,0.0,0,0,0.0,0.0,0.0,0.0,0.0,0.0,0.0,0,,,10000.0,0.0,0.0,0.0,0.0,0.0,0.0,0,0,0,10000.0,0.0,0.0,0.0,0.0,0.0,0.0,0,0,0,4d9bceef4811,-0.2,1,5,0.7,True,7,0.0,0.0,0.3399739583333333
0,0.0,0.0,0.0,0.0,0.0,0.0,0.0,0,0,0.0,0.0,0.0,0.0,0.0,0.0,0.0,0,0,0.0,0.0,0.0,0.0,0.0,0.0,0.0,0,0,0.0,0.0,0.0,0.0,0.0,0.0,0.0,0,,,10000.0,0.0,0.0,0.0,0.0,0.0,0.0,0,0,0,10000.0,0.0,0.0,0.0,0.0,0.0,0.0,0,0,0,102e7e124667,-0.2,1,5,0.8,False,6,0.0,0.0,0.3399739583333333
0,0.0,0.0,0.0,0.0,0.0,0.0,0.0,0,0,0.0,0.0,0.0,0.0,0.0,0.0,0.0,0,0,0.0,0.0,0.0,0.0,0.0,0.0,0.0,0,0,0.0,0.0,0.0,0.0,0.0,0.0,0.0,0,,,10000.0,0.0,0.0,0.0,0.0,0.0,0.0,0,0,0,10000.0,0.0,0.0,0.0,0.0,0.0,0.0,0,0,0,de3bce9a0a44,-0.2,1,5,0.8,True,6,0.0,0.0,0.3399739583333333
3,1.0,0.09268269212501601,0.024828788099254262,0.09268269212501601,inf,0.0,1.2499563071258957,0,3,1.0,0.09268269212501601,0.024828788099254262,0.09268269212501601,inf,0.0,1.2499563071258957,0,0,0.0,0.0,0.0,0.0,0.0,0.0,0.0,0,0,0.0,0.0,0.0,0.0,0.0,0.0,0.0,0,,,10278.976431996536,0.0278976431996536,0.0037248447133966245,0.01020763648980004,0.41640488466274617,-0.011863204175951991,0.0160857908847185,1,3,0,10000.0,0.0,0.0,0.0,0.0,0.0,0.0,0,0,0,9b4541662fbc,-0.2,1,10,0.7,False,8,0.0,0.0,0.3399739583333333
0,0.0,0.0,0.0,0.0,0.0,0.0,0.0,0,0,0.0,0.0,0.0,0.0,0.0,0.0,0.0,0,0,0.0,0.0,0.0,0.0,0.0,0.0,0.0,0,0,0.0,0.0,0.0,0.0,0.0,0.0,0.0,0,,,10000.0,0.0,0.0,0.0,0.0,0.0,0.0,0,0,0,10000.0,0.0,0.0,0.0,0.0,0.0,0.0,0,0,0,3ab5fe8aea19,-0.2,1,10,0.7,True,8,0.0,0.0,0.3399739583333333
0,0.0,0.0,0.0,0.0,0.0,0.0,0.0,0,0,0.0,0.0,0.0,0.0,0.0,0.0,0.0,0,0,0.0,0.0,0.0,0.0,0.0,0.0,0.0,0,0,0.0,0.0,0.0,0.0,0.0,0.0,0.0,0,,,10000.0,0.0,0.0,0.0,0.0,0.0,0.0,0,0,0,10000.0,0.0,0.0,0.0,0.0,0.0,0.0,0,0,0,389e5171056e,-0.2,1,10,0.8,False,7,0.0,0.0,0.3399739583333333
0,0.0,0.0,0.0,0.0,0.0,0.0,0.0,0,0,0.0,0.0,0.0,0.0,0.0,0.0,0.0,0,0,0.0,0.0,0.0,0.0,0.0,0.0,0.0,0,0,0.0,0.0,0.0,0.0,0.0,0.0,0.0,0,,,10000.0,0.0,0.0,0.0,0.0,0.0,0.0,0,0,0,10000.0,0.0,0.0,0.0,0.0,0.0,0.0,0,0,0,c80d3a95184a,-0.2,1,10,0.8,True,7,0.0,0.0,0.3399739583333333
5,0.8,0.13456490515450678,0.07969471118251603,0.13456490515450678,15.814176274447151,-0.04541761305575143,1.797235484564165,1,4,1.0,0.17956053470707134,0.18322770864691684,0.17956053470707134,inf,0.0,2.324128145158419,0,1,0.0,-0.04541761305575143,-0.04541761305575143,-0.04541761305575143,0.0,0.0,0.0,1,0,0.0,0.0,0.0,0.0,0.0,0.0,0.0,0,,,10675.722639065567,0.0675722639065568,0.006815189283984724,0.0218446757843103,0.3386704388408459,-0.03453590994483635,0.041220115416323165,2,5,0,10000.0,0.0,0.0,0.0,0.0,0.0,0.0,0,0,0,92168321eb93,-0.2,1,20,0.0,False,7,0.0,0.0,0.3399739583333333
2,0.5,0.12067154652778311,0.12067154652778311,0.12067154652778311,6.313865630924079,-0.045417613055751316,0.7265467946876532,1,1,1.0,0.28676070611131765,0.28676070611131765,0.28676070611131765,inf,0.0,0.0,0,1,0.0,-0.04541761305575143,-0.04541761305575143,-0.04541761305575143,0.0,0.0,0.0,1,0,0.0,0.0,0.0,0.0,0.0,0.0,0.0,0,,,10240.04069437659,0.024004069437659092,0.010505085498816014,0.026097044055746782,0.31832123504449517,-0.029342482718972884,0.06993006993006994,1,2,0,10000.0,0.0,0.0,0.0,0.0,0.0,0.0,0,0,0,a3d1db1fc723,-0.2,1,20,0.0,True,7,0.0,0.0,0.3399739583333333
5,0.8,0.13456490515450678,0.07969471118251603,0.13456490515450678,15.814176274447151,-0.04541761305575143,1.797235484564165,1,4,1.0,0.17956053470707134,0.18322770864691684,0.17956053470707134,inf,0.0,2.324128145158419,0,1,0.0,-0.04541761305575143,-0.04541761305575143,-0.04541761305575143,0.0,0.0,0.0,1,0,0.0,0.0,0.0,0.0,0.0,0.0,0.0,0,,,10675.722639065567,0.0675722639065568,0.006815189283984724,0.0218446757843103,0.3386704388408459,-0.03453590994483635,0.041220115416323165,2,5,0,10000.0,0.0,0.0,0.0,0.0,0.0,0.0,0,0,0,e9e1bab7540b,-0.2,1,20,0.5,False,8,0.0,0.0,0.3399739583333333
2,0.5,0.12067154652778311,0.12067154652778311,0.12067154652778311,6.313865630924079,-0.045417613055751316,0.7265467946876532,1,1,1.0,0.28676070611131765,0.28676070611131765,0.28676070611131765,inf,0.0,0.0,0,1,0.0,-0.04541761305575143,-0.04541761305575143,-0.04541761305575143,0.0,0.0,0.0,1,0,0.0,0.0,0.0,0.0,0.0,0.0,0.0,0,,,10240.04069437659,0.024004069437659092,0.010505085498816014,0.026097044055746782,0.31832123504449517,-0.029342482718972884,0.06993006993006994,1,2,0,10000.0,0.0,0.0,0.0,0.0,0.0,0.0,0,0,0,f442ea4a0c00,-0.2,1,20,0.5,True,8,0.0,0.0,0.3399739583333333
3,1.0,0.14382714423898924,0.07969471118251603,0.14382714423898924,inf,0.0,1.4847079808546149,0,3,1.0,0.14382714423898924,0.07969471118251603,0.14382714423898924,inf,0.0,1.4847079808546149,0,0,0.0,0.0,0.0,0.0,0.0,0.0,0.0,0,0,0.0,0.0,0.0,0.0,0.0,0.0,0.0,0,,,10434.876709991851,0.04348767099918516,0.005737621656538794,0.013407276742774539,0.46905531638524456,-0.018112548558994135,0.032,1,3,0,10000.0,0.0,0.0,0.0,0.0,0.0,0.0,0,0,0,cdcd23a59a3d,-0.2,1,20,0.7,False,8,0.0,0.0,0.3399739583333333
0,0.0,0.0,0.0,0.0,0.0,0.0,0.0,0,0,0.0,0.0,0.0,0.0,0.0,0.0,0.0,0,0,0.0,0.0,0.0,0.0,0.0,0.0,0.0,0,0,0.0,0.0,0.0,0.0,0.0,0.0,0.0,0,,,10000.0,0.0,0.0,0.0,0.0,0.0,0.0,0,0,0,10000.0,0.0,0.0,0.0,0.0,0.0,0.0,0,0,0,8355c46cdd90,-0.2,1,20,0.7,True,8,0.0,0.0,0.3399739583333333
0,0.0,0.0,0.0,0.0,0.0,0.0,0.0,0,0,0.0,0.0,0.0,0.0,0.0,0.0,0.0,0,0,0.0,0.0,0.0,0.0,0.0,0.0,0.0,0,0,0.0,0.0,0.0,0.0,0.0,0.0,0.0,0,,,10000.0,0.0,0.0,0.0,0.0,0.0,0.0,0,0,0,10000.0,0.0,0.0,0.0,0.0,0.0,0.0,0,0,0,59ac78072eac,-0.2,1,20,0.8,False,7,0.0,0.0,0.3399739583333333
0,0.0,0.0,0.0,0.0,0.0,0.0,0.0,0,0,0.0,0.0,0.0,0.0,0.0,0.0,0.0,0,0,0.0,0.0,0.0,0.0,0.0,0.0,0.0,0,0,0.0,0.0,0.0,0.0,0.0,0.0,0.0,0,,,10000.0,0.0,0.0,0.0,0.0,0.0,0.0,0,0,0,10000.0,0.0,0.0,0.0,0.0,0.0,0.0,0,0,0,21c738282944,-0.2,1,20,0.8,True,7,0.0,0.0,0.3399739583333333
3,1.0,0.2746102079799916,0.2501341009308419,0.2746102079799916,inf,0.0,3.6553111968367653,0,3,1.0,0.2746102079799916,0.2501341009308419,0.2746102079799916,inf,0.0,3.6553111968367653,0,0,0.0,0.0,0.0,0.0,0.0,0.0,0.0,0,0,0.0,0.0,0.0,0.0,0.0,0.0,0.0,0,,,10844.925249611884,0.08449252496118853,0.010730934960770488,0.01770142203739024,0.6382660111386748,-0.01946699097681248,0.09399477806788512,1,3,0,10000.0,0.0,0.0,0.0,0.0,0.0,0.0,0,0,0,7eacb4fd3e6c,-0.2,1,60,0.7,False,7,0.0,0.0,0.3399739583333333
0,0.0,0.0,0.0,0.0,0.0,0.0,0.0,0,0,0.0,0.0,0.0,0.0,0.0,0.0,0.0,0,0,0.0,0.0,0.0,0.0,0.0,0.0,0.0,0,0,0.0,0.0,0.0,0.0,0.0,0.0,0.0,0,,,10000.0,0.0,0.0,0.0,0.0,0.0,0.0,0,0,0,10000.0,0.0,0.0,0.0,0.0,0.0,0.0,0,0,0,bac9dbba16ee,-0.2,1,60,0.7,True,7,0.0,0.0,0.3399739583333333
0,0.0,0.0,0.0,0.0,0.0,0.0,0.0,0,0,0.0,0.0,0.0,0.0,0.0,0.0,0.0,0,0,0.0,0.0,0.0,0.0,0.0,0.0,0.0,0,0,0.0,0.0,0.0,0.0,0.0,0.0,0.0,0,,,10000.0,0.0,0.0,0.0,0.0,0.0,0.0,0,0,0,10000.0,0.0,0.0,0.0,0.0,0.0,0.0,0,0,0,8f324eee2dca,-0.2,1,60,0.8,False,6,0.0,0.0,0.3399739583333333
0,0.0,0.0,0.0,0.0,0.0,0.0,0.0,0,0,0.0,0.0,0.0,0.0,0.0,0.0,0.0,0,0,0.0,0.0,0.0,0.0,0.0,0.0,0.0,0,0,0.0,0.0,0.0,0.0,0.0,0.0,0.0,0,,,10000.0,0.0,0.0,0.0,0.0,0.0,0.0,0,0,0,10000.0,0.0,0.0,0.0,0.0,0.0,0.0,0,0,0,fae31cd7e2b7,-0.2,1,60,0.8,True,6,0.0,0.0,0.3399739583333333
3,0.6666666666666666,0.14674107662745828,0.017147537902187593,0.14674107662745828,29.314972780530585,-0.015547365462596163,1.0033861727604523,1,3,0.6666666666666666,0.14674107662745828,0.017147537902187593,0.14674107662745828,29.314972780530585,-0.015547365462596163,1.0033861727604523,1,0,0.0,0.0,0.0,0.0,0.0,0.0,0.0,0,0,0.0,0.0,0.0,0.0,0.0,0.0,0.0,0,,,10440.265587866454,0.0440265587866453,0.00585438321515519,0.009479446400096278,0.6087044137603638,-0.0067649733862703565,0.008064516129032258,1,3,0,10000.0,0.0,0.0,0.0,0.0,0.0,0.0,0,0,0,06b06cfa7d59,-0.2,2,5,0.7,False,6,0.0,0.0,0.3399739583333333
0,0.0,0.0,0.0,0.0,0.0,0.0,0.0,0,0,0.0,0.0,0.0,0.0,0.0,0.0,0.0,0,0,0.0,0.0,0.0,0.0,0.0,0.0,0.0,0,0,0.0,0.0,0.0,0.0,0.0,0.0,0.0,0,,,10000.0,0.0,0.0,0.0,0.0,0.0,0.0,0,0,0,10000.0,0.0,0.0,0.0,0.0,0.0,0.0,0,0,0,c7d5cfb80419,-0.2,2,5,0.7,True,6,0.0,0.0,0.3399739583333333
0,0.0,0.0,0.0,0.0,0.0,0.0,0.0,0,0,0.0,0.0,0.0,0.0,0.0,0.0,0.0,0,0,0.0,0.0,0.0,0.0,0.0,0.0,0.0,0,0,0.0,0.0,0.0,0.0,0.0,0.0,0.0,0,,,10000.0,0.0,0.0,0.0,0.0,0.0,0.0,0,0,0,10000.0,0.0,0.0,0.0,0.0,0.0,0.0,0,0,0,d5c7a3404aed,-0.2,2,5,0.8,False,5,0.0,0.0,0.3399739583333333
0,0.0,0.0,0.0,0.0,0.0,0.0,0.0,0,0,0.0,0.0,0.0,0.0,0.0,0.0,0.0,0,0,0.0,0.0,0.0,0.0,0.0,0.0,0.0,0,0,0.0,0.0,0.0,0.0,0.0,0.0,0.0,0,,,10000.0,0.0,0.0,0.0,0.0,0.0,0.0,0,0,0,10000.0,0.0,0.0,0.0,0.0,0.0,0.0,0,0,0,187d0f606d23,-0.2,2,5,0.8,True,5,0.0,0.0,0.3399739583333333
3,1.0,0.1390014324989655,0.050150861605331554,0.1390014324989655,inf,0.0,1.4211698512063227,0,3,1.0,0.1390014324989655,0.050150861605331554,0.1390014324989655,inf,0.0,1.4211698512063227,0,0,0.0,0.0,0.0,0.0,0.0,0.0,0.0,0,0,0.0,0.0,0.0,0.0,0.0,0.0,0.0,0,,,10419.936259839811,0.04199362598398104,0.005573775311929596,0.010644082617027917,0.5170206564107809,-0.012263841333792769,0.0160857908847185,1,3,0,10000.0,0.0,0.0,0.0,0.0,0.0,0.0,0,0,0,aaf8b3d4bbb8,-0.2,2,10,0.7,False,7,0.0,0.0,0.3399739583333333
0,0.0,0.0,0.0,0.0,0.0,0.0,0.0,0,0,0.0,0.0,0.0,0.0,0.0,0.0,0.0,0,0,0.0,0.0,0.0,0.0,0.0,0.0,0.0,0,0,0.0,0.0,0.0,0.0,0.0,0.0,0.0,0,,,10000.0,0.0,0.0,0.0,0.0,0.0,0.0,0,0,0,10000.0,0.0,0.0,0.0,0.0,0.0,0.0,0,0,0,436aaa6347ee,-0.2,2,10,0.7,True,7,0.0,0.0,0.3399739583333333
0,0.0,0.0,0.0,0.0,0.0,0.0,0.0,0,0,0.0,0.0,0.0,0.0,0.0,0.0,0.0,0,0,0.0,0.0,0.0,0.0,0.0,0.0,0.0,0,0,0.0,0.0,0.0,0.0,0.0,0.0,0.0,0,,,10000.0,0.0,0.0,0.0,0.0,0.0,0.0,0,0,0,10000.0,0.0,0.0,0.0,0.0,0.0,0.0,0,0,0,d05573ca38f0,-0.2,2,10,0.8,False,6,0.0,0.0,0.3399739583333333
0,0.0,0.0,0.0,0.0,0.0,0.0,0.0,0,0,0.0,0.0,0.0,0.0,0.0,0.0,0.0,0,0,0.0,0.0,0.0,0.0,0.0,0.0,0.0,0,0,0.0,0.0,0.0,0.0,0.0,0.0,0.0,0,,,10000.0,0.0,0.0,0.0,0.0,0.0,0.0,0,0,0,10000.0,0.0,0.0,0.0,0.0,0.0,0.0,0,0,0,db7b95cc8a2c,-0.2,2,10,0.8,True,6,0.0,0.0,0.3399739583333333
3,1.0,0.24577516089541185,0.13984158122342139,0.24577516089541185,inf,0.0,1.6400589522005957,0,3,1.0,0.24577516089541185,0.13984158122342139,0.24577516089541185,inf,0.0,1.6400589522005957,0,0,0.0,0.0,0.0,0.0,0.0,0.0,0.0,0,0,0.0,0.0,0.0,0.0,0.0,0.0,0.0,0,,,10748.752288988364,0.07487522889883635,0.00975153609372903,0.01454259522101456,0.6669098139653505,-0.019642815509401168,0.032,1,3,0,10000.0,0.0,0.0,0.0,0.0,0.0,0.0,0,0,0,4c516187ec21,-0.2,2,20,0.7,False,7,0.0,0.0,0.3399739583333333
0,0.0,0.0,0.0,0.0,0.0,0.0,0.0,0,0,0.0,0.0,0.0,0.0,0.0,0.0,0.0,0,0,0.0,0.0,0.0,0.0,0.0,0.0,0.0,0,0,0.0,0.0,0.0,0.0,0.0,0.0,0.0,0,,,10000.0,0.0,0.0,0.0,0.0,0.0,0.0,0,0,0,10000.0,0.0,0.0,0.0,0.0,0.0,0.0,0,0,0,ba733c4c6e69,-0.2,2,20,0.7,True,7,0.0,0.0,0.3399739583333333
0,0.0,0.0,0.0,0.0,0.0,0.0,0.0,0,0,0.0,0.0,0.0,0.0,0.0,0.0,0.0,0,0,0.0,0.0,0.0,0.0,0.0,0.0,0.0,0,0,0.0,0.0,0.0,0.0,0.0,0.0,0.0,0,,,10000.0,0.0,0.0,0.0,0.0,0.0,0.0,0,0,0,10000.0,0.0,0.0,0.0,0.0,0.0,0.0,0,0,0,bc4cf04fed9a,-0.2,2,20,0.8,False,6,0.0,0.0,0.3399739583333333
0,0.0,0.0,0.0,0.0,0.0,0.0,0.0,0,0,0.0,0.0,0.0,0.0,0.0,0.0,0.0,0,0,0.0,0.0,0.0,0.0,0.0,0.0,0.0,0,0,0.0,0.0,0.0,0.0,0.0,0.0,0.0,0,,,10000.0,0.0,0.0,0.0,0.0,0.0,0.0,0,0,0,10000.0,0.0,0.0,0.0,0.0,0.0,0.0,0,0,0,e29f1982c3f3,-0.2,2,20,0.8,True,6,0.0,0.0,0.3399739583333333
3,1.0,0.32468131875667,0.24226537803727888,0.32468131875667,inf,0.0,3.063868551414737,0,3,1.0,0.32468131875667,0.24226537803727888,0.32468131875667,inf,0.0,3.063868551414737,0,0,0.0,0.0,0.0,0.0,0.0,0.0,0.0,0,0,0.0,0.0,0.0,0.0,0.0,0.0,0.0,0,,,11002.555442094012,0.10025554420940108,0.01265205855240481,0.01874967563819965,0.6741146677671457,-0.021085466059578728,0.09399477806788512,1,3,0,10000.0,0.0,0.0,0.0,0.0,0.0,0.0,0,0,0,a18b5c054aaa,-0.2,2,60,0.7,False,6,0.0,0.0,0.3399739583333333
0,0.0,0.0,0.0,0.0,0.0,0.0,0.0,0,0,0.0,0.0,0.0,0.0,0.0,0.0,0.0,0,0,0.0,0.0,0.0,0.0,0.0,0.0,0.0,0,0,0.0,0.0,0.0,0.0,0.0,0.0,0.0,0,,,10000.0,0.0,0.0,0.0,0.0,0.0,0.0,0,0,0,10000.0,0.0,0.0,0.0,0.0,0.0,0.0,0,0,0,4375dbea5623,-0.2,2,60,0.7,True,6,0.0,0.0,0.3399739583333333
0,0.0,0.0,0.0,0.0,0.0,0.0,0.0,0,0,0.0,0.0,0.0,0.0,0.0,0.0,0.0,0,0,0.0,0.0,0.0,0.0,0.0,0.0,0.0,0,0,0.0,0.0,0.0,0.0,0.0,0.0,0.0,0,,,10000.0,0.0,0.0,0.0,0.0,0.0,0.0,0,0,0,10000.0,0.0,0.0,0.0,0.0,0.0,0.0,0,0,0,e0d74fd3ed2b,-0.2,2,60,0.8,False,5,0.0,0.0,0.3399739583333333
0,0.0,0.0,0.0,0.0,0.0,0.0,0.0,0,0,0.0,0.0,0.0,0.0,0.0,0.0,0.0,0,0,0.0,0.0,0.0,0.0,0.0,0.0,0.0,0,0,0.0,0.0,0.0,0.0,0.0,0.0,0.0,0,,,10000.0,0.0,0.0,0.0,0.0,0.0,0.0,0,0,0,10000.0,0.0,0.0,0.0,0.0,0.0,0.0,0,0,0,304b45744fa7,-0.2,2,60,0.8,True,5,0.0,0.0,0.3399739583333333
13,0.7692307692307693,0.043603028356608106,0.03445383299169402,0.043603028356608106,5.157754631608512,-0.07641982907618261,2.067168155474053,1,8,0.875,0.05233285448607189,0.028789435129612295,0.05233285448607189,18.57204731997918,0.0,2.147302285094001,1,4,0.75,0.05614909045587821,0.0478445112609327,0.05614909045587821,7.223623054905315,0.0,1.3584720697817663,1,1,0.0,-0.07641982907618261,-0.07641982907618261,-0.07641982907618261,0.0,0.0,0.0,1,,,10570.476650528708,0.057047665052870844,0.005324000753431646,0.02667519287206082,0.2040263093659351,-0.04279128390855025,0.04937333839726547,4,13,0,9923.580170923817,-0.0076419829076183055,-0.16116667652913297,0.020841084010208316,-7.810810272856712,-0.009318845635317818,0.9090909090909091,1,1,0,1e4fd509abdf,-0.1,0,10,0.0,True,7,0.0,-0.07641982907618261,0.33861979166666667
13,0.7692307692307693,0.043603028356608106,0.03445383299169402,0.043603028356608106,5.157754631608512,-0.07641982907618261,2.067168155474053,1,8,0.875,0.05233285448607189,0.028789435129612295,0.05233285448607189,18.57204731997918,0.0,2.147302285094001,1,4,0.75,0.05614909045587821,0.0478445112609327,0.05614909045587821,7.223623054905315,0.0,1.3584720697817663,1,1,0.0,-0.07641982907618261,-0.07641982907618261,-0.07641982907618261,0.0,0.0,0.0,1,,,10570.476650528708,0.057047665052870844,0.005324000753431646,0.02667519287206082,0.2040263093659351,-0.04279128390855025,0.04937333839726547,4,13,0,9923.580170923817,-0.0076419829076183055,-0.16116667652913297,0.020841084010208316,-7.810810272856712,-0.009318845635317818,0.9090909090909091,1,1,0,4df16cdf2937,-0.1,0,10,0.5,True,8,0.0,-0.07641982907618261,0.33861979166666667
13,0.7692307692307693,0.043603028356608106,0.03445383299169402,0.043603028356608106,5.157754631608512,-0.07641982907618261,2.067168155474053,1,8,0.875,0.05233285448607189,0.028789435129612295,0.05233285448607189,18.57204731997918,0.0,2.147302285094001,1,4,0.75,0.05614909045587821,0.0478445112609327,0.05614909045587821,7.223623054905315,0.0,1.3584720697817663,1,1,0.0,-0.07641982907618261,-0.07641982907618261,-0.07641982907618261,0.0,0.0,0.0,1,,,10570.476650528708,0.057047665052870844,0.005324000753431646,0.02667519287206082,0.2040263093659351,-0.04279128390855025,0.04937333839726547,4,13,0,9923.580170923817,-0.0076419829076183055,-0.16116667652913297,0.020841084010208316,-7.810810272856712,-0.009318845635317818,0.9090909090909091,1,1,0,ccbcfb19943c,-0.1,1,10,0.0,True,8,0.0,-0.07641982907618261,0.33861979166666667
13,0.7692307692307693,0.043603028356608106,0.03445383299169402,0.043603028356608106,5.157754631608512,-0.07641982907618261,2.067168155474053,1,8,0.875,0.05233285448607189,0.028789435129612295,0.05233285448607189,18.57204731997918,0.0,2.147302285094001,1,4,0.75,0.05614909045587821,0.0478445112609327,0.05614909045587821,7.223623054905315,0.0,1.3584720697817663,1,1,0.0,-0.07641982907618261,-0.07641982907618261,-0.07641982907618261,0.0,0.0,0.0,1,,,10570.476650528708,0.057047665052870844,0.005324000753431646,0.02667519287206082,0.2040263093659351,-0.04279128390855025,0.04937333839726547,4,13,0,9923.580170923817,-0.0076419829076183055,-0.16116667652913297,0.020841084010208316,-7.810810272856712,-0.009318845635317818,0.9090909090909091,1,1,0,1d61c92c0f92,-0.1,1,10,0.5,True,9,0.0,-0.07641982907618261,0.33861979166666667
3,0.6666666666666666,0.047046758399916344,0.04590381427940671,0.047046758399916344,2.8469064496211693,-0.07641982907618261,0.6569337005174766,1,1,1.0,0.17165628999652494,0.17165628999652494,0.17165628999652494,inf,0.0,0.0,0,1,1.0,0.04590381427940671,0.04590381427940671,0.04590381427940671,inf,0.0,0.0,0,1,0.0,-0.07641982907618261,-0.07641982907618261,-0.07641982907618261,0.0,0.0,0.0,1,,,10140.259630810277,0.014025963081027548,0.003413564815920145,0.015154148786960782,0.14143944361741886,-0.025389926418490694,0.02912621359223301,1,3,0,9923.580170923817,-0.0076419829076183055,-0.16116667652913297,0.020841084010208316,-7.810810272856712,-0.009318845635317818,0.9090909090909091,1,1,0,7243ba848d10,-0.15,0,10,0.0,True,7,0.0,-0.07641982907618261,0.33861979166666667
3,0.6666666666666666,0.047046758399916344,0.04590381427940671,0.047046758399916344,2.8469064496211693,-0.07641982907618261,0.6569337005174766,1,1,1.0,0.17165628999652494,0.17165628999652494,0.17165628999652494,inf,0.0,0.0,0,1,1.0,0.04590381427940671,0.04590381427940671,0.04590381427940671,inf,0.0,0.0,0,1,0.0,-0.07641982907618261,-0.07641982907618261,-0.07641982907618261,0.0,0.0,0.0,1,,,10140.259630810277,0.014025963081027548,0.003413564815920145,0.015154148786960782,0.14143944361741886,-0.025389926418490694,0.02912621359223301,1,3,0,9923.580170923817,-0.0076419829076183055,-0.16116667652913297,0.020841084010208316,-7.810810272856712,-0.009318845635317818,0.9090909090909091,1,1,0,9218c8ee0aba,-0.15,0,10,0.5,True,8,0.0,-0.07641982907618261,0.33861979166666667
3,0.6666666666666666,0.047046758399916344,0.04590381427940671,0.047046758399916344,2.8469064496211693,-0.07641982907618261,0.6569337005174766,1,1,1.0,0.17165628999652494,0.17165628999652494,0.17165628999652494,inf,0.0,0.0,0,1,1.0,0.04590381427940671,0.04590381427940671,0.04590381427940671,inf,0.0,0.0,0,1,0.0,-0.07641982907618261,-0.07641982907618261,-0.07641982907618261,0.0,0.0,0.0,1,,,10140.259630810277,0.014025963081027548,0.003413564815920145,0.015154148786960782,0.14143944361741886,-0.025389926418490694,0.02912621359223301,1,3,0,9923.580170923817,-0.0076419829076183055,-0.16116667652913297,0.020841084010208316,-7.810810272856712,-0.009318845635317818,0.9090909090909091,1,1,0,566fcd59629d,-0.15,1,10,0.0,True,8,0.0,-0.07641982907618261,0.33861979166666667
3,0.6666666666666666,0.047046758399916344,0.04590381427940671,0.047046758399916344,2.8469064496211693,-0.07641982907618261,0.6569337005174766,1,1,1.0,0.17165628999652494,0.17165628999652494,0.17165628999652494,inf,0.0,0.0,0,1,1.0,0.04590381427940671,0.04590381427940671,0.04590381427940671,inf,0.0,0.0,0,1,0.0,-0.07641982907618261,-0.07641982907618261,-0.07641982907618261,0.0,0.0,0.0,1,,,10140.259630810277,0.014025963081027548,0.003413564815920145,0.015154148786960782,0.14143944361741886,-0.025389926418490694,0.02912621359223301,1,3,0,9923.580170923817,-0.0076419829076183055,-0.16116667652913297,0.020841084010208316,-7.810810272856712,-0.009318845635317818,0.9090909090909091,1,1,0,b722eaa49170,-0.15,1,10,0.5,True,9,0.0,-0.07641982907618261,0.33861979166666667
82,0.5487804878048781,0.010668160958254833,0.0105989876780056,0.010668160958254833,1.4111199182250649,-0.6083433539662406,1.1097745269766015,6,51,0.6470588235294118,0.015944223692476146,0.021853670515553092,0.015944223692476146,1.5819635098199916,-0.6083433539662406,1.2249371314270072,5,22,0.45454545454545453,0.01431901143197565,-0.001077490879296871,0.01431901143197565,1.7280127989119953,-0.2519036643408483,0.7796789939983262,6,9,0.2222222222222222,-0.02815382902698349,-0.020411109915996484,-0.02815382902698349,0.14928384112208407,-0.21537622546647595,-2.316336532648183,5,-0.04910258535146457,-0.00643757361071325,10029.680356129196,0.002968035612919584,0.00020029820186917568,0.03681405467736174,0.023045813959638676,-0.1275916382044231,0.1850362027353178,7,69,13,9748.929039285787,-0.025107096071421253,-0.011688527104635527,0.010156737689784555,-1.053612363596594,-0.027092898612490868,0.1651376146788991,1,9,0,92a2b39f5710,-0.05,1,10,0.5,True,8,0.125,-0.025013818999842785,0.336640625
13,0.7692307692307693,0.09228197882120827,0.05481809848317043,0.09228197882120827,7.582051833235859,-0.15275231641130083,2.6084449417677784,2,8,0.875,0.13028418665874328,0.07990646444174854,0.13028418665874328,43.7090521794157,0.0,2.8953116435452557,1,4,0.75,0.06745844015671809,0.07960914504895011,0.06745844015671809,6.941170010313921,-0.045417613055751316,1.4511853478857377,1,1,0.0,-0.11244152922111084,-0.11244152922111084,-0.11244152922111084,0.0,0.0,0.0,1,,,11230.770176947044,0.12307701769470447,0.011128514516508758,0.03405349213561695,0.33542132085301085,-0.052776943084713035,0.09837306091562618,5,13,0,9887.55847077889,-0.011244152922111006,-0.12689037277635362,0.01768476686809218,-7.2862679219693645,-0.012914928789491964,0.9523809523809523,1,1,0,17ec556ba58b,-0.1,0,20,0.0,True,7,0.14285714285714285,-0.11244152922111084,0.3359412202380953
13,0.7692307692307693,0.09228197882120827,0.05481809848317043,0.09228197882120827,7.582051833235859,-0.15275231641130083,2.6084449417677784,2,8,0.875,0.13028418665874328,0.07990646444174854,0.13028418665874328,43.7090521794157,0.0,2.8953116435452557,1,4,0.75,0.06745844015671809,0.07960914504895011,0.06745844015671809,6.941170010313921,-0.045417613055751316,1.4511853478857377,1,1,0.0,-0.11244152922111084,-0.11244152922111084,-0.11244152922111084,0.0,0.0,0.0,1,,,11230.770176947044,0.12307701769470447,0.011128514516508758,0.03405349213561695,0.33542132085301085,-0.052776943084713035,0.09837306091562618,5,13,0,9887.55847077889,-0.011244152922111006,-0.12689037277635362,0.01768476686809218,-7.2862679219693645,-0.012914928789491964,0.9523809523809523,1,1,0,4e362a51a125,-0.1,0,20,0.5,True,8,0.125,-0.11244152922111084,0.3323697916666667
7,0.7142857142857143,0.07323216503004577,0.0387735209872585,0.07323216503004577,4.746012030232801,-0.11244152922111084,1.32196827501943,1,5,0.8,0.1191399716550263,0.04692232272796282,0.1191399716550263,25.40988521210888,0.0,1.8612096050184916,1,1,1.0,0.029366826156299708,0.029366826156299708,0.029366826156299708,inf,0.0,0.0,0,1,0.0,-0.11244152922111084,-0.11244152922111084,-0.11244152922111084,0.0,0.0,0.0,1,,,10511.904811230821,0.05119048112308211,0.004771344892456453,0.019370900017819572,0.24411794117536958,-0.029701554318145695,0.05297010972379872,3,7,0,9887.55847077889,-0.011244152922111006,-0.12689037277635362,0.01768476686809218,-7.2862679219693645,-0.012914928789491964,0.9523809523809523,1,1,0,90b4d943ad70,-0.1,0,20,0.7,True,8,0.125,-0.09443067914864672,0.3323697916666667
13,0.7692307692307693,0.09228197882120827,0.05481809848317043,0.09228197882120827,7.582051833235859,-0.15275231641130083,2.6084449417677784,2,8,0.875,0.13028418665874328,0.07990646444174854,0.13028418665874328,43.7090521794157,0.0,2.8953116435452557,1,4,0.75,0.06745844015671809,0.07960914504895011,0.06745844015671809,6.941170010313921,-0.045417613055751316,1.4511853478857377,1,1,0.0,-0.11244152922111084,-0.11244152922111084,-0.11244152922111084,0.0,0.0,0.0,1,,,11230.770176947044,0.12307701769470447,0.011128514516508758,0.03405349213561695,0.33542132085301085,-0.052776943084713035,0.09837306091562618,5,13,0,9887.55847077889,-0.011244152922111006,-0.12689037277635362,0.01768476686809218,-7.2862679219693645,-0.012914928789491964,0.9523809523809523,1,1,0,731f31770435,-0.1,1,20,0.0,True,8,0.125,-0.11244152922111084,0.3323697916666667
13,0.6153846153846154,0.1506344963046115,0.1629005733560257,0.1506344963046115,4.705008061298376,-0.22634861271858597,2.032172770891801,2,8,0.75,0.250487063899154,0.2437319651331138,0.250487063899154,12.803018637943149,-0.09257999319774213,2.5275099486631474,2,4,0.5,0.019141196425816437,0.040914917482945734,0.019141196425816437,1.323673021618872,-0.056730014554224106,0.22911393589166212,2,1,0.0,-0.1222128449365476,-0.1222128449365476,-0.1222128449365476,0.0,0.0,0.0,1,,,11936.665295547436,0.19366652955474373,0.016766467879495872,0.04877150837081938,0.3607378257342065,-0.06759663547961314,0.2907193440178904,5,13,0,9877.787155063452,-0.012221284493654783,-0.04953028519808644,0.017593178518674948,-2.7482581441454967,-0.0175585388912477,0.9836065573770492,1,1,0,4982bd5a38b0,-0.1,0,60,0.0,True,6,0.16666666666666666,-0.11732718707882922,0.330546875
13,0.7692307692307693,0.09228197882120827,0.05481809848317043,0.09228197882120827,7.582051833235859,-0.15275231641130083,2.6084449417677784,2,8,0.875,0.13028418665874328,0.07990646444174854,0.13028418665874328,43.7090521794157,0.0,2.8953116435452557,1,4,0.75,0.06745844015671809,0.07960914504895011,0.06745844015671809,6.941170010313921,-0.045417613055751316,1.4511853478857377,1,1,0.0,-0.11244152922111084,-0.11244152922111084,-0.11244152922111084,0.0,0.0,0.0,1,,,11230.770176947044,0.12307701769470447,0.011128514516508758,0.03405349213561695,0.33542132085301085,-0.052776943084713035,0.09837306091562618,5,13,0,9887.55847077889,-0.011244152922111006,-0.12689037277635362,0.01768476686809218,-7.2862679219693645,-0.012914928789491964,0.9523809523809523,1,1,0,ae544c6d25cc,-0.1,1,20,0.5,True,9,0.1111111111111111,-0.11244152922111084,0.3295920138888889
7,0.7142857142857143,0.07323216503004577,0.0387735209872585,0.07323216503004577,4.746012030232801,-0.11244152922111084,1.32196827501943,1,5,0.8,0.1191399716550263,0.04692232272796282,0.1191399716550263,25.40988521210888,0.0,1.8612096050184916,1,1,1.0,0.029366826156299708,0.029366826156299708,0.029366826156299708,inf,0.0,0.0,0,1,0.0,-0.11244152922111084,-0.11244152922111084,-0.11244152922111084,0.0,0.0,0.0,1,,,10511.904811230821,0.05119048112308211,0.004771344892456453,0.019370900017819572,0.24411794117536958,-0.029701554318145695,0.05297010972379872,3,7,0,9887.55847077889,-0.011244152922111006,-0.12689037277635362,0.01768476686809218,-7.2862679219693645,-0.012914928789491964,0.9523809523809523,1,1,0,b89b045dfe98,-0.1,1,20,0.7,True,9,0.1111111111111111,-0.11244152922111084,0.3295920138888889
3,0.6666666666666666,0.03415996289627673,0.033902297312226604,0.03415996289627673,2.2925753232868624,-0.07928349461928164,0.5209604997676324,1,1,1.0,0.1478610859958852,0.1478610859958852,0.1478610859958852,inf,0.0,0.0,0,1,1.0,0.033902297312226604,0.033902297312226604,0.033902297312226604,inf,0.0,0.0,0,1,0.0,-0.07928349461928164,-0.07928349461928164,-0.07928349461928164,0.0,0.0,0.0,1,,,10101.536113769218,0.010153611376921834,0.0024747145973411655,0.014372899586213033,0.04084998366052179,-0.02481013848748226,0.02912621359223301,1,3,0,9920.716505380718,-0.007928349461928108,-0.16669463985636312,0.01802577754237499,-9.9084348345627,-0.009104694541560931,0.9090909090909091,1,1,0,76db181ed860,-0.15,2,10,0.0,True,7,0.0,-0.07641982907618261,0.3284635416666667
3,0.6666666666666666,0.03415996289627673,0.033902297312226604,0.03415996289627673,2.2925753232868624,-0.07928349461928164,0.5209604997676324,1,1,1.0,0.1478610859958852,0.1478610859958852,0.1478610859958852,inf,0.0,0.0,0,1,1.0,0.033902297312226604,0.033902297312226604,0.033902297312226604,inf,0.0,0.0,0,1,0.0,-0.07928349461928164,-0.07928349461928164,-0.07928349461928164,0.0,0.0,0.0,1,,,10101.536113769218,0.010153611376921834,0.0024747145973411655,0.014372899586213033,0.04084998366052179,-0.02481013848748226,0.02912621359223301,1,3,0,9920.716505380718,-0.007928349461928108,-0.16669463985636312,0.01802577754237499,-9.9084348345627,-0.009104694541560931,0.9090909090909091,1,1,0,74a6c8407e39,-0.15,2,10,0.5,True,8,0.0,-0.07785166184773212,0.3284635416666667
13,0.6153846153846154,0.1506344963046115,0.1629005733560257,0.1506344963046115,4.705008061298376,-0.22634861271858597,2.032172770891801,2,8,0.75,0.250487063899154,0.2437319651331138,0.250487063899154,12.803018637943149,-0.09257999319774213,2.5275099486631474,2,4,0.5,0.019141196425816437,0.040914917482945734,0.019141196425816437,1.323673021618872,-0.056730014554224106,0.22911393589166212,2,1,0.0,-0.1222128449365476,-0.1222128449365476,-0.1222128449365476,0.0,0.0,0.0,1,,,11936.665295547436,0.19366652955474373,0.016766467879495872,0.04877150837081938,0.3607378257342065,-0.06759663547961314,0.2907193440178904,5,13,0,9877.787155063452,-0.012221284493654783,-0.04953028519808644,0.017593178518674948,-2.7482581441454967,-0.0175585388912477,0.9836065573770492,1,1,0,ecda885a47b7,-0.1,0,60,0.5,True,7,0.14285714285714285,-0.1222128449365476,0.3257849702380953
13,0.6153846153846154,0.1506344963046115,0.1629005733560257,0.1506344963046115,4.705008061298376,-0.22634861271858597,2.032172770891801,2,8,0.75,0.250487063899154,0.2437319651331138,0.250487063899154,12.803018637943149,-0.09257999319774213,2.5275099486631474,2,4,0.5,0.019141196425816437,0.040914917482945734,0.019141196425816437,1.323673021618872,-0.056730014554224106,0.22911393589166212,2,1,0.0,-0.1222128449365476,-0.1222128449365476,-0.1222128449365476,0.0,0.0,0.0,1,,,11936.665295547436,0.19366652955474373,0.016766467879495872,0.04877150837081938,0.3607378257342065,-0.06759663547961314,0.2907193440178904,5,13,0,9877.787155063452,-0.012221284493654783,-0.04953028519808644,0.017593178518674948,-2.7482581441454967,-0.0175585388912477,0.9836065573770492,1,1,0,d2e23a746824,-0.1,1,60,0.0,True,7,0.14285714285714285,-0.1222128449365476,0.3257849702380953
12,0.5833333333333334,0.03628401112924634,0.03320217794843561,0.03628401112924634,2.2403674822915653,-0.29394940725389473,1.008236413074633,4,6,0.8333333333333334,0.10769971276541636,0.07533127818043783,0.10769971276541636,34.69336041890529,-0.019178801655827638,2.1108084985160507,1,1,1.0,0.033902297312226604,0.033902297312226604,0.033902297312226604,inf,0.0,0.0,0,5,0.2,-0.04893848807075374,-0.07928349461928164,-0.04893848807075374,0.2626475644789039,-0.21810499723480936,-1.3590711413918406,4,-0.10003584317431426,0.013790680734802519,10274.966583407,0.02749665834069992,0.0021106773482932883,0.019381500799974905,0.11506381949124532,-0.04859042717441053,0.03392967304133251,3,11,1,9756.235500731369,-0.024376449926863053,-0.016403796284228278,0.01071806433074009,-1.5762072616581682,-0.036531535391167935,0.13297872340425532,2,5,0,d050f0375cfc,-0.15,2,10,0.0,False,7,0.14285714285714285,-0.05158737000898315,0.32414434523809527
12,0.75,0.1464920516578652,0.17343621949758092,0.1464920516578652,3.9461992587808092,-0.40138311836378116,1.8369956003051076,2,6,1.0,0.30362519903525964,0.2436547197678255,0.30362519903525964,inf,0.0,3.0056428033922895,0,1,1.0,0.2767925981787204,0.2767925981787204,0.2767925981787204,inf,0.0,0.0,0,5,0.4,-0.06812783449917911,-0.13503617739889806,-0.06812783449917911,0.4290982194589074,-0.2277952662605366,-0.8205807031937945,2,-0.21169041848451173,0.09025047826348313,10946.482919995828,0.0946482919995828,0.006946600163812322,0.02893138286116572,0.26856613965501763,-0.06533384031851552,0.20048602673147023,3,11,1,9655.224054425991,-0.03447759455740085,-0.020541177348873507,0.024344051572917465,-0.7430916075374437,-0.04646039111089484,0.704225352112676,2,5,0,6777c3a75b0a,-0.15,0,60,0.0,False,6,0.16666666666666666,-0.06430360528448631,0.3229166666666667
13,0.6153846153846154,0.1506344963046115,0.1629005733560257,0.1506344963046115,4.705008061298376,-0.22634861271858597,2.032172770891801,2,8,0.75,0.250487063899154,0.2437319651331138,0.250487063899154,12.803018637943149,-0.09257999319774213,2.5275099486631474,2,4,0.5,0.019141196425816437,0.040914917482945734,0.019141196425816437,1.323673021618872,-0.056730014554224106,0.22911393589166212,2,1,0.0,-0.1222128449365476,-0.1222128449365476,-0.1222128449365476,0.0,0.0,0.0,1,,,11936.665295547436,0.19366652955474373,0.016766467879495872,0.04877150837081938,0.3607378257342065,-0.06759663547961314,0.2907193440178904,5,13,0,9877.787155063452,-0.012221284493654783,-0.04953028519808644,0.017593178518674948,-2.7482581441454967,-0.0175585388912477,0.9836065573770492,1,1,0,56c7e3f11752,-0.1,1,60,0.5,True,8,0.125,-0.1222128449365476,0.32221354166666666
12,0.5833333333333334,0.03628401112924634,0.03320217794843561,0.03628401112924634,2.2403674822915653,-0.29394940725389473,1.008236413074633,4,6,0.8333333333333334,0.10769971276541636,0.07533127818043783,0.10769971276541636,34.69336041890529,-0.019178801655827638,2.1108084985160507,1,1,1.0,0.033902297312226604,0.033902297312226604,0.033902297312226604,inf,0.0,0.0,0,5,0.2,-0.04893848807075374,-0.07928349461928164,-0.04893848807075374,0.2626475644789039,-0.21810499723480936,-1.3590711413918406,4,-0.1003232669226262,0.024431150207831022,10274.966583407,0.02749665834069992,0.0021106773482932883,0.019381500799974905,0.11506381949124532,-0.04859042717441053,0.03392967304133251,3,11,1,9756.235500731369,-0.024376449926863053,-0.016403796284228278,0.01071806433074009,-1.5762072616581682,-0.036531535391167935,0.13297872340425532,2,5,0,8afb952a9c09,-0.15,2,10,0.5,False,8,0.125,-0.05026292903986844,0.32057291666666665
26,0.6538461538461539,0.038109624607996884,0.03896101644393912,0.038109624607996884,2.596574065774026,-0.3200641788155415,1.7237860901918944,4,14,0.7857142857142857,0.08531784654992183,0.06369520715135202,0.08531784654992183,7.727254810574202,-0.1381003292057169,2.5732926517557613,1,3,1.0,0.030590149845213504,0.04140272704244874,0.030590149845213504,inf,0.0,2.5528777881959606,0,9,0.3333333333333333,-0.03281889571406969,-0.036629228049234075,-0.03281889571406969,0.3333353416957559,-0.3200641788155414,-1.3902371172988603,4,-0.07662183682031586,0.005314640569000505,10080.471543205393,0.008047154320539374,0.0006169129777764404,0.023597773895546792,0.056176077234167655,-0.07241725984854863,0.06717557251908397,4,22,4,9706.045429191003,-0.029395457080899745,-0.012151120693287054,0.02239457329430897,-0.5108597735886917,-0.040353680776157974,0.14634146341463414,2,9,0,0b32d1bcd1cc,-0.1,0,10,0.7,False,8,0.0,-0.03579935950817368,0.3203645833333334
13,0.6153846153846154,0.13960724886383752,0.14224527869883008,0.13960724886383752,4.017793657210343,-0.2705651696461826,1.8060274914993288,2,8,0.75,0.24026670935927608,0.2100514161958078,0.24026670935927608,12.31531038395045,-0.05345385132315905,2.3120382240657076,2,4,0.5,0.008618095022261574,0.019571600155745217,0.008618095022261574,1.1189458536313919,-0.10310207838733965,0.09508967540408893,2,1,0.0,-0.14171181973336755,-0.14171181973336755,-0.14171181973336755,0.0,0.0,0.0,1,,,11760.634884693767,0.1760634884693768,0.015348635395549426,0.049442473936143774,0.3359002590587069,-0.09489448735766459,0.2907193440178904,5,13,0,9858.288180266632,-0.014171181973336777,-0.05725742437073833,0.016992480111405993,-3.423601853676447,-0.017340804837968404,0.9836065573770492,1,1,0,51eb7fb389e8,-0.1,2,60,0.0,True,6,0.16666666666666666,-0.1262178768696039,0.318828125
26,0.6153846153846154,0.04152593160625044,0.018620627767408804,0.04152593160625044,3.025352248903195,-0.35404610670463654,1.9207513090445005,4,14,0.8571428571428571,0.097873922811448,0.05856503931341328,0.097873922811448,36.48978717014479,-0.023825501278531225,3.3119426922559243,1,3,0.3333333333333333,0.0066095155057016575,-0.007673744880934529,0.0066095155057016575,1.453105189440589,-0.043484536227950565,0.22293675975938104,2,9,0.3333333333333333,-0.034487693790540605,-0.04981548793889279,-0.034487693790540605,0.3113311413941479,-0.35404610670463665,-1.4726487926063472,4,-0.07808625797555967,0.011127599818198015,10385.797469684068,0.038579746968406825,0.0029169931258843373,0.022757494066033952,0.15121476449051807,-0.04547516808103913,0.06717557251908397,4,22,4,9691.783415679174,-0.03082165843208262,-0.01274615622309494,0.021382763844312123,-0.5861298265214996,-0.04547516808103913,0.14634146341463414,2,9,0,5062e7e97823,-0.1,1,10,0.7,False,9,0.0,-0.03281889571406969,0.31828125000000007
12,0.75,0.1464920516578652,0.17343621949758092,0.1464920516578652,3.9461992587808092,-0.40138311836378116,1.8369956003051076,2,6,1.0,0.30362519903525964,0.2436547197678255,0.30362519903525964,inf,0.0,3.0056428033922895,0,1,1.0,0.2767925981787204,0.2767925981787204,0.2767925981787204,inf,0.0,0.0,0,5,0.4,-0.06812783449917911,-0.13503617739889806,-0.06812783449917911,0.4290982194589074,-0.2277952662605366,-0.8205807031937945,2,-0.19431677145114465,0.058705661952134024,10946.482919995828,0.0946482919995828,0.006946600163812322,0.02893138286116572,0.26856613965501763,-0.06533384031851552,0.20048602673147023,3,11,1,9655.224054425991,-0.03447759455740085,-0.020541177348873507,0.024344051572917465,-0.7430916075374437,-0.04646039111089484,0.704225352112676,2,5,0,0020296ce08d,-0.15,0,60,0.5,False,7,0.14285714285714285,-0.06812783449917911,0.31815476190476194
12,0.6666666666666666,0.08971903489529769,0.058189885279201325,0.08971903489529769,4.38156219390899,-0.2849035768740569,1.6388844248960708,4,6,1.0,0.2215996386676088,0.1712387104977322,0.2215996386676088,inf,0.0,3.011392462122929,0,1,1.0,0.004967436782835289,0.004967436782835289,0.004967436782835289,inf,0.0,0.0,0,5,0.2,-0.05158737000898315,-0.07095966599066195,-0.05158737000898315,0.18985094082343362,-0.23028484668701632,-1.563831054473055,4,-0.10163476090686775,0.010524490975536269,10752.825985838535,0.07528259858385344,0.005640399884251357,0.024550169363595453,0.2386548420496416,-0.047267941630956045,0.06765067650676507,3,11,1,9743.675660100067,-0.025632433989993264,-0.016809450669735604,0.014157613984562894,-1.2186368624756299,-0.03638179196949398,0.25906735751295334,2,5,0,7783e735f02d,-0.15,2,20,0.0,False,7,0.14285714285714285,-0.05158737000898315,0.3158110119047619
14,0.42857142857142855,-0.009252565496504788,-0.012542238556769891,-0.009252565496504788,0.7578159522505824,-0.19938746165276622,-0.42632600955496835,2,2,0.0,-0.0407101776706838,-0.0407101776706838,-0.0407101776706838,0.0,-0.07134101829684292,-1.3290584534567687,2,0,0.0,0.0,0.0,0.0,0.0,0.0,0.0,0,12,0.5,-0.004009630134141619,-0.0035180491017899884,-0.004009630134141619,0.8938889275736779,-0.1446990977389898,-0.16132620092296174,2,-0.05128091246010766,0.04164910026119648,9541.095060791595,-0.04589049392084055,-0.006430548645560141,0.009407117029420358,-0.6670388145415895,-0.05098749753040621,0.05449591280653951,1,10,4,9619.34695566545,-0.038065304433454905,-0.027555500018599632,0.019723083402648382,-1.4632543604079362,-0.04445972026496192,0.22857142857142856,1,8,4,d8dd60a81997,-0.05,0,10,0.8,False,6,0.16666666666666666,-0.014923356010943559,0.3152604166666667
13,0.6153846153846154,0.13960724886383752,0.14224527869883008,0.13960724886383752,4.017793657210343,-0.2705651696461826,1.8060274914993288,2,8,0.75,0.24026670935927608,0.2100514161958078,0.24026670935927608,12.31531038395045,-0.05345385132315905,2.3120382240657076,2,4,0.5,0.008618095022261574,0.019571600155745217,0.008618095022261574,1.1189458536313919,-0.10310207838733965,0.09508967540408893,2,1,0.0,-0.14171181973336755,-0.14171181973336755,-0.14171181973336755,0.0,0.0,0.0,1,,,11760.634884693767,0.1760634884693768,0.015348635395549426,0.049442473936143774,0.3359002590587069,-0.09489448735766459,0.2907193440178904,5,13,0,9858.288180266632,-0.014171181973336777,-0.05725742437073833,0.016992480111405993,-3.423601853676447,-0.017340804837968404,0.9836065573770492,1,1,0,759b2caa8c91,-0.1,2,60,0.5,True,7,0.14285714285714285,-0.1302229088026602,0.3140662202380953
25,0.68,0.12944738550003881,0.12645337815955815,0.12944738550003881,4.125518312680594,-0.44501072962460564,2.8282718053656684,2,14,0.8571428571428571,0.24429515592368414,0.25971728327201593,0.24429515592368414,29.77188459373778,-0.11576368485548949,4.987939126249389,2,3,0.3333333333333333,-0.03557371924331517,-0.05927450980392157,-0.03557371924331517,0.1674908733017627,-0.12410711651904438,-1.2413236581656826,2,8,0.5,-0.009653298462582824,-0.06192447393556111,-0.009653298462582824,0.9020398012916426,-0.3733832308726487,-0.11505156569094183,2,-0.15345031422358707,0.16161674516216112,11764.821330063061,0.17648213300630622,0.012519163643369469,0.04113595825574992,0.33337796547073834,-0.08871541506386738,0.3645200486026732,6,20,5,10134.057535914564,0.01340575359145646,0.005323942129600745,0.038399049576293975,0.17099660780237066,-0.05633832428988872,0.6645569620253164,2,7,1,d3b0bbcf9ea0,-0.1,0,60,0.7,False,7,0.2857142857142857,-0.027992011810043793,0.3129761904761905
12,0.6666666666666666,0.08971903489529769,0.058189885279201325,0.08971903489529769,4.38156219390899,-0.2849035768740569,1.6388844248960708,4,6,1.0,0.2215996386676088,0.1712387104977322,0.2215996386676088,inf,0.0,3.011392462122929,0,1,1.0,0.004967436782835289,0.004967436782835289,0.004967436782835289,inf,0.0,0.0,0,5,0.2,-0.05158737000898315,-0.07095966599066195,-0.05158737000898315,0.18985094082343362,-0.23028484668701632,-1.563831054473055,4,-0.10163476090686775,0.003267261782491194,10752.825985838535,0.07528259858385344,0.005640399884251357,0.024550169363595453,0.2386548420496416,-0.047267941630956045,0.06765067650676507,3,11,1,9743.675660100067,-0.025632433989993264,-0.016809450669735604,0.014157613984562894,-1.2186368624756299,-0.03638179196949398,0.25906735751295334,2,5,0,9bd36118a7a2,-0.15,2,20,0.5,False,8,0.125,-0.05158737000898315,0.3122395833333333
12,0.75,0.18610261856123012,0.19285389731642855,0.18610261856123012,4.224666480050888,-0.47097483659444983,2.0320193999139917,2,6,1.0,0.41347642413268565,0.3886280428356096,0.41347642413268565,inf,0.0,4.592375468634906,0,1,1.0,0.14224527869883008,0.14224527869883008,0.14224527869883008,inf,0.0,0.0,0,5,0.4,-0.07797448015203659,-0.14171181973336755,-0.07797448015203659,0.43704514927128274,-0.3565929788274492,-0.7735782940395313,2,-0.24902241148699406,0.0824839448947191,11518.072564318847,0.15180725643188464,0.01087760666604387,0.032221479968064355,0.3498195308874956,-0.06240096217455615,0.20048602673147023,3,11,1,9604.69963225936,-0.03953003677406397,-0.023576334210204997,0.027242698010505204,-0.8754742232064009,-0.0539903911324624,0.704225352112676,2,5,0,e8bf2c463ec6,-0.15,2,60,0.0,False,6,0.16666666666666666,-0.06478092508050987,0.3109375
12,0.75,0.18610261856123012,0.19285389731642855,0.18610261856123012,4.224666480050888,-0.47097483659444983,2.0320193999139917,2,6,1.0,0.41347642413268565,0.3886280428356096,0.41347642413268565,inf,0.0,4.592375468634906,0,1,1.0,0.14224527869883008,0.14224527869883008,0.14224527869883008,inf,0.0,0.0,0,5,0.4,-0.07797448015203659,-0.14171181973336755,-0.07797448015203659,0.43704514927128274,-0.3565929788274492,-0.7735782940395313,2,-0.2486762284008388,0.0972544491737533,11518.072564318847,0.15180725643188464,0.01087760666604387,0.032221479968064355,0.3498195308874956,-0.06240096217455615,0.20048602673147023,3,11,1,9604.69963225936,-0.03953003677406397,-0.023576334210204997,0.027242698010505204,-0.8754742232064009,-0.0539903911324624,0.704225352112676,2,5,0,3aaae4a9e25a,-0.15,2,60,0.5,False,7,0.14285714285714285,-0.07797448015203659,0.30617559523809523
26,0.5,0.04062678879106947,0.007460413639563623,0.04062678879106947,3.4230070689998993,-0.3195866089899002,1.6300665496850952,8,14,0.7857142857142857,0.09837216811462013,0.024196652658329043,0.09837216811462013,36.054774098338555,-0.017540065969534835,2.515479262708897,1,3,0.3333333333333333,0.00764030724545665,-0.013154510788162321,0.00764030724545665,1.840046414104043,-0.014130793156401755,0.35895560347949185,2,9,0.1111111111111111,-0.03820386297480505,-0.028946958412087387,-0.03820386297480505,0.0691363222393117,-0.3195866089899002,-2.4987677550130982,8,-0.06901478446655045,-0.01386245848487002,10384.381171142855,0.038438117114285575,0.00291091934971921,0.019059398422886866,0.15856624408376677,-0.039174533122860566,0.035168195718654434,3,23,3,9660.651578837058,-0.03393484211629416,-0.014161146226611687,0.019922180421180637,-0.6841986933385448,-0.039174533122861344,0.07377049180327869,2,9,0,38ae0b8492cc,-0.1,2,5,0.7,False,7,0.0,-0.03962728194889144,0.30109375000000005
26,0.5,0.004921616076492761,0.002941782355840806,0.004921616076492761,1.1462501598253643,-0.35875881293009726,0.20364972754667263,3,14,0.6428571428571429,0.02965677054249179,0.017149074231490036,0.02965677054249179,1.8158357523897646,-0.35875881293009726,0.6849855436833412,2,3,0.6666666666666666,0.015588819142062523,0.008665552341083571,0.015588819142062523,16.387673088616502,-0.003039215686274521,1.179637992544521,1,9,0.2222222222222222,-0.037111025225806754,-0.04126482027367395,-0.037111025225806754,0.07987728138744077,-0.2923215941780454,-2.803491655271205,3,-0.06282612092242053,-0.014104728822861573,9591.76549191948,-0.04082345080805205,-0.0032068931411870505,0.018726508112514924,-0.13903394196350674,-0.06532115486174417,0.035168195718654434,3,23,3,9670.139692737253,-0.03298603072627471,-0.013761270548811266,0.015135784986485308,-0.8722899076391286,-0.03408458173879492,0.07377049180327869,2,9,0,5fd6eef19a2a,-0.1,0,5,0.7,False,7,0.0,-0.03281889571406969,0.3003125
12,0.5,0.024909452981000012,-0.0031837451556337437,0.024909452981000012,1.5449974442576035,-0.30108864965912174,0.5055737311449963,4,6,0.6666666666666666,0.0985081014077507,0.07707350871188412,0.0985081014077507,3.8258285079277683,-0.178154717027605,1.1175807988182498,1,1,1.0,0.010261707674463438,0.010261707674463438,0.010261707674463438,inf,0.0,0.0,0,5,0.2,-0.0604793760697935,-0.10075561980652536,-0.0604793760697935,0.10878401448592864,-0.22277929589006074,-2.006112375018031,4,-0.1099555911937387,-0.004377485937434211,9827.776418325566,-0.01722235816744344,-0.001345294091653737,0.021828906952431417,-0.030854423007023044,-0.06496401969443322,0.06765067650676507,3,11,1,9700.122609993088,-0.029987739000691183,-0.019680787792578647,0.014034438047941775,-1.2229718907280651,-0.034659253902587506,0.25906735751295334,2,5,0,9480febe8986,-0.15,0,20,0.0,False,7,0.14285714285714285,-0.05793389031551306,0.3001860119047619
26,0.5769230769230769,0.021526225042163123,0.007566313377324052,0.021526225042163123,1.865832727173413,-0.32988074604525974,1.017191076340883,7,14,0.7857142857142857,0.0635809081471896,0.02704222992327887,0.0635809081471896,4.5316035808571336,-0.23967707968909502,1.8584690650903715,2,3,0.6666666666666666,0.008731558191869918,0.012779904306220113,0.008731558191869918,2.2879232284831765,-0.02033869255270737,0.5545356928989771,1,9,0.2222222222222222,-0.03962728194889144,-0.033711704899405004,-0.03962728194889144,0.04645919733233765,-0.32361299205175054,-2.5282938444497134,7,-0.06791534849611414,-0.01510736118884766,9993.709555272122,-0.0006290444727877764,-4.8490899469899595e-05,0.01593594559722365,0.02206601497981368,-0.04316976538898176,0.035168195718654434,3,23,3,9648.091618389864,-0.03519083816101354,-0.014690839257101018,0.014705913501487597,-0.9944165988682303,-0.04046751998467679,0.07377049180327869,2,9,0,f426004f7d5f,-0.1,1,5,0.7,False,8,0.0,-0.03579935950817368,0.2997916666666667
3,0.6666666666666666,0.2703205376128041,0.17455472745188783,0.2703205376128041,7.6356495772556485,-0.1222128449365476,1.0447427057792034,1,1,1.0,0.7586197303230721,0.7586197303230721,0.7586197303230721,inf,0.0,0.0,0,1,1.0,0.17455472745188783,0.17455472745188783,0.17455472745188783,inf,0.0,0.0,0,1,0.0,-0.1222128449365476,-0.1222128449365476,-0.1222128449365476,0.0,0.0,0.0,1,,,10812.637253278155,0.08126372532781545,0.018397632700228428,0.030392908222969806,0.5717627733805716,-0.032606322704442525,0.16666666666666666,1,3,0,9877.787155063452,-0.012221284493654783,-0.04953028519808644,0.017593178518674948,-2.7482581441454967,-0.0175585388912477,0.9836065573770492,1,1,0,aa1552de3245,-0.15,0,60,0.0,True,6,0.0,-0.11732718707882922,0.2972135416666667
3,0.6666666666666666,0.2703205376128041,0.17455472745188783,0.2703205376128041,7.6356495772556485,-0.1222128449365476,1.0447427057792034,1,1,1.0,0.7586197303230721,0.7586197303230721,0.7586197303230721,inf,0.0,0.0,0,1,1.0,0.17455472745188783,0.17455472745188783,0.17455472745188783,inf,0.0,0.0,0,1,0.0,-0.1222128449365476,-0.1222128449365476,-0.1222128449365476,0.0,0.0,0.0,1,,,10812.637253278155,0.08126372532781545,0.018397632700228428,0.030392908222969806,0.5717627733805716,-0.032606322704442525,0.16666666666666666,1,3,0,9877.787155063452,-0.012221284493654783,-0.04953028519808644,0.017593178518674948,-2.7482581441454967,-0.0175585388912477,0.9836065573770492,1,1,0,09190199dc19,-0.15,0,60,0.5,True,7,0.0,-0.1222128449365476,0.2972135416666667
3,0.6666666666666666,0.2703205376128041,0.17455472745188783,0.2703205376128041,7.6356495772556485,-0.1222128449365476,1.0447427057792034,1,1,1.0,0.7586197303230721,0.7586197303230721,0.7586197303230721,inf,0.0,0.0,0,1,1.0,0.17455472745188783,0.17455472745188783,0.17455472745188783,inf,0.0,0.0,0,1,0.0,-0.1222128449365476,-0.1222128449365476,-0.1222128449365476,0.0,0.0,0.0,1,,,10812.637253278155,0.08126372532781545,0.018397632700228428,0.030392908222969806,0.5717627733805716,-0.032606322704442525,0.16666666666666666,1,3,0,9877.787155063452,-0.012221284493654783,-0.04953028519808644,0.017593178518674948,-2.7482581441454967,-0.0175585388912477,0.9836065573770492,1,1,0,227aab3775b5,-0.15,1,60,0.0,True,7,0.0,-0.1222128449365476,0.2972135416666667
3,0.6666666666666666,0.2703205376128041,0.17455472745188783,0.2703205376128041,7.6356495772556485,-0.1222128449365476,1.0447427057792034,1,1,1.0,0.7586197303230721,0.7586197303230721,0.7586197303230721,inf,0.0,0.0,0,1,1.0,0.17455472745188783,0.17455472745188783,0.17455472745188783,inf,0.0,0.0,0,1,0.0,-0.1222128449365476,-0.1222128449365476,-0.1222128449365476,0.0,0.0,0.0,1,,,10812.637253278155,0.08126372532781545,0.018397632700228428,0.030392908222969806,0.5717627733805716,-0.032606322704442525,0.16666666666666666,1,3,0,9877.787155063452,-0.012221284493654783,-0.04953028519808644,0.017593178518674948,-2.7482581441454967,-0.0175585388912477,0.9836065573770492,1,1,0,b0178aa7c84c,-0.15,1,60,0.5,True,8,0.0,-0.1222128449365476,0.2972135416666667
12,0.5,0.024909452981000012,-0.0031837451556337437,0.024909452981000012,1.5449974442576035,-0.30108864965912174,0.5055737311449963,4,6,0.6666666666666666,0.0985081014077507,0.07707350871188412,0.0985081014077507,3.8258285079277683,-0.178154717027605,1.1175807988182498,1,1,1.0,0.010261707674463438,0.010261707674463438,0.010261707674463438,inf,0.0,0.0,0,5,0.2,-0.0604793760697935,-0.10075561980652536,-0.0604793760697935,0.10878401448592864,-0.22277929589006074,-2.006112375018031,4,-0.1099800178786054,-0.011846760596770905,9827.776418325566,-0.01722235816744344,-0.001345294091653737,0.021828906952431417,-0.030854423007023044,-0.06496401969443322,0.06765067650676507,3,11,1,9700.122609993088,-0.029987739000691183,-0.019680787792578647,0.014034438047941775,-1.2229718907280651,-0.034659253902587506,0.25906735751295334,2,5,0,c942f64a3d68,-0.15,0,20,0.5,False,8,0.125,-0.05920663319265328,0.2966145833333333
3,0.6666666666666666,0.05982448368162733,0.004967436782835289,0.05982448368162733,2.378201828657169,-0.1302229088026602,0.4654850364349185,1,1,1.0,0.3047289230647069,0.3047289230647069,0.3047289230647069,inf,0.0,0.0,0,1,1.0,0.004967436782835289,0.004967436782835289,0.004967436782835289,inf,0.0,0.0,0,1,0.0,-0.1302229088026602,-0.1302229088026602,-0.1302229088026602,0.0,0.0,0.0,1,,,10175.589895916135,0.017558989591613505,0.004226663158656496,0.01906858736022072,0.12748011110819243,-0.028523525122025606,0.057692307692307696,1,3,0,9869.77709119734,-0.013022290880265963,-0.1455470944351689,0.015419642139987368,-10.070281069398197,-0.01330949396568204,0.9523809523809523,1,1,0,f8aa31a461dd,-0.15,2,20,0.0,True,7,0.0,-0.11244152922111084,0.2901822916666667
3,0.6666666666666666,0.05982448368162733,0.004967436782835289,0.05982448368162733,2.378201828657169,-0.1302229088026602,0.4654850364349185,1,1,1.0,0.3047289230647069,0.3047289230647069,0.3047289230647069,inf,0.0,0.0,0,1,1.0,0.004967436782835289,0.004967436782835289,0.004967436782835289,inf,0.0,0.0,0,1,0.0,-0.1302229088026602,-0.1302229088026602,-0.1302229088026602,0.0,0.0,0.0,1,,,10175.589895916135,0.017558989591613505,0.004226663158656496,0.01906858736022072,0.12748011110819243,-0.028523525122025606,0.057692307692307696,1,3,0,9869.77709119734,-0.013022290880265963,-0.1455470944351689,0.015419642139987368,-10.070281069398197,-0.01330949396568204,0.9523809523809523,1,1,0,61bd3b64b239,-0.15,2,20,0.5,True,8,0.0,-0.12133221901188551,0.2901822916666667
12,0.75,0.16404067997205696,0.1711871129890956,0.16404067997205696,3.8670819484680594,-0.4773372940449725,1.9118941994280818,2,6,1.0,0.3712463640420485,0.32251391499462234,0.3712463640420485,inf,0.0,4.366739843310354,0,1,1.0,0.17455472745188783,0.17455472745188783,0.17455472745188783,inf,0.0,0.0,0,5,0.4,-0.08670895040789924,-0.1222128449365476,-0.08670895040789924,0.36854670609893975,-0.3556153728778546,-0.9069410261072899,2,-0.25019041256614577,0.07677251175034731,11180.523394053303,0.11805233940533033,0.008578574602498668,0.030724407887256517,0.3021576529358043,-0.06259163342348018,0.20048602673147023,3,11,1,9563.28728182398,-0.04367127181760211,-0.026068967311596025,0.0270769406513263,-0.9205752751249976,-0.055544032977374314,0.704225352112676,2,5,0,921e08c4e262,-0.15,1,60,0.0,False,7,0.14285714285714285,-0.06812783449917911,0.2897693452380952
12,0.75,0.16404067997205696,0.1711871129890956,0.16404067997205696,3.8670819484680594,-0.4773372940449725,1.9118941994280818,2,6,1.0,0.3712463640420485,0.32251391499462234,0.3712463640420485,inf,0.0,4.366739843310354,0,1,1.0,0.17455472745188783,0.17455472745188783,0.17455472745188783,inf,0.0,0.0,0,5,0.4,-0.08670895040789924,-0.1222128449365476,-0.08670895040789924,0.36854670609893975,-0.3556153728778546,-0.9069410261072899,2,-0.25019041256614577,0.07677251175034731,11180.523394053303,0.11805233940533033,0.008578574602498668,0.030724407887256517,0.3021576529358043,-0.06259163342348018,0.20048602673147023,3,11,1,9563.28728182398,-0.04367127181760211,-0.026068967311596025,0.0270769406513263,-0.9205752751249976,-0.055544032977374314,0.704225352112676,2,5,0,78c18fc740b0,-0.15,1,60,0.5,False,8,0.125,-0.07305115732560785,0.28619791666666666
3,0.6666666666666666,0.2356799861675282,0.14224527869883008,0.2356799861675282,5.9892800743995,-0.14171181973336755,0.9454566211833565,1,1,1.0,0.7065064995371221,0.7065064995371221,0.7065064995371221,inf,0.0,0.0,0,1,1.0,0.14224527869883008,0.14224527869883008,0.14224527869883008,inf,0.0,0.0,0,1,0.0,-0.14171181973336755,-0.14171181973336755,-0.14171181973336755,0.0,0.0,0.0,1,,,10704.919447565288,0.07049194475652865,0.01602125681199129,0.02939107936541768,0.49099176413416756,-0.029914426061973476,0.16666666666666666,1,3,0,9858.288180266632,-0.014171181973336777,-0.05725742437073833,0.016992480111405993,-3.423601853676447,-0.017340804837968404,0.9836065573770492,1,1,0,e3df5678489b,-0.15,2,60,0.0,True,6,0.0,-0.1262178768696039,0.2854947916666667
3,0.6666666666666666,0.2356799861675282,0.14224527869883008,0.2356799861675282,5.9892800743995,-0.14171181973336755,0.9454566211833565,1,1,1.0,0.7065064995371221,0.7065064995371221,0.7065064995371221,inf,0.0,0.0,0,1,1.0,0.14224527869883008,0.14224527869883008,0.14224527869883008,inf,0.0,0.0,0,1,0.0,-0.14171181973336755,-0.14171181973336755,-0.14171181973336755,0.0,0.0,0.0,1,,,10704.919447565288,0.07049194475652865,0.01602125681199129,0.02939107936541768,0.49099176413416756,-0.029914426061973476,0.16666666666666666,1,3,0,9858.288180266632,-0.014171181973336777,-0.05725742437073833,0.016992480111405993,-3.423601853676447,-0.017340804837968404,0.9836065573770492,1,1,0,a2a953ab0263,-0.15,2,60,0.5,True,7,0.0,-0.1302229088026602,0.2854947916666667
1,0.0,-0.01197869897255055,-0.01197869897255055,-0.01197869897255055,0.0,0.0,0.0,1,0,0.0,0.0,0.0,0.0,0.0,0.0,0.0,0,0,0.0,0.0,0.0,0.0,0.0,0.0,0.0,0,1,0.0,-0.01197869897255055,-0.01197869897255055,-0.01197869897255055,0.0,0.0,0.0,1,,,9988.02130102745,-0.0011978698972551216,-0.04909459703847996,0.017937530925398612,-1.5001302994928905,-0.0028856217322466016,0.8333333333333334,1,1,0,9988.02130102745,-0.0011978698972551216,-0.04909459703847996,0.017937530925398612,-1.5001302994928905,-0.0028856217322466016,0.8333333333333334,1,1,0,5f2686356d8e,-0.15,0,5,0.7,True,7,0.0,-0.01197869897255055,0.2769010416666667
1,0.0,-0.01197869897255055,-0.01197869897255055,-0.01197869897255055,0.0,0.0,0.0,1,0,0.0,0.0,0.0,0.0,0.0,0.0,0.0,0,0,0.0,0.0,0.0,0.0,0.0,0.0,0.0,0,1,0.0,-0.01197869897255055,-0.01197869897255055,-0.01197869897255055,0.0,0.0,0.0,1,,,9988.02130102745,-0.0011978698972551216,-0.04909459703847996,0.017937530925398612,-1.5001302994928905,-0.0028856217322466016,0.8333333333333334,1,1,0,9988.02130102745,-0.0011978698972551216,-0.04909459703847996,0.017937530925398612,-1.5001302994928905,-0.0028856217322466016,0.8333333333333334,1,1,0,6a9ff5096bef,-0.15,1,5,0.7,True,8,0.0,-0.01197869897255055,0.2769010416666667
12,0.4166666666666667,-0.017146303295255672,-0.04027783593207279,-0.017146303295255672,0.6954783097919758,-0.33635127219708727,-0.41423295190614523,3,6,0.5,-0.02284817237748804,-0.011317396058063478,-0.02284817237748804,0.6763479669237541,-0.33635127219708727,-0.2966001737778243,1,1,1.0,0.17542161119584876,0.17542161119584876,0.17542161119584876,inf,0.0,0.0,0,5,0.2,-0.04881764329479772,-0.04737576915859909,-0.04881764329479772,0.0317765393962383,-0.17411955173129778,-2.855093806115074,3,-0.07923767741302372,-0.01821383462847357,9544.60212524547,-0.04553978747545295,-0.0036219539870168127,0.012596576387009024,-0.2469763042388397,-0.06514746836123297,0.01699104108742663,2,11,1,9757.995488852783,-0.02420045111472169,-0.01650253110628741,0.007005917448830531,-1.9833494082983656,-0.02070963292140704,0.0673854447439353,1,5,0,3817d9ff4e7d,-0.15,0,5,0.0,False,6,0.0,-0.030398171133674136,0.2765625
12,0.4166666666666667,-0.017146303295255672,-0.04027783593207279,-0.017146303295255672,0.6954783097919758,-0.33635127219708727,-0.41423295190614523,3,6,0.5,-0.02284817237748804,-0.011317396058063478,-0.02284817237748804,0.6763479669237541,-0.33635127219708727,-0.2966001737778243,1,1,1.0,0.17542161119584876,0.17542161119584876,0.17542161119584876,inf,0.0,0.0,0,5,0.2,-0.04881764329479772,-0.04737576915859909,-0.04881764329479772,0.0317765393962383,-0.17411955173129778,-2.855093806115074,3,-0.07489682133359081,-0.01688989414553196,9544.60212524547,-0.04553978747545295,-0.0036219539870168127,0.012596576387009024,-0.2469763042388397,-0.06514746836123297,0.01699104108742663,2,11,1,9757.995488852783,-0.02420045111472169,-0.01650253110628741,0.007005917448830531,-1.9833494082983656,-0.02070963292140704,0.0673854447439353,1,5,0,ce539028413c,-0.15,0,5,0.5,False,7,0.0,-0.04881764329479772,0.2765625
12,0.5,0.014548778398975412,0.003912805075692638,0.014548778398975412,1.2785880960463407,-0.2882587059875148,0.3065795855863178,4,6,0.6666666666666666,0.05784122297033576,0.055813340894152574,0.05784122297033576,2.1403631653324973,-0.27947702907360716,0.6573694439828336,1,1,1.0,0.11720745454325565,0.11720745454325565,0.11720745454325565,inf,0.0,0.0,0,5,0.2,-0.05793389031551306,-0.043350967888655334,-0.05793389031551306,0.10137820914097118,-0.19552627574333314,-1.990138559216363,4,-0.10561754423674488,-0.011594584362165494,9791.479224238332,-0.020852077576166805,-0.001636624478171922,0.016508801763788803,-0.06450997245979238,-0.06514996181876842,0.03392967304133251,3,11,1,9712.681263452218,-0.02873187365477825,-0.019348881659235317,0.00996703079420991,-1.68600090071899,-0.03300169012215792,0.13297872340425532,2,5,0,01a5838db1ed,-0.15,0,10,0.0,False,7,0.0,-0.05793389031551306,0.2755208333333333
12,0.5,0.014548778398975412,0.003912805075692638,0.014548778398975412,1.2785880960463407,-0.2882587059875148,0.3065795855863178,4,6,0.6666666666666666,0.05784122297033576,0.055813340894152574,0.05784122297033576,2.1403631653324973,-0.27947702907360716,0.6573694439828336,1,1,1.0,0.11720745454325565,0.11720745454325565,0.11720745454325565,inf,0.0,0.0,0,5,0.2,-0.05793389031551306,-0.043350967888655334,-0.05793389031551306,0.10137820914097118,-0.19552627574333314,-1.990138559216363,4,-0.10667211034185652,-0.00997588532305861,9791.479224238332,-0.020852077576166805,-0.001636624478171922,0.016508801763788803,-0.06450997245979238,-0.06514996181876842,0.03392967304133251,3,11,1,9712.681263452218,-0.02873187365477825,-0.019348881659235317,0.00996703079420991,-1.68600090071899,-0.03300169012215792,0.13297872340425532,2,5,0,24b7db43337c,-0.15,0,10,0.5,False,8,0.0,-0.05793389031551306,0.2755208333333333
12,0.4166666666666667,0.017947052715851553,-0.00810352526483249,0.017947052715851553,1.3898876754067917,-0.2986108354115887,0.3776870555753663,5,6,0.6666666666666666,0.06703385374885457,0.0527007351886003,0.06703385374885457,2.3281079193185557,-0.2986108354115887,0.7275611988174167,1,1,1.0,0.06269842059162956,0.06269842059162956,0.06269842059162956,inf,0.0,0.0,0,5,0.0,-0.04990738209890766,-0.05074716520858047,-0.04990738209890766,0.0,-0.18623370630141778,-3.5702525525744444,5,-0.07258267942397227,-0.028673245266289806,9849.0433149466,-0.015095668505339943,-0.001183455331220551,0.013519909202839823,-0.06037667846935781,-0.04464343694406925,0.01699104108742663,2,11,1,9752.74880637056,-0.02472511936294397,-0.01686175193000672,0.006881626679804414,-2.2806351943299505,-0.025339413502870833,0.0673854447439353,1,5,0,cbb05de10009,-0.15,1,5,0.0,False,7,0.0,-0.04881764329479772,0.2692708333333333
12,0.4166666666666667,0.017947052715851553,-0.00810352526483249,0.017947052715851553,1.3898876754067917,-0.2986108354115887,0.3776870555753663,5,6,0.6666666666666666,0.06703385374885457,0.0527007351886003,0.06703385374885457,2.3281079193185557,-0.2986108354115887,0.7275611988174167,1,1,1.0,0.06269842059162956,0.06269842059162956,0.06269842059162956,inf,0.0,0.0,0,5,0.0,-0.04990738209890766,-0.05074716520858047,-0.04990738209890766,0.0,-0.18623370630141778,-3.5702525525744444,5,-0.07932315217337474,-0.028425594590498315,9849.0433149466,-0.015095668505339943,-0.001183455331220551,0.013519909202839823,-0.06037667846935781,-0.04464343694406925,0.01699104108742663,2,11,1,9752.74880637056,-0.02472511936294397,-0.01686175193000672,0.006881626679804414,-2.2806351943299505,-0.025339413502870833,0.0673854447439353,1,5,0,da746bbd6ce5,-0.15,1,5,0.5,False,8,0.0,-0.04936251269685269,0.2692708333333333
12,0.4166666666666667,0.04297095723875661,-0.01197739020946681,0.04297095723875661,2.232708154173464,-0.25760067804960896,0.8478490712305425,5,6,0.6666666666666666,0.12095956221732207,0.03622697979878964,0.12095956221732207,6.433073816739319,-0.1317462394296679,1.342847035337243,2,1,1.0,0.07462059777873631,0.07462059777873631,0.07462059777873631,inf,0.0,0.0,0,5,0.0,-0.05694529684351788,-0.04563266353886397,-0.05694529684351788,0.0,-0.1954375445784725,-2.8053150883923905,5,-0.09293876639801373,-0.02481978052929253,10151.351298611035,0.015135129861103547,0.0011701241599755274,0.014521625578647446,0.08333227518029883,-0.03539556624589357,0.01699104108742663,2,11,1,9718.092229136244,-0.02819077708637563,-0.019236117996128343,0.0081166840732681,-2.4403264870564114,-0.031118971899952386,0.0673854447439353,1,5,0,89c7bd3b4d91,-0.15,2,5,0.0,False,6,0.0,-0.047285575804808855,0.26484375
12,0.4166666666666667,0.04297095723875661,-0.01197739020946681,0.04297095723875661,2.232708154173464,-0.25760067804960896,0.8478490712305425,5,6,0.6666666666666666,0.12095956221732207,0.03622697979878964,0.12095956221732207,6.433073816739319,-0.1317462394296679,1.342847035337243,2,1,1.0,0.07462059777873631,0.07462059777873631,0.07462059777873631,inf,0.0,0.0,0,5,0.0,-0.05694529684351788,-0.04563266353886397,-0.05694529684351788,0.0,-0.1954375445784725,-2.8053150883923905,5,-0.09192253749225175,-0.024068282055142685,10151.351298611035,0.015135129861103547,0.0011701241599755274,0.014521625578647446,0.08333227518029883,-0.03539556624589357,0.01699104108742663,2,11,1,9718.092229136244,-0.02819077708637563,-0.019236117996128343,0.0081166840732681,-2.4403264870564114,-0.031118971899952386,0.0673854447439353,1,5,0,8eeb1366326e,-0.15,2,5,0.5,False,7,0.0,-0.04893848807075374,0.26484375
12,0.5833333333333334,0.01359798364366869,0.018620627767408804,0.01359798364366869,1.365144665161578,-0.30616610451492854,0.41957702911241923,4,6,0.8333333333333334,0.0722315122098603,0.0537525168671934,0.0722315122098603,5.378041585598803,-0.09899153874754374,1.4587543700730365,1,1,1.0,0.04590381427940671,0.04590381427940671,0.04590381427940671,inf,0.0,0.0,0,5,0.2,-0.06322341676290884,-0.07641982907618261,-0.06322341676290884,0.0913260164550539,-0.2194338232070263,-2.39732309952739,4,-0.09897625900808099,-0.013008032846247696,9976.446072448894,-0.0023553927551105414,-0.00018328335767492376,0.018460068589412657,0.014190059232793185,-0.0490538776049555,0.03392967304133251,3,11,1,9687.020469497675,-0.03129795305023253,-0.02108607260070261,0.01046512432369359,-1.9098010341569749,-0.038227382425962464,0.13297872340425532,2,5,0,7691372ac049,-0.15,1,10,0.0,False,8,0.0,-0.05159709226776745,0.26067708333333334
12,0.5833333333333334,0.01359798364366869,0.018620627767408804,0.01359798364366869,1.365144665161578,-0.30616610451492854,0.41957702911241923,4,6,0.8333333333333334,0.0722315122098603,0.0537525168671934,0.0722315122098603,5.378041585598803,-0.09899153874754374,1.4587543700730365,1,1,1.0,0.04590381427940671,0.04590381427940671,0.04590381427940671,inf,0.0,0.0,0,5,0.2,-0.06322341676290884,-0.07641982907618261,-0.06322341676290884,0.0913260164550539,-0.2194338232070263,-2.39732309952739,4,-0.10382994847173632,-0.006184309640300323,9976.446072448894,-0.0023553927551105414,-0.00018328335767492376,0.018460068589412657,0.014190059232793185,-0.0490538776049555,0.03392967304133251,3,11,1,9687.020469497675,-0.03129795305023253,-0.02108607260070261,0.01046512432369359,-1.9098010341569749,-0.038227382425962464,0.13297872340425532,2,5,0,68da4ded1a6f,-0.15,1,10,0.5,False,9,0.0,-0.05328680243662724,0.26067708333333334
14,0.5714285714285714,-0.005691356034755092,0.0061493493295444734,-0.005691356034755092,0.7625031547723637,-0.1499301704352266,-0.407056866019327,2,2,1.0,0.013247900136666546,0.013247900136666546,0.013247900136666546,inf,0.0,4.742840890195738,0,0,0.0,0.0,0.0,0.0,0.0,0.0,0.0,0,12,0.5,-0.008847898729992032,-0.004491580344419266,-0.008847898729992032,0.6835278889949907,-0.1499301704352265,-0.5455034435152839,2,-0.04011427707831443,0.020347527453949587,9853.101879265245,-0.014689812073475528,-0.0020357891708137066,0.008649091269939905,-0.21598525465125382,-0.02179755274358519,0.03278688524590164,1,12,2,9827.047849139357,-0.017295215086064353,-0.012662693125743751,0.019022788834984556,-0.719789603696783,-0.02179755274358497,0.14492753623188406,1,10,2,b4d61111b126,-0.05,0,5,0.8,False,5,0.0,-0.026219168485816253,0.25744791666666667
145,0.5172413793103449,0.0013324840031924594,0.0019574630365731824,0.0013324840031924594,1.0496136077648972,-0.8992958421607197,0.17798775545157808,8,80,0.6,0.01034366172895552,0.009940458619230763,0.01034366172895552,1.3294655807640843,-0.8992958421607197,0.8041877222075003,8,34,0.47058823529411764,-0.001345773104275893,-0.0022577420099921244,-0.001345773104275893,0.9220562828511935,-0.329602744057947,-0.18837253364947995,6,31,0.3548387096774194,-0.018984724913166277,-0.012023713851951556,-0.018984724913166277,0.2603047357819951,-0.4732304298371498,-2.646130547510741,4,-0.03413018503551951,-0.00522157509898711,10333.039602462995,0.03330396024629945,0.00220870819345631,0.0331001425901747,0.08352480119502192,-0.0851299548606328,0.16034206306787813,6,120,25,9400.236372991687,-0.05997636270083129,-0.025025069223994167,0.022627193754821893,-1.1057347711156265,-0.0656453578401397,0.22764227642276422,3,28,3,ce54272fb892,-0.05,1,5,0.7,False,7,0.0,-0.016129483261280612,0.24270833333333333
14,0.35714285714285715,-0.018588800377834596,-0.016766840657204518,-0.018588800377834596,0.48509695325516033,-0.25790217570538765,-1.0817856643145463,4,2,0.5,-0.000877910204749421,-0.000877910204749421,-0.000877910204749421,0.8164126030332549,-0.009563948498147123,-0.10107141772754154,1,0,0.0,0.0,0.0,0.0,0.0,0.0,0.0,0,12,0.3333333333333333,-0.021540615406682128,-0.025222747244992627,-0.021540615406682128,0.4787066419138232,-0.22666555279170453,-1.0764554446784733,3,-0.05342015035277507,0.01649690356694653,9569.15807577351,-0.04308419242264905,-0.006029729476113577,0.009350848217983187,-0.63369081805248,-0.053090709260465,0.05449591280653951,1,10,4,9570.845691569582,-0.042915430843041724,-0.031088241884283274,0.019654994858692203,-1.583469636469524,-0.04807820808355012,0.22857142857142856,1,8,4,a4e55ace75ad,-0.05,2,10,0.8,False,6,0.16666666666666666,-0.020421656587564434,0.2384375
25,0.64,0.13257679499612465,0.18891992403406632,0.13257679499612465,3.45459725502467,-0.5909686221960911,2.6105855066185466,3,14,0.8571428571428571,0.27690200688854655,0.2589715480304181,0.27690200688854655,23.821123591848192,-0.16364726743147495,5.262100420962864,2,3,0.0,-0.11408253568755251,-0.1539961089494163,-0.11408253568755251,0.0,-0.31195658962218176,-1.9993628717367498,3,8,0.5,-0.027495076809234784,-0.06801120980503689,-0.027495076809234784,0.7375713235487189,-0.4079678352251832,-0.35040135686032114,2,-0.16620964752456174,0.12627113159207734,12213.588161986832,0.22135881619868325,0.015424841534424028,0.041996362020593446,0.383850538064259,-0.1280138727999255,0.3645200486026732,6,20,5,10128.256957416708,0.012825695741670806,0.005094458252014489,0.03846965192447172,0.16218065084541097,-0.05656723040651035,0.6645569620253164,2,7,1,1d39a644309e,-0.1,2,60,0.7,False,7,0.14285714285714285,-0.027992011810043793,0.23596726190476192
14,0.35714285714285715,-0.03939351052141958,-0.07662488265553002,-0.03939351052141958,0.5755989666651088,-0.614707112757469,-0.8614965951530037,4,2,1.0,0.10290069118544132,0.10290069118544132,0.10290069118544132,inf,0.0,17.099993100677175,0,0,0.0,0.0,0.0,0.0,0.0,0.0,0.0,0,12,0.25,-0.06310921080589639,-0.10686242678572833,-0.06310921080589639,0.4172293008715862,-0.5178341757182703,-1.2560431914521621,4,-0.14481412854623835,0.039569917764388285,9434.484125627754,-0.05655158743722455,-0.007752196198331784,0.015906030257061703,-0.47321387952536925,-0.08735354210238233,0.22281167108753316,2,7,7,9243.280747583745,-0.07567192524162547,-0.04836485908281685,0.030546097860055254,-1.6393528422985504,-0.08735354210238222,0.75,2,5,7,f7215fc0d996,-0.05,0,60,0.8,False,5,0.4,-0.052522065649310244,0.23328125000000002
3,0.3333333333333333,-0.018453880160923346,-0.031125864288016225,-0.018453880160923346,0.4198372139933485,-0.06429845767484632,-0.5994336065891284,2,0,0.0,0.0,0.0,0.0,0.0,0.0,0.0,0,0,0.0,0.0,0.0,0.0,0.0,0.0,0.0,0,3,0.3333333333333333,-0.018453880160923346,-0.031125864288016225,-0.018453880160923346,0.4198372139933485,-0.06429845767484632,-0.5994336065891284,2,-0.06429845767484632,0.04006268148009251,9944.457000394856,-0.005554299960514486,-0.004502966718218926,0.009457041676275863,-0.4410982956232309,-0.01673002603073226,0.09646302250803858,1,3,0,9944.457000394856,-0.005554299960514486,-0.004502966718218926,0.009457041676275863,-0.4410982956232309,-0.01673002603073226,0.09646302250803858,1,3,0,2b493482750f,-0.05,2,10,0.8,True,6,0.16666666666666666,-0.01832798213024589,0.231875
25,0.64,0.14540060079777942,0.15918016918285482,0.14540060079777942,3.775741378457325,-0.5570068841210026,2.7658779533309437,5,14,0.8571428571428571,0.2924113531453657,0.30242306697683297,0.2924113531453657,25.11237947957768,-0.1626312868148263,5.330029146493631,2,3,0.3333333333333333,-0.07826927653676148,-0.09594918853329293,-0.07826927653676148,0.14853424713950053,-0.25851540358981107,-1.216417416503906,2,8,0.375,-0.027992011810043793,-0.0656868196710943,-0.027992011810043793,0.7408201599943259,-0.39703561387168906,-0.3344246254827412,3,-0.18205746393310063,0.141769216857974,12244.421735163212,0.22444217351632134,0.015620844830795289,0.04130664830532153,0.40231822415609164,-0.10308870212273291,0.3645200486026732,6,20,5,10119.95809724278,0.011995809724277828,0.0047659993087336705,0.03796434354107205,0.14589969963241312,-0.05794151520084545,0.6645569620253164,2,7,1,2f852e4be306,-0.1,1,60,0.7,False,8,0.125,-0.025364509907160916,0.23135416666666667
14,0.35714285714285715,-0.021033641616417402,-0.017734085936118082,-0.021033641616417402,0.4346697675193033,-0.2665027232378787,-1.2325551957463323,5,2,0.0,-0.01289889322968868,-0.01289889322968868,-0.01289889322968868,0.0,-0.010740724503137677,-5.976777010527148,2,0,0.0,0.0,0.0,0.0,0.0,0.0,0.0,0,12,0.4166666666666667,-0.022389433014205522,-0.027758541386195767,-0.022389433014205522,0.45731943372926,-0.24308951056969508,-1.1190721335454374,3,-0.06024572172493431,0.014183715610189874,9542.094485779244,-0.045790551422075665,-0.006416256577972068,0.009226501030635161,-0.7102274122427771,-0.05415177527170545,0.05449591280653951,1,10,4,9566.759134984473,-0.04332408650155262,-0.03138612774525673,0.019483603426706877,-1.6583107339288756,-0.048449975186195426,0.22857142857142856,1,8,4,23f3d1cc53c7,-0.05,1,10,0.8,False,7,0.14285714285714285,-0.020998813291895086,0.23133184523809525
7,0.5714285714285714,0.06469555460941556,0.01644776683884086,0.06469555460941556,6.858321414790048,-0.05911863096562231,1.2160702231531237,2,5,0.8,0.10252646779223493,0.017642088988635396,0.10252646779223493,30.226363221869327,0.0,1.500856150108468,1,1,0.0,-0.014130793156401755,-0.014130793156401755,-0.014130793156401755,0.0,0.0,0.0,1,1,0.0,-0.04563266353886397,-0.04563266353886397,-0.04563266353886397,0.0,0.0,0.0,1,,,10450.938090228507,0.04509380902285076,0.004238361425335846,0.012043298666303283,0.3707622729394529,-0.021539159789576434,0.013318112633181126,2,7,0,9954.367336461137,-0.004563266353886375,-0.1747722029685933,0.014346560441957009,-12.926989127540049,-0.004852930951777412,0.8333333333333334,1,1,0,f6828ace86ad,-0.1,2,5,0.7,True,7,0.0,-0.03820386297480505,0.22690104166666666
1,0.0,-0.04563266353886397,-0.04563266353886397,-0.04563266353886397,0.0,0.0,0.0,1,0,0.0,0.0,0.0,0.0,0.0,0.0,0.0,0,0,0.0,0.0,0.0,0.0,0.0,0.0,0.0,0,1,0.0,-0.04563266353886397,-0.04563266353886397,-0.04563266353886397,0.0,0.0,0.0,1,,,9954.367336461137,-0.004563266353886375,-0.1747722029685933,0.014346560441957009,-12.926989127540049,-0.004852930951777412,0.8333333333333334,1,1,0,9954.367336461137,-0.004563266353886375,-0.1747722029685933,0.014346560441957009,-12.926989127540049,-0.004852930951777412,0.8333333333333334,1,1,0,59f6bdbc55f2,-0.15,2,5,0.7,True,7,0.0,-0.04563266353886397,0.22690104166666666
46,0.4782608695652174,-0.019421256411683158,-0.004929703744967429,-0.019421256411683158,0.4808046053121583,-0.7658421189086448,-1.4280707979318077,5,32,0.53125,-0.01993470051610501,0.00649064811371658,-0.01993470051610501,0.5415352867504938,-0.7400723580938615,-1.0353848833811368,5,9,0.3333333333333333,-0.021712816588012038,-0.014033540495609897,-0.021712816588012038,0.08705561337238316,-0.1786633569869378,-2.49659216928851,4,5,0.4,-0.01201040582599131,-0.01197869897255055,-0.01201040582599131,0.4789023739449163,-0.11287621786375812,-0.5557043137666791,3,-0.05080297250153838,0.020875808017740204,9477.394561795161,-0.05226054382048384,-0.004126669304340691,0.021570897569582897,-0.18523571767093575,-0.08787030606900692,0.06420055029043106,5,42,4,9939.625411308478,-0.00603745886915219,-0.004265529392636136,0.008237291512505946,-0.5876821188183416,-0.017676791626360933,0.0700280112044818,1,5,0,5a041a5fa3c6,-0.05,0,5,0.7,True,6,0.0,-0.012901523347950871,0.2212239583333333
46,0.4782608695652174,-0.019421256411683158,-0.004929703744967429,-0.019421256411683158,0.4808046053121583,-0.7658421189086448,-1.4280707979318077,5,32,0.53125,-0.01993470051610501,0.00649064811371658,-0.01993470051610501,0.5415352867504938,-0.7400723580938615,-1.0353848833811368,5,9,0.3333333333333333,-0.021712816588012038,-0.014033540495609897,-0.021712816588012038,0.08705561337238316,-0.1786633569869378,-2.49659216928851,4,5,0.4,-0.01201040582599131,-0.01197869897255055,-0.01201040582599131,0.4789023739449163,-0.11287621786375812,-0.5557043137666791,3,-0.051998764929322275,0.019706831100393684,9477.394561795161,-0.05226054382048384,-0.004126669304340691,0.021570897569582897,-0.18523571767093575,-0.08787030606900692,0.06420055029043106,5,42,4,9939.625411308478,-0.00603745886915219,-0.004265529392636136,0.008237291512505946,-0.5876821188183416,-0.017676791626360933,0.0700280112044818,1,5,0,442a02a250c4,-0.05,1,5,0.7,True,7,0.0,-0.017442925684067336,0.2212239583333333
3,0.3333333333333333,-0.020998813291895086,-0.020411109915996484,-0.020998813291895086,0.2717790649721116,-0.06609620791231163,-0.8117363617904093,2,0,0.0,0.0,0.0,0.0,0.0,0.0,0.0,0,0,0.0,0.0,0.0,0.0,0.0,0.0,0.0,0,3,0.3333333333333333,-0.020998813291895086,-0.020411109915996484,-0.020998813291895086,0.2717790649721116,-0.06609620791231163,-0.8117363617904093,2,-0.06609620791231163,0.008870215329749742,9936.935400706183,-0.006306459929381725,-0.0051131220773597,0.009637387408774501,-0.5985840579710179,-0.017509728857130202,0.09646302250803858,1,3,0,9936.935400706183,-0.006306459929381725,-0.0051131220773597,0.009637387408774501,-0.5985840579710179,-0.017509728857130202,0.09646302250803858,1,3,0,de1cee1d742d,-0.05,0,10,0.8,True,6,0.16666666666666666,-0.012504221713018352,0.22028645833333332
3,0.3333333333333333,-0.020998813291895086,-0.020411109915996484,-0.020998813291895086,0.2717790649721116,-0.06609620791231163,-0.8117363617904093,2,0,0.0,0.0,0.0,0.0,0.0,0.0,0.0,0,0,0.0,0.0,0.0,0.0,0.0,0.0,0.0,0,3,0.3333333333333333,-0.020998813291895086,-0.020411109915996484,-0.020998813291895086,0.2717790649721116,-0.06609620791231163,-0.8117363617904093,2,-0.06609620791231163,0.023510877952622855,9936.935400706183,-0.006306459929381725,-0.0051131220773597,0.009637387408774501,-0.5985840579710179,-0.017509728857130202,0.09646302250803858,1,3,0,9936.935400706183,-0.006306459929381725,-0.0051131220773597,0.009637387408774501,-0.5985840579710179,-0.017509728857130202,0.09646302250803858,1,3,0,78f2c7fd8eb4,-0.05,1,10,0.8,True,7,0.14285714285714285,-0.020998813291895086,0.21552455357142858
3,0.6666666666666666,-0.015657150968596694,0.01573170927528389,-0.015657150968596694,0.4398115670140007,-0.0838493802083986,-0.4587245603584945,1,0,0.0,0.0,0.0,0.0,0.0,0.0,0.0,0,0,0.0,0.0,0.0,0.0,0.0,0.0,0.0,0,3,0.6666666666666666,-0.015657150968596694,0.01573170927528389,-0.015657150968596694,0.4398115670140007,-0.0838493802083986,-0.4587245603584945,1,-0.0838493802083986,0.021146218027324637,9952.75231563636,-0.004724768436363935,-0.0038926109026589106,0.008033048764090013,-0.4439312229069664,-0.014052194473661017,0.049019607843137254,1,3,0,9952.75231563636,-0.004724768436363935,-0.0038926109026589106,0.008033048764090013,-0.4439312229069664,-0.014052194473661017,0.049019607843137254,1,3,0,96edd39537a5,-0.05,2,5,0.8,True,5,0.0,-0.018453880160923346,0.2118229166666667
46,0.5,-0.003443409829814303,-0.00032221887064159873,-0.003443409829814303,0.8848731033134263,-0.5181821725239564,-0.2916507444883884,5,32,0.59375,0.004641530856684478,0.013113430187137731,0.004641530856684478,1.1517727612461897,-0.5181821725239564,0.28908984172611374,5,9,0.2222222222222222,-0.020940294271510576,-0.014424682443013315,-0.020940294271510576,0.19560501542837624,-0.21551150113233253,-1.3579694826714683,4,5,0.4,-0.023692638228353213,-0.020411109915996484,-0.023692638228353213,0.27290698086544046,-0.1374649760772516,-1.1288353863350569,3,-0.06315336101137119,0.0056245547145886195,9456.827486096849,-0.05431725139031518,-0.004286795123529696,0.02739920874498235,-0.14645880971500783,-0.10547852759406562,0.115995115995116,5,38,8,9881.659335031565,-0.011834066496843487,-0.008252968160062601,0.01020380352636803,-0.8650681096256204,-0.025017902716105267,0.13812154696132597,1,5,0,9b4b6b7a484f,-0.05,0,10,0.7,True,7,0.14285714285714285,-0.020998813291895086,0.20526413690476192
46,0.5,-0.003443409829814303,-0.00032221887064159873,-0.003443409829814303,0.8848731033134263,-0.5181821725239564,-0.2916507444883884,5,32,0.59375,0.004641530856684478,0.013113430187137731,0.004641530856684478,1.1517727612461897,-0.5181821725239564,0.28908984172611374,5,9,0.2222222222222222,-0.020940294271510576,-0.014424682443013315,-0.020940294271510576,0.19560501542837624,-0.21551150113233253,-1.3579694826714683,4,5,0.4,-0.023692638228353213,-0.020411109915996484,-0.023692638228353213,0.27290698086544046,-0.1374649760772516,-1.1288353863350569,3,-0.0590239125458228,0.014214920350394778,9456.827486096849,-0.05431725139031518,-0.004286795123529696,0.02739920874498235,-0.14645880971500783,-0.10547852759406562,0.115995115995116,5,38,8,9881.659335031565,-0.011834066496843487,-0.008252968160062601,0.01020380352636803,-0.8650681096256204,-0.025017902716105267,0.13812154696132597,1,5,0,83f3472d1504,-0.05,1,10,0.7,True,8,0.125,-0.022345725760124148,0.20169270833333333
3,0.3333333333333333,-0.052522065649310244,-0.10776789939871911,-0.052522065649310244,0.511104660914687,-0.10776789939871911,-0.46516735954011706,1,0,0.0,0.0,0.0,0.0,0.0,0.0,0.0,0,0,0.0,0.0,0.0,0.0,0.0,0.0,0.0,0,3,0.3333333333333333,-0.052522065649310244,-0.10776789939871911,-0.052522065649310244,0.511104660914687,-0.10776789939871911,-0.46516735954011706,1,-0.21452234219516764,0.16472404464595602,9839.474851986331,-0.016052514801366824,-0.011232980737419629,0.033208654993638044,-0.3413495551287713,-0.04033169079189758,0.4986149584487535,1,3,0,9839.474851986331,-0.016052514801366824,-0.011232980737419629,0.033208654993638044,-0.3413495551287713,-0.04033169079189758,0.4986149584487535,1,3,0,49dd94af657e,-0.05,0,60,0.8,True,5,0.2,-0.052522065649310244,0.20065104166666667
46,0.5,0.004766666682189029,0.002007736565298069,0.004766666682189029,1.1997244514541403,-0.5012751808007991,0.3628489432257398,10,32,0.59375,0.015677201916667344,0.015041509690104649,0.015677201916667344,1.7015062116327946,-0.5012751808007991,0.8704908252966537,3,9,0.1111111111111111,-0.021687685059147,-0.014130793156401755,-0.021687685059147,0.22920365815202925,-0.2166836757390065,-1.5235696801791028,7,5,0.6,-0.017442925684067336,0.00538948802431738,-0.017442925684067336,0.3264345704137026,-0.1256557731922705,-0.8554423948299664,2,-0.05628981897775518,0.015829068525906886,10168.944332711599,0.016894433271159803,0.0012915193271658687,0.022770906512964928,0.06255734654530891,-0.08323369000434078,0.06420055029043106,5,42,4,9912.67480233729,-0.008732519766271096,-0.00617207751036708,0.00803979146582698,-0.7338661981810247,-0.018551336921307504,0.0700280112044818,1,5,0,781553cf40a7,-0.05,2,5,0.7,True,6,0.0,-0.017121418935860992,0.19869791666666667
3,0.3333333333333333,-0.052522065649310244,-0.10776789939871911,-0.052522065649310244,0.511104660914687,-0.10776789939871911,-0.46516735954011706,1,0,0.0,0.0,0.0,0.0,0.0,0.0,0.0,0,0,0.0,0.0,0.0,0.0,0.0,0.0,0.0,0,3,0.3333333333333333,-0.052522065649310244,-0.10776789939871911,-0.052522065649310244,0.511104660914687,-0.10776789939871911,-0.46516735954011706,1,-0.21452234219516764,0.07389339663106431,9839.474851986331,-0.016052514801366824,-0.011232980737419629,0.033208654993638044,-0.3413495551287713,-0.04033169079189758,0.4986149584487535,1,3,0,9839.474851986331,-0.016052514801366824,-0.011232980737419629,0.033208654993638044,-0.3413495551287713,-0.04033169079189758,0.4986149584487535,1,3,0,567a9d4d1b06,-0.05,1,60,0.8,True,6,0.16666666666666666,-0.06207863222130977,0.193984375
46,0.6739130434782609,0.08842910589491011,0.07947646056246238,0.08842910589491011,3.3181888191670508,-0.6402404463996347,3.3883585066988213,5,32,0.8125,0.15191519694471212,0.1831849473110294,0.15191519694471212,9.065482650625603,-0.24320227868169841,5.346486335527215,3,9,0.4444444444444444,-0.04837460412204172,-0.025497291418271506,-0.04837460412204172,0.30792168583480034,-0.5007780394676304,-1.2772837199937574,5,5,0.2,-0.0716351987933093,-0.10776789939871911,-0.0716351987933093,0.31502014244069604,-0.17771617663564077,-1.131296477627087,2,-0.17182056507658822,0.058712467383850456,11025.273793656574,0.10252737936565737,0.00742263189344583,0.04381007936676975,0.18855804652796168,-0.1367109749902522,0.5772699939867709,6,32,14,9643.123908257707,-0.03568760917422931,-0.021982158629677673,0.032994128392795447,-0.6728400565856106,-0.04630343898096689,0.7281553398058253,2,5,0,bd7718cecdb4,-0.05,0,60,0.7,True,6,0.3333333333333333,-0.034144080964844614,0.19309895833333335
7,0.5714285714285714,0.007748557731289542,0.0029428315753411436,0.007748557731289542,1.3978485353118437,-0.10974973103390706,0.29678497412124627,2,5,0.8,0.033349490498691,0.011733820825263197,0.033349490498691,7.998696503553042,0.0,1.1665335012657867,1,1,0.0,-0.03608771929824561,-0.03608771929824561,-0.03608771929824561,0.0,0.0,0.0,1,1,0.0,-0.07641982907618261,-0.07641982907618261,-0.07641982907618261,0.0,0.0,0.0,1,,,10052.08215634652,0.005208215634652014,0.0004972995891565635,0.014483434144797101,0.026450468492335722,-0.02901078874672336,0.026585643752373718,2,7,0,9923.580170923817,-0.0076419829076183055,-0.16116667652913297,0.020841084010208316,-7.810810272856712,-0.009318845635317818,0.9090909090909091,1,1,0,3102489f122a,-0.1,0,10,0.7,True,8,0.0,-0.05461936239512615,0.18861979166666665
7,0.5714285714285714,0.007748557731289542,0.0029428315753411436,0.007748557731289542,1.3978485353118437,-0.10974973103390706,0.29678497412124627,2,5,0.8,0.033349490498691,0.011733820825263197,0.033349490498691,7.998696503553042,0.0,1.1665335012657867,1,1,0.0,-0.03608771929824561,-0.03608771929824561,-0.03608771929824561,0.0,0.0,0.0,1,1,0.0,-0.07641982907618261,-0.07641982907618261,-0.07641982907618261,0.0,0.0,0.0,1,,,10052.08215634652,0.005208215634652014,0.0004972995891565635,0.014483434144797101,0.026450468492335722,-0.02901078874672336,0.026585643752373718,2,7,0,9923.580170923817,-0.0076419829076183055,-0.16116667652913297,0.020841084010208316,-7.810810272856712,-0.009318845635317818,0.9090909090909091,1,1,0,493346b48023,-0.1,1,10,0.7,True,9,0.0,-0.07641982907618261,0.18861979166666665
1,0.0,-0.07641982907618261,-0.07641982907618261,-0.07641982907618261,0.0,0.0,0.0,1,0,0.0,0.0,0.0,0.0,0.0,0.0,0.0,0,0,0.0,0.0,0.0,0.0,0.0,0.0,0.0,0,1,0.0,-0.07641982907618261,-0.07641982907618261,-0.07641982907618261,0.0,0.0,0.0,1,,,9923.580170923817,-0.0076419829076183055,-0.16116667652913297,0.020841084010208316,-7.810810272856712,-0.009318845635317818,0.9090909090909091,1,1,0,9923.580170923817,-0.0076419829076183055,-0.16116667652913297,0.020841084010208316,-7.810810272856712,-0.009318845635317818,0.9090909090909091,1,1,0,80c0c863b34a,-0.15,0,10,0.7,True,8,0.0,-0.06717685969584783,0.18861979166666665
1,0.0,-0.07641982907618261,-0.07641982907618261,-0.07641982907618261,0.0,0.0,0.0,1,0,0.0,0.0,0.0,0.0,0.0,0.0,0.0,0,0,0.0,0.0,0.0,0.0,0.0,0.0,0.0,0,1,0.0,-0.07641982907618261,-0.07641982907618261,-0.07641982907618261,0.0,0.0,0.0,1,,,9923.580170923817,-0.0076419829076183055,-0.16116667652913297,0.020841084010208316,-7.810810272856712,-0.009318845635317818,0.9090909090909091,1,1,0,9923.580170923817,-0.0076419829076183055,-0.16116667652913297,0.020841084010208316,-7.810810272856712,-0.009318845635317818,0.9090909090909091,1,1,0,5b852819f2e4,-0.15,1,10,0.7,True,9,0.0,-0.07641982907618261,0.18861979166666665
46,0.5652173913043478,0.014212445805756466,0.020274424279957737,0.014212445805756466,1.5551015975517462,-0.39647127705877316,1.0369960668567517,3,32,0.625,0.027472577660390275,0.03677017089303247,0.027472577660390275,2.1370434534477,-0.39647127705877316,1.4847250945091053,3,9,0.5555555555555556,-0.0074130339039303085,0.00403131781959909,-0.0074130339039303085,0.6759601416324023,-0.14679242564288664,-0.4419085909698024,2,5,0.2,-0.031726534586463725,-0.031125864288016225,-0.031726534586463725,0.20162867722080002,-0.1384841458710362,-1.5356658273066084,3,-0.06729546506373338,0.006510581121678133,10122.573021758722,0.012257302175872287,0.0009375769207740081,0.028759754931774885,0.04265493396871038,-0.11001990637863979,0.115995115995116,5,38,8,9841.948691493857,-0.015805130850614302,-0.011029070515466088,0.010018886383752203,-1.0764524112464304,-0.02452573399978153,0.13812154696132597,1,5,0,d9fd24f39040,-0.05,2,10,0.7,True,7,0.14285714285714285,-0.018453880160923346,0.18482142857142858
3,0.3333333333333333,-0.026219168485816253,-0.012594559023990759,-0.026219168485816253,0.23827779754675166,-0.10212079313096145,-0.7719080326382377,2,0,0.0,0.0,0.0,0.0,0.0,0.0,0.0,0,0,0.0,0.0,0.0,0.0,0.0,0.0,0.0,0,3,0.3333333333333333,-0.026219168485816253,-0.012594559023990759,-0.026219168485816253,0.23827779754675166,-0.10212079313096145,-0.7719080326382377,2,-0.0906681595945813,0.024605213161123296,9921.202887944191,-0.007879711205580842,-0.006493699654777196,0.008087073866344585,-0.8881250596158932,-0.015847332627929922,0.049019607843137254,1,3,0,9921.202887944191,-0.007879711205580842,-0.006493699654777196,0.008087073866344585,-0.8881250596158932,-0.015847332627929922,0.049019607843137254,1,3,0,51a3f968759c,-0.05,0,5,0.8,True,5,0.0,-0.01201040582599131,0.18356770833333336
3,0.3333333333333333,-0.026219168485816253,-0.012594559023990759,-0.026219168485816253,0.23827779754675166,-0.10212079313096145,-0.7719080326382377,2,0,0.0,0.0,0.0,0.0,0.0,0.0,0.0,0,0,0.0,0.0,0.0,0.0,0.0,0.0,0.0,0,3,0.3333333333333333,-0.026219168485816253,-0.012594559023990759,-0.026219168485816253,0.23827779754675166,-0.10212079313096145,-0.7719080326382377,2,-0.0906681595945813,0.024605213161123296,9921.202887944191,-0.007879711205580842,-0.006493699654777196,0.008087073866344585,-0.8881250596158932,-0.015847332627929922,0.049019607843137254,1,3,0,9921.202887944191,-0.007879711205580842,-0.006493699654777196,0.008087073866344585,-0.8881250596158932,-0.015847332627929922,0.049019607843137254,1,3,0,205113304473,-0.05,1,5,0.8,True,6,0.0,-0.01832798213024589,0.18356770833333336
7,0.5714285714285714,0.06046227645391903,0.025630129876166863,0.06046227645391903,3.3153873714368665,-0.13062156117000057,0.9870800121052984,2,5,0.8,0.11165565010187684,0.07510737594287564,0.11165565010187684,12.691594173945493,0.0,1.4957754360366544,1,1,0.0,-0.055758820712669355,-0.055758820712669355,-0.055758820712669355,0.0,0.0,0.0,1,1,0.0,-0.07928349461928164,-0.07928349461928164,-0.07928349461928164,0.0,0.0,0.0,1,,,10414.695990184424,0.04146959901844238,0.0038964676957675692,0.01564543846296343,0.26678190584858097,-0.022079194630930665,0.026585643752373718,2,7,0,9920.716505380718,-0.007928349461928108,-0.16669463985636312,0.01802577754237499,-9.9084348345627,-0.009104694541560931,0.9090909090909091,1,1,0,e4904bda9260,-0.1,2,10,0.7,True,8,0.0,-0.06102624630752329,0.17846354166666667
1,0.0,-0.07928349461928164,-0.07928349461928164,-0.07928349461928164,0.0,0.0,0.0,1,0,0.0,0.0,0.0,0.0,0.0,0.0,0.0,0,0,0.0,0.0,0.0,0.0,0.0,0.0,0.0,0,1,0.0,-0.07928349461928164,-0.07928349461928164,-0.07928349461928164,0.0,0.0,0.0,1,,,9920.716505380718,-0.007928349461928108,-0.16669463985636312,0.01802577754237499,-9.9084348345627,-0.009104694541560931,0.9090909090909091,1,1,0,9920.716505380718,-0.007928349461928108,-0.16669463985636312,0.01802577754237499,-9.9084348345627,-0.009104694541560931,0.9090909090909091,1,1,0,1db93f318908,-0.15,2,10,0.7,True,8,0.0,-0.06267915857346817,0.17846354166666667
3,0.3333333333333333,-0.07165647028450568,-0.12095846586775039,-0.07165647028450568,0.38377949661722355,-0.12095846586775039,-0.6677810681825617,1,0,0.0,0.0,0.0,0.0,0.0,0.0,0.0,0,0,0.0,0.0,0.0,0.0,0.0,0.0,0.0,0,3,0.3333333333333333,-0.07165647028450568,-0.12095846586775039,-0.07165647028450568,0.38377949661722355,-0.12095846586775039,-0.6677810681825617,1,-0.22789297557801558,0.1338820305922489,9783.15355904625,-0.02168464409537496,-0.015187230303590482,0.03356871607796273,-0.4313911438566038,-0.04096786477318848,0.4986149584487535,1,3,0,9783.15355904625,-0.02168464409537496,-0.015187230303590482,0.03356871607796273,-0.4313911438566038,-0.04096786477318848,0.4986149584487535,1,3,0,cb144aaec965,-0.05,2,60,0.8,True,5,0.2,-0.052522065649310244,0.17708333333333334
14,0.42857142857142855,-0.022354214306892866,-0.012309136437971158,-0.022354214306892866,0.35755550963908006,-0.36259852560505423,-1.4669249320618825,3,2,1.0,0.04516000601530412,0.04516000601530412,0.04516000601530412,inf,0.0,1.2882819381047592,0,0,0.0,0.0,0.0,0.0,0.0,0.0,0.0,0,12,0.3333333333333333,-0.03360658436059236,-0.029259168818016268,-0.03360658436059236,0.17214593827854302,-0.3625985256050541,-2.260661668469813,3,-0.06171393019657642,-0.005978464379686948,9687.372608854235,-0.03126273911457644,-0.004364211767427184,0.006933399455250703,-0.6502910283594913,-0.042964208863428666,0.03278688524590164,1,12,2,9600.582314353649,-0.03994176856463505,-0.02933463516748236,0.015103093362943586,-2.004799535443539,-0.04296420886342822,0.14492753623188406,1,10,2,a3a6abc1974a,-0.05,1,5,0.8,False,6,0.0,-0.024304300750010888,0.16916666666666666
14,0.42857142857142855,-0.022848498324026207,-0.012789758304593335,-0.022848498324026207,0.21890325327313706,-0.32752920914944583,-1.8501768659799223,4,2,1.0,0.02170754561128463,0.02170754561128463,0.02170754561128463,inf,0.0,1.2367238268789917,0,0,0.0,0.0,0.0,0.0,0.0,0.0,0.0,0,12,0.3333333333333333,-0.03027450564657801,-0.014914868397650494,-0.03027450564657801,0.11289007641484652,-0.3275292091494457,-2.3184484169522417,4,-0.0560960274555785,-0.009242976191904673,9713.660954443927,-0.028633904555607326,-0.003992591289611491,0.008082319306470218,-0.4811784436407064,-0.03628853394221476,0.03278688524590164,1,12,2,9671.655596201454,-0.03283444037985461,-0.02409105910693199,0.017691366930520015,-1.3543849124428513,-0.03589871965032565,0.14492753623188406,1,10,2,f571e22cee24,-0.05,2,5,0.8,False,5,0.0,-0.021540615406682128,0.16838541666666668
7,0.5714285714285714,0.08233306168216796,0.014610972658405275,0.08233306168216796,4.37446128452596,-0.13141434722596979,1.265823945230524,2,5,0.8,0.14158483220024304,0.10880001509052717,0.14158483220024304,19.059565697257135,0.0,1.9272153663722198,1,1,0.0,-0.0013698204233792968,-0.0013698204233792968,-0.0013698204233792968,0.0,0.0,0.0,1,1,0.0,-0.1302229088026602,-0.1302229088026602,-0.1302229088026602,0.0,0.0,0.0,1,,,10571.352165217744,0.057135216521774446,0.005311742421061583,0.01975192544575165,0.28626146889828896,-0.021539159789576434,0.05297010972379872,3,7,0,9869.77709119734,-0.013022290880265963,-0.1455470944351689,0.015419642139987368,-10.070281069398197,-0.01330949396568204,0.9523809523809523,1,1,0,e4662233a026,-0.1,2,20,0.7,True,8,0.125,-0.09586251192019624,0.16518229166666665
3,0.3333333333333333,0.042967187944818463,-0.04541761305575143,0.042967187944818463,1.8165606500533276,-0.15275231641130083,0.3481302665201568,2,1,1.0,0.28676070611131765,0.28676070611131765,0.28676070611131765,inf,0.0,0.0,0,1,0.0,-0.04541761305575143,-0.04541761305575143,-0.04541761305575143,0.0,0.0,0.0,1,1,0.0,-0.11244152922111084,-0.11244152922111084,-0.11244152922111084,0.0,0.0,0.0,1,,,10124.90011088038,0.012490011088038155,0.0030122092453290783,0.01954097282886863,0.09378850782022033,-0.03889412531038172,0.057692307692307696,1,3,0,9887.55847077889,-0.011244152922111006,-0.12689037277635362,0.01768476686809218,-7.2862679219693645,-0.012914928789491964,0.9523809523809523,1,1,0,7337b6f1671b,-0.15,0,20,0.0,True,7,0.0,-0.11244152922111084,0.15736979166666668
3,0.3333333333333333,0.042967187944818463,-0.04541761305575143,0.042967187944818463,1.8165606500533276,-0.15275231641130083,0.3481302665201568,2,1,1.0,0.28676070611131765,0.28676070611131765,0.28676070611131765,inf,0.0,0.0,0,1,0.0,-0.04541761305575143,-0.04541761305575143,-0.04541761305575143,0.0,0.0,0.0,1,1,0.0,-0.11244152922111084,-0.11244152922111084,-0.11244152922111084,0.0,0.0,0.0,1,,,10124.90011088038,0.012490011088038155,0.0030122092453290783,0.01954097282886863,0.09378850782022033,-0.03889412531038172,0.057692307692307696,1,3,0,9887.55847077889,-0.011244152922111006,-0.12689037277635362,0.01768476686809218,-7.2862679219693645,-0.012914928789491964,0.9523809523809523,1,1,0,5a51715ab4ad,-0.15,0,20,0.5,True,8,0.0,-0.11244152922111084,0.15736979166666668
1,0.0,-0.11244152922111084,-0.11244152922111084,-0.11244152922111084,0.0,0.0,0.0,1,0,0.0,0.0,0.0,0.0,0.0,0.0,0.0,0,0,0.0,0.0,0.0,0.0,0.0,0.0,0.0,0,1,0.0,-0.11244152922111084,-0.11244152922111084,-0.11244152922111084,0.0,0.0,0.0,1,,,9887.55847077889,-0.011244152922111006,-0.12689037277635362,0.01768476686809218,-7.2862679219693645,-0.012914928789491964,0.9523809523809523,1,1,0,9887.55847077889,-0.011244152922111006,-0.12689037277635362,0.01768476686809218,-7.2862679219693645,-0.012914928789491964,0.9523809523809523,1,1,0,22d37ef16f35,-0.15,0,20,0.7,True,8,0.0,-0.09443067914864672,0.15736979166666668
3,0.3333333333333333,0.042967187944818463,-0.04541761305575143,0.042967187944818463,1.8165606500533276,-0.15275231641130083,0.3481302665201568,2,1,1.0,0.28676070611131765,0.28676070611131765,0.28676070611131765,inf,0.0,0.0,0,1,0.0,-0.04541761305575143,-0.04541761305575143,-0.04541761305575143,0.0,0.0,0.0,1,1,0.0,-0.11244152922111084,-0.11244152922111084,-0.11244152922111084,0.0,0.0,0.0,1,,,10124.90011088038,0.012490011088038155,0.0030122092453290783,0.01954097282886863,0.09378850782022033,-0.03889412531038172,0.057692307692307696,1,3,0,9887.55847077889,-0.011244152922111006,-0.12689037277635362,0.01768476686809218,-7.2862679219693645,-0.012914928789491964,0.9523809523809523,1,1,0,e949b889f781,-0.15,1,20,0.0,True,8,0.0,-0.11244152922111084,0.15736979166666668
3,0.3333333333333333,0.042967187944818463,-0.04541761305575143,0.042967187944818463,1.8165606500533276,-0.15275231641130083,0.3481302665201568,2,1,1.0,0.28676070611131765,0.28676070611131765,0.28676070611131765,inf,0.0,0.0,0,1,0.0,-0.04541761305575143,-0.04541761305575143,-0.04541761305575143,0.0,0.0,0.0,1,1,0.0,-0.11244152922111084,-0.11244152922111084,-0.11244152922111084,0.0,0.0,0.0,1,,,10124.90011088038,0.012490011088038155,0.0030122092453290783,0.01954097282886863,0.09378850782022033,-0.03889412531038172,0.057692307692307696,1,3,0,9887.55847077889,-0.011244152922111006,-0.12689037277635362,0.01768476686809218,-7.2862679219693645,-0.012914928789491964,0.9523809523809523,1,1,0,fae343f32c23,-0.15,1,20,0.5,True,9,0.0,-0.11244152922111084,0.15736979166666668
1,0.0,-0.11244152922111084,-0.11244152922111084,-0.11244152922111084,0.0,0.0,0.0,1,0,0.0,0.0,0.0,0.0,0.0,0.0,0.0,0,0,0.0,0.0,0.0,0.0,0.0,0.0,0.0,0,1,0.0,-0.11244152922111084,-0.11244152922111084,-0.11244152922111084,0.0,0.0,0.0,1,,,9887.55847077889,-0.011244152922111006,-0.12689037277635362,0.01768476686809218,-7.2862679219693645,-0.012914928789491964,0.9523809523809523,1,1,0,9887.55847077889,-0.011244152922111006,-0.12689037277635362,0.01768476686809218,-7.2862679219693645,-0.012914928789491964,0.9523809523809523,1,1,0,08e03e5814ac,-0.15,1,20,0.7,True,9,0.0,-0.11244152922111084,0.15736979166666668
46,0.6739130434782609,0.08842910589491011,0.07947646056246238,0.08842910589491011,3.3181888191670508,-0.6402404463996347,3.3883585066988213,5,32,0.8125,0.15191519694471212,0.1831849473110294,0.15191519694471212,9.065482650625603,-0.24320227868169841,5.346486335527215,3,9,0.4444444444444444,-0.04837460412204172,-0.025497291418271506,-0.04837460412204172,0.30792168583480034,-0.5007780394676304,-1.2772837199937574,5,5,0.2,-0.0716351987933093,-0.10776789939871911,-0.0716351987933093,0.31502014244069604,-0.17771617663564077,-1.131296477627087,2,-0.16601860034094715,0.0529851326571034,11025.273793656574,0.10252737936565737,0.00742263189344583,0.04381007936676975,0.18855804652796168,-0.1367109749902522,0.5772699939867709,6,32,14,9643.123908257707,-0.03568760917422931,-0.021982158629677673,0.032994128392795447,-0.6728400565856106,-0.04630343898096689,0.7281553398058253,2,5,0,65fbe50d6a4c,-0.05,1,60,0.7,True,7,0.14285714285714285,-0.052522065649310244,0.15500372023809525
12,0.5,0.04207658616837528,-0.004474882981924444,0.04207658616837528,2.3172386557790006,-0.3006261625357719,1.009544525490232,5,6,0.8333333333333334,0.1361284432098985,0.10943500356889913,0.1361284432098985,21.094353087702554,-0.040646775524176726,2.2436841835494046,1,1,0.0,-0.04541761305575143,-0.04541761305575143,-0.04541761305575143,0.0,0.0,0.0,1,5,0.2,-0.05328680243662724,-0.07468073444403289,-0.05328680243662724,0.10367600244269745,-0.208220304254484,-2.117360622639132,4,-0.091571979102626,-0.013123814068364383,10194.092379037418,0.019409237903741827,0.0014907369848717877,0.02309815342797421,0.08786605177773135,-0.050296348665394564,0.06765067650676507,3,11,1,9735.94676390671,-0.026405323609329012,-0.017318670607095243,0.014062426339765906,-1.1473328213946699,-0.03345554185814481,0.25906735751295334,2,5,0,830e1716ba33,-0.15,1,20,0.0,False,8,0.125,-0.05688308925321037,0.15208333333333332
12,0.5,0.04207658616837528,-0.004474882981924444,0.04207658616837528,2.3172386557790006,-0.3006261625357719,1.009544525490232,5,6,0.8333333333333334,0.1361284432098985,0.10943500356889913,0.1361284432098985,21.094353087702554,-0.040646775524176726,2.2436841835494046,1,1,0.0,-0.04541761305575143,-0.04541761305575143,-0.04541761305575143,0.0,0.0,0.0,1,5,0.2,-0.05328680243662724,-0.07468073444403289,-0.05328680243662724,0.10367600244269745,-0.208220304254484,-2.117360622639132,4,-0.091571979102626,-0.009157450875161687,10194.092379037418,0.019409237903741827,0.0014907369848717877,0.02309815342797421,0.08786605177773135,-0.050296348665394564,0.06765067650676507,3,11,1,9735.94676390671,-0.026405323609329012,-0.017318670607095243,0.014062426339765906,-1.1473328213946699,-0.03345554185814481,0.25906735751295334,2,5,0,f26ab674c76c,-0.15,1,20,0.5,False,9,0.1111111111111111,-0.05328680243662724,0.14930555555555555
7,0.42857142857142855,0.07417595517632745,-0.07719831290026813,0.07417595517632745,2.100507969816335,-0.2800563351629256,0.7692675265425466,2,5,0.6,0.16425286157707067,0.22635203063744702,0.16425286157707067,5.837274718780919,-0.09257999319774213,1.4784717034705948,2,1,0.0,-0.17981977671451355,-0.17981977671451355,-0.17981977671451355,0.0,0.0,0.0,1,1,0.0,-0.1222128449365476,-0.1222128449365476,-0.1222128449365476,0.0,0.0,0.0,1,,,10484.827082317825,0.04848270823178247,0.004456680566803373,0.02699009987881908,0.1702495014781311,-0.06576138295864664,0.15654118524040253,3,7,0,9877.787155063452,-0.012221284493654783,-0.04953028519808644,0.017593178518674948,-2.7482581441454967,-0.0175585388912477,0.9836065573770492,1,1,0,887666275db1,-0.1,0,60,0.7,True,7,0.0,-0.11244152922111084,0.14721354166666667
7,0.42857142857142855,0.07417595517632745,-0.07719831290026813,0.07417595517632745,2.100507969816335,-0.2800563351629256,0.7692675265425466,2,5,0.6,0.16425286157707067,0.22635203063744702,0.16425286157707067,5.837274718780919,-0.09257999319774213,1.4784717034705948,2,1,0.0,-0.17981977671451355,-0.17981977671451355,-0.17981977671451355,0.0,0.0,0.0,1,1,0.0,-0.1222128449365476,-0.1222128449365476,-0.1222128449365476,0.0,0.0,0.0,1,,,10484.827082317825,0.04848270823178247,0.004456680566803373,0.02699009987881908,0.1702495014781311,-0.06576138295864664,0.15654118524040253,3,7,0,9877.787155063452,-0.012221284493654783,-0.04953028519808644,0.017593178518674948,-2.7482581441454967,-0.0175585388912477,0.9836065573770492,1,1,0,cf3bf6ed7b38,-0.1,1,60,0.7,True,8,0.0,-0.11732718707882922,0.14721354166666667
1,0.0,-0.1222128449365476,-0.1222128449365476,-0.1222128449365476,0.0,0.0,0.0,1,0,0.0,0.0,0.0,0.0,0.0,0.0,0.0,0,0,0.0,0.0,0.0,0.0,0.0,0.0,0.0,0,1,0.0,-0.1222128449365476,-0.1222128449365476,-0.1222128449365476,0.0,0.0,0.0,1,,,9877.787155063452,-0.012221284493654783,-0.04953028519808644,0.017593178518674948,-2.7482581441454967,-0.0175585388912477,0.9836065573770492,1,1,0,9877.787155063452,-0.012221284493654783,-0.04953028519808644,0.017593178518674948,-2.7482581441454967,-0.0175585388912477,0.9836065573770492,1,1,0,239e3e618996,-0.15,0,60,0.7,True,7,0.0,-0.11244152922111084,0.14721354166666667
1,0.0,-0.1222128449365476,-0.1222128449365476,-0.1222128449365476,0.0,0.0,0.0,1,0,0.0,0.0,0.0,0.0,0.0,0.0,0.0,0,0,0.0,0.0,0.0,0.0,0.0,0.0,0.0,0,1,0.0,-0.1222128449365476,-0.1222128449365476,-0.1222128449365476,0.0,0.0,0.0,1,,,9877.787155063452,-0.012221284493654783,-0.04953028519808644,0.017593178518674948,-2.7482581441454967,-0.0175585388912477,0.9836065573770492,1,1,0,9877.787155063452,-0.012221284493654783,-0.04953028519808644,0.017593178518674948,-2.7482581441454967,-0.0175585388912477,0.9836065573770492,1,1,0,35724e1a16a4,-0.15,1,60,0.7,True,8,0.0,-0.11732718707882922,0.14721354166666667
14,0.2857142857142857,-0.05845573559666072,-0.1057362524768084,-0.05845573559666072,0.47072850659284293,-0.7344004059499807,-1.2255381126541611,6,2,1.0,0.13557802339720493,0.13557802339720493,0.13557802339720493,inf,0.0,4.316338935051246,0,0,0.0,0.0,0.0,0.0,0.0,0.0,0.0,0,12,0.16666666666666666,-0.09079469542897167,-0.11391367152110299,-0.09079469542897167,0.29536362290485535,-0.6618623185383932,-1.8319319200860082,6,-0.17995217663545895,7.27097711290568e-05,9354.81622368351,-0.06451837763164892,-0.008876460828418753,0.016785884403189667,-0.53193963639158,-0.09339099046614374,0.22281167108753316,2,7,7,9106.30912245703,-0.08936908775429697,-0.057273522418544,0.03268076398243781,-1.8045119142027732,-0.09339099046614363,0.75,2,5,7,6080ebdff31d,-0.05,1,60,0.8,False,6,0.16666666666666666,-0.057815638227603314,0.14598958333333334
9,0.4444444444444444,0.01701478394303335,-0.019178801655827638,0.01701478394303335,1.4362372860179198,-0.29394940725389485,0.37149928249869413,4,4,0.75,0.09945637396026721,0.04132646009498808,0.09945637396026721,21.74297982638484,-0.019178801655827526,1.2483854848861278,1,0,0.0,0.0,0.0,0.0,0.0,0.0,0.0,0,5,0.2,-0.04893848807075374,-0.07928349461928164,-0.04893848807075374,0.2626475644789039,-0.21810499723480936,-1.3590711413918406,4,-0.09907512849279335,0.02126370707954729,10147.0689555274,0.014706895552740074,0.001135483495195544,0.013343725596257374,0.08685629888467401,-0.052250726626440924,0.027760641579272053,2,9,0,9756.235500731369,-0.024376449926863053,-0.016403796284228278,0.01071806433074009,-1.5762072616581682,-0.036531535391167935,0.13297872340425532,2,5,0,9b4a4b9b41eb,-0.15,2,10,0.7,False,8,0.0,-0.054266333426250514,0.14557291666666666
14,0.2857142857142857,-0.06576628833431587,-0.12007131545695765,-0.06576628833431587,0.4062935919261156,-0.7526059331598907,-1.4826602490969383,6,2,1.0,0.12787339613760318,0.12787339613760318,0.12787339613760318,inf,0.0,4.846190362932707,0,0,0.0,0.0,0.0,0.0,0.0,0.0,0.0,0,12,0.16666666666666666,-0.09803956907963572,-0.12330050697152767,-0.09803956907963572,0.24138223551128687,-0.6795857840753181,-2.1709219554719796,6,-0.17240816162981457,-0.006162854331082259,9364.355143113262,-0.06356448568867379,-0.008741412517415226,0.016779258756027902,-0.5102709653460344,-0.09112048461192757,0.22281167108753316,2,7,7,9129.443311260575,-0.08705566887394256,-0.05576540825694021,0.032735424071402675,-1.729214379754846,-0.09112048461192712,0.75,2,5,7,6a7eefd099fe,-0.05,2,60,0.8,False,5,0.2,-0.07165647028450568,0.14484375000000002
1,0.0,-0.1302229088026602,-0.1302229088026602,-0.1302229088026602,0.0,0.0,0.0,1,0,0.0,0.0,0.0,0.0,0.0,0.0,0.0,0,0,0.0,0.0,0.0,0.0,0.0,0.0,0.0,0,1,0.0,-0.1302229088026602,-0.1302229088026602,-0.1302229088026602,0.0,0.0,0.0,1,,,9869.77709119734,-0.013022290880265963,-0.1455470944351689,0.015419642139987368,-10.070281069398197,-0.01330949396568204,0.9523809523809523,1,1,0,9869.77709119734,-0.013022290880265963,-0.1455470944351689,0.015419642139987368,-10.070281069398197,-0.01330949396568204,0.9523809523809523,1,1,0,e9f579e62d3e,-0.15,2,20,0.7,True,8,0.0,-0.09586251192019624,0.14018229166666665
9,0.6666666666666666,0.05682336808371818,0.09783716917868401,0.05682336808371818,1.8571094627748588,-0.40138311836378116,0.837172417518865,2,4,1.0,0.2130123713123398,0.2436547197678255,0.2130123713123398,inf,0.0,5.468898287830193,0,0,0.0,0.0,0.0,0.0,0.0,0.0,0.0,0,5,0.4,-0.06812783449917911,-0.13503617739889806,-0.06812783449917911,0.4290982194589074,-0.2277952662605366,-0.8205807031937945,2,-0.21166020897838456,0.07574547893098522,10496.911420824263,0.0496911420824262,0.003719227465289743,0.021284753887315808,0.2052551057069491,-0.07181098958850163,0.16403402187120292,2,9,0,9655.224054425991,-0.03447759455740085,-0.020541177348873507,0.024344051572917465,-0.7430916075374437,-0.04646039111089484,0.704225352112676,2,5,0,ec1acaeba58b,-0.15,0,60,0.7,False,7,0.0,-0.06812783449917911,0.13958333333333334
9,0.5555555555555556,0.06269957990266523,0.05593465481163784,0.06269957990266523,2.7723875085726744,-0.28490357687405676,0.9363212886703802,4,4,1.0,0.2055582672922257,0.11237458385304433,0.2055582672922257,inf,0.0,1.8136370496140173,0,0,0.0,0.0,0.0,0.0,0.0,0.0,0.0,0,5,0.2,-0.05158737000898315,-0.07095966599066195,-0.05158737000898315,0.18985094082343362,-0.23028484668701632,-1.563831054473055,4,-0.10401912050526692,0.003267261782491194,10557.592955331607,0.055759295533160724,0.00421351846529916,0.017367703101719957,0.2470173780154549,-0.036381791969494204,0.055350553505535055,2,9,0,9743.675660100067,-0.025632433989993264,-0.016809450669735604,0.014157613984562894,-1.2186368624756299,-0.03638179196949398,0.25906735751295334,2,5,0,58f0de2585ca,-0.15,2,20,0.7,False,8,0.0,-0.0524370862228052,0.13723958333333333
7,0.42857142857142855,0.10040914463304765,-0.05345385132315905,0.10040914463304765,2.4105361333635202,-0.30196594497422213,0.8994193822592177,2,5,0.6,0.2062578979129591,0.25253169000900766,0.2062578979129591,7.07104532981827,-0.05345385132315905,1.6146366406464852,2,1,0.0,-0.18671365740009438,-0.18671365740009438,-0.18671365740009438,0.0,0.0,0.0,1,1,0.0,-0.14171181973336755,-0.14171181973336755,-0.14171181973336755,0.0,0.0,0.0,1,,,10659.489413878551,0.06594894138785512,0.006016569082622603,0.0282134239529113,0.23235343077516382,-0.07666427682529475,0.15654118524040253,3,7,0,9858.288180266632,-0.014171181973336777,-0.05725742437073833,0.016992480111405993,-3.423601853676447,-0.017340804837968404,0.9836065573770492,1,1,0,00bd6ac71c36,-0.1,2,60,0.7,True,7,0.0,-0.1222128449365476,0.13549479166666667
1,0.0,-0.14171181973336755,-0.14171181973336755,-0.14171181973336755,0.0,0.0,0.0,1,0,0.0,0.0,0.0,0.0,0.0,0.0,0.0,0,0,0.0,0.0,0.0,0.0,0.0,0.0,0.0,0,1,0.0,-0.14171181973336755,-0.14171181973336755,-0.14171181973336755,0.0,0.0,0.0,1,,,9858.288180266632,-0.014171181973336777,-0.05725742437073833,0.016992480111405993,-3.423601853676447,-0.017340804837968404,0.9836065573770492,1,1,0,9858.288180266632,-0.014171181973336777,-0.05725742437073833,0.016992480111405993,-3.423601853676447,-0.017340804837968404,0.9836065573770492,1,1,0,30168e1a6dc6,-0.15,2,60,0.7,True,7,0.0,-0.1222128449365476,0.13549479166666667
9,0.6666666666666666,0.0891948415877173,0.18891992403406632,0.0891948415877173,2.1591331361361092,-0.47097483659444983,0.9824900947238354,2,4,1.0,0.29815649376240966,0.23042369840845378,0.29815649376240966,inf,0.0,3.7509165510130753,0,0,0.0,0.0,0.0,0.0,0.0,0.0,0.0,0,5,0.4,-0.07797448015203659,-0.14171181973336755,-0.07797448015203659,0.43704514927128274,-0.3565929788274492,-0.7735782940395313,2,-0.2477826933216613,0.0972544491737533,10786.883121914829,0.07868831219148298,0.005815121984261484,0.0229069734049416,0.26176170974455804,-0.077136003091555,0.16403402187120292,2,9,0,9604.69963225936,-0.03953003677406397,-0.023576334210204997,0.027242698010505204,-0.8754742232064009,-0.0539903911324624,0.704225352112676,2,5,0,b1533572ede4,-0.15,2,60,0.7,False,7,0.0,-0.07797448015203659,0.12760416666666666
9,0.5555555555555556,0.033802524054345966,0.017564503185162228,0.033802524054345966,2.023450869342587,-0.26735099345063207,0.7301484351495531,4,4,1.0,0.14266418216806248,0.10943500356889913,0.14266418216806248,inf,0.0,2.082416288031574,0,0,0.0,0.0,0.0,0.0,0.0,0.0,0.0,0,5,0.2,-0.05328680243662724,-0.07468073444403289,-0.05328680243662724,0.10367600244269745,-0.208220304254484,-2.117360622639132,4,-0.09514583259814986,-0.01316848723705839,10296.160503136372,0.029616050313637343,0.0022642025704653346,0.01687052390547448,0.1587544207833543,-0.04351646756581029,0.055350553505535055,2,9,0,9735.94676390671,-0.026405323609329012,-0.017318670607095243,0.014062426339765906,-1.1473328213946699,-0.03345554185814481,0.25906735751295334,2,5,0,0d99c13ac90a,-0.15,1,20,0.7,False,9,0.0,-0.0604793760697935,0.12708333333333333
9,0.3333333333333333,-0.03300088895123854,-0.04126482027367395,-0.03300088895123854,0.1246886712236548,-0.2543793524942596,-2.5155976914286375,3,4,0.5,-0.013229946021789563,-0.011317396058063478,-0.013229946021789563,0.3932465200692914,-0.03929085159047163,-0.7504711401144459,1,0,0.0,0.0,0.0,0.0,0.0,0.0,0.0,0,5,0.2,-0.04881764329479772,-0.04737576915859909,-0.04881764329479772,0.0317765393962383,-0.17411955173129778,-2.855093806115074,3,-0.07923767741302372,-0.01821383462847357,9706.34471985423,-0.029365528014576925,-0.002317650613925637,0.009482474813558624,-0.1937769160702668,-0.03287451564128041,0.013901760889712697,2,9,0,9757.995488852783,-0.02420045111472169,-0.01650253110628741,0.007005917448830531,-1.9833494082983656,-0.02070963292140704,0.0673854447439353,1,5,0,f685ce99e0ae,-0.15,0,5,0.7,False,7,0.0,-0.04881764329479772,0.1265625
9,0.4444444444444444,-0.00393509614203871,-0.02485351085647336,-0.00393509614203871,0.8979963918209751,-0.288258705987515,-0.1269011034721204,4,4,0.75,0.06356339657480423,0.055813340894152574,0.06356339657480423,11.230087321163877,0.0,1.5775848813563798,1,0,0.0,0.0,0.0,0.0,0.0,0.0,0.0,0,5,0.2,-0.05793389031551306,-0.043350967888655334,-0.05793389031551306,0.10137820914097118,-0.19552627574333314,-1.990138559216363,4,-0.10798284961054368,0.0007623884294994969,9959.814240674867,-0.004018575932513313,-0.00031294342605403536,0.012448877928265899,0.01619113800099837,-0.03930519630980067,0.027760641579272053,2,9,0,9712.681263452218,-0.02873187365477825,-0.019348881659235317,0.00996703079420991,-1.68600090071899,-0.03300169012215792,0.13297872340425532,2,5,0,00e37715c17b,-0.15,0,10,0.7,False,8,0.0,-0.05920663319265328,0.12552083333333333
46,0.6956521739130435,0.09975218877271884,0.12112163621399008,0.09975218877271884,3.685154376619795,-0.6761273150109256,3.696376535287553,5,32,0.84375,0.17050328325105896,0.19020949744108928,0.17050328325105896,12.136146161027545,-0.22018826499013255,6.018550975155527,3,9,0.4444444444444444,-0.04526735532977926,-0.010306698910836909,-0.04526735532977926,0.34810006590737125,-0.49739886335397787,-1.1848074937901423,5,5,0.2,-0.09201963650416148,-0.12095846586775039,-0.09201963650416148,0.22539813218789198,-0.2329901812559544,-1.523852789081806,2,-0.17819027369004756,0.03203353957791825,11212.301357451594,0.12123013574515928,0.008707401353603705,0.044184729137697845,0.21546943475794247,-0.12134041062466905,0.5772699939867709,6,32,14,9544.332581325636,-0.04556674186743637,-0.028122865374916595,0.033103696237934216,-0.8382669031181872,-0.050171695409491956,0.7281553398058253,2,5,0,13f30ad11b8e,-0.05,2,60,0.7,True,6,0.16666666666666666,-0.04646589848155218,0.12447916666666667
3,0.0,-0.06641599927013908,-0.07095966599066195,-0.06641599927013908,0.0,-0.1250859517710199,-3.777097540494887,3,0,0.0,0.0,0.0,0.0,0.0,0.0,0.0,0,0,0.0,0.0,0.0,0.0,0.0,0.0,0.0,0,3,0.0,-0.06641599927013908,-0.07095966599066195,-0.06641599927013908,0.0,-0.1250859517710199,-3.777097540494887,3,-0.09434505946517613,-0.03394327235457917,9801.980297513914,-0.019801970248608636,-0.015435695585213294,0.018451778693114762,-0.8597406783005784,-0.024756195792288493,0.18518518518518517,1,3,0,9801.980297513914,-0.019801970248608636,-0.015435695585213294,0.018451778693114762,-0.8597406783005784,-0.024756195792288493,0.18518518518518517,1,3,0,35fbfc53b2e1,-0.1,2,20,0.8,False,7,0.14285714285714285,-0.06663378635738774,0.12164434523809523
9,0.4444444444444444,0.0010653547453708637,-0.016629197985730926,0.0010653547453708637,1.0258921397616663,-0.30108864965912197,0.03065271579240679,4,4,0.75,0.07799626826432632,0.07707350871188412,0.07799626826432632,11.062513015873362,0.0,1.6697628241598117,1,0,0.0,0.0,0.0,0.0,0.0,0.0,0.0,0,5,0.2,-0.0604793760697935,-0.10075561980652536,-0.0604793760697935,0.10878401448592864,-0.22277929589006074,-2.006112375018031,4,-0.10892047167975635,-0.005882506763119697,10003.025603239123,0.00030256032391218213,2.344236258022825e-05,0.01597912688989184,0.03669780137486974,-0.04328058722717487,0.055350553505535055,2,9,0,9700.122609993088,-0.029987739000691183,-0.019680787792578647,0.014034438047941775,-1.2229718907280651,-0.034659253902587506,0.25906735751295334,2,5,0,c9a26ee2b27e,-0.15,0,20,0.7,False,8,0.0,-0.05920663319265328,0.12161458333333333
9,0.3333333333333333,0.010611776564471345,-0.01197869897255055,0.010611776564471345,1.3763556457967927,-0.22753003884891376,0.3159263808440019,5,4,0.75,0.0862607248936951,0.0527007351886003,0.0862607248936951,82.60222604816934,0.0,1.5722392876085909,1,0,0.0,0.0,0.0,0.0,0.0,0.0,0.0,0,5,0.0,-0.04990738209890766,-0.05074716520858047,-0.04990738209890766,0.0,-0.18623370630141778,-3.5702525525744444,5,-0.07258267942397227,-0.025272503221782695,10090.111794787117,0.009011179478711773,0.000698621095389873,0.010627729418002564,0.09701631164628988,-0.026067456524925592,0.013901760889712697,2,9,0,9752.74880637056,-0.02472511936294397,-0.01686175193000672,0.006881626679804414,-2.2806351943299505,-0.025339413502870833,0.0673854447439353,1,5,0,c8e7aa32ff37,-0.15,1,5,0.7,False,8,0.0,-0.04936251269685269,0.11927083333333333
9,0.3333333333333333,0.02342257415113079,-0.015547365462596274,0.02342257415113079,1.7020363830706484,-0.2576006780496092,0.42812948974275633,5,4,0.75,0.12388241289444163,0.03622697979878964,0.12388241289444163,32.8722585360142,-0.015547365462596163,1.1697203504116493,1,0,0.0,0.0,0.0,0.0,0.0,0.0,0.0,0,5,0.0,-0.05694529684351788,-0.04563266353886397,-0.05694529684351788,0.0,-0.1954375445784725,-2.8053150883923905,5,-0.09592774846612304,-0.02481978052929253,10199.702135849855,0.01997021358498552,0.0015405437688829071,0.011587272237590578,0.13302836471349375,-0.031118971899952164,0.013901760889712697,2,9,0,9718.092229136244,-0.02819077708637563,-0.019236117996128343,0.0081166840732681,-2.4403264870564114,-0.031118971899952386,0.0673854447439353,1,5,0,7235d8b49e75,-0.15,2,5,0.7,False,7,0.0,-0.04893848807075374,0.11484375
3,0.0,-0.06663378635738774,-0.07468073444403289,-0.06663378635738774,0.0,-0.12174178579211603,-5.215017231134648,3,0,0.0,0.0,0.0,0.0,0.0,0.0,0.0,0,0,0.0,0.0,0.0,0.0,0.0,0.0,0.0,0,3,0.0,-0.06663378635738774,-0.07468073444403289,-0.06663378635738774,0.0,-0.12174178579211603,-5.215017231134648,3,-0.08361536818284254,-0.041605256445287786,9801.379083610522,-0.01986209163894781,-0.015482665283101604,0.01806466103335292,-0.773164213129195,-0.0239609874461848,0.18518518518518517,1,3,0,9801.379083610522,-0.01986209163894781,-0.015482665283101604,0.01806466103335292,-0.773164213129195,-0.0239609874461848,0.18518518518518517,1,3,0,462a18ebc1d8,-0.1,1,20,0.8,False,8,0.125,-0.0727820252917884,0.11416666666666667
9,0.6666666666666666,0.08015753376869286,0.15846369096118706,0.08015753376869286,2.050737314706416,-0.4773372940449725,0.9322328341359236,2,4,1.0,0.288740638989433,0.2906330164742995,0.288740638989433,inf,0.0,5.252735916718832,0,0,0.0,0.0,0.0,0.0,0.0,0.0,0.0,0,5,0.4,-0.08670895040789924,-0.1222128449365476,-0.08670895040789924,0.36854670609893975,-0.3556153728778546,-0.9069410261072899,2,-0.26749869079268346,0.07677251175034731,10701.049176319368,0.07010491763193683,0.005200196008700919,0.022748171528216232,0.2512946084591618,-0.08003988118264327,0.16403402187120292,2,9,0,9563.28728182398,-0.04367127181760211,-0.026068967311596025,0.0270769406513263,-0.9205752751249976,-0.055544032977374314,0.704225352112676,2,5,0,30f7f5838bcc,-0.15,1,60,0.7,False,8,0.0,-0.07305115732560785,0.11119791666666667
9,0.5555555555555556,0.004956359799515154,0.012412467435563346,0.004956359799515154,1.128222860773785,-0.30616610451492854,0.13348191524001202,4,4,1.0,0.09018108050254514,0.0537525168671934,0.09018108050254514,inf,0.0,1.7180383617043447,0,0,0.0,0.0,0.0,0.0,0.0,0.0,0.0,0,5,0.2,-0.06322341676290884,-0.07641982907618261,-0.06322341676290884,0.0913260164550539,-0.2194338232070263,-2.39732309952739,4,-0.10406040161526475,-0.013120378753717809,10037.652665608735,0.0037652665608736147,0.00029216645807550456,0.0134577453333195,0.04892631248584832,-0.05373601362091385,0.027760641579272053,2,9,0,9687.020469497675,-0.03129795305023253,-0.02108607260070261,0.01046512432369359,-1.9098010341569749,-0.038227382425962464,0.13297872340425532,2,5,0,e6532648de48,-0.15,1,10,0.7,False,9,0.0,-0.05328680243662724,0.11067708333333333
3,0.0,-0.07227228941199566,-0.07726327900618712,-0.07227228941199566,0.0,-0.13767680964506213,-2.281384110627964,3,0,0.0,0.0,0.0,0.0,0.0,0.0,0.0,0,0,0.0,0.0,0.0,0.0,0.0,0.0,0.0,0,3,0.0,-0.07227228941199566,-0.07726327900618712,-0.07227228941199566,0.0,-0.13767680964506213,-2.281384110627964,3,-0.12447616830411357,-0.03528782480184955,9784.447596451138,-0.021555240354886207,-0.01761428090556627,0.015590596172274387,-1.1642025834375713,-0.02245682050152542,0.04854368932038835,1,3,0,9784.447596451138,-0.021555240354886207,-0.01761428090556627,0.015590596172274387,-1.1642025834375713,-0.02245682050152542,0.04854368932038835,1,3,0,3cfda9bafd17,-0.1,2,5,0.8,False,6,0.0,-0.06423488733773089,0.10036458333333334
3,0.0,-0.08990514232573828,-0.10075561980652536,-0.08990514232573828,0.0,-0.16281597485598587,-4.735520848319986,3,0,0.0,0.0,0.0,0.0,0.0,0.0,0.0,0,0,0.0,0.0,0.0,0.0,0.0,0.0,0.0,0,3,0.0,-0.08990514232573828,-0.10075561980652536,-0.08990514232573828,0.0,-0.16281597485598587,-4.735520848319986,3,-0.11599215191969114,-0.052967655250998336,9732.595131007314,-0.026740486899268556,-0.020860634621857388,0.01795850845500923,-0.9914520119792872,-0.026989808610309196,0.18518518518518517,1,3,0,9732.595131007314,-0.026740486899268556,-0.020860634621857388,0.01795850845500923,-0.9914520119792872,-0.026989808610309196,0.18518518518518517,1,3,0,e994c85825dd,-0.1,0,20,0.8,False,7,0.14285714285714285,-0.06663378635738774,0.08935267857142856
2,0.0,-0.07356589616536297,-0.07356589616536297,-0.07356589616536297,0.0,-0.09638462712214546,-3.223925831138155,2,0,0.0,0.0,0.0,0.0,0.0,0.0,0.0,0,0,0.0,0.0,0.0,0.0,0.0,0.0,0.0,0,2,0.0,-0.07356589616536297,-0.07356589616536297,-0.07356589616536297,0.0,-0.09638462712214546,-3.223925831138155,2,-0.09638462712214546,-0.05074716520858047,9853.357332328887,-0.0146642667671113,-0.011975477437560111,0.005202682713682142,-2.0160568258743794,-0.0139276995276576,0.032362459546925564,1,2,0,9853.357332328887,-0.0146642667671113,-0.011975477437560111,0.005202682713682142,-2.0160568258743794,-0.0139276995276576,0.032362459546925564,1,2,0,55ade829f7e9,-0.15,1,5,0.8,False,7,0.0,-0.08172923124855186,0.08583333333333333
3,0.0,-0.07944614294300308,-0.07487996633190552,-0.07944614294300308,0.0,-0.16344406819742852,-9.456746797226527,3,0,0.0,0.0,0.0,0.0,0.0,0.0,0.0,0,0,0.0,0.0,0.0,0.0,0.0,0.0,0.0,0,3,0.0,-0.07944614294300308,-0.07487996633190552,-0.07944614294300308,0.0,-0.16344406819742852,-9.456746797226527,3,-0.09573255214717047,-0.06772591034993325,9763.529050114053,-0.02364709498859463,-0.019327468786369373,0.010472528645505429,-1.5464582550312251,-0.020864513545920227,0.04854368932038835,1,3,0,9763.529050114053,-0.02364709498859463,-0.019327468786369373,0.010472528645505429,-1.5464582550312251,-0.020864513545920227,0.04854368932038835,1,3,0,325a1b33142f,-0.1,0,5,0.8,False,6,0.0,-0.05942012823717931,0.06338541666666667
2,0.0,-0.07914805131343772,-0.07914805131343772,-0.07914805131343772,0.0,-0.08361536818284254,-17.717133936814857,2,0,0.0,0.0,0.0,0.0,0.0,0.0,0.0,0,0,0.0,0.0,0.0,0.0,0.0,0.0,0.0,0,2,0.0,-0.07914805131343772,-0.07914805131343772,-0.07914805131343772,0.0,-0.08361536818284254,-17.717133936814857,2,-0.08361536818284254,-0.07468073444403289,9842.328343083795,-0.01576716569162051,-0.012284974576624919,0.009886852694383249,-1.096249126659144,-0.019883186308186196,0.12345679012345678,1,2,0,9842.328343083795,-0.01576716569162051,-0.012284974576624919,0.009886852694383249,-1.096249126659144,-0.019883186308186196,0.12345679012345678,1,2,0,367c791a2cdd,-0.15,1,20,0.8,False,8,0.0,-0.0746430745426534,0.06291666666666666
3,0.0,-0.09026591170065672,-0.09638462712214546,-0.09026591170065672,0.0,-0.20813107411167475,-4.243614364154874,3,0,0.0,0.0,0.0,0.0,0.0,0.0,0.0,0,0,0.0,0.0,0.0,0.0,0.0,0.0,0.0,0,3,0.0,-0.09026591170065672,-0.09638462712214546,-0.09026591170065672,0.0,-0.20813107411167475,-4.243614364154874,3,-0.12366594277124421,-0.05074716520858047,9731.504859932447,-0.026849514006755282,-0.021951499656954532,0.011931429090705777,-1.7247537285145587,-0.02612205559550973,0.04854368932038835,1,3,0,9731.504859932447,-0.026849514006755282,-0.021951499656954532,0.011931429090705777,-1.7247537285145587,-0.02612205559550973,0.04854368932038835,1,3,0,d178eb842941,-0.1,1,5,0.8,False,7,0.0,-0.07227228941199566,0.0615625
2,0.0,-0.08172923124855186,-0.08172923124855186,-0.08172923124855186,0.0,-0.09573255214717047,-5.836417792626192,2,0,0.0,0.0,0.0,0.0,0.0,0.0,0.0,0,0,0.0,0.0,0.0,0.0,0.0,0.0,0.0,0,2,0.0,-0.08172923124855186,-0.08172923124855186,-0.08172923124855186,0.0,-0.09573255214717047,-5.836417792626192,2,-0.09573255214717047,-0.06772591034993325,9837.189894927325,-0.01628101050726749,-0.013297785063775658,0.005188875814579622,-1.9479017954532711,-0.013477435907428559,0.032362459546925564,1,2,0,9837.189894927325,-0.01628101050726749,-0.013297785063775658,0.005188875814579622,-1.9479017954532711,-0.013477435907428559,0.032362459546925564,1,2,0,d97cef311726,-0.15,0,5,0.8,False,6,0.0,-0.06119176973008034,0.060312500000000005
2,0.0,-0.08265236272791904,-0.08265236272791904,-0.08265236272791904,0.0,-0.09434505946517602,-7.068716873889255,2,0,0.0,0.0,0.0,0.0,0.0,0.0,0.0,0,0,0.0,0.0,0.0,0.0,0.0,0.0,0.0,0,2,0.0,-0.08265236272791904,-0.08265236272791904,-0.08265236272791904,0.0,-0.09434505946517602,-7.068716873889255,2,-0.09434505946517613,-0.07095966599066195,9835.364743934915,-0.016463525606508433,-0.012828546798642315,0.010183884053597757,-1.309668492696332,-0.021434624687188264,0.12345679012345678,1,2,0,9835.364743934915,-0.016463525606508433,-0.012828546798642315,0.010183884053597757,-1.309668492696332,-0.021434624687188264,0.12345679012345678,1,2,0,ca9c159b6b01,-0.15,2,20,0.8,False,7,0.0,-0.06641599927013908,0.05901041666666667
2,0.0,-0.10086972365515035,-0.10086972365515035,-0.10086972365515035,0.0,-0.12447616830411357,-4.272973976179868,2,0,0.0,0.0,0.0,0.0,0.0,0.0,0.0,0,0,0.0,0.0,0.0,0.0,0.0,0.0,0.0,0,2,0.0,-0.10086972365515035,-0.10086972365515035,-0.10086972365515035,0.0,-0.12447616830411357,-4.272973976179868,2,-0.12447616830411357,-0.07726327900618712,9799.22229638183,-0.020077770361817016,-0.01640466913112837,0.007100852667916788,-2.396366337812993,-0.0209807119114378,0.032362459546925564,1,2,0,9799.22229638183,-0.020077770361817016,-0.01640466913112837,0.007100852667916788,-2.396366337812993,-0.0209807119114378,0.032362459546925564,1,2,0,6d792192206d,-0.15,2,5,0.8,False,6,0.0,-0.06460879312775678,0.05458333333333334
3,0.0,-0.10447435160054601,-0.10317823540166515,-0.10447435160054601,0.0,-0.20473797199730848,-22.070767512881208,3,0,0.0,0.0,0.0,0.0,0.0,0.0,0.0,0,0,0.0,0.0,0.0,0.0,0.0,0.0,0.0,0,3,0.0,-0.10447435160054601,-0.10317823540166515,-0.10447435160054601,0.0,-0.20473797199730848,-22.070767512881208,3,-0.1132440587468676,-0.09700076065310526,9689.833356247591,-0.031016664375240866,-0.024969539178547828,0.017036676696081974,-1.5046193421829268,-0.034071312003295495,0.09554140127388536,1,3,0,9689.833356247591,-0.031016664375240866,-0.024969539178547828,0.017036676696081974,-1.5046193421829268,-0.034071312003295495,0.09554140127388536,1,3,0,e86ddcb27539,-0.1,2,10,0.8,False,7,0.0,-0.06641599927013908,0.04984375
3,0.0,-0.11185367398972512,-0.11527092488927027,-0.11185367398972512,0.0,-0.20844554933691273,-11.257987139935679,3,0,0.0,0.0,0.0,0.0,0.0,0.0,0.0,0,0,0.0,0.0,0.0,0.0,0.0,0.0,0.0,0,3,0.0,-0.11185367398972512,-0.11527092488927027,-0.11185367398972512,0.0,-0.20844554933691273,-11.257987139935679,3,-0.12709745175826426,-0.09319264532164084,9668.149083808825,-0.033185091619117535,-0.02672105332125796,0.01639626707724089,-1.4476066912592886,-0.03234554221337105,0.09554140127388536,1,3,0,9668.149083808825,-0.033185091619117535,-0.02672105332125796,0.01639626707724089,-1.4476066912592886,-0.03234554221337105,0.09554140127388536,1,3,0,d3ceb9ca5192,-0.1,0,10,0.8,False,7,0.0,-0.07944614294300308,0.04958333333333333
3,0.0,-0.10562233315953466,-0.11053844510591948,-0.10562233315953466,0.0,-0.1952276166093776,-20.285322673675058,3,0,0.0,0.0,0.0,0.0,0.0,0.0,0.0,0,0,0.0,0.0,0.0,0.0,0.0,0.0,0.0,0,3,0.0,-0.10562233315953466,-0.11053844510591948,-0.10562233315953466,0.0,-0.1952276166093776,-20.285322673675058,3,-0.11111457796474056,-0.09521397640794393,9686.459995767467,-0.031354000423253314,-0.025241966367652635,0.016600472202515745,-1.440129220441114,-0.03277882301564361,0.09554140127388536,1,3,0,9686.459995767467,-0.031354000423253314,-0.025241966367652635,0.016600472202515745,-1.440129220441114,-0.03277882301564361,0.09554140127388536,1,3,0,14a0d7514cae,-0.1,1,10,0.8,False,8,0.0,-0.07844984902902223,0.04932291666666666
2,0.0,-0.10512240969998643,-0.10512240969998643,-0.10512240969998643,0.0,-0.11324405874686772,-12.943480947425929,2,0,0.0,0.0,0.0,0.0,0.0,0.0,0.0,0,0,0.0,0.0,0.0,0.0,0.0,0.0,0.0,0,2,0.0,-0.10512240969998643,-0.10512240969998643,-0.10512240969998643,0.0,-0.11324405874686772,-12.943480947425929,2,-0.1132440587468676,-0.09700076065310526,9790.853656583815,-0.020914634341618554,-0.016819943862927622,0.007796119767962708,-2.2351332828799304,-0.024001127865207028,0.06369426751592357,1,2,0,9790.853656583815,-0.020914634341618554,-0.016819943862927622,0.007796119767962708,-2.2351332828799304,-0.024001127865207028,0.06369426751592357,1,2,0,89d3613c9129,-0.15,2,10,0.8,False,7,0.0,-0.08265236272791904,0.04885416666666667
2,0.0,-0.10837388586310825,-0.10837388586310825,-0.10837388586310825,0.0,-0.11599215191969114,-14.225531775628017,2,0,0.0,0.0,0.0,0.0,0.0,0.0,0.0,0,0,0.0,0.0,0.0,0.0,0.0,0.0,0.0,0,2,0.0,-0.10837388586310825,-0.10837388586310825,-0.10837388586310825,0.0,-0.11599215191969114,-14.225531775628017,2,-0.11599215191969114,-0.10075561980652536,9784.42091438972,-0.021557908561027905,-0.016807782255941706,0.00992870277187045,-1.3885335681004385,-0.02180855790286118,0.12345679012345678,1,2,0,9784.42091438972,-0.021557908561027905,-0.016807782255941706,0.00992870277187045,-1.3885335681004385,-0.02180855790286118,0.12345679012345678,1,2,0,2bc6967e7a59,-0.15,0,20,0.8,False,7,0.0,-0.07914805131343772,0.04677083333333333
2,0.0,-0.11082651153533002,-0.11082651153533002,-0.11082651153533002,0.0,-0.11053844510591959,-384.72553626644714,2,0,0.0,0.0,0.0,0.0,0.0,0.0,0.0,0,0,0.0,0.0,0.0,0.0,0.0,0.0,0.0,0,2,0.0,-0.11082651153533002,-0.11082651153533002,-0.11082651153533002,0.0,-0.11053844510591959,-384.72553626644714,2,-0.11111457796474056,-0.11053844510591948,9779.575220197023,-0.02204247798029768,-0.017728981152306145,0.00758516299654652,-2.153975024701999,-0.023480997287021466,0.06369426751592357,1,2,0,9779.575220197023,-0.02204247798029768,-0.017728981152306145,0.00758516299654652,-2.153975024701999,-0.023480997287021466,0.06369426751592357,1,2,0,aabf071a97a0,-0.15,1,10,0.8,False,8,0.0,-0.07635697373940034,0.04234375
2,0.0,-0.12118418832376726,-0.12118418832376726,-0.12118418832376726,0.0,-0.12709745175826437,-20.49362245842099,2,0,0.0,0.0,0.0,0.0,0.0,0.0,0.0,0,0,0.0,0.0,0.0,0.0,0.0,0.0,0.0,0,2,0.0,-0.12118418832376726,-0.12118418832376726,-0.12118418832376726,0.0,-0.12709745175826437,-20.49362245842099,2,-0.12709745175826426,-0.11527092488927027,9759.09668743399,-0.024090331256600983,-0.019380071803382748,0.007523112844390374,-2.170328306369239,-0.023242884268192765,0.06369426751592357,1,2,0,9759.09668743399,-0.024090331256600983,-0.019380071803382748,0.007523112844390374,-2.170328306369239,-0.023242884268192765,0.06369426751592357,1,2,0,edd184675efb,-0.15,0,10,0.8,False,7,0.0,-0.08172923124855186,0.03296875
3,0.0,-0.2321537057297406,-0.19424168230796401,-0.2321537057297406,0.0,-0.45029006312094555,-3.6397581165118296,3,0,0.0,0.0,0.0,0.0,0.0,0.0,0.0,0,0,0.0,0.0,0.0,0.0,0.0,0.0,0.0,0,3,0.0,-0.2321537057297406,-0.19424168230796401,-0.2321537057297406,0.0,-0.45029006312094555,-3.6397581165118296,3,-0.35659297882744917,-0.14562645605380853,9662.960534419472,-0.033703946558052866,-0.023456303725272853,0.029254085058024418,-0.8111873736178159,-0.038736028544762324,0.32967032967032966,1,2,1,9662.960534419472,-0.033703946558052866,-0.023456303725272853,0.029254085058024418,-0.8111873736178159,-0.038736028544762324,0.32967032967032966,1,2,1,b8ba4d2d93bb,-0.1,2,60,0.8,False,6,0.0,-0.08222778417488741,0.0240625
2,0.0,-0.2754173305677066,-0.2754173305677066,-0.2754173305677066,0.0,-0.3565929788274492,-3.392856558243148,2,0,0.0,0.0,0.0,0.0,0.0,0.0,0.0,0,0,0.0,0.0,0.0,0.0,0.0,0.0,0.0,0,2,0.0,-0.2754173305677066,-0.2754173305677066,-0.2754173305677066,0.0,-0.3565929788274492,-3.392856558243148,2,-0.3565929788274492,-0.19424168230796401,9456.091860875253,-0.05439081391247469,-0.03797798417441345,0.02026578220131437,-1.9212088265009808,-0.05527683834870334,0.32967032967032966,1,2,0,9456.091860875253,-0.05439081391247469,-0.03797798417441345,0.02026578220131437,-1.9212088265009808,-0.05527683834870334,0.32967032967032966,1,2,0,214e02f59e2f,-0.15,2,60,0.8,False,6,0.0,-0.08031342143997781,0.02125
3,0.0,-0.24421484794820683,-0.20875423606923604,-0.24421484794820683,0.0,-0.4640491540558027,-4.291035380346636,3,0,0.0,0.0,0.0,0.0,0.0,0.0,0.0,0,0,0.0,0.0,0.0,0.0,0.0,0.0,0.0,0,3,0.0,-0.24421484794820683,-0.20875423606923604,-0.24421484794820683,0.0,-0.4640491540558027,-4.291035380346636,3,-0.3556153728778546,-0.16827493489752987,9626.483639581647,-0.03735163604183522,-0.026009893057244104,0.028815428071871024,-0.8545571057530454,-0.03981840244121726,0.32967032967032966,1,2,1,9626.483639581647,-0.03735163604183522,-0.026009893057244104,0.028815428071871024,-0.8545571057530454,-0.03981840244121726,0.32967032967032966,1,2,1,56ed3d4b2d8d,-0.1,1,60,0.8,False,7,0.0,-0.09079469542897167,0.020677083333333336
3,0.0,-0.21776945389961258,-0.2277952662605366,-0.21776945389961258,0.0,-0.3758083251692267,-16.544274120014823,3,0,0.0,0.0,0.0,0.0,0.0,0.0,0.0,0,0,0.0,0.0,0.0,0.0,0.0,0.0,0.0,0,3,0.0,-0.21776945389961258,-0.2277952662605366,-0.21776945389961258,0.0,-0.3758083251692267,-16.544274120014823,3,-0.23383716748597572,-0.19167592795232546,9578.969000168461,-0.04210309998315387,-0.02934065684416398,0.028414632708635625,-0.9361567298909267,-0.04064033636097064,0.32967032967032966,1,2,1,9578.969000168461,-0.04210309998315387,-0.02934065684416398,0.028414632708635625,-0.9361567298909267,-0.04064033636097064,0.32967032967032966,1,2,1,3f73b23cce0a,-0.1,0,60,0.8,False,6,0.0,-0.07650717656581733,0.018333333333333333
2,0.0,-0.2821848044735453,-0.2821848044735453,-0.2821848044735453,0.0,-0.3556153728778546,-3.8428792069242013,2,0,0.0,0.0,0.0,0.0,0.0,0.0,0.0,0,0,0.0,0.0,0.0,0.0,0.0,0.0,0.0,0,2,0.0,-0.2821848044735453,-0.2821848044735453,-0.2821848044735453,0.0,-0.3556153728778546,-3.8428792069242013,2,-0.3556153728778546,-0.20875423606923604,9443.054012602868,-0.055694598739713164,-0.038896466019268106,0.02021256126484697,-1.8876366533513187,-0.0549887028717887,0.32967032967032966,1,2,0,9443.054012602868,-0.055694598739713164,-0.038896466019268106,0.02021256126484697,-1.8876366533513187,-0.0549887028717887,0.32967032967032966,1,2,0,e74330c35090,-0.15,1,60,0.8,False,7,0.0,-0.08670895040789924,0.01734375
2,0.0,-0.23081621687325615,-0.23081621687325615,-0.23081621687325615,0.0,-0.2277952662605366,-76.40516064758418,2,0,0.0,0.0,0.0,0.0,0.0,0.0,0.0,0,0,0.0,0.0,0.0,0.0,0.0,0.0,0.0,0,2,0.0,-0.23081621687325615,-0.23081621687325615,-0.23081621687325615,0.0,-0.2277952662605366,-76.40516064758418,2,-0.23383716748597572,-0.2277952662605366,9543.694266236396,-0.04563057337636034,-0.03181669508009288,0.015650213940890053,-1.8809616063208041,-0.049344023570025874,0.32967032967032966,1,2,0,9543.694266236396,-0.04563057337636034,-0.03181669508009288,0.015650213940890053,-1.8809616063208041,-0.049344023570025874,0.32967032967032966,1,2,0,80c5d6946576,-0.15,0,60,0.8,False,6,0.0,-0.08825086018114368,0.011614583333333334
