variant_id,ticker,signal_date,signal_return,quality_percentile,fundamental_source,fundamental_available_date,entry_date,entry_price,exit_date,exit_price,gross_return,net_return,drop_threshold,wait_days,hold_days,min_quality_percentile,require_stabilization
436c1319ceb4,AAPL,2019-01-03,-0.09960735139594357,0.7777777777777778,tenline_sec_annual_conservative,2018-12-31,2019-01-08,35.45507757862409,2019-02-06,41.305782318115234,0.16501740058294323,0.16401740058294323,-0.05,2,20,0.0,False
436c1319ceb4,AAPL,2019-05-13,-0.05811956707039778,0.7777777777777778,tenline_sec_annual_conservative,2018-12-31,2019-05-16,45.38775015951254,2019-06-14,46.064109802246094,0.01490181029807669,0.013901810298076689,-0.05,2,20,0.0,False
436c1319ceb4,AAPL,2019-08-05,-0.05234805416340005,0.7777777777777778,tenline_sec_annual_conservative,2018-12-31,2019-08-08,47.84700892141569,2019-09-06,51.16196441650391,0.06928239757960064,0.06828239757960064,-0.05,2,20,0.0,False
436c1319ceb4,AAPL,2020-02-27,-0.06536826394002737,0.6157407407407408,tenline_sec_annual_conservative,2020-01-26,2020-03-03,73.24381722467581,2020-03-31,61.33359909057617,-0.16261055998167018,-0.16361055998167018,-0.05,2,20,0.0,False
436c1319ceb4,AAPL,2020-03-09,-0.07909145549754726,0.6157407407407408,tenline_sec_annual_conservative,2020-01-26,2020-03-12,61.731574731862445,2020-04-09,64.63796997070312,0.04708117768686293,0.04608117768686293,-0.05,2,20,0.0,False
436c1319ceb4,AAPL,2020-03-12,-0.09875466225021212,0.6157407407407408,tenline_sec_annual_conservative,2020-01-26,2020-03-17,59.69829586216656,2020-04-15,68.60324096679688,0.14916581748313806,0.14816581748313806,-0.05,2,20,0.0,False
436c1319ceb4,AAPL,2020-03-16,-0.12864729725731527,0.6157407407407408,tenline_sec_annual_conservative,2020-01-26,2020-03-19,59.669357314419855,2020-04-17,68.21009826660156,0.14313445521421309,0.14213445521421308,-0.05,2,20,0.0,False
436c1319ceb4,AAPL,2020-03-20,-0.06348542176201633,0.6157407407407408,tenline_sec_annual_conservative,2020-01-26,2020-03-25,60.47975086727184,2020-04-23,66.33596801757812,0.0968293861388132,0.0958293861388132,-0.05,2,20,0.0,False
436c1319ceb4,AAPL,2020-04-01,-0.0526171560497779,0.6157407407407408,tenline_sec_annual_conservative,2020-01-26,2020-04-06,60.51594239996791,2020-05-05,71.7701416015625,0.18597081620595501,0.184970816205955,-0.05,2,20,0.0,False
436c1319ceb4,AAPL,2020-09-03,-0.08006069500538127,0.6157407407407408,tenline_sec_annual_conservative,2020-01-26,2020-09-09,113.641095738678,2020-10-07,111.52838897705078,-0.01859104532470779,-0.01959104532470779,-0.05,2,20,0.0,False
436c1319ceb4,AAPL,2020-09-08,-0.06729501440433605,0.6157407407407408,tenline_sec_annual_conservative,2020-01-26,2020-09-11,111.0341102013086,2020-10-09,113.36004638671876,0.020947942764553806,0.019947942764553805,-0.05,2,20,0.0,False
436c1319ceb4,AAPL,2020-10-30,-0.05601795431850343,0.6157407407407408,tenline_sec_annual_conservative,2020-01-26,2020-11-04,110.61739025769825,2020-12-03,119.35137939453124,0.07895674555769183,0.07795674555769183,-0.05,2,20,0.0,False
436c1319ceb4,AAPL,2026-06-25,-0.06117774105404383,0.6347222222222222,tenline_sec_annual_conservative,2026-01-25,2026-06-30,280.9277417485351,2026-07-29,337.8985900878906,0.20279538070808067,0.20179538070808067,-0.05,2,20,0.0,False
436c1319ceb4,AMZN,2020-03-09,-0.05285383245165354,0.6092592592592593,tenline_sec_annual_conservative,2019-12-31,2020-03-12,86.0989990234375,2020-04-09,102.13800048828124,0.18628557412703106,0.18528557412703106,-0.05,2,20,0.0,False
436c1319ceb4,AMZN,2020-03-12,-0.07922082514747941,0.6092592592592593,tenline_sec_annual_conservative,2019-12-31,2020-03-17,88.77349853515625,2020-04-15,115.38400268554688,0.2997572990756052,0.2987572990756052,-0.05,2,20,0.0,False
436c1319ceb4,AMZN,2020-03-16,-0.053697516604298,0.6092592592592593,tenline_sec_annual_conservative,2019-12-31,2020-03-19,93.0,2020-04-17,118.75,0.2768817204301075,0.2758817204301075,-0.05,2,20,0.0,False
436c1319ceb4,AMZN,2020-05-01,-0.07597409237648933,0.6092592592592593,tenline_sec_annual_conservative,2019-12-31,2020-05-06,116.47200012207033,2020-06-04,123.02999877929688,0.05630536652889395,0.05530536652889395,-0.05,2,20,0.0,False
436c1319ceb4,AMZN,2020-10-30,-0.0544564552314909,0.6092592592592593,tenline_sec_annual_conservative,2019-12-31,2020-11-04,157.99949645996094,2020-12-03,159.3365020751953,0.008462087824268494,0.007462087824268494,-0.05,2,20,0.0,False
436c1319ceb4,AMZN,2020-11-09,-0.05062255447737596,0.6092592592592593,tenline_sec_annual_conservative,2019-12-31,2020-11-12,157.99749755859375,2020-12-11,155.8209991455078,-0.01377552459195619,-0.01477552459195619,-0.05,2,20,0.0,False
436c1319ceb4,AMZN,2021-07-30,-0.07564890713277761,0.5671296296296297,tenline_sec_annual_conservative,2020-12-31,2021-08-04,168.96749877929688,2021-09-01,173.9499969482422,0.02948790865072448,0.02848790865072448,-0.05,2,20,0.0,False
436c1319ceb4,AMZN,2022-01-21,-0.05950180896147472,0.5254629629629629,tenline_sec_annual_conservative,2021-12-31,2022-01-26,144.75,2022-02-24,151.35800170898438,0.045651134431671014,0.044651134431671013,-0.05,2,20,0.0,False
436c1319ceb4,AMZN,2022-02-03,-0.0781276325178123,0.5462962962962963,tenline_sec_annual_conservative,2021-12-31,2022-02-08,156.75050354003906,2022-03-09,139.2790069580078,-0.11146054518139692,-0.11246054518139692,-0.05,2,20,0.0,False
436c1319ceb4,AMZN,2022-03-07,-0.05622045424233624,0.5462962962962963,tenline_sec_annual_conservative,2021-12-31,2022-03-10,145.68499755859375,2022-04-07,157.7845001220703,0.0830524952207945,0.0820524952207945,-0.05,2,20,0.0,False
436c1319ceb4,AMZN,2022-04-29,-0.14049437774923412,0.5462962962962963,tenline_sec_annual_conservative,2021-12-31,2022-05-04,123.5999984741211,2022-06-02,125.51100158691406,0.015461190423825766,0.014461190423825765,-0.05,2,20,0.0,False
436c1319ceb4,AMZN,2022-05-05,-0.07561036490424522,0.5462962962962963,tenline_sec_annual_conservative,2021-12-31,2022-05-10,111.25,2022-06-08,121.18000030517578,0.0892584297094452,0.0882584297094452,-0.05,2,20,0.0,False
436c1319ceb4,AMZN,2022-05-09,-0.05213354825727923,0.5462962962962963,tenline_sec_annual_conservative,2021-12-31,2022-05-12,102.75,2022-06-10,109.6500015258789,0.06715329952193572,0.06615329952193572,-0.05,2,20,0.0,False
436c1319ceb4,AMZN,2022-05-18,-0.07156196640827228,0.5462962962962963,tenline_sec_annual_conservative,2021-12-31,2022-05-23,108.46099853515624,2022-06-22,108.9499969482422,0.004508518450781818,0.0035085184507818177,-0.05,2,20,0.0,False
436c1319ceb4,AMZN,2022-06-10,-0.05596211721574329,0.5462962962962963,tenline_sec_annual_conservative,2021-12-31,2022-06-15,103.86000061035156,2022-07-15,113.5500030517578,0.09329869424669002,0.09229869424669002,-0.05,2,20,0.0,False
436c1319ceb4,AMZN,2022-06-13,-0.05453719355874531,0.5462962962962963,tenline_sec_annual_conservative,2021-12-31,2022-06-16,104.47000122070312,2022-07-18,113.76000213623048,0.08892505797813977,0.08792505797813976,-0.05,2,20,0.0,False
436c1319ceb4,AMZN,2022-06-28,-0.05140434227234392,0.5462962962962963,tenline_sec_annual_conservative,2021-12-31,2022-07-01,106.29000091552734,2022-08-01,135.38999938964844,0.2737792663794212,0.2727792663794212,-0.05,2,20,0.0,False
436c1319ceb4,AMZN,2022-07-26,-0.052253606265046604,0.5462962962962963,tenline_sec_annual_conservative,2021-12-31,2022-07-29,134.89999389648438,2022-08-26,130.75,-0.030763484686803455,-0.031763484686803456,-0.05,2,20,0.0,False
436c1319ceb4,AMZN,2022-09-13,-0.0705752837581286,0.5462962962962963,tenline_sec_annual_conservative,2021-12-31,2022-09-16,122.77999877929688,2022-10-14,106.9000015258789,-0.1293370044901454,-0.1303370044901454,-0.05,2,20,0.0,False
436c1319ceb4,AMZN,2022-10-14,-0.05003107895219994,0.5462962962962963,tenline_sec_annual_conservative,2021-12-31,2022-10-19,114.70999908447266,2022-11-16,97.12000274658205,-0.15334318261947943,-0.15434318261947944,-0.05,2,20,0.0,False
436c1319ceb4,AMZN,2022-10-28,-0.06804249715805744,0.5462962962962963,tenline_sec_annual_conservative,2021-12-31,2022-11-02,97.31999969482422,2022-12-01,95.5,-0.018701188866947938,-0.01970118886694794,-0.05,2,20,0.0,False
436c1319ceb4,AMZN,2022-11-01,-0.05515425020719411,0.5462962962962963,tenline_sec_annual_conservative,2021-12-31,2022-11-04,91.48999786376952,2022-12-05,91.01000213623048,-0.005246428448427265,-0.006246428448427265,-0.05,2,20,0.0,False
436c1319ceb4,AMZN,2026-02-06,-0.05554804877440456,0.2847222222222222,tenline_sec_annual_conservative,2025-12-31,2026-02-11,208.05999755859372,2026-03-12,209.52999877929688,0.007065275583737263,0.006065275583737263,-0.05,2,20,0.0,False
436c1319ceb4,GOOGL,2026-07-23,-0.0713262420932762,0.5189814814814815,tenline_sec_annual_conservative,2025-12-31,2026-07-28,327.8999938964844,2026-08-25,346.9599914550781,0.05812747152600095,0.05712747152600095,-0.05,2,20,0.0,False
436c1319ceb4,HD,2023-02-21,-0.07060844097676822,0.7053571428571429,tenline_sec_annual_conservative,2022-12-31,2023-02-24,267.1247684817687,2023-03-24,260.4279479980469,-0.02507000950074334,-0.02607000950074334,-0.05,2,20,0.0,False
436c1319ceb4,META,2024-04-25,-0.10561289492370807,0.4708333333333334,tenline_sec_annual_conservative,2023-12-31,2024-04-30,427.7510167239678,2024-05-29,470.7295837402344,0.1004756630280581,0.0994756630280581,-0.05,2,20,0.0,False
436c1319ceb4,META,2024-07-17,-0.05675907421834325,0.4708333333333334,tenline_sec_annual_conservative,2023-12-31,2024-07-22,483.3354544094365,2024-08-19,525.7506713867188,0.0877552362243057,0.0867552362243057,-0.05,2,20,0.0,False
436c1319ceb4,META,2024-07-24,-0.056109168662901054,0.4708333333333334,tenline_sec_annual_conservative,2023-12-31,2024-07-29,466.746760248626,2024-08-26,517.6451416015625,0.10904924401794247,0.10804924401794247,-0.05,2,20,0.0,False
436c1319ceb4,META,2025-04-03,-0.08958280531351914,0.6324074074074074,tenline_sec_annual_conservative,2024-12-31,2025-04-08,541.0589647931961,2025-05-07,594.4030151367188,0.09859193510251107,0.09759193510251107,-0.05,2,20,0.0,False
436c1319ceb4,META,2025-04-04,-0.050581139935028885,0.6324074074074074,tenline_sec_annual_conservative,2024-12-31,2025-04-09,507.2159828753818,2025-05-08,595.5980834960938,0.17424943930133718,0.17324943930133718,-0.05,2,20,0.0,False
436c1319ceb4,META,2025-04-10,-0.0673985211979895,0.6324074074074074,tenline_sec_annual_conservative,2024-12-31,2025-04-15,529.9638803667925,2025-05-14,656.70068359375,0.2391423414351217,0.2381423414351217,-0.05,2,20,0.0,False
436c1319ceb4,META,2025-10-30,-0.11334764097342975,0.6324074074074074,tenline_sec_annual_conservative,2024-12-31,2025-11-04,626.410791028598,2025-12-03,637.9408569335938,0.018406556959312148,0.017406556959312147,-0.05,2,20,0.0,False
436c1319ceb4,META,2026-03-26,-0.07959464154247431,0.7199074074074073,tenline_sec_annual_conservative,2025-12-31,2026-03-31,549.4707059552647,2026-04-29,668.5004272460938,0.21662614585411544,0.21562614585411544,-0.05,2,20,0.0,False
436c1319ceb4,META,2026-04-30,-0.08550038433407037,0.7199074074074073,tenline_sec_annual_conservative,2025-12-31,2026-05-05,612.7420849871345,2026-06-03,622.4031372070312,0.015766914753537087,0.014766914753537086,-0.05,2,20,0.0,False
436c1319ceb4,META,2026-06-01,-0.05065539518815376,0.7199074074074073,tenline_sec_annual_conservative,2025-12-31,2026-06-04,623.0924785224576,2026-07-06,600.2899780273438,-0.03659569210205438,-0.03759569210205438,-0.05,2,20,0.0,False
436c1319ceb4,META,2026-06-05,-0.055085447812264654,0.7199074074074073,tenline_sec_annual_conservative,2025-12-31,2026-06-10,580.192266144374,2026-07-10,669.2100219726562,0.15342802898743102,0.15242802898743102,-0.05,2,20,0.0,False
436c1319ceb4,META,2026-06-17,-0.05436431197128366,0.7199074074074073,tenline_sec_annual_conservative,2025-12-31,2026-06-23,562.25,2026-07-22,627.1699829101562,0.11546462056052698,0.11446462056052698,-0.05,2,20,0.0,False
436c1319ceb4,MSFT,2020-02-27,-0.07045898111696802,0.6050925925925926,tenline_sec_annual_conservative,2019-12-31,2020-03-03,164.42738745681987,2020-03-31,149.20510864257812,-0.09257751430393102,-0.09357751430393102,-0.05,2,20,0.0,False
436c1319ceb4,MSFT,2020-03-09,-0.0677726761084152,0.6050925925925926,tenline_sec_annual_conservative,2019-12-31,2020-03-12,137.46436615258762,2020-04-09,156.23443603515625,0.13654498549633987,0.13554498549633986,-0.05,2,20,0.0,False
436c1319ceb4,MSFT,2020-03-12,-0.09483829448607606,0.6050925925925926,tenline_sec_annual_conservative,2019-12-31,2020-03-17,132.4501739191631,2020-04-15,162.61099243164062,0.2277144500458359,0.2267144500458359,-0.05,2,20,0.0,False
436c1319ceb4,MSFT,2020-03-16,-0.147390723769389,0.6050925925925926,tenline_sec_annual_conservative,2019-12-31,2020-03-19,135.07078487160544,2020-04-17,168.96853637695312,0.25096286763692044,0.24996286763692044,-0.05,2,20,0.0,False
436c1319ceb4,MSFT,2020-06-11,-0.053697922731070324,0.6050925925925926,tenline_sec_annual_conservative,2019-12-31,2020-06-16,182.99621344964388,2020-07-15,197.36907958984372,0.07854187728400674,0.07754187728400674,-0.05,2,20,0.0,False
436c1319ceb4,MSFT,2020-09-03,-0.06194671570365484,0.6050925925925926,tenline_sec_annual_conservative,2019-12-31,2020-09-09,197.4278299244589,2020-10-07,199.54852294921875,0.010741611380580274,0.009741611380580273,-0.05,2,20,0.0,False
436c1319ceb4,MSFT,2020-09-08,-0.054095880600493196,0.6050925925925926,tenline_sec_annual_conservative,2019-12-31,2020-09-11,197.04737049649287,2020-10-09,205.2354888916016,0.04155406070366441,0.04055406070366441,-0.05,2,20,0.0,False
436c1319ceb4,MSFT,2022-09-13,-0.054978051494992464,0.6050925925925926,tenline_sec_annual_conservative,2019-12-31,2022-09-16,236.38627698047728,2022-10-14,221.1923675537109,-0.06427576770042875,-0.06527576770042876,-0.05,2,20,0.0,False
436c1319ceb4,MSFT,2022-10-07,-0.05085299426779777,0.6050925925925926,tenline_sec_annual_conservative,2019-12-31,2022-10-12,218.1342225142281,2022-11-09,217.2729339599609,-0.00394843387864563,-0.00494843387864563,-0.05,2,20,0.0,False
436c1319ceb4,MSFT,2022-10-26,-0.07715615824155908,0.6050925925925926,tenline_sec_annual_conservative,2019-12-31,2022-10-31,226.22477072356645,2022-11-29,233.2384033203125,0.031002938247272294,0.030002938247272293,-0.05,2,20,0.0,False
436c1319ceb4,MSFT,2024-10-31,-0.06052750099407056,0.7583333333333334,tenline_sec_annual_conservative,2022-12-31,2024-11-05,402.0192756499378,2024-12-04,431.4794921875,0.0732806069806835,0.0722806069806835,-0.05,2,20,0.0,False
436c1319ceb4,MSFT,2025-01-30,-0.06180903636906887,0.5064814814814814,tenline_sec_annual_conservative,2024-12-31,2025-02-04,407.0853452090854,2025-03-05,396.366943359375,-0.026329618532952237,-0.027329618532952238,-0.05,2,20,0.0,False
436c1319ceb4,MSFT,2026-01-29,-0.09993140149712809,0.5416666666666666,tenline_sec_annual_conservative,2025-12-31,2026-02-03,419.3495781995532,2026-03-04,403.5645751953125,-0.03764163319780234,-0.03864163319780234,-0.05,2,20,0.0,False
436c1319ceb4,NKE,2020-03-12,-0.11666682124311178,0.7069444444444444,tenline_sec_annual_conservative,2019-12-31,2020-03-17,61.48472020471045,2020-04-15,77.45016479492188,0.25966523938069885,0.25866523938069885,-0.05,2,20,0.0,False
436c1319ceb4,NKE,2020-03-16,-0.11630090333112286,0.7069444444444444,tenline_sec_annual_conservative,2019-12-31,2020-03-19,61.05667106824296,2020-04-17,81.8855209350586,0.3411396249156009,0.3401396249156009,-0.05,2,20,0.0,False
436c1319ceb4,NKE,2020-03-23,-0.06893999488062419,0.7069444444444444,tenline_sec_annual_conservative,2019-12-31,2020-03-26,73.01482055390548,2020-04-24,80.48295593261719,0.10228245884954434,0.10128245884954434,-0.05,2,20,0.0,False
436c1319ceb4,NKE,2020-06-11,-0.06805730495465023,0.7069444444444444,tenline_sec_annual_conservative,2019-12-31,2020-06-16,92.44343605925754,2020-07-15,89.96914672851562,-0.026765440968203102,-0.027765440968203103,-0.05,2,20,0.0,False
436c1319ceb4,NKE,2020-06-26,-0.0762325585879895,0.7069444444444444,tenline_sec_annual_conservative,2019-12-31,2020-07-01,89.93264439275151,2020-07-30,88.39875793457031,-0.017055947465332566,-0.018055947465332567,-0.05,2,20,0.0,False
436c1319ceb4,NKE,2022-03-07,-0.05137986890110058,0.6763888888888889,tenline_sec_annual_conservative,2021-12-31,2022-03-10,114.82858479219249,2022-04-07,119.79135131835938,0.043218912217268146,0.042218912217268145,-0.05,2,20,0.0,False
436c1319ceb4,NKE,2022-04-26,-0.05799593676271375,0.6763888888888889,tenline_sec_annual_conservative,2021-12-31,2022-04-29,116.86555187035876,2022-05-27,107.39370727539062,-0.08104907257422989,-0.08204907257422989,-0.05,2,20,0.0,False
436c1319ceb4,NKE,2022-05-05,-0.05894014688087312,0.6763888888888889,tenline_sec_annual_conservative,2021-12-31,2022-05-10,104.65309369340731,2022-06-08,113.60943603515624,0.08558124777455234,0.08458124777455234,-0.05,2,20,0.0,False
436c1319ceb4,NKE,2022-05-18,-0.056341638069280386,0.6763888888888889,tenline_sec_annual_conservative,2021-12-31,2022-05-23,99.50515935045216,2022-06-22,97.38481903076172,-0.0213088480389515,-0.0223088480389515,-0.05,2,20,0.0,False
436c1319ceb4,NKE,2022-06-16,-0.05571237238927518,0.6763888888888889,tenline_sec_annual_conservative,2021-12-31,2022-06-22,97.8303493478121,2022-07-21,103.60363006591795,0.05901318718162152,0.05801318718162152,-0.05,2,20,0.0,False
436c1319ceb4,NKE,2022-06-28,-0.06986427419498809,0.6763888888888889,tenline_sec_annual_conservative,2021-12-31,2022-07-01,94.34037668509872,2022-08-01,106.0911636352539,0.12455734610196068,0.12355734610196067,-0.05,2,20,0.0,False
436c1319ceb4,NKE,2022-09-13,-0.0592632278794345,0.6763888888888889,tenline_sec_annual_conservative,2021-12-31,2022-09-16,96.87333086761976,2022-10-14,81.4957275390625,-0.1587392855271097,-0.1597392855271097,-0.05,2,20,0.0,False
436c1319ceb4,NKE,2022-09-30,-0.12808135892361716,0.6763888888888889,tenline_sec_annual_conservative,2021-12-31,2022-10-05,81.43987818309968,2022-11-02,84.05554962158203,0.03211782110726635,0.031117821107266352,-0.05,2,20,0.0,False
436c1319ceb4,NKE,2023-12-22,-0.1182568042499732,0.5326388888888889,tenline_sec_annual_conservative,2022-12-31,2023-12-28,101.3964166376964,2024-01-29,98.24698638916016,-0.031060567552299245,-0.032060567552299246,-0.05,2,20,0.0,False
436c1319ceb4,NKE,2024-03-22,-0.0690338188169407,0.63125,tenline_sec_annual_conservative,2023-12-31,2024-03-27,88.52747801685908,2024-04-25,89.16342163085938,0.007183573148657807,0.006183573148657807,-0.05,2,20,0.0,False
436c1319ceb4,NKE,2024-06-28,-0.19980885303062645,0.63125,tenline_sec_annual_conservative,2023-12-31,2024-07-03,71.94109030378355,2024-08-01,70.36885833740234,-0.021854436174683967,-0.022854436174683967,-0.05,2,20,0.0,False
436c1319ceb4,NKE,2024-10-02,-0.06765405520267831,0.63125,tenline_sec_annual_conservative,2023-12-31,2024-10-07,78.61720282323732,2024-11-04,73.87950897216797,-0.060262813747285926,-0.06126281374728593,-0.05,2,20,0.0,False
436c1319ceb4,NKE,2025-03-21,-0.05455060556696645,0.6555555555555554,tenline_sec_annual_conservative,2024-12-31,2025-03-26,64.18059203102551,2025-04-24,56.54235458374024,-0.11901163896389233,-0.12001163896389233,-0.05,2,20,0.0,False
436c1319ceb4,NKE,2025-04-03,-0.14439642370689287,0.6555555555555554,tenline_sec_annual_conservative,2024-12-31,2025-04-08,56.82274385583448,2025-05-07,56.67770767211914,-0.0025524318938788815,-0.0035524318938788815,-0.05,2,20,0.0,False
436c1319ceb4,NKE,2025-04-10,-0.08294001041825738,0.6555555555555554,tenline_sec_annual_conservative,2024-12-31,2025-04-15,52.86825895922033,2025-05-14,59.684661865234375,0.1289318589301729,0.1279318589301729,-0.05,2,20,0.0,False
436c1319ceb4,NKE,2025-12-19,-0.10543952557727221,0.6555555555555554,tenline_sec_annual_conservative,2024-12-31,2025-12-24,57.97301716494331,2026-01-26,63.9888916015625,0.10377024917476674,0.10277024917476674,-0.05,2,20,0.0,False
436c1319ceb4,NKE,2026-04-01,-0.15505485932819896,0.4305555555555555,tenline_sec_annual_conservative,2025-12-31,2026-04-07,43.31243846575701,2026-05-05,42.67811584472656,-0.014645276126209028,-0.01564527612620903,-0.05,2,20,0.0,False
436c1319ceb4,NVDA,2025-01-07,-0.06216953442159834,0.7699074074074074,tenline_sec_annual_conservative,2024-12-31,2025-01-13,129.7961674567433,2025-02-11,132.6019744873047,0.02161702525998299,0.02061702525998299,-0.05,2,20,0.0,False
436c1319ceb4,NVDA,2025-01-27,-0.16968167662348033,0.7699074074074074,tenline_sec_annual_conservative,2024-12-31,2025-01-30,122.91641979157204,2025-02-28,124.73370361328124,0.014784711634057812,0.013784711634057811,-0.05,2,20,0.0,False
436c1319ceb4,NVDA,2025-02-27,-0.08478062880758996,0.7699074074074074,tenline_sec_annual_conservative,2024-12-31,2025-03-04,110.48499132597254,2025-04-01,109.99585723876952,-0.004427154144040268,-0.0054271541440402684,-0.05,2,20,0.0,False
436c1319ceb4,NVDA,2025-03-03,-0.08693563240438495,0.7699074074074074,tenline_sec_annual_conservative,2024-12-31,2025-03-06,113.3606904001891,2025-04-03,101.65753936767578,-0.10323817710705996,-0.10423817710705996,-0.05,2,20,0.0,False
436c1319ceb4,NVDA,2025-03-06,-0.05737431228014822,0.7699074074074074,tenline_sec_annual_conservative,2024-12-31,2025-03-11,106.83043665954976,2025-04-08,96.16522979736328,-0.09983303631131513,-0.10083303631131513,-0.05,2,20,0.0,False
436c1319ceb4,NVDA,2025-03-10,-0.050670109824213716,0.7699074074074074,tenline_sec_annual_conservative,2024-12-31,2025-03-13,116.86621875800482,2025-04-10,107.4194564819336,-0.08083398587262125,-0.08183398587262125,-0.05,2,20,0.0,False
436c1319ceb4,NVDA,2025-03-26,-0.057419847461616325,0.7699074074074074,tenline_sec_annual_conservative,2024-12-31,2025-03-31,104.98287310192076,2025-04-29,108.86742401123048,0.03700175842528597,0.03600175842528597,-0.05,2,20,0.0,False
436c1319ceb4,NVDA,2025-04-03,-0.07806547074373227,0.7699074074074074,tenline_sec_annual_conservative,2024-12-31,2025-04-08,103.6647139576977,2025-05-07,116.89617919921876,0.12763711716718196,0.12663711716718196,-0.05,2,20,0.0,False
436c1319ceb4,NVDA,2025-04-04,-0.07357568117034718,0.7699074074074074,tenline_sec_annual_conservative,2024-12-31,2025-04-09,98.751610451276,2025-05-08,117.20574951171876,0.1868743099592085,0.1858743099592085,-0.05,2,20,0.0,False
436c1319ceb4,NVDA,2025-04-10,-0.059127169778110056,0.7699074074074074,tenline_sec_annual_conservative,2024-12-31,2025-04-15,110.81470199440513,2025-05-14,135.1505889892578,0.21960882948619376,0.21860882948619376,-0.05,2,20,0.0,False
436c1319ceb4,NVDA,2025-04-16,-0.06871652057100175,0.7699074074074074,tenline_sec_annual_conservative,2024-12-31,2025-04-22,98.6417555090913,2025-05-20,134.1919403076172,0.36039691928687767,0.35939691928687767,-0.05,2,20,0.0,False
436c1319ceb4,NVDA,2026-02-26,-0.0545612407286622,0.7907407407407407,tenline_sec_annual_conservative,2025-12-31,2026-03-03,178.27256086028186,2026-03-31,174.1969757080078,-0.02286153927787138,-0.02386153927787138,-0.05,2,20,0.0,False
436c1319ceb4,NVDA,2026-06-05,-0.062014073591381336,0.7907407407407407,tenline_sec_annual_conservative,2025-12-31,2026-06-10,204.42999267578125,2026-07-10,210.9600067138672,0.03194254401037089,0.030942544010370887,-0.05,2,20,0.0,False
753d3c3a53b3,AAPL,2019-01-03,-0.09960735139594357,0.7777777777777778,tenline_sec_annual_conservative,2018-12-31,2019-01-08,35.45507757862409,2019-02-06,41.305782318115234,0.16501740058294323,0.16401740058294323,-0.05,2,20,0.5,False
753d3c3a53b3,AAPL,2019-05-13,-0.05811956707039778,0.7777777777777778,tenline_sec_annual_conservative,2018-12-31,2019-05-16,45.38775015951254,2019-06-14,46.064109802246094,0.01490181029807669,0.013901810298076689,-0.05,2,20,0.5,False
753d3c3a53b3,AAPL,2019-08-05,-0.05234805416340005,0.7777777777777778,tenline_sec_annual_conservative,2018-12-31,2019-08-08,47.84700892141569,2019-09-06,51.16196441650391,0.06928239757960064,0.06828239757960064,-0.05,2,20,0.5,False
753d3c3a53b3,AAPL,2020-02-27,-0.06536826394002737,0.6157407407407408,tenline_sec_annual_conservative,2020-01-26,2020-03-03,73.24381722467581,2020-03-31,61.33359909057617,-0.16261055998167018,-0.16361055998167018,-0.05,2,20,0.5,False
753d3c3a53b3,AAPL,2020-03-09,-0.07909145549754726,0.6157407407407408,tenline_sec_annual_conservative,2020-01-26,2020-03-12,61.731574731862445,2020-04-09,64.63796997070312,0.04708117768686293,0.04608117768686293,-0.05,2,20,0.5,False
753d3c3a53b3,AAPL,2020-03-12,-0.09875466225021212,0.6157407407407408,tenline_sec_annual_conservative,2020-01-26,2020-03-17,59.69829586216656,2020-04-15,68.60324096679688,0.14916581748313806,0.14816581748313806,-0.05,2,20,0.5,False
753d3c3a53b3,AAPL,2020-03-16,-0.12864729725731527,0.6157407407407408,tenline_sec_annual_conservative,2020-01-26,2020-03-19,59.669357314419855,2020-04-17,68.21009826660156,0.14313445521421309,0.14213445521421308,-0.05,2,20,0.5,False
753d3c3a53b3,AAPL,2020-03-20,-0.06348542176201633,0.6157407407407408,tenline_sec_annual_conservative,2020-01-26,2020-03-25,60.47975086727184,2020-04-23,66.33596801757812,0.0968293861388132,0.0958293861388132,-0.05,2,20,0.5,False
753d3c3a53b3,AAPL,2020-04-01,-0.0526171560497779,0.6157407407407408,tenline_sec_annual_conservative,2020-01-26,2020-04-06,60.51594239996791,2020-05-05,71.7701416015625,0.18597081620595501,0.184970816205955,-0.05,2,20,0.5,False
753d3c3a53b3,AAPL,2020-09-03,-0.08006069500538127,0.6157407407407408,tenline_sec_annual_conservative,2020-01-26,2020-09-09,113.641095738678,2020-10-07,111.52838897705078,-0.01859104532470779,-0.01959104532470779,-0.05,2,20,0.5,False
753d3c3a53b3,AAPL,2020-09-08,-0.06729501440433605,0.6157407407407408,tenline_sec_annual_conservative,2020-01-26,2020-09-11,111.0341102013086,2020-10-09,113.36004638671876,0.020947942764553806,0.019947942764553805,-0.05,2,20,0.5,False
753d3c3a53b3,AAPL,2020-10-30,-0.05601795431850343,0.6157407407407408,tenline_sec_annual_conservative,2020-01-26,2020-11-04,110.61739025769825,2020-12-03,119.35137939453124,0.07895674555769183,0.07795674555769183,-0.05,2,20,0.5,False
753d3c3a53b3,AAPL,2026-06-25,-0.06117774105404383,0.6347222222222222,tenline_sec_annual_conservative,2026-01-25,2026-06-30,280.9277417485351,2026-07-29,337.8985900878906,0.20279538070808067,0.20179538070808067,-0.05,2,20,0.5,False
753d3c3a53b3,AMZN,2020-03-09,-0.05285383245165354,0.6092592592592593,tenline_sec_annual_conservative,2019-12-31,2020-03-12,86.0989990234375,2020-04-09,102.13800048828124,0.18628557412703106,0.18528557412703106,-0.05,2,20,0.5,False
753d3c3a53b3,AMZN,2020-03-12,-0.07922082514747941,0.6092592592592593,tenline_sec_annual_conservative,2019-12-31,2020-03-17,88.77349853515625,2020-04-15,115.38400268554688,0.2997572990756052,0.2987572990756052,-0.05,2,20,0.5,False
753d3c3a53b3,AMZN,2020-03-16,-0.053697516604298,0.6092592592592593,tenline_sec_annual_conservative,2019-12-31,2020-03-19,93.0,2020-04-17,118.75,0.2768817204301075,0.2758817204301075,-0.05,2,20,0.5,False
753d3c3a53b3,AMZN,2020-05-01,-0.07597409237648933,0.6092592592592593,tenline_sec_annual_conservative,2019-12-31,2020-05-06,116.47200012207033,2020-06-04,123.02999877929688,0.05630536652889395,0.05530536652889395,-0.05,2,20,0.5,False
753d3c3a53b3,AMZN,2020-10-30,-0.0544564552314909,0.6092592592592593,tenline_sec_annual_conservative,2019-12-31,2020-11-04,157.99949645996094,2020-12-03,159.3365020751953,0.008462087824268494,0.007462087824268494,-0.05,2,20,0.5,False
753d3c3a53b3,AMZN,2020-11-09,-0.05062255447737596,0.6092592592592593,tenline_sec_annual_conservative,2019-12-31,2020-11-12,157.99749755859375,2020-12-11,155.8209991455078,-0.01377552459195619,-0.01477552459195619,-0.05,2,20,0.5,False
753d3c3a53b3,AMZN,2021-07-30,-0.07564890713277761,0.5671296296296297,tenline_sec_annual_conservative,2020-12-31,2021-08-04,168.96749877929688,2021-09-01,173.9499969482422,0.02948790865072448,0.02848790865072448,-0.05,2,20,0.5,False
753d3c3a53b3,AMZN,2022-01-21,-0.05950180896147472,0.5254629629629629,tenline_sec_annual_conservative,2021-12-31,2022-01-26,144.75,2022-02-24,151.35800170898438,0.045651134431671014,0.044651134431671013,-0.05,2,20,0.5,False
753d3c3a53b3,AMZN,2022-02-03,-0.0781276325178123,0.5462962962962963,tenline_sec_annual_conservative,2021-12-31,2022-02-08,156.75050354003906,2022-03-09,139.2790069580078,-0.11146054518139692,-0.11246054518139692,-0.05,2,20,0.5,False
753d3c3a53b3,AMZN,2022-03-07,-0.05622045424233624,0.5462962962962963,tenline_sec_annual_conservative,2021-12-31,2022-03-10,145.68499755859375,2022-04-07,157.7845001220703,0.0830524952207945,0.0820524952207945,-0.05,2,20,0.5,False
753d3c3a53b3,AMZN,2022-04-29,-0.14049437774923412,0.5462962962962963,tenline_sec_annual_conservative,2021-12-31,2022-05-04,123.5999984741211,2022-06-02,125.51100158691406,0.015461190423825766,0.014461190423825765,-0.05,2,20,0.5,False
753d3c3a53b3,AMZN,2022-05-05,-0.07561036490424522,0.5462962962962963,tenline_sec_annual_conservative,2021-12-31,2022-05-10,111.25,2022-06-08,121.18000030517578,0.0892584297094452,0.0882584297094452,-0.05,2,20,0.5,False
753d3c3a53b3,AMZN,2022-05-09,-0.05213354825727923,0.5462962962962963,tenline_sec_annual_conservative,2021-12-31,2022-05-12,102.75,2022-06-10,109.6500015258789,0.06715329952193572,0.06615329952193572,-0.05,2,20,0.5,False
753d3c3a53b3,AMZN,2022-05-18,-0.07156196640827228,0.5462962962962963,tenline_sec_annual_conservative,2021-12-31,2022-05-23,108.46099853515624,2022-06-22,108.9499969482422,0.004508518450781818,0.0035085184507818177,-0.05,2,20,0.5,False
753d3c3a53b3,AMZN,2022-06-10,-0.05596211721574329,0.5462962962962963,tenline_sec_annual_conservative,2021-12-31,2022-06-15,103.86000061035156,2022-07-15,113.5500030517578,0.09329869424669002,0.09229869424669002,-0.05,2,20,0.5,False
753d3c3a53b3,AMZN,2022-06-13,-0.05453719355874531,0.5462962962962963,tenline_sec_annual_conservative,2021-12-31,2022-06-16,104.47000122070312,2022-07-18,113.76000213623048,0.08892505797813977,0.08792505797813976,-0.05,2,20,0.5,False
753d3c3a53b3,AMZN,2022-06-28,-0.05140434227234392,0.5462962962962963,tenline_sec_annual_conservative,2021-12-31,2022-07-01,106.29000091552734,2022-08-01,135.38999938964844,0.2737792663794212,0.2727792663794212,-0.05,2,20,0.5,False
753d3c3a53b3,AMZN,2022-07-26,-0.052253606265046604,0.5462962962962963,tenline_sec_annual_conservative,2021-12-31,2022-07-29,134.89999389648438,2022-08-26,130.75,-0.030763484686803455,-0.031763484686803456,-0.05,2,20,0.5,False
753d3c3a53b3,AMZN,2022-09-13,-0.0705752837581286,0.5462962962962963,tenline_sec_annual_conservative,2021-12-31,2022-09-16,122.77999877929688,2022-10-14,106.9000015258789,-0.1293370044901454,-0.1303370044901454,-0.05,2,20,0.5,False
753d3c3a53b3,AMZN,2022-10-14,-0.05003107895219994,0.5462962962962963,tenline_sec_annual_conservative,2021-12-31,2022-10-19,114.70999908447266,2022-11-16,97.12000274658205,-0.15334318261947943,-0.15434318261947944,-0.05,2,20,0.5,False
753d3c3a53b3,AMZN,2022-10-28,-0.06804249715805744,0.5462962962962963,tenline_sec_annual_conservative,2021-12-31,2022-11-02,97.31999969482422,2022-12-01,95.5,-0.018701188866947938,-0.01970118886694794,-0.05,2,20,0.5,False
753d3c3a53b3,AMZN,2022-11-01,-0.05515425020719411,0.5462962962962963,tenline_sec_annual_conservative,2021-12-31,2022-11-04,91.48999786376952,2022-12-05,91.01000213623048,-0.005246428448427265,-0.006246428448427265,-0.05,2,20,0.5,False
753d3c3a53b3,GOOGL,2026-07-23,-0.0713262420932762,0.5189814814814815,tenline_sec_annual_conservative,2025-12-31,2026-07-28,327.8999938964844,2026-08-25,346.9599914550781,0.05812747152600095,0.05712747152600095,-0.05,2,20,0.5,False
753d3c3a53b3,HD,2023-02-21,-0.07060844097676822,0.7053571428571429,tenline_sec_annual_conservative,2022-12-31,2023-02-24,267.1247684817687,2023-03-24,260.4279479980469,-0.02507000950074334,-0.02607000950074334,-0.05,2,20,0.5,False
753d3c3a53b3,META,2025-04-03,-0.08958280531351914,0.6324074074074074,tenline_sec_annual_conservative,2024-12-31,2025-04-08,541.0589647931961,2025-05-07,594.4030151367188,0.09859193510251107,0.09759193510251107,-0.05,2,20,0.5,False
753d3c3a53b3,META,2025-04-04,-0.050581139935028885,0.6324074074074074,tenline_sec_annual_conservative,2024-12-31,2025-04-09,507.2159828753818,2025-05-08,595.5980834960938,0.17424943930133718,0.17324943930133718,-0.05,2,20,0.5,False
753d3c3a53b3,META,2025-04-10,-0.0673985211979895,0.6324074074074074,tenline_sec_annual_conservative,2024-12-31,2025-04-15,529.9638803667925,2025-05-14,656.70068359375,0.2391423414351217,0.2381423414351217,-0.05,2,20,0.5,False
753d3c3a53b3,META,2025-10-30,-0.11334764097342975,0.6324074074074074,tenline_sec_annual_conservative,2024-12-31,2025-11-04,626.410791028598,2025-12-03,637.9408569335938,0.018406556959312148,0.017406556959312147,-0.05,2,20,0.5,False
753d3c3a53b3,META,2026-03-26,-0.07959464154247431,0.7199074074074073,tenline_sec_annual_conservative,2025-12-31,2026-03-31,549.4707059552647,2026-04-29,668.5004272460938,0.21662614585411544,0.21562614585411544,-0.05,2,20,0.5,False
753d3c3a53b3,META,2026-04-30,-0.08550038433407037,0.7199074074074073,tenline_sec_annual_conservative,2025-12-31,2026-05-05,612.7420849871345,2026-06-03,622.4031372070312,0.015766914753537087,0.014766914753537086,-0.05,2,20,0.5,False
753d3c3a53b3,META,2026-06-01,-0.05065539518815376,0.7199074074074073,tenline_sec_annual_conservative,2025-12-31,2026-06-04,623.0924785224576,2026-07-06,600.2899780273438,-0.03659569210205438,-0.03759569210205438,-0.05,2,20,0.5,False
753d3c3a53b3,META,2026-06-05,-0.055085447812264654,0.7199074074074073,tenline_sec_annual_conservative,2025-12-31,2026-06-10,580.192266144374,2026-07-10,669.2100219726562,0.15342802898743102,0.15242802898743102,-0.05,2,20,0.5,False
753d3c3a53b3,META,2026-06-17,-0.05436431197128366,0.7199074074074073,tenline_sec_annual_conservative,2025-12-31,2026-06-23,562.25,2026-07-22,627.1699829101562,0.11546462056052698,0.11446462056052698,-0.05,2,20,0.5,False
753d3c3a53b3,MSFT,2020-02-27,-0.07045898111696802,0.6050925925925926,tenline_sec_annual_conservative,2019-12-31,2020-03-03,164.42738745681987,2020-03-31,149.20510864257812,-0.09257751430393102,-0.09357751430393102,-0.05,2,20,0.5,False
753d3c3a53b3,MSFT,2020-03-09,-0.0677726761084152,0.6050925925925926,tenline_sec_annual_conservative,2019-12-31,2020-03-12,137.46436615258762,2020-04-09,156.23443603515625,0.13654498549633987,0.13554498549633986,-0.05,2,20,0.5,False
753d3c3a53b3,MSFT,2020-03-12,-0.09483829448607606,0.6050925925925926,tenline_sec_annual_conservative,2019-12-31,2020-03-17,132.4501739191631,2020-04-15,162.61099243164062,0.2277144500458359,0.2267144500458359,-0.05,2,20,0.5,False
753d3c3a53b3,MSFT,2020-03-16,-0.147390723769389,0.6050925925925926,tenline_sec_annual_conservative,2019-12-31,2020-03-19,135.07078487160544,2020-04-17,168.96853637695312,0.25096286763692044,0.24996286763692044,-0.05,2,20,0.5,False
753d3c3a53b3,MSFT,2020-06-11,-0.053697922731070324,0.6050925925925926,tenline_sec_annual_conservative,2019-12-31,2020-06-16,182.99621344964388,2020-07-15,197.36907958984372,0.07854187728400674,0.07754187728400674,-0.05,2,20,0.5,False
753d3c3a53b3,MSFT,2020-09-03,-0.06194671570365484,0.6050925925925926,tenline_sec_annual_conservative,2019-12-31,2020-09-09,197.4278299244589,2020-10-07,199.54852294921875,0.010741611380580274,0.009741611380580273,-0.05,2,20,0.5,False
753d3c3a53b3,MSFT,2020-09-08,-0.054095880600493196,0.6050925925925926,tenline_sec_annual_conservative,2019-12-31,2020-09-11,197.04737049649287,2020-10-09,205.2354888916016,0.04155406070366441,0.04055406070366441,-0.05,2,20,0.5,False
753d3c3a53b3,MSFT,2022-09-13,-0.054978051494992464,0.6050925925925926,tenline_sec_annual_conservative,2019-12-31,2022-09-16,236.38627698047728,2022-10-14,221.1923675537109,-0.06427576770042875,-0.06527576770042876,-0.05,2,20,0.5,False
753d3c3a53b3,MSFT,2022-10-07,-0.05085299426779777,0.6050925925925926,tenline_sec_annual_conservative,2019-12-31,2022-10-12,218.1342225142281,2022-11-09,217.2729339599609,-0.00394843387864563,-0.00494843387864563,-0.05,2,20,0.5,False
753d3c3a53b3,MSFT,2022-10-26,-0.07715615824155908,0.6050925925925926,tenline_sec_annual_conservative,2019-12-31,2022-10-31,226.22477072356645,2022-11-29,233.2384033203125,0.031002938247272294,0.030002938247272293,-0.05,2,20,0.5,False
753d3c3a53b3,MSFT,2024-10-31,-0.06052750099407056,0.7583333333333334,tenline_sec_annual_conservative,2022-12-31,2024-11-05,402.0192756499378,2024-12-04,431.4794921875,0.0732806069806835,0.0722806069806835,-0.05,2,20,0.5,False
753d3c3a53b3,MSFT,2025-01-30,-0.06180903636906887,0.5064814814814814,tenline_sec_annual_conservative,2024-12-31,2025-02-04,407.0853452090854,2025-03-05,396.366943359375,-0.026329618532952237,-0.027329618532952238,-0.05,2,20,0.5,False
753d3c3a53b3,MSFT,2026-01-29,-0.09993140149712809,0.5416666666666666,tenline_sec_annual_conservative,2025-12-31,2026-02-03,419.3495781995532,2026-03-04,403.5645751953125,-0.03764163319780234,-0.03864163319780234,-0.05,2,20,0.5,False
753d3c3a53b3,NKE,2020-03-12,-0.11666682124311178,0.7069444444444444,tenline_sec_annual_conservative,2019-12-31,2020-03-17,61.48472020471045,2020-04-15,77.45016479492188,0.25966523938069885,0.25866523938069885,-0.05,2,20,0.5,False
753d3c3a53b3,NKE,2020-03-16,-0.11630090333112286,0.7069444444444444,tenline_sec_annual_conservative,2019-12-31,2020-03-19,61.05667106824296,2020-04-17,81.8855209350586,0.3411396249156009,0.3401396249156009,-0.05,2,20,0.5,False
753d3c3a53b3,NKE,2020-03-23,-0.06893999488062419,0.7069444444444444,tenline_sec_annual_conservative,2019-12-31,2020-03-26,73.01482055390548,2020-04-24,80.48295593261719,0.10228245884954434,0.10128245884954434,-0.05,2,20,0.5,False
753d3c3a53b3,NKE,2020-06-11,-0.06805730495465023,0.7069444444444444,tenline_sec_annual_conservative,2019-12-31,2020-06-16,92.44343605925754,2020-07-15,89.96914672851562,-0.026765440968203102,-0.027765440968203103,-0.05,2,20,0.5,False
753d3c3a53b3,NKE,2020-06-26,-0.0762325585879895,0.7069444444444444,tenline_sec_annual_conservative,2019-12-31,2020-07-01,89.93264439275151,2020-07-30,88.39875793457031,-0.017055947465332566,-0.018055947465332567,-0.05,2,20,0.5,False
753d3c3a53b3,NKE,2022-03-07,-0.05137986890110058,0.6763888888888889,tenline_sec_annual_conservative,2021-12-31,2022-03-10,114.82858479219249,2022-04-07,119.79135131835938,0.043218912217268146,0.042218912217268145,-0.05,2,20,0.5,False
753d3c3a53b3,NKE,2022-04-26,-0.05799593676271375,0.6763888888888889,tenline_sec_annual_conservative,2021-12-31,2022-04-29,116.86555187035876,2022-05-27,107.39370727539062,-0.08104907257422989,-0.08204907257422989,-0.05,2,20,0.5,False
753d3c3a53b3,NKE,2022-05-05,-0.05894014688087312,0.6763888888888889,tenline_sec_annual_conservative,2021-12-31,2022-05-10,104.65309369340731,2022-06-08,113.60943603515624,0.08558124777455234,0.08458124777455234,-0.05,2,20,0.5,False
753d3c3a53b3,NKE,2022-05-18,-0.056341638069280386,0.6763888888888889,tenline_sec_annual_conservative,2021-12-31,2022-05-23,99.50515935045216,2022-06-22,97.38481903076172,-0.0213088480389515,-0.0223088480389515,-0.05,2,20,0.5,False
753d3c3a53b3,NKE,2022-06-16,-0.05571237238927518,0.6763888888888889,tenline_sec_annual_conservative,2021-12-31,2022-06-22,97.8303493478121,2022-07-21,103.60363006591795,0.05901318718162152,0.05801318718162152,-0.05,2,20,0.5,False
753d3c3a53b3,NKE,2022-06-28,-0.06986427419498809,0.6763888888888889,tenline_sec_annual_conservative,2021-12-31,2022-07-01,94.34037668509872,2022-08-01,106.0911636352539,0.12455734610196068,0.12355734610196067,-0.05,2,20,0.5,False
753d3c3a53b3,NKE,2022-09-13,-0.0592632278794345,0.6763888888888889,tenline_sec_annual_conservative,2021-12-31,2022-09-16,96.87333086761976,2022-10-14,81.4957275390625,-0.1587392855271097,-0.1597392855271097,-0.05,2,20,0.5,False
753d3c3a53b3,NKE,2022-09-30,-0.12808135892361716,0.6763888888888889,tenline_sec_annual_conservative,2021-12-31,2022-10-05,81.43987818309968,2022-11-02,84.05554962158203,0.03211782110726635,0.031117821107266352,-0.05,2,20,0.5,False
753d3c3a53b3,NKE,2023-12-22,-0.1182568042499732,0.5326388888888889,tenline_sec_annual_conservative,2022-12-31,2023-12-28,101.3964166376964,2024-01-29,98.24698638916016,-0.031060567552299245,-0.032060567552299246,-0.05,2,20,0.5,False
753d3c3a53b3,NKE,2024-03-22,-0.0690338188169407,0.63125,tenline_sec_annual_conservative,2023-12-31,2024-03-27,88.52747801685908,2024-04-25,89.16342163085938,0.007183573148657807,0.006183573148657807,-0.05,2,20,0.5,False
753d3c3a53b3,NKE,2024-06-28,-0.19980885303062645,0.63125,tenline_sec_annual_conservative,2023-12-31,2024-07-03,71.94109030378355,2024-08-01,70.36885833740234,-0.021854436174683967,-0.022854436174683967,-0.05,2,20,0.5,False
753d3c3a53b3,NKE,2024-10-02,-0.06765405520267831,0.63125,tenline_sec_annual_conservative,2023-12-31,2024-10-07,78.61720282323732,2024-11-04,73.87950897216797,-0.060262813747285926,-0.06126281374728593,-0.05,2,20,0.5,False
753d3c3a53b3,NKE,2025-03-21,-0.05455060556696645,0.6555555555555554,tenline_sec_annual_conservative,2024-12-31,2025-03-26,64.18059203102551,2025-04-24,56.54235458374024,-0.11901163896389233,-0.12001163896389233,-0.05,2,20,0.5,False
753d3c3a53b3,NKE,2025-04-03,-0.14439642370689287,0.6555555555555554,tenline_sec_annual_conservative,2024-12-31,2025-04-08,56.82274385583448,2025-05-07,56.67770767211914,-0.0025524318938788815,-0.0035524318938788815,-0.05,2,20,0.5,False
753d3c3a53b3,NKE,2025-04-10,-0.08294001041825738,0.6555555555555554,tenline_sec_annual_conservative,2024-12-31,2025-04-15,52.86825895922033,2025-05-14,59.684661865234375,0.1289318589301729,0.1279318589301729,-0.05,2,20,0.5,False
753d3c3a53b3,NKE,2025-12-19,-0.10543952557727221,0.6555555555555554,tenline_sec_annual_conservative,2024-12-31,2025-12-24,57.97301716494331,2026-01-26,63.9888916015625,0.10377024917476674,0.10277024917476674,-0.05,2,20,0.5,False
753d3c3a53b3,NVDA,2025-01-07,-0.06216953442159834,0.7699074074074074,tenline_sec_annual_conservative,2024-12-31,2025-01-13,129.7961674567433,2025-02-11,132.6019744873047,0.02161702525998299,0.02061702525998299,-0.05,2,20,0.5,False
753d3c3a53b3,NVDA,2025-01-27,-0.16968167662348033,0.7699074074074074,tenline_sec_annual_conservative,2024-12-31,2025-01-30,122.91641979157204,2025-02-28,124.73370361328124,0.014784711634057812,0.013784711634057811,-0.05,2,20,0.5,False
753d3c3a53b3,NVDA,2025-02-27,-0.08478062880758996,0.7699074074074074,tenline_sec_annual_conservative,2024-12-31,2025-03-04,110.48499132597254,2025-04-01,109.99585723876952,-0.004427154144040268,-0.0054271541440402684,-0.05,2,20,0.5,False
753d3c3a53b3,NVDA,2025-03-03,-0.08693563240438495,0.7699074074074074,tenline_sec_annual_conservative,2024-12-31,2025-03-06,113.3606904001891,2025-04-03,101.65753936767578,-0.10323817710705996,-0.10423817710705996,-0.05,2,20,0.5,False
753d3c3a53b3,NVDA,2025-03-06,-0.05737431228014822,0.7699074074074074,tenline_sec_annual_conservative,2024-12-31,2025-03-11,106.83043665954976,2025-04-08,96.16522979736328,-0.09983303631131513,-0.10083303631131513,-0.05,2,20,0.5,False
753d3c3a53b3,NVDA,2025-03-10,-0.050670109824213716,0.7699074074074074,tenline_sec_annual_conservative,2024-12-31,2025-03-13,116.86621875800482,2025-04-10,107.4194564819336,-0.08083398587262125,-0.08183398587262125,-0.05,2,20,0.5,False
753d3c3a53b3,NVDA,2025-03-26,-0.057419847461616325,0.7699074074074074,tenline_sec_annual_conservative,2024-12-31,2025-03-31,104.98287310192076,2025-04-29,108.86742401123048,0.03700175842528597,0.03600175842528597,-0.05,2,20,0.5,False
753d3c3a53b3,NVDA,2025-04-03,-0.07806547074373227,0.7699074074074074,tenline_sec_annual_conservative,2024-12-31,2025-04-08,103.6647139576977,2025-05-07,116.89617919921876,0.12763711716718196,0.12663711716718196,-0.05,2,20,0.5,False
753d3c3a53b3,NVDA,2025-04-04,-0.07357568117034718,0.7699074074074074,tenline_sec_annual_conservative,2024-12-31,2025-04-09,98.751610451276,2025-05-08,117.20574951171876,0.1868743099592085,0.1858743099592085,-0.05,2,20,0.5,False
753d3c3a53b3,NVDA,2025-04-10,-0.059127169778110056,0.7699074074074074,tenline_sec_annual_conservative,2024-12-31,2025-04-15,110.81470199440513,2025-05-14,135.1505889892578,0.21960882948619376,0.21860882948619376,-0.05,2,20,0.5,False
753d3c3a53b3,NVDA,2025-04-16,-0.06871652057100175,0.7699074074074074,tenline_sec_annual_conservative,2024-12-31,2025-04-22,98.6417555090913,2025-05-20,134.1919403076172,0.36039691928687767,0.35939691928687767,-0.05,2,20,0.5,False
753d3c3a53b3,NVDA,2026-02-26,-0.0545612407286622,0.7907407407407407,tenline_sec_annual_conservative,2025-12-31,2026-03-03,178.27256086028186,2026-03-31,174.1969757080078,-0.02286153927787138,-0.02386153927787138,-0.05,2,20,0.5,False
753d3c3a53b3,NVDA,2026-06-05,-0.062014073591381336,0.7907407407407407,tenline_sec_annual_conservative,2025-12-31,2026-06-10,204.42999267578125,2026-07-10,210.9600067138672,0.03194254401037089,0.030942544010370887,-0.05,2,20,0.5,False
6a944dda46dc,AAPL,2019-01-03,-0.09960735139594357,0.7777777777777778,tenline_sec_annual_conservative,2018-12-31,2019-01-08,35.45507757862409,2019-04-04,46.5897331237793,0.3140496737163623,0.3130496737163623,-0.05,2,60,0.5,False
6a944dda46dc,AAPL,2019-05-13,-0.05811956707039778,0.7777777777777778,tenline_sec_annual_conservative,2018-12-31,2019-05-16,45.38775015951254,2019-08-12,48.095985412597656,0.05966885874640582,0.058668858746405816,-0.05,2,60,0.5,False
6a944dda46dc,AAPL,2019-08-05,-0.05234805416340005,0.7777777777777778,tenline_sec_annual_conservative,2018-12-31,2019-08-08,47.84700892141569,2019-11-01,61.37228393554688,0.2826775449296153,0.2816775449296153,-0.05,2,60,0.5,False
6a944dda46dc,AAPL,2020-02-27,-0.06536826394002737,0.6157407407407408,tenline_sec_annual_conservative,2020-01-26,2020-03-03,73.24381722467581,2020-05-28,76.96825408935547,0.050849846523631115,0.049849846523631114,-0.05,2,60,0.5,False
6a944dda46dc,AAPL,2020-03-09,-0.07909145549754726,0.6157407407407408,tenline_sec_annual_conservative,2020-01-26,2020-03-12,61.731574731862445,2020-06-08,80.64674377441406,0.30640995511149094,0.30540995511149094,-0.05,2,60,0.5,False
6a944dda46dc,AAPL,2020-03-12,-0.09875466225021212,0.6157407407407408,tenline_sec_annual_conservative,2020-01-26,2020-03-17,59.69829586216656,2020-06-11,81.23689270019531,0.3607908153317776,0.3597908153317776,-0.05,2,60,0.5,False
6a944dda46dc,AAPL,2020-03-16,-0.12864729725731527,0.6157407407407408,tenline_sec_annual_conservative,2020-01-26,2020-03-19,59.669357314419855,2020-06-15,82.9515609741211,0.3901869352642551,0.3891869352642551,-0.05,2,60,0.5,False
6a944dda46dc,AAPL,2020-03-20,-0.06348542176201633,0.6157407407407408,tenline_sec_annual_conservative,2020-01-26,2020-03-25,60.47975086727184,2020-06-19,84.57921600341797,0.3984716337379519,0.3974716337379519,-0.05,2,60,0.5,False
6a944dda46dc,AAPL,2020-04-01,-0.0526171560497779,0.6157407407407408,tenline_sec_annual_conservative,2020-01-26,2020-04-06,60.51594239996791,2020-07-01,88.05941772460938,0.45514411958750345,0.45414411958750345,-0.05,2,60,0.5,False
6a944dda46dc,AAPL,2020-09-03,-0.08006069500538127,0.6157407407407408,tenline_sec_annual_conservative,2020-01-26,2020-09-09,113.641095738678,2020-12-03,119.35137939453124,0.05024840370233896,0.04924840370233896,-0.05,2,60,0.5,False
6a944dda46dc,AAPL,2020-09-08,-0.06729501440433605,0.6157407407407408,tenline_sec_annual_conservative,2020-01-26,2020-09-11,111.0341102013086,2020-12-07,120.13771057128906,0.08198922253238528,0.08098922253238527,-0.05,2,60,0.5,False
6a944dda46dc,AAPL,2020-10-30,-0.05601795431850343,0.6157407407407408,tenline_sec_annual_conservative,2020-01-26,2020-11-04,110.61739025769825,2021-02-02,131.04959106445312,0.18471056638703276,0.18371056638703276,-0.05,2,60,0.5,False
6a944dda46dc,AMZN,2020-03-09,-0.05285383245165354,0.6092592592592593,tenline_sec_annual_conservative,2019-12-31,2020-03-12,86.0989990234375,2020-06-08,126.2030029296875,0.46578943264291683,0.46478943264291683,-0.05,2,60,0.5,False
6a944dda46dc,AMZN,2020-03-12,-0.07922082514747941,0.6092592592592593,tenline_sec_annual_conservative,2019-12-31,2020-03-17,88.77349853515625,2020-06-11,127.89800262451172,0.4407227915419072,0.4397227915419072,-0.05,2,60,0.5,False
6a944dda46dc,AMZN,2020-03-16,-0.053697516604298,0.6092592592592593,tenline_sec_annual_conservative,2019-12-31,2020-03-19,93.0,2020-06-15,128.63400268554688,0.38316131919942875,0.38216131919942875,-0.05,2,60,0.5,False
6a944dda46dc,AMZN,2020-05-01,-0.07597409237648933,0.6092592592592593,tenline_sec_annual_conservative,2019-12-31,2020-05-06,116.47200012207033,2020-07-31,158.23399353027344,0.3585582231303128,0.3575582231303128,-0.05,2,60,0.5,False
6a944dda46dc,AMZN,2020-10-30,-0.0544564552314909,0.6092592592592593,tenline_sec_annual_conservative,2019-12-31,2020-11-04,157.99949645996094,2021-02-02,169.0,0.06962366201481363,0.06862366201481362,-0.05,2,60,0.5,False
6a944dda46dc,AMZN,2020-11-09,-0.05062255447737596,0.6092592592592593,tenline_sec_annual_conservative,2019-12-31,2020-11-12,157.99749755859375,2021-02-10,164.32899475097656,0.040073401732421576,0.039073401732421575,-0.05,2,60,0.5,False
6a944dda46dc,AMZN,2021-07-30,-0.07564890713277761,0.5671296296296297,tenline_sec_annual_conservative,2020-12-31,2021-08-04,168.96749877929688,2021-10-28,172.32850646972656,0.01989144489153971,0.01889144489153971,-0.05,2,60,0.5,False
6a944dda46dc,AMZN,2022-01-21,-0.05950180896147472,0.5254629629629629,tenline_sec_annual_conservative,2021-12-31,2022-01-26,144.75,2022-04-22,144.35000610351562,-0.002763342980893757,-0.003763342980893757,-0.05,2,60,0.5,False
6a944dda46dc,AMZN,2022-02-03,-0.0781276325178123,0.5462962962962963,tenline_sec_annual_conservative,2021-12-31,2022-02-08,156.75050354003906,2022-05-05,116.40699768066406,-0.2573740112360786,-0.2583740112360786,-0.05,2,60,0.5,False
6a944dda46dc,AMZN,2022-03-07,-0.05622045424233624,0.5462962962962963,tenline_sec_annual_conservative,2021-12-31,2022-03-10,145.68499755859375,2022-06-06,124.79000091552734,-0.1434258639752013,-0.1444258639752013,-0.05,2,60,0.5,False
6a944dda46dc,AMZN,2022-04-29,-0.14049437774923412,0.5462962962962963,tenline_sec_annual_conservative,2021-12-31,2022-05-04,123.5999984741211,2022-08-01,135.38999938964844,0.09538835809933999,0.09438835809933999,-0.05,2,60,0.5,False
6a944dda46dc,AMZN,2022-05-05,-0.07561036490424522,0.5462962962962963,tenline_sec_annual_conservative,2021-12-31,2022-05-10,111.25,2022-08-05,140.8000030517578,0.26561800495962085,0.26461800495962085,-0.05,2,60,0.5,False
6a944dda46dc,AMZN,2022-05-09,-0.05213354825727923,0.5462962962962963,tenline_sec_annual_conservative,2021-12-31,2022-05-12,102.75,2022-08-09,137.8300018310547,0.3414112100345954,0.3404112100345954,-0.05,2,60,0.5,False
6a944dda46dc,AMZN,2022-05-18,-0.07156196640827228,0.5462962962962963,tenline_sec_annual_conservative,2021-12-31,2022-05-23,108.46099853515624,2022-08-18,142.3000030517578,0.3119923748962452,0.3109923748962452,-0.05,2,60,0.5,False
6a944dda46dc,AMZN,2022-06-10,-0.05596211721574329,0.5462962962962963,tenline_sec_annual_conservative,2021-12-31,2022-06-15,103.86000061035156,2022-09-12,136.4499969482422,0.31378775415337734,0.31278775415337734,-0.05,2,60,0.5,False
6a944dda46dc,AMZN,2022-06-13,-0.05453719355874531,0.5462962962962963,tenline_sec_annual_conservative,2021-12-31,2022-06-16,104.47000122070312,2022-09-13,126.81999969482422,0.2139369983054229,0.2129369983054229,-0.05,2,60,0.5,False
6a944dda46dc,AMZN,2022-06-28,-0.05140434227234392,0.5462962962962963,tenline_sec_annual_conservative,2021-12-31,2022-07-01,106.29000091552734,2022-09-27,114.41000366210938,0.07639479421056072,0.07539479421056072,-0.05,2,60,0.5,False
6a944dda46dc,AMZN,2022-07-26,-0.052253606265046604,0.5462962962962963,tenline_sec_annual_conservative,2021-12-31,2022-07-29,134.89999389648438,2022-10-24,119.81999969482422,-0.11178647060007874,-0.11278647060007874,-0.05,2,60,0.5,False
6a944dda46dc,AMZN,2022-09-13,-0.0705752837581286,0.5462962962962963,tenline_sec_annual_conservative,2021-12-31,2022-09-16,122.77999877929688,2022-12-12,90.5500030517578,-0.26250200397439394,-0.26350200397439394,-0.05,2,60,0.5,False
6a944dda46dc,AMZN,2022-10-14,-0.05003107895219994,0.5462962962962963,tenline_sec_annual_conservative,2021-12-31,2022-10-19,114.70999908447266,2023-01-17,96.0500030517578,-0.16267105031509588,-0.16367105031509588,-0.05,2,60,0.5,False
6a944dda46dc,AMZN,2022-10-28,-0.06804249715805744,0.5462962962962963,tenline_sec_annual_conservative,2021-12-31,2022-11-02,97.31999969482422,2023-01-31,103.12999725341795,0.05969993399930851,0.05869993399930851,-0.05,2,60,0.5,False
6a944dda46dc,AMZN,2022-11-01,-0.05515425020719411,0.5462962962962963,tenline_sec_annual_conservative,2021-12-31,2022-11-04,91.48999786376952,2023-02-02,112.91000366210938,0.23412401681585648,0.23312401681585648,-0.05,2,60,0.5,False
6a944dda46dc,HD,2023-02-21,-0.07060844097676822,0.7053571428571429,tenline_sec_annual_conservative,2022-12-31,2023-02-24,267.1247684817687,2023-05-22,267.4580993652344,0.0012478471590642304,0.00024784715906423036,-0.05,2,60,0.5,False
6a944dda46dc,META,2025-04-03,-0.08958280531351914,0.6324074074074074,tenline_sec_annual_conservative,2024-12-31,2025-04-08,541.0589647931961,2025-07-07,716.0032348632812,0.32333679220517575,0.32233679220517575,-0.05,2,60,0.5,False
6a944dda46dc,META,2025-04-04,-0.050581139935028885,0.6324074074074074,tenline_sec_annual_conservative,2024-12-31,2025-04-09,507.2159828753818,2025-07-08,718.315673828125,0.41619290022374633,0.41519290022374633,-0.05,2,60,0.5,False
6a944dda46dc,META,2025-04-10,-0.0673985211979895,0.6324074074074074,tenline_sec_annual_conservative,2024-12-31,2025-04-15,529.9638803667925,2025-07-14,718.5648193359375,0.35587508121989875,0.35487508121989875,-0.05,2,60,0.5,False
6a944dda46dc,META,2025-10-30,-0.11334764097342975,0.6324074074074074,tenline_sec_annual_conservative,2024-12-31,2025-11-04,626.410791028598,2026-02-02,705.152099609375,0.1257023501326977,0.1247023501326977,-0.05,2,60,0.5,False
6a944dda46dc,META,2026-03-26,-0.07959464154247431,0.7199074074074073,tenline_sec_annual_conservative,2025-12-31,2026-03-31,549.4707059552647,2026-06-26,550.25,0.0014182631326640216,0.0004182631326640216,-0.05,2,60,0.5,False
6a944dda46dc,META,2026-04-30,-0.08550038433407037,0.7199074074074073,tenline_sec_annual_conservative,2025-12-31,2026-05-05,612.7420849871345,2026-07-31,556.7100219726562,-0.09144477650111915,-0.09244477650111915,-0.05,2,60,0.5,False
6a944dda46dc,MSFT,2020-02-27,-0.07045898111696802,0.6050925925925926,tenline_sec_annual_conservative,2019-12-31,2020-03-03,164.42738745681987,2020-05-28,172.0955352783203,0.04663546590445078,0.04563546590445078,-0.05,2,60,0.5,False
6a944dda46dc,MSFT,2020-03-09,-0.0677726761084152,0.6050925925925926,tenline_sec_annual_conservative,2019-12-31,2020-03-12,137.46436615258762,2020-06-08,178.6985321044922,0.2999625801652044,0.2989625801652044,-0.05,2,60,0.5,False
6a944dda46dc,MSFT,2020-03-12,-0.09483829448607606,0.6050925925925926,tenline_sec_annual_conservative,2019-12-31,2020-03-17,132.4501739191631,2020-06-11,176.71580505371094,0.3342059117382814,0.3332059117382814,-0.05,2,60,0.5,False
6a944dda46dc,MSFT,2020-03-16,-0.147390723769389,0.6050925925925926,tenline_sec_annual_conservative,2019-12-31,2020-03-19,135.07078487160544,2020-06-15,179.24879455566406,0.32707302120183157,0.32607302120183157,-0.05,2,60,0.5,False
6a944dda46dc,MSFT,2020-06-11,-0.053697922731070324,0.6050925925925926,tenline_sec_annual_conservative,2019-12-31,2020-06-16,182.99621344964388,2020-09-10,195.30702209472656,0.06727357038166426,0.06627357038166426,-0.05,2,60,0.5,False
6a944dda46dc,MSFT,2020-09-03,-0.06194671570365484,0.6050925925925926,tenline_sec_annual_conservative,2019-12-31,2020-09-09,197.4278299244589,2020-12-03,204.27584838867188,0.03468618617159103,0.033686186171591026,-0.05,2,60,0.5,False
6a944dda46dc,MSFT,2020-09-08,-0.054095880600493196,0.6050925925925926,tenline_sec_annual_conservative,2019-12-31,2020-09-11,197.04737049649287,2020-12-07,204.3235321044922,0.03692595130635756,0.03592595130635756,-0.05,2,60,0.5,False
6a944dda46dc,MSFT,2022-09-13,-0.054978051494992464,0.6050925925925926,tenline_sec_annual_conservative,2019-12-31,2022-09-16,236.38627698047728,2022-12-12,245.05902099609372,0.03668886420311401,0.03568886420311401,-0.05,2,60,0.5,False
6a944dda46dc,MSFT,2022-10-07,-0.05085299426779777,0.6050925925925926,tenline_sec_annual_conservative,2019-12-31,2022-10-12,218.1342225142281,2023-01-09,220.418212890625,0.01047057334732493,0.009470573347324929,-0.05,2,60,0.5,False
6a944dda46dc,MSFT,2022-10-26,-0.07715615824155908,0.6050925925925926,tenline_sec_annual_conservative,2019-12-31,2022-10-31,226.22477072356645,2023-01-27,240.83737182617188,0.06459328505834216,0.06359328505834216,-0.05,2,60,0.5,False
6a944dda46dc,MSFT,2024-10-31,-0.06052750099407056,0.7583333333333334,tenline_sec_annual_conservative,2022-12-31,2024-11-05,402.0192756499378,2025-02-04,406.7696838378906,0.011816369203374366,0.010816369203374365,-0.05,2,60,0.5,False
6a944dda46dc,MSFT,2025-01-30,-0.06180903636906887,0.5064814814814814,tenline_sec_annual_conservative,2024-12-31,2025-02-04,407.0853452090854,2025-05-01,420.464111328125,0.03286476970122343,0.03186476970122343,-0.05,2,60,0.5,False
6a944dda46dc,MSFT,2026-01-29,-0.09993140149712809,0.5416666666666666,tenline_sec_annual_conservative,2025-12-31,2026-02-03,419.3495781995532,2026-04-30,406.1341552734375,-0.031514096145881854,-0.032514096145881854,-0.05,2,60,0.5,False
6a944dda46dc,NKE,2020-03-12,-0.11666682124311178,0.7069444444444444,tenline_sec_annual_conservative,2019-12-31,2020-03-17,61.48472020471045,2020-06-11,86.89227294921875,0.41323360763316574,0.41223360763316574,-0.05,2,60,0.5,False
6a944dda46dc,NKE,2020-03-16,-0.11630090333112286,0.7069444444444444,tenline_sec_annual_conservative,2019-12-31,2020-03-19,61.05667106824296,2020-06-15,89.33003234863281,0.46306752048091115,0.46206752048091115,-0.05,2,60,0.5,False
6a944dda46dc,NKE,2020-03-23,-0.06893999488062419,0.7069444444444444,tenline_sec_annual_conservative,2019-12-31,2020-03-26,73.01482055390548,2020-06-22,90.85478973388672,0.24433353454330997,0.24333353454330997,-0.05,2,60,0.5,False
6a944dda46dc,NKE,2020-06-11,-0.06805730495465023,0.7069444444444444,tenline_sec_annual_conservative,2019-12-31,2020-06-16,92.44343605925754,2020-09-10,105.03794860839844,0.1362402035885777,0.1352402035885777,-0.05,2,60,0.5,False
6a944dda46dc,NKE,2020-06-26,-0.0762325585879895,0.7069444444444444,tenline_sec_annual_conservative,2019-12-31,2020-07-01,89.93264439275151,2020-09-25,113.67595672607422,0.26401216703504815,0.26301216703504815,-0.05,2,60,0.5,False
6a944dda46dc,NKE,2022-03-07,-0.05137986890110058,0.6763888888888889,tenline_sec_annual_conservative,2021-12-31,2022-03-10,114.82858479219249,2022-06-06,111.59529113769533,-0.02815756773758482,-0.029157567737584822,-0.05,2,60,0.5,False
6a944dda46dc,NKE,2022-04-26,-0.05799593676271375,0.6763888888888889,tenline_sec_annual_conservative,2021-12-31,2022-04-29,116.86555187035876,2022-07-27,100.11367797851562,-0.14334312912351033,-0.14434312912351033,-0.05,2,60,0.5,False
6a944dda46dc,NKE,2022-05-05,-0.05894014688087312,0.6763888888888889,tenline_sec_annual_conservative,2021-12-31,2022-05-10,104.65309369340731,2022-08-05,105.69204711914062,0.009927594006700291,0.00892759400670029,-0.05,2,60,0.5,False
6a944dda46dc,NKE,2022-05-18,-0.056341638069280386,0.6763888888888889,tenline_sec_annual_conservative,2021-12-31,2022-05-23,99.50515935045216,2022-08-18,107.67835235595705,0.08213838416879793,0.08113838416879793,-0.05,2,60,0.5,False
6a944dda46dc,NKE,2022-06-16,-0.05571237238927518,0.6763888888888889,tenline_sec_annual_conservative,2021-12-31,2022-06-22,97.8303493478121,2022-09-16,96.9198760986328,-0.00930665437922884,-0.010306654379228841,-0.05,2,60,0.5,False
6a944dda46dc,NKE,2022-06-28,-0.06986427419498809,0.6763888888888889,tenline_sec_annual_conservative,2021-12-31,2022-07-01,94.34037668509872,2022-09-27,89.63133239746094,-0.04991547048149092,-0.05091547048149092,-0.05,2,60,0.5,False
6a944dda46dc,NKE,2022-09-13,-0.0592632278794345,0.6763888888888889,tenline_sec_annual_conservative,2021-12-31,2022-09-16,96.87333086761976,2022-12-12,104.64031219482422,0.08017667254384264,0.07917667254384264,-0.05,2,60,0.5,False
6a944dda46dc,NKE,2022-09-30,-0.12808135892361716,0.6763888888888889,tenline_sec_annual_conservative,2021-12-31,2022-10-05,81.43987818309968,2022-12-30,109.25279998779295,0.3415147766081137,0.3405147766081137,-0.05,2,60,0.5,False
6a944dda46dc,NKE,2023-12-22,-0.1182568042499732,0.5326388888888889,tenline_sec_annual_conservative,2022-12-31,2023-12-28,101.3964166376964,2024-03-26,87.87257385253906,-0.13337594397916375,-0.13437594397916375,-0.05,2,60,0.5,False
6a944dda46dc,NKE,2024-03-22,-0.0690338188169407,0.63125,tenline_sec_annual_conservative,2023-12-31,2024-03-27,88.52747801685908,2024-06-24,92.58961486816406,0.045885604586311635,0.044885604586311634,-0.05,2,60,0.5,False
6a944dda46dc,NKE,2024-06-28,-0.19980885303062645,0.63125,tenline_sec_annual_conservative,2023-12-31,2024-07-03,71.94109030378355,2024-09-27,85.60413360595703,0.18991988089809242,0.18891988089809242,-0.05,2,60,0.5,False
6a944dda46dc,NKE,2024-10-02,-0.06765405520267831,0.63125,tenline_sec_annual_conservative,2023-12-31,2024-10-07,78.61720282323732,2025-01-02,70.8703384399414,-0.09853904877172925,-0.09953904877172925,-0.05,2,60,0.5,False
6a944dda46dc,NKE,2025-03-21,-0.05455060556696645,0.6555555555555554,tenline_sec_annual_conservative,2024-12-31,2025-03-26,64.18059203102551,2025-06-23,59.156681060791016,-0.07827772869103311,-0.07927772869103311,-0.05,2,60,0.5,False
6a944dda46dc,NKE,2025-04-03,-0.14439642370689287,0.6555555555555554,tenline_sec_annual_conservative,2024-12-31,2025-04-08,56.82274385583448,2025-07-07,74.48603057861328,0.3108488876847004,0.3098488876847004,-0.05,2,60,0.5,False
6a944dda46dc,NKE,2025-04-10,-0.08294001041825738,0.6555555555555554,tenline_sec_annual_conservative,2024-12-31,2025-04-15,52.86825895922033,2025-07-14,70.32035064697266,0.330105284935029,0.329105284935029,-0.05,2,60,0.5,False
6a944dda46dc,NKE,2025-12-19,-0.10543952557727221,0.6555555555555554,tenline_sec_annual_conservative,2024-12-31,2025-12-24,57.97301716494331,2026-03-24,53.0156135559082,-0.08551225814123886,-0.08651225814123886,-0.05,2,60,0.5,False
6a944dda46dc,NVDA,2025-01-07,-0.06216953442159834,0.7699074074074074,tenline_sec_annual_conservative,2024-12-31,2025-01-13,129.7961674567433,2025-04-09,114.17000579833984,-0.12039000815344658,-0.12139000815344658,-0.05,2,60,0.5,False
6a944dda46dc,NVDA,2025-01-27,-0.16968167662348033,0.7699074074074074,tenline_sec_annual_conservative,2024-12-31,2025-01-30,122.91641979157204,2025-04-28,108.57784271240234,-0.11665306476940551,-0.11765306476940551,-0.05,2,60,0.5,False
6a944dda46dc,NVDA,2025-02-27,-0.08478062880758996,0.7699074074074074,tenline_sec_annual_conservative,2024-12-31,2025-03-04,110.48499132597254,2025-05-29,138.99520874023438,0.2580460664575326,0.2570460664575326,-0.05,2,60,0.5,False
6a944dda46dc,NVDA,2025-03-03,-0.08693563240438495,0.7699074074074074,tenline_sec_annual_conservative,2024-12-31,2025-03-06,113.3606904001891,2025-06-02,137.187744140625,0.21018797306474557,0.20918797306474557,-0.05,2,60,0.5,False
6a944dda46dc,NVDA,2025-03-06,-0.05737431228014822,0.7699074074074074,tenline_sec_annual_conservative,2024-12-31,2025-03-11,106.83043665954976,2025-06-05,139.79409790039062,0.30856057759915734,0.30756057759915734,-0.05,2,60,0.5,False
6a944dda46dc,NVDA,2025-03-10,-0.050670109824213716,0.7699074074074074,tenline_sec_annual_conservative,2024-12-31,2025-03-13,116.86621875800482,2025-06-09,142.43040466308594,0.21874743768357008,0.21774743768357008,-0.05,2,60,0.5,False
6a944dda46dc,NVDA,2025-03-26,-0.057419847461616325,0.7699074074074074,tenline_sec_annual_conservative,2024-12-31,2025-03-31,104.98287310192076,2025-06-26,154.8137969970703,0.47465765055574427,0.47365765055574427,-0.05,2,60,0.5,False
6a944dda46dc,NVDA,2025-04-03,-0.07806547074373227,0.7699074074074074,tenline_sec_annual_conservative,2024-12-31,2025-04-08,103.6647139576977,2025-07-07,158.02952575683594,0.5244292847933079,0.5234292847933079,-0.05,2,60,0.5,False
6a944dda46dc,NVDA,2025-04-04,-0.07357568117034718,0.7699074074074074,tenline_sec_annual_conservative,2024-12-31,2025-04-09,98.751610451276,2025-07-08,159.7871856689453,0.6180716946158995,0.6170716946158995,-0.05,2,60,0.5,False
6a944dda46dc,NVDA,2025-04-10,-0.059127169778110056,0.7699074074074074,tenline_sec_annual_conservative,2024-12-31,2025-04-15,110.81470199440513,2025-07-14,163.85177612304688,0.478610447658105,0.477610447658105,-0.05,2,60,0.5,False
6a944dda46dc,NVDA,2025-04-16,-0.06871652057100175,0.7699074074074074,tenline_sec_annual_conservative,2024-12-31,2025-04-22,98.6417555090913,2025-07-18,172.18069458007812,0.7455153113552315,0.7445153113552315,-0.05,2,60,0.5,False
6a944dda46dc,NVDA,2026-02-26,-0.0545612407286622,0.7907407407407407,tenline_sec_annual_conservative,2025-12-31,2026-03-03,178.27256086028186,2026-05-28,214.0005798339844,0.20041232818607346,0.19941232818607346,-0.05,2,60,0.5,False
e4315cbd9379,AAPL,2019-01-03,-0.09960735139594357,0.7777777777777778,tenline_sec_annual_conservative,2018-12-31,2019-01-07,35.25120757867321,2019-04-03,46.50878143310547,0.3193528570420672,0.31835285704206717,-0.05,1,60,0.5,False
e4315cbd9379,AAPL,2019-05-13,-0.05811956707039778,0.7777777777777778,tenline_sec_annual_conservative,2018-12-31,2019-05-15,44.51781960886782,2019-08-09,48.21834182739258,0.08312451622827521,0.08212451622827521,-0.05,1,60,0.5,False
e4315cbd9379,AAPL,2019-08-05,-0.05234805416340005,0.7777777777777778,tenline_sec_annual_conservative,2018-12-31,2019-08-07,46.702221401498505,2019-10-31,59.678558349609375,0.2778526707874007,0.2768526707874007,-0.05,1,60,0.5,False
e4315cbd9379,AAPL,2020-02-27,-0.06536826394002737,0.6157407407407408,tenline_sec_annual_conservative,2020-01-26,2020-03-02,68.08465633915449,2020-05-27,76.93439483642578,0.12998139335810865,0.12898139335810865,-0.05,1,60,0.5,False
e4315cbd9379,AAPL,2020-03-09,-0.07909145549754726,0.6157407407407408,tenline_sec_annual_conservative,2020-01-26,2020-03-11,66.9052206904251,2020-06-05,80.17274475097656,0.19830327026258798,0.19730327026258798,-0.05,1,60,0.5,False
e4315cbd9379,AAPL,2020-03-12,-0.09875466225021212,0.6157407407407408,tenline_sec_annual_conservative,2020-01-26,2020-03-16,58.35724684046864,2020-06-10,85.33379364013672,0.4622655841426848,0.4612655841426848,-0.05,1,60,0.5,False
e4315cbd9379,AAPL,2020-03-16,-0.12864729725731527,0.6157407407407408,tenline_sec_annual_conservative,2020-01-26,2020-03-18,57.83144203035199,2020-06-12,81.93822479248047,0.4168456105499909,0.4158456105499909,-0.05,1,60,0.5,False
e4315cbd9379,AAPL,2020-03-20,-0.06348542176201633,0.6157407407407408,tenline_sec_annual_conservative,2020-01-26,2020-03-24,57.00896347667582,2020-06-18,85.06535339355469,0.49213997599443515,0.49113997599443515,-0.05,1,60,0.5,False
e4315cbd9379,AAPL,2020-04-01,-0.0526171560497779,0.6157407407407408,tenline_sec_annual_conservative,2020-01-26,2020-04-03,58.56227043050136,2020-06-30,88.22628784179688,0.5065380353806335,0.5055380353806335,-0.05,1,60,0.5,False
e4315cbd9379,AAPL,2020-09-03,-0.08006069500538127,0.6157407407407408,tenline_sec_annual_conservative,2020-01-26,2020-09-08,110.4332424909772,2020-12-02,119.48727416992188,0.08198646960569356,0.08098646960569356,-0.05,1,60,0.5,False
e4315cbd9379,AAPL,2020-09-08,-0.06729501440433605,0.6157407407407408,tenline_sec_annual_conservative,2020-01-26,2020-09-10,116.64541298049808,2020-12-04,118.68150329589844,0.017455382628211558,0.016455382628211557,-0.05,1,60,0.5,False
e4315cbd9379,AAPL,2020-10-30,-0.05601795431850343,0.6157407407407408,tenline_sec_annual_conservative,2020-01-26,2020-11-03,106.27565935922766,2021-02-01,130.2244110107422,0.22534559461601789,0.22434559461601788,-0.05,1,60,0.5,False
e4315cbd9379,AMZN,2020-03-09,-0.05285383245165354,0.6092592592592593,tenline_sec_annual_conservative,2019-12-31,2020-03-11,92.89250183105467,2020-06-05,124.1500015258789,0.3364910953918847,0.3354910953918847,-0.05,1,60,0.5,False
e4315cbd9379,AMZN,2020-03-12,-0.07922082514747941,0.6092592592592593,tenline_sec_annual_conservative,2019-12-31,2020-03-16,82.07550048828125,2020-06-10,132.37249755859375,0.612813772332633,0.611813772332633,-0.05,1,60,0.5,False
e4315cbd9379,AMZN,2020-03-16,-0.053697516604298,0.6092592592592593,tenline_sec_annual_conservative,2019-12-31,2020-03-18,87.5,2020-06-12,127.2509994506836,0.454297136579241,0.453297136579241,-0.05,1,60,0.5,False
e4315cbd9379,AMZN,2020-05-01,-0.07597409237648933,0.6092592592592593,tenline_sec_annual_conservative,2019-12-31,2020-05-05,117.0,2020-07-30,152.593994140625,0.3042221721420941,0.3032221721420941,-0.05,1,60,0.5,False
e4315cbd9379,AMZN,2020-10-30,-0.0544564552314909,0.6092592592592593,tenline_sec_annual_conservative,2019-12-31,2020-11-03,150.92649841308594,2021-02-01,167.1439971923828,0.10745295855807613,0.10645295855807613,-0.05,1,60,0.5,False
e4315cbd9379,AMZN,2020-11-09,-0.05062255447737596,0.6092592592592593,tenline_sec_annual_conservative,2019-12-31,2020-11-11,153.08900451660156,2021-02-09,165.25,0.07943741957038886,0.07843741957038886,-0.05,1,60,0.5,False
e4315cbd9379,AMZN,2021-07-30,-0.07564890713277761,0.5671296296296297,tenline_sec_annual_conservative,2020-12-31,2021-08-03,167.03599548339844,2021-10-27,169.62449645996094,0.015496665668207843,0.014496665668207842,-0.05,1,60,0.5,False
e4315cbd9379,AMZN,2022-01-21,-0.05950180896147472,0.5254629629629629,tenline_sec_annual_conservative,2021-12-31,2022-01-25,142.24249267578125,2022-04-21,148.29600524902344,0.04255769467595161,0.041557694675951606,-0.05,1,60,0.5,False
e4315cbd9379,AMZN,2022-02-03,-0.0781276325178123,0.5462962962962963,tenline_sec_annual_conservative,2021-12-31,2022-02-07,158.52000427246094,2022-05-04,125.92849731445312,-0.20559870098155053,-0.20659870098155053,-0.05,1,60,0.5,False
e4315cbd9379,AMZN,2022-03-07,-0.05622045424233624,0.5462962962962963,tenline_sec_annual_conservative,2021-12-31,2022-03-09,139.5,2022-06-03,122.3499984741211,-0.1229390790385585,-0.1239390790385585,-0.05,1,60,0.5,False
e4315cbd9379,AMZN,2022-04-29,-0.14049437774923412,0.5462962962962963,tenline_sec_annual_conservative,2021-12-31,2022-05-03,124.05349731445312,2022-07-29,134.9499969482422,0.0878371014899193,0.0868371014899193,-0.05,1,60,0.5,False
e4315cbd9379,AMZN,2022-05-05,-0.07561036490424522,0.5462962962962963,tenline_sec_annual_conservative,2021-12-31,2022-05-09,111.3125,2022-08-04,142.57000732421875,0.28080860032987087,0.27980860032987087,-0.05,1,60,0.5,False
e4315cbd9379,AMZN,2022-05-09,-0.05213354825727923,0.5462962962962963,tenline_sec_annual_conservative,2021-12-31,2022-05-11,108.10350036621094,2022-08-08,139.41000366210938,0.28959749859944095,0.28859749859944095,-0.05,1,60,0.5,False
e4315cbd9379,AMZN,2022-05-18,-0.07156196640827228,0.5462962962962963,tenline_sec_annual_conservative,2021-12-31,2022-05-20,109.56849670410156,2022-08-17,142.10000610351562,0.2969056834581567,0.2959056834581567,-0.05,1,60,0.5,False
e4315cbd9379,AMZN,2022-06-10,-0.05596211721574329,0.5462962962962963,tenline_sec_annual_conservative,2021-12-31,2022-06-14,104.19000244140624,2022-09-09,133.27000427246094,0.2791054914065152,0.2781054914065152,-0.05,1,60,0.5,False
e4315cbd9379,AMZN,2022-06-13,-0.05453719355874531,0.5462962962962963,tenline_sec_annual_conservative,2021-12-31,2022-06-15,103.86000061035156,2022-09-12,136.4499969482422,0.31378775415337734,0.31278775415337734,-0.05,1,60,0.5,False
e4315cbd9379,AMZN,2022-06-28,-0.05140434227234392,0.5462962962962963,tenline_sec_annual_conservative,2021-12-31,2022-06-30,108.11000061035156,2022-09-26,115.1500015258789,0.06511886852078375,0.06411886852078374,-0.05,1,60,0.5,False
e4315cbd9379,AMZN,2022-07-26,-0.052253606265046604,0.5462962962962963,tenline_sec_annual_conservative,2021-12-31,2022-07-28,121.56999969482422,2022-10-21,119.31999969482422,-0.018507855602929557,-0.019507855602929558,-0.05,1,60,0.5,False
e4315cbd9379,AMZN,2022-09-13,-0.0705752837581286,0.5462962962962963,tenline_sec_annual_conservative,2021-12-31,2022-09-15,127.37999725341795,2022-12-09,89.08999633789062,-0.30059665364374866,-0.30159665364374866,-0.05,1,60,0.5,False
e4315cbd9379,AMZN,2022-10-14,-0.05003107895219994,0.5462962962962963,tenline_sec_annual_conservative,2021-12-31,2022-10-18,119.05999755859376,2023-01-13,98.12000274658205,-0.1758776687502146,-0.1768776687502146,-0.05,1,60,0.5,False
e4315cbd9379,AMZN,2022-10-28,-0.06804249715805744,0.5462962962962963,tenline_sec_annual_conservative,2021-12-31,2022-11-01,103.98999786376952,2023-01-30,100.5500030517578,-0.0330800546463923,-0.0340800546463923,-0.05,1,60,0.5,False
e4315cbd9379,AMZN,2022-11-01,-0.05515425020719411,0.5462962962962963,tenline_sec_annual_conservative,2021-12-31,2022-11-03,92.47000122070312,2023-02-01,105.1500015258789,0.1371255557238693,0.1361255557238693,-0.05,1,60,0.5,False
e4315cbd9379,HD,2023-02-21,-0.07060844097676822,0.7053571428571429,tenline_sec_annual_conservative,2022-12-31,2023-02-23,271.1353702875478,2023-05-19,267.6605529785156,-0.012815802325410464,-0.013815802325410464,-0.05,1,60,0.5,False
e4315cbd9379,META,2025-04-03,-0.08958280531351914,0.6324074074074074,tenline_sec_annual_conservative,2024-12-31,2025-04-07,483.1435451248476,2025-07-03,716.6611938476562,0.48332974967608444,0.48232974967608444,-0.05,1,60,0.5,False
e4315cbd9379,META,2025-04-04,-0.050581139935028885,0.6324074074074074,tenline_sec_annual_conservative,2024-12-31,2025-04-08,541.0589647931961,2025-07-07,716.0032348632812,0.32333679220517575,0.32233679220517575,-0.05,1,60,0.5,False
e4315cbd9379,META,2025-04-10,-0.0673985211979895,0.6324074074074074,tenline_sec_annual_conservative,2024-12-31,2025-04-14,553.926912857093,2025-07-11,715.1660766601562,0.2910838236246902,0.2900838236246902,-0.05,1,60,0.5,False
e4315cbd9379,META,2025-10-30,-0.11334764097342975,0.6324074074074074,tenline_sec_annual_conservative,2024-12-31,2025-11-03,654.298319497033,2026-01-30,715.2241821289062,0.09311633671733666,0.09211633671733666,-0.05,1,60,0.5,False
e4315cbd9379,META,2026-03-26,-0.07959464154247431,0.7199074074074073,tenline_sec_annual_conservative,2025-12-31,2026-03-30,535.8833618164062,2026-06-25,542.8699951171875,0.01303760071426674,0.012037600714266738,-0.05,1,60,0.5,False
e4315cbd9379,META,2026-04-30,-0.08550038433407037,0.7199074074074073,tenline_sec_annual_conservative,2025-12-31,2026-05-04,607.3771038685389,2026-07-30,539.030029296875,-0.11252823680106494,-0.11352823680106494,-0.05,1,60,0.5,False
e4315cbd9379,MSFT,2020-02-27,-0.07045898111696802,0.6050925925925926,tenline_sec_annual_conservative,2019-12-31,2020-03-02,156.3952882488152,2020-05-27,172.48451232910156,0.10287537598120866,0.10187537598120866,-0.05,1,60,0.5,False
e4315cbd9379,MSFT,2020-03-09,-0.0677726761084152,0.6050925925925926,tenline_sec_annual_conservative,2019-12-31,2020-03-11,148.6564082651572,2020-06-05,177.59799194335938,0.19468776365549822,0.19368776365549822,-0.05,1,60,0.5,False
e4315cbd9379,MSFT,2020-03-12,-0.09483829448607606,0.6050925925925926,tenline_sec_annual_conservative,2019-12-31,2020-03-16,132.4501241424537,2020-06-10,186.74354553222656,0.4099159720785073,0.4089159720785073,-0.05,1,60,0.5,False
e4315cbd9379,MSFT,2020-03-16,-0.147390723769389,0.6050925925925926,tenline_sec_annual_conservative,2019-12-31,2020-03-18,130.55804437090856,2020-06-12,178.11033630371094,0.36422337790009185,0.36322337790009185,-0.05,1,60,0.5,False
e4315cbd9379,MSFT,2020-06-11,-0.053697922731070324,0.6050925925925926,tenline_sec_annual_conservative,2019-12-31,2020-06-15,175.11242934147475,2020-09-09,200.93701171875,0.14747429679544055,0.14647429679544055,-0.05,1,60,0.5,False
e4315cbd9379,MSFT,2020-09-03,-0.06194671570365484,0.6050925925925926,tenline_sec_annual_conservative,2019-12-31,2020-09-08,196.38163641738157,2020-12-02,205.353271484375,0.04568469450944734,0.04468469450944734,-0.05,1,60,0.5,False
e4315cbd9379,MSFT,2020-09-08,-0.054095880600493196,0.6050925925925926,tenline_sec_annual_conservative,2019-12-31,2020-09-10,202.9435570623291,2020-12-04,204.3902587890625,0.007128591553606567,0.006128591553606567,-0.05,1,60,0.5,False
e4315cbd9379,MSFT,2022-09-13,-0.054978051494992464,0.6050925925925926,tenline_sec_annual_conservative,2019-12-31,2022-09-15,241.71865662350373,2022-12-09,238.17825317382807,-0.01464679433160232,-0.01564679433160232,-0.05,1,60,0.5,False
e4315cbd9379,MSFT,2022-10-07,-0.05085299426779777,0.6050925925925926,tenline_sec_annual_conservative,2019-12-31,2022-10-11,220.28267336430167,2023-01-06,218.2928466796875,-0.009033060359329381,-0.010033060359329382,-0.05,1,60,0.5,False
e4315cbd9379,MSFT,2022-10-26,-0.07715615824155908,0.6050925925925926,tenline_sec_annual_conservative,2019-12-31,2022-10-28,218.94714217799373,2023-01-26,240.6821136474609,0.09927040496284567,0.09827040496284567,-0.05,1,60,0.5,False
e4315cbd9379,MSFT,2024-10-31,-0.06052750099407056,0.7583333333333334,tenline_sec_annual_conservative,2022-12-31,2024-11-04,403.4270678175101,2025-02-03,405.3393859863281,0.004740183099670059,0.003740183099670059,-0.05,1,60,0.5,False
e4315cbd9379,MSFT,2025-01-30,-0.06180903636906887,0.5064814814814814,tenline_sec_annual_conservative,2024-12-31,2025-02-03,406.0101438094314,2025-04-30,390.6738586425781,-0.037773157643203215,-0.038773157643203215,-0.05,1,60,0.5,False
e4315cbd9379,MSFT,2026-01-29,-0.09993140149712809,0.5416666666666666,tenline_sec_annual_conservative,2025-12-31,2026-02-02,427.5276741085398,2026-04-29,422.746826171875,-0.011182546127881943,-0.012182546127881944,-0.05,1,60,0.5,False
e4315cbd9379,NKE,2020-03-12,-0.11666682124311178,0.7069444444444444,tenline_sec_annual_conservative,2019-12-31,2020-03-16,59.45373417418861,2020-06-10,93.23778533935548,0.5682410303478291,0.5672410303478291,-0.05,1,60,0.5,False
e4315cbd9379,NKE,2020-03-16,-0.11630090333112286,0.7069444444444444,tenline_sec_annual_conservative,2019-12-31,2020-03-18,59.00747811915578,2020-06-12,88.04268646240234,0.492059807819863,0.491059807819863,-0.05,1,60,0.5,False
e4315cbd9379,NKE,2020-03-23,-0.06893999488062419,0.7069444444444444,tenline_sec_annual_conservative,2019-12-31,2020-03-25,72.96015142302218,2020-06-19,87.44921112060547,0.19858867361137822,0.19758867361137822,-0.05,1,60,0.5,False
e4315cbd9379,NKE,2020-06-11,-0.06805730495465023,0.7069444444444444,tenline_sec_annual_conservative,2019-12-31,2020-06-15,85.73273188681597,2020-09-09,105.13859558105467,0.22635303071711577,0.22535303071711577,-0.05,1,60,0.5,False
e4315cbd9379,NKE,2020-06-26,-0.0762325585879895,0.7069444444444444,tenline_sec_annual_conservative,2019-12-31,2020-06-30,87.65009208962924,2020-09-24,114.15178680419922,0.3023578650376073,0.3013578650376073,-0.05,1,60,0.5,False
e4315cbd9379,NKE,2022-03-07,-0.05137986890110058,0.6763888888888889,tenline_sec_annual_conservative,2021-12-31,2022-03-09,117.93958252727847,2022-06-03,112.2635726928711,-0.04812641958516828,-0.04912641958516828,-0.05,1,60,0.5,False
e4315cbd9379,NKE,2022-04-26,-0.05799593676271375,0.6763888888888889,tenline_sec_annual_conservative,2021-12-31,2022-04-28,114.04159186084024,2022-07-26,97.64472198486328,-0.14377973516877351,-0.14477973516877352,-0.05,1,60,0.5,False
e4315cbd9379,NKE,2022-05-05,-0.05894014688087312,0.6763888888888889,tenline_sec_annual_conservative,2021-12-31,2022-05-09,104.59752840578268,2022-08-04,106.25823211669922,0.015877083677100723,0.014877083677100722,-0.05,1,60,0.5,False
e4315cbd9379,NKE,2022-05-18,-0.056341638069280386,0.6763888888888889,tenline_sec_annual_conservative,2021-12-31,2022-05-20,100.61620789005084,2022-08-17,108.63438415527344,0.0796907022572797,0.0786907022572797,-0.05,1,60,0.5,False
e4315cbd9379,NKE,2022-06-16,-0.05571237238927518,0.6763888888888889,tenline_sec_annual_conservative,2021-12-31,2022-06-21,100.67058527206925,2022-09-15,98.20443725585938,-0.02449720550988088,-0.025497205509880883,-0.05,1,60,0.5,False
e4315cbd9379,NKE,2022-06-28,-0.06986427419498809,0.6763888888888889,tenline_sec_annual_conservative,2021-12-31,2022-06-30,94.61885391972896,2022-09-26,89.41722869873047,-0.054974510951182665,-0.055974510951182666,-0.05,1,60,0.5,False
e4315cbd9379,NKE,2022-09-13,-0.0592632278794345,0.6763888888888889,tenline_sec_annual_conservative,2021-12-31,2022-09-15,98.809489711446,2022-12-09,102.16600036621094,0.03396951714422336,0.03296951714422336,-0.05,1,60,0.5,False
e4315cbd9379,NKE,2022-09-30,-0.12808135892361716,0.6763888888888889,tenline_sec_annual_conservative,2021-12-31,2022-10-04,81.63532364038758,2022-12-29,109.5702667236328,0.34219185810179,0.34119185810179,-0.05,1,60,0.5,False
e4315cbd9379,NKE,2023-12-22,-0.1182568042499732,0.5326388888888889,tenline_sec_annual_conservative,2022-12-31,2023-12-27,102.46514055456204,2024-03-25,88.98308563232422,-0.13157699144577573,-0.13257699144577573,-0.05,1,60,0.5,False
e4315cbd9379,NKE,2024-03-22,-0.0690338188169407,0.63125,tenline_sec_annual_conservative,2023-12-31,2024-03-26,88.97358740878632,2024-06-21,92.59913635253906,0.04074859797543384,0.03974859797543384,-0.05,1,60,0.5,False
e4315cbd9379,NKE,2024-06-28,-0.19980885303062645,0.63125,tenline_sec_annual_conservative,2023-12-31,2024-07-02,73.19886634681284,2024-09-26,85.55628204345703,0.1688197688485411,0.1678197688485411,-0.05,1,60,0.5,False
e4315cbd9379,NKE,2024-10-02,-0.06765405520267831,0.63125,tenline_sec_annual_conservative,2023-12-31,2024-10-04,79.0861961211603,2024-12-31,72.7943344116211,-0.07955701523310155,-0.08055701523310155,-0.05,1,60,0.5,False
e4315cbd9379,NKE,2025-03-21,-0.05455060556696645,0.6555555555555554,tenline_sec_annual_conservative,2024-12-31,2025-03-25,65.3214971973046,2025-06-20,58.1931266784668,-0.10912748214123824,-0.11012748214123824,-0.05,1,60,0.5,False
e4315cbd9379,NKE,2025-04-03,-0.14439642370689287,0.6555555555555554,tenline_sec_annual_conservative,2024-12-31,2025-04-07,53.56439973821726,2025-07-03,74.34976959228516,0.3880444839417829,0.3870444839417829,-0.05,1,60,0.5,False
e4315cbd9379,NKE,2025-04-10,-0.08294001041825738,0.6555555555555554,tenline_sec_annual_conservative,2024-12-31,2025-04-14,53.79644881824925,2025-07-11,70.69019317626953,0.31403084644296175,0.31303084644296175,-0.05,1,60,0.5,False
e4315cbd9379,NKE,2025-12-19,-0.10543952557727221,0.6555555555555554,tenline_sec_annual_conservative,2024-12-31,2025-12-23,56.29920230093564,2026-03-23,52.24253082275391,-0.07205557649818262,-0.07305557649818262,-0.05,1,60,0.5,False
e4315cbd9379,NVDA,2025-01-07,-0.06216953442159834,0.7699074074074074,tenline_sec_annual_conservative,2024-12-31,2025-01-10,137.24501786219508,2025-04-08,96.16522979736328,-0.2993171533999083,-0.3003171533999083,-0.05,1,60,0.5,False
e4315cbd9379,NVDA,2025-01-27,-0.16968167662348033,0.7699074074074074,tenline_sec_annual_conservative,2024-12-31,2025-01-29,126.31134548354018,2025-04-25,110.85465240478516,-0.1223697920371627,-0.1233697920371627,-0.05,1,60,0.5,False
e4315cbd9379,NVDA,2025-02-27,-0.08478062880758996,0.7699074074074074,tenline_sec_annual_conservative,2024-12-31,2025-03-03,123.32581202011416,2025-05-28,134.621337890625,0.09159093044259525,0.09059093044259525,-0.05,1,60,0.5,False
e4315cbd9379,NVDA,2025-03-03,-0.08693563240438495,0.7699074074074074,tenline_sec_annual_conservative,2024-12-31,2025-03-05,117.40465751759533,2025-05-30,134.94090270996094,0.14936583916815627,0.14836583916815627,-0.05,1,60,0.5,False
e4315cbd9379,NVDA,2025-03-06,-0.05737431228014822,0.7699074074074074,tenline_sec_annual_conservative,2024-12-31,2025-03-10,109.73610085349598,2025-06-04,141.7213897705078,0.29147462565408655,0.29047462565408655,-0.05,1,60,0.5,False
e4315cbd9379,NVDA,2025-03-10,-0.050670109824213716,0.7699074074074074,tenline_sec_annual_conservative,2024-12-31,2025-03-12,113.9602977987337,2025-06-06,141.5216522216797,0.24185049491202926,0.24085049491202926,-0.05,1,60,0.5,False
e4315cbd9379,NVDA,2025-03-26,-0.057419847461616325,0.7699074074074074,tenline_sec_annual_conservative,2024-12-31,2025-03-28,111.33397804410713,2025-06-25,154.10475158691406,0.3841663999993108,0.3831663999993108,-0.05,1,60,0.5,False
e4315cbd9379,NVDA,2025-04-03,-0.07806547074373227,0.7699074074074074,tenline_sec_annual_conservative,2024-12-31,2025-04-07,87.33759621246332,2025-07-03,159.1280517578125,0.8219879943879709,0.8209879943879709,-0.05,1,60,0.5,False
e4315cbd9379,NVDA,2025-04-04,-0.07357568117034718,0.7699074074074074,tenline_sec_annual_conservative,2024-12-31,2025-04-08,103.6647139576977,2025-07-07,158.02952575683594,0.5244292847933079,0.5234292847933079,-0.05,1,60,0.5,False
e4315cbd9379,NVDA,2025-04-10,-0.059127169778110056,0.7699074074074074,tenline_sec_annual_conservative,2024-12-31,2025-04-14,113.95031245540224,2025-07-11,164.7006378173828,0.4453724107324688,0.4443724107324688,-0.05,1,60,0.5,False
e4315cbd9379,NVDA,2025-04-16,-0.06871652057100175,0.7699074074074074,tenline_sec_annual_conservative,2024-12-31,2025-04-21,98.6317735699764,2025-07-17,172.7698974609375,0.7516657280664454,0.7506657280664454,-0.05,1,60,0.5,False
e4315cbd9379,NVDA,2026-02-26,-0.0545612407286622,0.7907407407407407,tenline_sec_annual_conservative,2025-12-31,2026-03-02,174.79680413295333,2026-05-27,212.35250854492188,0.21485349573899004,0.21385349573899004,-0.05,1,60,0.5,False
f06d1b9ccbf5,AAPL,2019-01-03,-0.09960735139594357,0.7777777777777778,tenline_sec_annual_conservative,2018-12-31,2019-01-04,34.26264652552224,2019-04-02,46.19214630126953,0.34817800098603024,0.34717800098603024,-0.05,0,60,0.5,False
f06d1b9ccbf5,AAPL,2019-05-13,-0.05811956707039778,0.7777777777777778,tenline_sec_annual_conservative,2018-12-31,2019-05-14,44.55126706777633,2019-08-08,48.61896514892578,0.09130375742088814,0.09030375742088814,-0.05,0,60,0.5,False
f06d1b9ccbf5,AAPL,2019-08-05,-0.05234805416340005,0.7777777777777778,tenline_sec_annual_conservative,2018-12-31,2019-08-06,46.917325530412754,2019-10-30,58.35909271240234,0.24387083135360732,0.24287083135360732,-0.05,0,60,0.5,False
f06d1b9ccbf5,AAPL,2020-02-27,-0.06536826394002737,0.6157407407407408,tenline_sec_annual_conservative,2020-01-26,2020-02-28,62.04995543810668,2020-05-26,76.60064697265625,0.23449962907811495,0.23349962907811495,-0.05,0,60,0.5,False
f06d1b9ccbf5,AAPL,2020-03-09,-0.07909145549754726,0.6157407407407408,tenline_sec_annual_conservative,2020-01-26,2020-03-10,66.84490987612755,2020-06-04,77.95258331298828,0.16617081925078092,0.16517081925078092,-0.05,0,60,0.5,False
f06d1b9ccbf5,AAPL,2020-03-12,-0.09875466225021212,0.6157407407407408,tenline_sec_annual_conservative,2020-01-26,2020-03-13,63.89030055830854,2020-06-09,83.19342803955078,0.30212923264659763,0.30112923264659763,-0.05,0,60,0.5,False
f06d1b9ccbf5,AAPL,2020-03-16,-0.12864729725731527,0.6157407407407408,tenline_sec_annual_conservative,2020-01-26,2020-03-17,59.69829586216656,2020-06-11,81.23689270019531,0.3607908153317776,0.3597908153317776,-0.05,0,60,0.5,False
f06d1b9ccbf5,AAPL,2020-03-20,-0.06348542176201633,0.6157407407407408,tenline_sec_annual_conservative,2020-01-26,2020-03-23,55.01187574325441,2020-06-17,85.03146362304688,0.545692861299562,0.544692861299562,-0.05,0,60,0.5,False
f06d1b9ccbf5,AAPL,2020-04-01,-0.0526171560497779,0.6157407407407408,tenline_sec_annual_conservative,2020-01-26,2020-04-02,57.96892520332119,2020-06-29,87.49589538574219,0.509358593054082,0.508358593054082,-0.05,0,60,0.5,False
f06d1b9ccbf5,AAPL,2020-09-03,-0.08006069500538127,0.6157407407407408,tenline_sec_annual_conservative,2020-01-26,2020-09-04,116.36437378387907,2020-12-01,119.1377944946289,0.02383393319248084,0.022833933192480838,-0.05,0,60,0.5,False
f06d1b9ccbf5,AAPL,2020-09-08,-0.06729501440433605,0.6157407407407408,tenline_sec_annual_conservative,2020-01-26,2020-09-09,113.641095738678,2020-12-03,119.35137939453124,0.05024840370233896,0.04924840370233896,-0.05,0,60,0.5,False
f06d1b9ccbf5,AAPL,2020-10-30,-0.05601795431850343,0.6157407407407408,tenline_sec_annual_conservative,2020-01-26,2020-11-02,105.74264246216924,2021-01-29,128.1080780029297,0.21150819593677128,0.21050819593677128,-0.05,0,60,0.5,False
f06d1b9ccbf5,AMZN,2020-03-09,-0.05285383245165354,0.6092592592592593,tenline_sec_annual_conservative,2019-12-31,2020-03-10,93.54399871826172,2020-06-04,123.02999877929688,0.31520995964521314,0.31420995964521314,-0.05,0,60,0.5,False
f06d1b9ccbf5,AMZN,2020-03-12,-0.07922082514747941,0.6092592592592593,tenline_sec_annual_conservative,2019-12-31,2020-03-13,87.75,2020-06-09,130.04299926757812,0.48197150162482183,0.48097150162482183,-0.05,0,60,0.5,False
f06d1b9ccbf5,AMZN,2020-03-16,-0.053697516604298,0.6092592592592593,tenline_sec_annual_conservative,2019-12-31,2020-03-17,88.77349853515625,2020-06-11,127.89800262451172,0.4407227915419072,0.4397227915419072,-0.05,0,60,0.5,False
f06d1b9ccbf5,AMZN,2020-05-01,-0.07597409237648933,0.6092592592592593,tenline_sec_annual_conservative,2019-12-31,2020-05-04,112.81900024414062,2020-07-29,151.67649841308594,0.34442335142890457,0.34342335142890457,-0.05,0,60,0.5,False
f06d1b9ccbf5,AMZN,2020-10-30,-0.0544564552314909,0.6092592592592593,tenline_sec_annual_conservative,2019-12-31,2020-11-02,153.08700561523438,2021-01-29,160.30999755859375,0.04718226680527993,0.046182266805279926,-0.05,0,60,0.5,False
f06d1b9ccbf5,AMZN,2020-11-09,-0.05062255447737596,0.6092592592592593,tenline_sec_annual_conservative,2019-12-31,2020-11-10,154.75100708007812,2021-02-08,166.14700317382812,0.0736408525461354,0.07264085254613539,-0.05,0,60,0.5,False
f06d1b9ccbf5,AMZN,2021-07-30,-0.07564890713277761,0.5671296296296297,tenline_sec_annual_conservative,2020-12-31,2021-08-02,167.65499877929688,2021-10-26,168.80349731445312,0.006850368575458621,0.005850368575458621,-0.05,0,60,0.5,False
f06d1b9ccbf5,AMZN,2022-01-21,-0.05950180896147472,0.5254629629629629,tenline_sec_annual_conservative,2021-12-31,2022-01-24,139.0,2022-04-20,153.9980010986328,0.1078992884793728,0.1068992884793728,-0.05,0,60,0.5,False
f06d1b9ccbf5,AMZN,2022-02-03,-0.0781276325178123,0.5462962962962963,tenline_sec_annual_conservative,2021-12-31,2022-02-04,155.60650634765625,2022-05-03,124.25350189208984,-0.20148903276266283,-0.20248903276266284,-0.05,0,60,0.5,False
f06d1b9ccbf5,AMZN,2022-03-07,-0.05622045424233624,0.5462962962962963,tenline_sec_annual_conservative,2021-12-31,2022-03-08,136.68350219726562,2022-06-02,125.51100158691406,-0.08173993518418254,-0.08273993518418254,-0.05,0,60,0.5,False
f06d1b9ccbf5,AMZN,2022-04-29,-0.14049437774923412,0.5462962962962963,tenline_sec_annual_conservative,2021-12-31,2022-05-02,122.4010009765625,2022-07-28,122.27999877929688,-0.0009885719585642772,-0.001988571958564277,-0.05,0,60,0.5,False
f06d1b9ccbf5,AMZN,2022-05-05,-0.07561036490424522,0.5462962962962963,tenline_sec_annual_conservative,2021-12-31,2022-05-06,114.8499984741211,2022-08-03,139.52000427246094,0.21480196888203418,0.21380196888203418,-0.05,0,60,0.5,False
f06d1b9ccbf5,AMZN,2022-05-09,-0.05213354825727923,0.5462962962962963,tenline_sec_annual_conservative,2021-12-31,2022-05-10,111.25,2022-08-05,140.8000030517578,0.26561800495962085,0.26461800495962085,-0.05,0,60,0.5,False
f06d1b9ccbf5,AMZN,2022-05-18,-0.07156196640827228,0.5462962962962963,tenline_sec_annual_conservative,2021-12-31,2022-05-19,106.28050231933594,2022-08-16,144.77999877929688,0.36224420867228635,0.36124420867228635,-0.05,0,60,0.5,False
f06d1b9ccbf5,AMZN,2022-06-10,-0.05596211721574329,0.5462962962962963,tenline_sec_annual_conservative,2021-12-31,2022-06-13,104.19000244140624,2022-09-08,129.82000732421875,0.2459929386912738,0.2449929386912738,-0.05,0,60,0.5,False
f06d1b9ccbf5,AMZN,2022-06-13,-0.05453719355874531,0.5462962962962963,tenline_sec_annual_conservative,2021-12-31,2022-06-14,104.19000244140624,2022-09-09,133.27000427246094,0.2791054914065152,0.2781054914065152,-0.05,0,60,0.5,False
f06d1b9ccbf5,AMZN,2022-06-28,-0.05140434227234392,0.5462962962962963,tenline_sec_annual_conservative,2021-12-31,2022-06-29,107.37999725341795,2022-09-23,113.77999877929688,0.05960143126819828,0.05860143126819828,-0.05,0,60,0.5,False
f06d1b9ccbf5,AMZN,2022-07-26,-0.052253606265046604,0.5462962962962963,tenline_sec_annual_conservative,2021-12-31,2022-07-27,117.30999755859376,2022-10-20,115.25,-0.01756028984285707,-0.01856028984285707,-0.05,0,60,0.5,False
f06d1b9ccbf5,AMZN,2022-09-13,-0.0705752837581286,0.5462962962962963,tenline_sec_annual_conservative,2021-12-31,2022-09-14,127.36000061035156,2022-12-08,90.3499984741211,-0.29059360834536907,-0.29159360834536907,-0.05,0,60,0.5,False
f06d1b9ccbf5,AMZN,2022-10-14,-0.05003107895219994,0.5462962962962963,tenline_sec_annual_conservative,2021-12-31,2022-10-17,110.11000061035156,2023-01-12,95.2699966430664,-0.13477435187562814,-0.13577435187562814,-0.05,0,60,0.5,False
f06d1b9ccbf5,AMZN,2022-10-28,-0.06804249715805744,0.5462962962962963,tenline_sec_annual_conservative,2021-12-31,2022-10-31,103.55999755859376,2023-01-27,102.23999786376952,-0.012746231420847631,-0.013746231420847632,-0.05,0,60,0.5,False
f06d1b9ccbf5,AMZN,2022-11-01,-0.05515425020719411,0.5462962962962963,tenline_sec_annual_conservative,2021-12-31,2022-11-02,97.31999969482422,2023-01-31,103.12999725341795,0.05969993399930851,0.05869993399930851,-0.05,0,60,0.5,False
f06d1b9ccbf5,HD,2023-02-21,-0.07060844097676822,0.7053571428571429,tenline_sec_annual_conservative,2022-12-31,2023-02-22,271.82966318757144,2023-05-18,271.59893798828125,-0.0008487859514102469,-0.001848785951410247,-0.05,0,60,0.5,False
f06d1b9ccbf5,META,2025-04-03,-0.08958280531351914,0.6324074074074074,tenline_sec_annual_conservative,2024-12-31,2025-04-04,504.5767586556749,2025-07-02,711.2389526367188,0.40957533306061555,0.40857533306061555,-0.05,0,60,0.5,False
f06d1b9ccbf5,META,2025-04-04,-0.050581139935028885,0.6324074074074074,tenline_sec_annual_conservative,2024-12-31,2025-04-07,483.1435451248476,2025-07-03,716.6611938476562,0.48332974967608444,0.48232974967608444,-0.05,0,60,0.5,False
f06d1b9ccbf5,META,2025-04-10,-0.0673985211979895,0.6324074074074074,tenline_sec_annual_conservative,2024-12-31,2025-04-11,533.3502556297472,2025-07-10,724.8642578125,0.35907736081728303,0.35807736081728303,-0.05,0,60,0.5,False
f06d1b9ccbf5,META,2025-10-30,-0.11334764097342975,0.6324074074074074,tenline_sec_annual_conservative,2024-12-31,2025-10-31,672.7602632515434,2026-01-29,736.995361328125,0.09547992291655949,0.09447992291655949,-0.05,0,60,0.5,False
f06d1b9ccbf5,META,2026-03-26,-0.07959464154247431,0.7199074074074073,tenline_sec_annual_conservative,2025-12-31,2026-03-27,539.599843303006,2026-06-24,557.6699829101562,0.03348803716572468,0.03248803716572468,-0.05,0,60,0.5,False
f06d1b9ccbf5,META,2026-04-30,-0.08550038433407037,0.7199074074074073,tenline_sec_annual_conservative,2025-12-31,2026-05-01,614.120842749119,2026-07-29,585.6099853515625,-0.046425484062594724,-0.047425484062594725,-0.05,0,60,0.5,False
f06d1b9ccbf5,META,2026-06-01,-0.05065539518815376,0.7199074074074073,tenline_sec_annual_conservative,2025-12-31,2026-06-02,602.68138962268,2026-08-27,571.0999755859375,-0.05240150862550208,-0.05340150862550208,-0.05,0,60,0.5,False
f06d1b9ccbf5,MSFT,2020-02-27,-0.07045898111696802,0.6050925925925926,tenline_sec_annual_conservative,2019-12-31,2020-02-28,144.1909495095758,2020-05-26,172.2568359375,0.19464388384556908,0.19364388384556908,-0.05,0,60,0.5,False
f06d1b9ccbf5,MSFT,2020-03-09,-0.0677726761084152,0.6050925925925926,tenline_sec_annual_conservative,2019-12-31,2020-03-10,149.63086415534653,2020-06-04,173.53756713867188,0.15977120173887016,0.15877120173887016,-0.05,0,60,0.5,False
f06d1b9ccbf5,MSFT,2020-03-12,-0.09483829448607606,0.6050925925925926,tenline_sec_annual_conservative,2019-12-31,2020-03-13,139.5457337596405,2020-06-09,180.06472778320312,0.2903635455696141,0.2893635455696141,-0.05,0,60,0.5,False
f06d1b9ccbf5,MSFT,2020-03-16,-0.147390723769389,0.6050925925925926,tenline_sec_annual_conservative,2019-12-31,2020-03-17,132.4501739191631,2020-06-11,176.71580505371094,0.3342059117382814,0.3332059117382814,-0.05,0,60,0.5,False
f06d1b9ccbf5,MSFT,2020-06-11,-0.053697922731070324,0.6050925925925926,tenline_sec_annual_conservative,2019-12-31,2020-06-12,180.7667054997271,2020-09-08,192.72979736328125,0.06617973055647797,0.06517973055647797,-0.05,0,60,0.5,False
f06d1b9ccbf5,MSFT,2020-09-03,-0.06194671570365484,0.6050925925925926,tenline_sec_annual_conservative,2019-12-31,2020-09-04,204.5602944159865,2020-12-01,206.1542053222656,0.007791888014385462,0.006791888014385462,-0.05,0,60,0.5,False
f06d1b9ccbf5,MSFT,2020-09-08,-0.054095880600493196,0.6050925925925926,tenline_sec_annual_conservative,2019-12-31,2020-09-09,197.4278299244589,2020-12-03,204.27584838867188,0.03468618617159103,0.033686186171591026,-0.05,0,60,0.5,False
f06d1b9ccbf5,MSFT,2022-09-13,-0.054978051494992464,0.6050925925925926,tenline_sec_annual_conservative,2019-12-31,2022-09-14,245.35746095813147,2022-12-08,240.09979248046875,-0.021428606479425127,-0.02242860647942513,-0.05,0,60,0.5,False
f06d1b9ccbf5,MSFT,2022-10-07,-0.05085299426779777,0.6050925925925926,tenline_sec_annual_conservative,2019-12-31,2022-10-10,225.53763257488384,2023-01-05,215.75015258789065,-0.04339621674331229,-0.04439621674331229,-0.05,0,60,0.5,False
f06d1b9ccbf5,MSFT,2022-10-26,-0.07715615824155908,0.6050925925925926,tenline_sec_annual_conservative,2019-12-31,2022-10-27,223.592440615288,2023-01-25,233.51019287109372,0.04435638444892742,0.04335638444892742,-0.05,0,60,0.5,False
f06d1b9ccbf5,MSFT,2024-10-31,-0.06052750099407056,0.7583333333333334,tenline_sec_annual_conservative,2022-12-31,2024-11-01,402.64935394726,2025-01-31,409.4231872558594,0.0168231570278059,0.0158231570278059,-0.05,0,60,0.5,False
f06d1b9ccbf5,MSFT,2025-01-30,-0.06180903636906887,0.5064814814814814,tenline_sec_annual_conservative,2024-12-31,2025-01-31,413.2899641100712,2025-04-29,389.468017578125,-0.05763978949559423,-0.05863978949559423,-0.05,0,60,0.5,False
f06d1b9ccbf5,MSFT,2026-01-29,-0.09993140149712809,0.5416666666666666,tenline_sec_annual_conservative,2025-12-31,2026-01-30,436.4013853645445,2026-04-28,427.5174865722656,-0.020357173671338824,-0.021357173671338825,-0.05,0,60,0.5,False
f06d1b9ccbf5,NKE,2020-03-12,-0.11666682124311178,0.7069444444444444,tenline_sec_annual_conservative,2019-12-31,2020-03-13,71.2206406173902,2020-06-09,93.70342254638672,0.3156778952576118,0.3146778952576118,-0.05,0,60,0.5,False
f06d1b9ccbf5,NKE,2020-03-16,-0.11630090333112286,0.7069444444444444,tenline_sec_annual_conservative,2019-12-31,2020-03-17,61.48472020471045,2020-06-11,86.89227294921875,0.41323360763316574,0.41223360763316574,-0.05,0,60,0.5,False
f06d1b9ccbf5,NKE,2020-03-23,-0.06893999488062419,0.7069444444444444,tenline_sec_annual_conservative,2019-12-31,2020-03-24,59.83627285471199,2020-06-18,89.8869857788086,0.5022156543249696,0.5012156543249696,-0.05,0,60,0.5,False
f06d1b9ccbf5,NKE,2020-06-11,-0.06805730495465023,0.7069444444444444,tenline_sec_annual_conservative,2019-12-31,2020-06-12,89.29352875098706,2020-09-08,103.143798828125,0.15510944937300208,0.15410944937300208,-0.05,0,60,0.5,False
f06d1b9ccbf5,NKE,2020-06-26,-0.0762325585879895,0.7069444444444444,tenline_sec_annual_conservative,2019-12-31,2020-06-29,85.550139985295,2020-09-23,116.31127166748048,0.3595684552646312,0.3585684552646312,-0.05,0,60,0.5,False
f06d1b9ccbf5,NKE,2022-03-07,-0.05137986890110058,0.6763888888888889,tenline_sec_annual_conservative,2021-12-31,2022-03-08,115.95816312279383,2022-06-02,114.2638168334961,-0.01461170342534246,-0.01561170342534246,-0.05,0,60,0.5,False
f06d1b9ccbf5,NKE,2022-04-26,-0.05799593676271375,0.6763888888888889,tenline_sec_annual_conservative,2021-12-31,2022-04-27,112.11573884449788,2022-07-25,101.4316864013672,-0.09529484935160826,-0.09629484935160826,-0.05,0,60,0.5,False
f06d1b9ccbf5,NKE,2022-05-05,-0.05894014688087312,0.6763888888888889,tenline_sec_annual_conservative,2021-12-31,2022-05-06,105.3104594448684,2022-08-03,106.07258605957033,0.007236950809249132,0.006236950809249132,-0.05,0,60,0.5,False
f06d1b9ccbf5,NKE,2022-05-18,-0.056341638069280386,0.6763888888888889,tenline_sec_annual_conservative,2021-12-31,2022-05-19,100.87547948416848,2022-08-16,109.58112335205078,0.08630089207406022,0.08530089207406022,-0.05,0,60,0.5,False
f06d1b9ccbf5,NKE,2022-06-16,-0.05571237238927518,0.6763888888888889,tenline_sec_annual_conservative,2021-12-31,2022-06-17,98.52649573710626,2022-09-14,99.6007080078125,0.01090277556985808,0.00990277556985808,-0.05,0,60,0.5,False
f06d1b9ccbf5,NKE,2022-06-28,-0.06986427419498809,0.6763888888888889,tenline_sec_annual_conservative,2021-12-31,2022-06-29,95.5934105127273,2022-09-23,90.3108367919922,-0.05526085629125843,-0.05626085629125843,-0.05,0,60,0.5,False
f06d1b9ccbf5,NKE,2022-09-13,-0.0592632278794345,0.6763888888888889,tenline_sec_annual_conservative,2021-12-31,2022-09-14,98.79086791876286,2022-12-08,103.97737884521484,0.05249990242738756,0.051499902427387556,-0.05,0,60,0.5,False
f06d1b9ccbf5,NKE,2022-09-30,-0.12808135892361716,0.6763888888888889,tenline_sec_annual_conservative,2021-12-31,2022-10-03,77.38136420826127,2022-12-28,107.3573989868164,0.38738054162341684,0.38638054162341684,-0.05,0,60,0.5,False
f06d1b9ccbf5,NKE,2023-12-22,-0.1182568042499732,0.5326388888888889,tenline_sec_annual_conservative,2022-12-31,2023-12-26,102.42730594183745,2024-03-22,89.0875015258789,-0.13023679860850235,-0.13123679860850235,-0.05,0,60,0.5,False
f06d1b9ccbf5,NKE,2024-03-22,-0.0690338188169407,0.63125,tenline_sec_annual_conservative,2023-12-31,2024-03-25,89.28681427495741,2024-06-20,91.06501770019533,0.019915633004465416,0.018915633004465415,-0.05,0,60,0.5,False
f06d1b9ccbf5,NKE,2024-06-28,-0.19980885303062645,0.63125,tenline_sec_annual_conservative,2023-12-31,2024-07-01,71.9410735788205,2024-09-25,84.22587585449219,0.17076200930212893,0.16976200930212892,-0.05,0,60,0.5,False
f06d1b9ccbf5,NKE,2024-10-02,-0.06765405520267831,0.63125,tenline_sec_annual_conservative,2023-12-31,2024-10-03,78.86604741095258,2024-12-30,71.81311798095703,-0.08942922412789844,-0.09042922412789844,-0.05,0,60,0.5,False
f06d1b9ccbf5,NKE,2025-03-21,-0.05455060556696645,0.6555555555555554,tenline_sec_annual_conservative,2024-12-31,2025-03-24,66.28836708196621,2025-06-18,57.92060089111328,-0.12623280010059845,-0.12723280010059845,-0.05,0,60,0.5,False
f06d1b9ccbf5,NKE,2025-04-03,-0.14439642370689287,0.6555555555555554,tenline_sec_annual_conservative,2024-12-31,2025-04-04,51.45663306843408,2025-07-02,74.34976959228516,0.4449015638742755,0.4439015638742755,-0.05,0,60,0.5,False
f06d1b9ccbf5,NKE,2025-04-10,-0.08294001041825738,0.6555555555555554,tenline_sec_annual_conservative,2024-12-31,2025-04-11,52.597538467154266,2025-07-10,72.62704467773438,0.3808069121540354,0.3798069121540354,-0.05,0,60,0.5,False
f06d1b9ccbf5,NKE,2025-12-19,-0.10543952557727221,0.6555555555555554,tenline_sec_annual_conservative,2024-12-31,2025-12-22,58.08132028849413,2026-03-20,51.90554428100586,-0.10632981441903777,-0.10732981441903777,-0.05,0,60,0.5,False
f06d1b9ccbf5,NVDA,2025-01-07,-0.06216953442159834,0.7699074074074074,tenline_sec_annual_conservative,2024-12-31,2025-01-08,142.36737985085435,2025-04-07,97.50334930419922,-0.3151285820786699,-0.3161285820786699,-0.05,0,60,0.5,False
f06d1b9ccbf5,NVDA,2025-01-27,-0.16968167662348033,0.7699074074074074,tenline_sec_annual_conservative,2024-12-31,2025-01-28,121.62833781559046,2025-04-24,106.28104400634766,-0.12618189218792042,-0.12718189218792042,-0.05,0,60,0.5,False
f06d1b9ccbf5,NVDA,2025-02-27,-0.08478062880758996,0.7699074074074074,tenline_sec_annual_conservative,2024-12-31,2025-02-28,117.84399213493025,2025-05-27,135.31036376953125,0.14821605512652836,0.14721605512652836,-0.05,0,60,0.5,False
f06d1b9ccbf5,NVDA,2025-03-03,-0.08693563240438495,0.7699074074074074,tenline_sec_annual_conservative,2024-12-31,2025-03-04,110.48499132597254,2025-05-29,138.99520874023438,0.2580460664575326,0.2570460664575326,-0.05,0,60,0.5,False
f06d1b9ccbf5,NVDA,2025-03-06,-0.05737431228014822,0.7699074074074074,tenline_sec_annual_conservative,2024-12-31,2025-03-07,111.0841023095759,2025-06-03,141.02235412597656,0.2695097785726974,0.2685097785726974,-0.05,0,60,0.5,False
f06d1b9ccbf5,NVDA,2025-03-10,-0.050670109824213716,0.7699074074074074,tenline_sec_annual_conservative,2024-12-31,2025-03-11,106.83043665954976,2025-06-05,139.79409790039062,0.30856057759915734,0.30756057759915734,-0.05,0,60,0.5,False
f06d1b9ccbf5,NVDA,2025-03-26,-0.057419847461616325,0.7699074074074074,tenline_sec_annual_conservative,2024-12-31,2025-03-27,111.19417323533278,2025-06-24,147.7032470703125,0.328336213784435,0.327336213784435,-0.05,0,60,0.5,False
f06d1b9ccbf5,NVDA,2025-04-03,-0.07806547074373227,0.7699074074074074,tenline_sec_annual_conservative,2024-12-31,2025-04-04,98.7715853475697,2025-07-02,157.04083251953125,0.5899393734232017,0.5889393734232017,-0.05,0,60,0.5,False
f06d1b9ccbf5,NVDA,2025-04-04,-0.07357568117034718,0.7699074074074074,tenline_sec_annual_conservative,2024-12-31,2025-04-07,87.33759621246332,2025-07-03,159.1280517578125,0.8219879943879709,0.8209879943879709,-0.05,0,60,0.5,False
f06d1b9ccbf5,NVDA,2025-04-10,-0.059127169778110056,0.7699074074074074,tenline_sec_annual_conservative,2024-12-31,2025-04-11,108.34816524857224,2025-07-10,163.88172912597656,0.5125473398649556,0.5115473398649556,-0.05,0,60,0.5,False
f06d1b9ccbf5,NVDA,2025-04-16,-0.06871652057100175,0.7699074074074074,tenline_sec_annual_conservative,2024-12-31,2025-04-17,104.30381795694564,2025-07-16,171.14205932617188,0.6408034018161792,0.6398034018161792,-0.05,0,60,0.5,False
f06d1b9ccbf5,NVDA,2026-02-26,-0.0545612407286622,0.7907407407407407,tenline_sec_annual_conservative,2025-12-31,2026-02-27,181.0292033274304,2026-05-26,214.60987854003903,0.18549866317353647,0.18449866317353647,-0.05,0,60,0.5,False
747d3d0318fe,AAPL,2019-01-03,-0.09960735139594357,0.7777777777777778,tenline_sec_annual_conservative,2018-12-31,2019-01-07,35.25120757867321,2019-04-03,46.50878143310547,0.3193528570420672,0.31835285704206717,-0.05,1,60,0.0,False
747d3d0318fe,AAPL,2019-05-13,-0.05811956707039778,0.7777777777777778,tenline_sec_annual_conservative,2018-12-31,2019-05-15,44.51781960886782,2019-08-09,48.21834182739258,0.08312451622827521,0.08212451622827521,-0.05,1,60,0.0,False
747d3d0318fe,AAPL,2019-08-05,-0.05234805416340005,0.7777777777777778,tenline_sec_annual_conservative,2018-12-31,2019-08-07,46.702221401498505,2019-10-31,59.678558349609375,0.2778526707874007,0.2768526707874007,-0.05,1,60,0.0,False
747d3d0318fe,AAPL,2020-02-27,-0.06536826394002737,0.6157407407407408,tenline_sec_annual_conservative,2020-01-26,2020-03-02,68.08465633915449,2020-05-27,76.93439483642578,0.12998139335810865,0.12898139335810865,-0.05,1,60,0.0,False
747d3d0318fe,AAPL,2020-03-09,-0.07909145549754726,0.6157407407407408,tenline_sec_annual_conservative,2020-01-26,2020-03-11,66.9052206904251,2020-06-05,80.17274475097656,0.19830327026258798,0.19730327026258798,-0.05,1,60,0.0,False
747d3d0318fe,AAPL,2020-03-12,-0.09875466225021212,0.6157407407407408,tenline_sec_annual_conservative,2020-01-26,2020-03-16,58.35724684046864,2020-06-10,85.33379364013672,0.4622655841426848,0.4612655841426848,-0.05,1,60,0.0,False
747d3d0318fe,AAPL,2020-03-16,-0.12864729725731527,0.6157407407407408,tenline_sec_annual_conservative,2020-01-26,2020-03-18,57.83144203035199,2020-06-12,81.93822479248047,0.4168456105499909,0.4158456105499909,-0.05,1,60,0.0,False
747d3d0318fe,AAPL,2020-03-20,-0.06348542176201633,0.6157407407407408,tenline_sec_annual_conservative,2020-01-26,2020-03-24,57.00896347667582,2020-06-18,85.06535339355469,0.49213997599443515,0.49113997599443515,-0.05,1,60,0.0,False
747d3d0318fe,AAPL,2020-04-01,-0.0526171560497779,0.6157407407407408,tenline_sec_annual_conservative,2020-01-26,2020-04-03,58.56227043050136,2020-06-30,88.22628784179688,0.5065380353806335,0.5055380353806335,-0.05,1,60,0.0,False
747d3d0318fe,AAPL,2020-09-03,-0.08006069500538127,0.6157407407407408,tenline_sec_annual_conservative,2020-01-26,2020-09-08,110.4332424909772,2020-12-02,119.48727416992188,0.08198646960569356,0.08098646960569356,-0.05,1,60,0.0,False
747d3d0318fe,AAPL,2020-09-08,-0.06729501440433605,0.6157407407407408,tenline_sec_annual_conservative,2020-01-26,2020-09-10,116.64541298049808,2020-12-04,118.68150329589844,0.017455382628211558,0.016455382628211557,-0.05,1,60,0.0,False
747d3d0318fe,AAPL,2020-10-30,-0.05601795431850343,0.6157407407407408,tenline_sec_annual_conservative,2020-01-26,2020-11-03,106.27565935922766,2021-02-01,130.2244110107422,0.22534559461601789,0.22434559461601788,-0.05,1,60,0.0,False
747d3d0318fe,AMZN,2020-03-09,-0.05285383245165354,0.6092592592592593,tenline_sec_annual_conservative,2019-12-31,2020-03-11,92.89250183105467,2020-06-05,124.1500015258789,0.3364910953918847,0.3354910953918847,-0.05,1,60,0.0,False
747d3d0318fe,AMZN,2020-03-12,-0.07922082514747941,0.6092592592592593,tenline_sec_annual_conservative,2019-12-31,2020-03-16,82.07550048828125,2020-06-10,132.37249755859375,0.612813772332633,0.611813772332633,-0.05,1,60,0.0,False
747d3d0318fe,AMZN,2020-03-16,-0.053697516604298,0.6092592592592593,tenline_sec_annual_conservative,2019-12-31,2020-03-18,87.5,2020-06-12,127.2509994506836,0.454297136579241,0.453297136579241,-0.05,1,60,0.0,False
747d3d0318fe,AMZN,2020-05-01,-0.07597409237648933,0.6092592592592593,tenline_sec_annual_conservative,2019-12-31,2020-05-05,117.0,2020-07-30,152.593994140625,0.3042221721420941,0.3032221721420941,-0.05,1,60,0.0,False
747d3d0318fe,AMZN,2020-10-30,-0.0544564552314909,0.6092592592592593,tenline_sec_annual_conservative,2019-12-31,2020-11-03,150.92649841308594,2021-02-01,167.1439971923828,0.10745295855807613,0.10645295855807613,-0.05,1,60,0.0,False
747d3d0318fe,AMZN,2020-11-09,-0.05062255447737596,0.6092592592592593,tenline_sec_annual_conservative,2019-12-31,2020-11-11,153.08900451660156,2021-02-09,165.25,0.07943741957038886,0.07843741957038886,-0.05,1,60,0.0,False
747d3d0318fe,AMZN,2021-07-30,-0.07564890713277761,0.5671296296296297,tenline_sec_annual_conservative,2020-12-31,2021-08-03,167.03599548339844,2021-10-27,169.62449645996094,0.015496665668207843,0.014496665668207842,-0.05,1,60,0.0,False
747d3d0318fe,AMZN,2022-01-21,-0.05950180896147472,0.5254629629629629,tenline_sec_annual_conservative,2021-12-31,2022-01-25,142.24249267578125,2022-04-21,148.29600524902344,0.04255769467595161,0.041557694675951606,-0.05,1,60,0.0,False
747d3d0318fe,AMZN,2022-02-03,-0.0781276325178123,0.5462962962962963,tenline_sec_annual_conservative,2021-12-31,2022-02-07,158.52000427246094,2022-05-04,125.92849731445312,-0.20559870098155053,-0.20659870098155053,-0.05,1,60,0.0,False
747d3d0318fe,AMZN,2022-03-07,-0.05622045424233624,0.5462962962962963,tenline_sec_annual_conservative,2021-12-31,2022-03-09,139.5,2022-06-03,122.3499984741211,-0.1229390790385585,-0.1239390790385585,-0.05,1,60,0.0,False
747d3d0318fe,AMZN,2022-04-29,-0.14049437774923412,0.5462962962962963,tenline_sec_annual_conservative,2021-12-31,2022-05-03,124.05349731445312,2022-07-29,134.9499969482422,0.0878371014899193,0.0868371014899193,-0.05,1,60,0.0,False
747d3d0318fe,AMZN,2022-05-05,-0.07561036490424522,0.5462962962962963,tenline_sec_annual_conservative,2021-12-31,2022-05-09,111.3125,2022-08-04,142.57000732421875,0.28080860032987087,0.27980860032987087,-0.05,1,60,0.0,False
747d3d0318fe,AMZN,2022-05-09,-0.05213354825727923,0.5462962962962963,tenline_sec_annual_conservative,2021-12-31,2022-05-11,108.10350036621094,2022-08-08,139.41000366210938,0.28959749859944095,0.28859749859944095,-0.05,1,60,0.0,False
747d3d0318fe,AMZN,2022-05-18,-0.07156196640827228,0.5462962962962963,tenline_sec_annual_conservative,2021-12-31,2022-05-20,109.56849670410156,2022-08-17,142.10000610351562,0.2969056834581567,0.2959056834581567,-0.05,1,60,0.0,False
747d3d0318fe,AMZN,2022-06-10,-0.05596211721574329,0.5462962962962963,tenline_sec_annual_conservative,2021-12-31,2022-06-14,104.19000244140624,2022-09-09,133.27000427246094,0.2791054914065152,0.2781054914065152,-0.05,1,60,0.0,False
747d3d0318fe,AMZN,2022-06-13,-0.05453719355874531,0.5462962962962963,tenline_sec_annual_conservative,2021-12-31,2022-06-15,103.86000061035156,2022-09-12,136.4499969482422,0.31378775415337734,0.31278775415337734,-0.05,1,60,0.0,False
747d3d0318fe,AMZN,2022-06-28,-0.05140434227234392,0.5462962962962963,tenline_sec_annual_conservative,2021-12-31,2022-06-30,108.11000061035156,2022-09-26,115.1500015258789,0.06511886852078375,0.06411886852078374,-0.05,1,60,0.0,False
747d3d0318fe,AMZN,2022-07-26,-0.052253606265046604,0.5462962962962963,tenline_sec_annual_conservative,2021-12-31,2022-07-28,121.56999969482422,2022-10-21,119.31999969482422,-0.018507855602929557,-0.019507855602929558,-0.05,1,60,0.0,False
747d3d0318fe,AMZN,2022-09-13,-0.0705752837581286,0.5462962962962963,tenline_sec_annual_conservative,2021-12-31,2022-09-15,127.37999725341795,2022-12-09,89.08999633789062,-0.30059665364374866,-0.30159665364374866,-0.05,1,60,0.0,False
747d3d0318fe,AMZN,2022-10-14,-0.05003107895219994,0.5462962962962963,tenline_sec_annual_conservative,2021-12-31,2022-10-18,119.05999755859376,2023-01-13,98.12000274658205,-0.1758776687502146,-0.1768776687502146,-0.05,1,60,0.0,False
747d3d0318fe,AMZN,2022-10-28,-0.06804249715805744,0.5462962962962963,tenline_sec_annual_conservative,2021-12-31,2022-11-01,103.98999786376952,2023-01-30,100.5500030517578,-0.0330800546463923,-0.0340800546463923,-0.05,1,60,0.0,False
747d3d0318fe,AMZN,2022-11-01,-0.05515425020719411,0.5462962962962963,tenline_sec_annual_conservative,2021-12-31,2022-11-03,92.47000122070312,2023-02-01,105.1500015258789,0.1371255557238693,0.1361255557238693,-0.05,1,60,0.0,False
747d3d0318fe,AMZN,2026-02-06,-0.05554804877440456,0.2847222222222222,tenline_sec_annual_conservative,2025-12-31,2026-02-10,208.8000030517578,2026-05-07,271.1700134277344,0.29870694187928803,0.29770694187928803,-0.05,1,60,0.0,False
747d3d0318fe,HD,2023-02-21,-0.07060844097676822,0.7053571428571429,tenline_sec_annual_conservative,2022-12-31,2023-02-23,271.1353702875478,2023-05-19,267.6605529785156,-0.012815802325410464,-0.013815802325410464,-0.05,1,60,0.0,False
747d3d0318fe,META,2024-04-25,-0.10561289492370807,0.4708333333333334,tenline_sec_annual_conservative,2023-12-31,2024-04-29,436.195878453334,2024-07-25,450.3866882324219,0.03253311294321648,0.03153311294321648,-0.05,1,60,0.0,False
747d3d0318fe,META,2024-07-17,-0.05675907421834325,0.4708333333333334,tenline_sec_annual_conservative,2023-12-31,2024-07-19,472.88560505542085,2024-10-14,587.0424194335938,0.24140471428559152,0.24040471428559151,-0.05,1,60,0.0,False
747d3d0318fe,META,2024-07-24,-0.056109168662901054,0.4708333333333334,tenline_sec_annual_conservative,2023-12-31,2024-07-26,461.1046677173748,2024-10-21,571.8698120117188,0.24021692264072958,0.23921692264072958,-0.05,1,60,0.0,False
747d3d0318fe,META,2025-04-03,-0.08958280531351914,0.6324074074074074,tenline_sec_annual_conservative,2024-12-31,2025-04-07,483.1435451248476,2025-07-03,716.6611938476562,0.48332974967608444,0.48232974967608444,-0.05,1,60,0.0,False
747d3d0318fe,META,2025-04-04,-0.050581139935028885,0.6324074074074074,tenline_sec_annual_conservative,2024-12-31,2025-04-08,541.0589647931961,2025-07-07,716.0032348632812,0.32333679220517575,0.32233679220517575,-0.05,1,60,0.0,False
747d3d0318fe,META,2025-04-10,-0.0673985211979895,0.6324074074074074,tenline_sec_annual_conservative,2024-12-31,2025-04-14,553.926912857093,2025-07-11,715.1660766601562,0.2910838236246902,0.2900838236246902,-0.05,1,60,0.0,False
747d3d0318fe,META,2025-10-30,-0.11334764097342975,0.6324074074074074,tenline_sec_annual_conservative,2024-12-31,2025-11-03,654.298319497033,2026-01-30,715.2241821289062,0.09311633671733666,0.09211633671733666,-0.05,1,60,0.0,False
747d3d0318fe,META,2026-03-26,-0.07959464154247431,0.7199074074074073,tenline_sec_annual_conservative,2025-12-31,2026-03-30,535.8833618164062,2026-06-25,542.8699951171875,0.01303760071426674,0.012037600714266738,-0.05,1,60,0.0,False
747d3d0318fe,META,2026-04-30,-0.08550038433407037,0.7199074074074073,tenline_sec_annual_conservative,2025-12-31,2026-05-04,607.3771038685389,2026-07-30,539.030029296875,-0.11252823680106494,-0.11352823680106494,-0.05,1,60,0.0,False
747d3d0318fe,MSFT,2020-02-27,-0.07045898111696802,0.6050925925925926,tenline_sec_annual_conservative,2019-12-31,2020-03-02,156.3952882488152,2020-05-27,172.48451232910156,0.10287537598120866,0.10187537598120866,-0.05,1,60,0.0,False
747d3d0318fe,MSFT,2020-03-09,-0.0677726761084152,0.6050925925925926,tenline_sec_annual_conservative,2019-12-31,2020-03-11,148.6564082651572,2020-06-05,177.59799194335938,0.19468776365549822,0.19368776365549822,-0.05,1,60,0.0,False
747d3d0318fe,MSFT,2020-03-12,-0.09483829448607606,0.6050925925925926,tenline_sec_annual_conservative,2019-12-31,2020-03-16,132.4501241424537,2020-06-10,186.74354553222656,0.4099159720785073,0.4089159720785073,-0.05,1,60,0.0,False
747d3d0318fe,MSFT,2020-03-16,-0.147390723769389,0.6050925925925926,tenline_sec_annual_conservative,2019-12-31,2020-03-18,130.55804437090856,2020-06-12,178.11033630371094,0.36422337790009185,0.36322337790009185,-0.05,1,60,0.0,False
747d3d0318fe,MSFT,2020-06-11,-0.053697922731070324,0.6050925925925926,tenline_sec_annual_conservative,2019-12-31,2020-06-15,175.11242934147475,2020-09-09,200.93701171875,0.14747429679544055,0.14647429679544055,-0.05,1,60,0.0,False
747d3d0318fe,MSFT,2020-09-03,-0.06194671570365484,0.6050925925925926,tenline_sec_annual_conservative,2019-12-31,2020-09-08,196.38163641738157,2020-12-02,205.353271484375,0.04568469450944734,0.04468469450944734,-0.05,1,60,0.0,False
747d3d0318fe,MSFT,2020-09-08,-0.054095880600493196,0.6050925925925926,tenline_sec_annual_conservative,2019-12-31,2020-09-10,202.9435570623291,2020-12-04,204.3902587890625,0.007128591553606567,0.006128591553606567,-0.05,1,60,0.0,False
747d3d0318fe,MSFT,2022-09-13,-0.054978051494992464,0.6050925925925926,tenline_sec_annual_conservative,2019-12-31,2022-09-15,241.71865662350373,2022-12-09,238.17825317382807,-0.01464679433160232,-0.01564679433160232,-0.05,1,60,0.0,False
747d3d0318fe,MSFT,2022-10-07,-0.05085299426779777,0.6050925925925926,tenline_sec_annual_conservative,2019-12-31,2022-10-11,220.28267336430167,2023-01-06,218.2928466796875,-0.009033060359329381,-0.010033060359329382,-0.05,1,60,0.0,False
747d3d0318fe,MSFT,2022-10-26,-0.07715615824155908,0.6050925925925926,tenline_sec_annual_conservative,2019-12-31,2022-10-28,218.94714217799373,2023-01-26,240.6821136474609,0.09927040496284567,0.09827040496284567,-0.05,1,60,0.0,False
747d3d0318fe,MSFT,2024-10-31,-0.06052750099407056,0.7583333333333334,tenline_sec_annual_conservative,2022-12-31,2024-11-04,403.4270678175101,2025-02-03,405.3393859863281,0.004740183099670059,0.003740183099670059,-0.05,1,60,0.0,False
747d3d0318fe,MSFT,2025-01-30,-0.06180903636906887,0.5064814814814814,tenline_sec_annual_conservative,2024-12-31,2025-02-03,406.0101438094314,2025-04-30,390.6738586425781,-0.037773157643203215,-0.038773157643203215,-0.05,1,60,0.0,False
747d3d0318fe,MSFT,2026-01-29,-0.09993140149712809,0.5416666666666666,tenline_sec_annual_conservative,2025-12-31,2026-02-02,427.5276741085398,2026-04-29,422.746826171875,-0.011182546127881943,-0.012182546127881944,-0.05,1,60,0.0,False
747d3d0318fe,NKE,2020-03-12,-0.11666682124311178,0.7069444444444444,tenline_sec_annual_conservative,2019-12-31,2020-03-16,59.45373417418861,2020-06-10,93.23778533935548,0.5682410303478291,0.5672410303478291,-0.05,1,60,0.0,False
747d3d0318fe,NKE,2020-03-16,-0.11630090333112286,0.7069444444444444,tenline_sec_annual_conservative,2019-12-31,2020-03-18,59.00747811915578,2020-06-12,88.04268646240234,0.492059807819863,0.491059807819863,-0.05,1,60,0.0,False
747d3d0318fe,NKE,2020-03-23,-0.06893999488062419,0.7069444444444444,tenline_sec_annual_conservative,2019-12-31,2020-03-25,72.96015142302218,2020-06-19,87.44921112060547,0.19858867361137822,0.19758867361137822,-0.05,1,60,0.0,False
747d3d0318fe,NKE,2020-06-11,-0.06805730495465023,0.7069444444444444,tenline_sec_annual_conservative,2019-12-31,2020-06-15,85.73273188681597,2020-09-09,105.13859558105467,0.22635303071711577,0.22535303071711577,-0.05,1,60,0.0,False
747d3d0318fe,NKE,2020-06-26,-0.0762325585879895,0.7069444444444444,tenline_sec_annual_conservative,2019-12-31,2020-06-30,87.65009208962924,2020-09-24,114.15178680419922,0.3023578650376073,0.3013578650376073,-0.05,1,60,0.0,False
747d3d0318fe,NKE,2022-03-07,-0.05137986890110058,0.6763888888888889,tenline_sec_annual_conservative,2021-12-31,2022-03-09,117.93958252727847,2022-06-03,112.2635726928711,-0.04812641958516828,-0.04912641958516828,-0.05,1,60,0.0,False
747d3d0318fe,NKE,2022-04-26,-0.05799593676271375,0.6763888888888889,tenline_sec_annual_conservative,2021-12-31,2022-04-28,114.04159186084024,2022-07-26,97.64472198486328,-0.14377973516877351,-0.14477973516877352,-0.05,1,60,0.0,False
747d3d0318fe,NKE,2022-05-05,-0.05894014688087312,0.6763888888888889,tenline_sec_annual_conservative,2021-12-31,2022-05-09,104.59752840578268,2022-08-04,106.25823211669922,0.015877083677100723,0.014877083677100722,-0.05,1,60,0.0,False
747d3d0318fe,NKE,2022-05-18,-0.056341638069280386,0.6763888888888889,tenline_sec_annual_conservative,2021-12-31,2022-05-20,100.61620789005084,2022-08-17,108.63438415527344,0.0796907022572797,0.0786907022572797,-0.05,1,60,0.0,False
747d3d0318fe,NKE,2022-06-16,-0.05571237238927518,0.6763888888888889,tenline_sec_annual_conservative,2021-12-31,2022-06-21,100.67058527206925,2022-09-15,98.20443725585938,-0.02449720550988088,-0.025497205509880883,-0.05,1,60,0.0,False
747d3d0318fe,NKE,2022-06-28,-0.06986427419498809,0.6763888888888889,tenline_sec_annual_conservative,2021-12-31,2022-06-30,94.61885391972896,2022-09-26,89.41722869873047,-0.054974510951182665,-0.055974510951182666,-0.05,1,60,0.0,False
747d3d0318fe,NKE,2022-09-13,-0.0592632278794345,0.6763888888888889,tenline_sec_annual_conservative,2021-12-31,2022-09-15,98.809489711446,2022-12-09,102.16600036621094,0.03396951714422336,0.03296951714422336,-0.05,1,60,0.0,False
747d3d0318fe,NKE,2022-09-30,-0.12808135892361716,0.6763888888888889,tenline_sec_annual_conservative,2021-12-31,2022-10-04,81.63532364038758,2022-12-29,109.5702667236328,0.34219185810179,0.34119185810179,-0.05,1,60,0.0,False
747d3d0318fe,NKE,2023-12-22,-0.1182568042499732,0.5326388888888889,tenline_sec_annual_conservative,2022-12-31,2023-12-27,102.46514055456204,2024-03-25,88.98308563232422,-0.13157699144577573,-0.13257699144577573,-0.05,1,60,0.0,False
747d3d0318fe,NKE,2024-03-22,-0.0690338188169407,0.63125,tenline_sec_annual_conservative,2023-12-31,2024-03-26,88.97358740878632,2024-06-21,92.59913635253906,0.04074859797543384,0.03974859797543384,-0.05,1,60,0.0,False
747d3d0318fe,NKE,2024-06-28,-0.19980885303062645,0.63125,tenline_sec_annual_conservative,2023-12-31,2024-07-02,73.19886634681284,2024-09-26,85.55628204345703,0.1688197688485411,0.1678197688485411,-0.05,1,60,0.0,False
747d3d0318fe,NKE,2024-10-02,-0.06765405520267831,0.63125,tenline_sec_annual_conservative,2023-12-31,2024-10-04,79.0861961211603,2024-12-31,72.7943344116211,-0.07955701523310155,-0.08055701523310155,-0.05,1,60,0.0,False
747d3d0318fe,NKE,2025-03-21,-0.05455060556696645,0.6555555555555554,tenline_sec_annual_conservative,2024-12-31,2025-03-25,65.3214971973046,2025-06-20,58.1931266784668,-0.10912748214123824,-0.11012748214123824,-0.05,1,60,0.0,False
747d3d0318fe,NKE,2025-04-03,-0.14439642370689287,0.6555555555555554,tenline_sec_annual_conservative,2024-12-31,2025-04-07,53.56439973821726,2025-07-03,74.34976959228516,0.3880444839417829,0.3870444839417829,-0.05,1,60,0.0,False
747d3d0318fe,NKE,2025-04-10,-0.08294001041825738,0.6555555555555554,tenline_sec_annual_conservative,2024-12-31,2025-04-14,53.79644881824925,2025-07-11,70.69019317626953,0.31403084644296175,0.31303084644296175,-0.05,1,60,0.0,False
747d3d0318fe,NKE,2025-12-19,-0.10543952557727221,0.6555555555555554,tenline_sec_annual_conservative,2024-12-31,2025-12-23,56.29920230093564,2026-03-23,52.24253082275391,-0.07205557649818262,-0.07305557649818262,-0.05,1,60,0.0,False
747d3d0318fe,NKE,2026-04-01,-0.15505485932819896,0.4305555555555555,tenline_sec_annual_conservative,2025-12-31,2026-04-06,43.76835923952276,2026-07-01,43.060001373291016,-0.01618424538958041,-0.01718424538958041,-0.05,1,60,0.0,False
747d3d0318fe,NVDA,2025-01-07,-0.06216953442159834,0.7699074074074074,tenline_sec_annual_conservative,2024-12-31,2025-01-10,137.24501786219508,2025-04-08,96.16522979736328,-0.2993171533999083,-0.3003171533999083,-0.05,1,60,0.0,False
747d3d0318fe,NVDA,2025-01-27,-0.16968167662348033,0.7699074074074074,tenline_sec_annual_conservative,2024-12-31,2025-01-29,126.31134548354018,2025-04-25,110.85465240478516,-0.1223697920371627,-0.1233697920371627,-0.05,1,60,0.0,False
747d3d0318fe,NVDA,2025-02-27,-0.08478062880758996,0.7699074074074074,tenline_sec_annual_conservative,2024-12-31,2025-03-03,123.32581202011416,2025-05-28,134.621337890625,0.09159093044259525,0.09059093044259525,-0.05,1,60,0.0,False
747d3d0318fe,NVDA,2025-03-03,-0.08693563240438495,0.7699074074074074,tenline_sec_annual_conservative,2024-12-31,2025-03-05,117.40465751759533,2025-05-30,134.94090270996094,0.14936583916815627,0.14836583916815627,-0.05,1,60,0.0,False
747d3d0318fe,NVDA,2025-03-06,-0.05737431228014822,0.7699074074074074,tenline_sec_annual_conservative,2024-12-31,2025-03-10,109.73610085349598,2025-06-04,141.7213897705078,0.29147462565408655,0.29047462565408655,-0.05,1,60,0.0,False
747d3d0318fe,NVDA,2025-03-10,-0.050670109824213716,0.7699074074074074,tenline_sec_annual_conservative,2024-12-31,2025-03-12,113.9602977987337,2025-06-06,141.5216522216797,0.24185049491202926,0.24085049491202926,-0.05,1,60,0.0,False
747d3d0318fe,NVDA,2025-03-26,-0.057419847461616325,0.7699074074074074,tenline_sec_annual_conservative,2024-12-31,2025-03-28,111.33397804410713,2025-06-25,154.10475158691406,0.3841663999993108,0.3831663999993108,-0.05,1,60,0.0,False
747d3d0318fe,NVDA,2025-04-03,-0.07806547074373227,0.7699074074074074,tenline_sec_annual_conservative,2024-12-31,2025-04-07,87.33759621246332,2025-07-03,159.1280517578125,0.8219879943879709,0.8209879943879709,-0.05,1,60,0.0,False
747d3d0318fe,NVDA,2025-04-04,-0.07357568117034718,0.7699074074074074,tenline_sec_annual_conservative,2024-12-31,2025-04-08,103.6647139576977,2025-07-07,158.02952575683594,0.5244292847933079,0.5234292847933079,-0.05,1,60,0.0,False
747d3d0318fe,NVDA,2025-04-10,-0.059127169778110056,0.7699074074074074,tenline_sec_annual_conservative,2024-12-31,2025-04-14,113.95031245540224,2025-07-11,164.7006378173828,0.4453724107324688,0.4443724107324688,-0.05,1,60,0.0,False
747d3d0318fe,NVDA,2025-04-16,-0.06871652057100175,0.7699074074074074,tenline_sec_annual_conservative,2024-12-31,2025-04-21,98.6317735699764,2025-07-17,172.7698974609375,0.7516657280664454,0.7506657280664454,-0.05,1,60,0.0,False
747d3d0318fe,NVDA,2026-02-26,-0.0545612407286622,0.7907407407407407,tenline_sec_annual_conservative,2025-12-31,2026-03-02,174.79680413295333,2026-05-27,212.35250854492188,0.21485349573899004,0.21385349573899004,-0.05,1,60,0.0,False
0a62007297e5,AAPL,2019-01-03,-0.09960735139594357,0.7777777777777778,tenline_sec_annual_conservative,2018-12-31,2019-01-04,34.26264652552224,2019-02-04,40.59695053100586,0.18487491912702048,0.18387491912702048,-0.05,0,20,0.0,False
0a62007297e5,AAPL,2019-05-13,-0.05811956707039778,0.7777777777777778,tenline_sec_annual_conservative,2018-12-31,2019-05-14,44.55126706777633,2019-06-12,46.41065216064453,0.041735852092365855,0.040735852092365854,-0.05,0,20,0.0,False
0a62007297e5,AAPL,2019-08-05,-0.05234805416340005,0.7777777777777778,tenline_sec_annual_conservative,2018-12-31,2019-08-06,46.917325530412754,2019-09-04,50.18555068969727,0.0696592382949448,0.0686592382949448,-0.05,0,20,0.0,False
0a62007297e5,AAPL,2020-02-27,-0.06536826394002737,0.6157407407407408,tenline_sec_annual_conservative,2020-01-26,2020-02-28,62.04995543810668,2020-03-27,59.75376510620117,-0.03700551137697272,-0.03800551137697272,-0.05,0,20,0.0,False
0a62007297e5,AAPL,2020-03-09,-0.07909145549754726,0.6157407407407408,tenline_sec_annual_conservative,2020-01-26,2020-03-10,66.84490987612755,2020-04-07,62.57332992553711,-0.06390284553462988,-0.06490284553462988,-0.05,0,20,0.0,False
0a62007297e5,AAPL,2020-03-12,-0.09875466225021212,0.6157407407407408,tenline_sec_annual_conservative,2020-01-26,2020-03-13,63.89030055830854,2020-04-13,65.90666961669922,0.03155986183772086,0.03055986183772086,-0.05,0,20,0.0,False
0a62007297e5,AAPL,2020-03-16,-0.12864729725731527,0.6157407407407408,tenline_sec_annual_conservative,2020-01-26,2020-03-17,59.69829586216656,2020-04-15,68.60324096679688,0.14916581748313806,0.14816581748313806,-0.05,0,20,0.0,False
0a62007297e5,AAPL,2020-03-20,-0.06348542176201633,0.6157407407407408,tenline_sec_annual_conservative,2020-01-26,2020-03-23,55.01187574325441,2020-04-21,64.72962188720703,0.17664815119750243,0.17564815119750243,-0.05,0,20,0.0,False
0a62007297e5,AAPL,2020-04-01,-0.0526171560497779,0.6157407407407408,tenline_sec_annual_conservative,2020-01-26,2020-04-02,57.96892520332119,2020-05-01,69.7223892211914,0.2027545616318729,0.2017545616318729,-0.05,0,20,0.0,False
0a62007297e5,AAPL,2020-09-03,-0.08006069500538127,0.6157407407407408,tenline_sec_annual_conservative,2020-01-26,2020-09-04,116.36437378387907,2020-10-05,112.9045639038086,-0.02973255273556752,-0.03073255273556752,-0.05,0,20,0.0,False
0a62007297e5,AAPL,2020-09-08,-0.06729501440433605,0.6157407407407408,tenline_sec_annual_conservative,2020-01-26,2020-09-09,113.641095738678,2020-10-07,111.52838897705078,-0.01859104532470779,-0.01959104532470779,-0.05,0,20,0.0,False
0a62007297e5,AAPL,2020-10-30,-0.05601795431850343,0.6157407407407408,tenline_sec_annual_conservative,2020-01-26,2020-11-02,105.74264246216924,2020-12-01,119.1377944946289,0.12667691785035484,0.12567691785035484,-0.05,0,20,0.0,False
0a62007297e5,AAPL,2026-06-25,-0.06117774105404383,0.6347222222222222,tenline_sec_annual_conservative,2026-01-25,2026-06-26,274.7630284991681,2026-07-27,336.61968994140625,0.2251273098135378,0.2241273098135378,-0.05,0,20,0.0,False
0a62007297e5,AMZN,2020-03-09,-0.05285383245165354,0.6092592592592593,tenline_sec_annual_conservative,2019-12-31,2020-03-10,93.54399871826172,2020-04-07,100.58000183105467,0.07521597546823044,0.07421597546823044,-0.05,0,20,0.0,False
0a62007297e5,AMZN,2020-03-12,-0.07922082514747941,0.6092592592592593,tenline_sec_annual_conservative,2019-12-31,2020-03-13,87.75,2020-04-13,108.44349670410156,0.2358233242632657,0.2348233242632657,-0.05,0,20,0.0,False
0a62007297e5,AMZN,2020-03-16,-0.053697516604298,0.6092592592592593,tenline_sec_annual_conservative,2019-12-31,2020-03-17,88.77349853515625,2020-04-15,115.38400268554688,0.2997572990756052,0.2987572990756052,-0.05,0,20,0.0,False
0a62007297e5,AMZN,2020-05-01,-0.07597409237648933,0.6092592592592593,tenline_sec_annual_conservative,2019-12-31,2020-05-04,112.81900024414062,2020-06-02,123.62049865722656,0.09574183771981204,0.09474183771981204,-0.05,0,20,0.0,False
0a62007297e5,AMZN,2020-10-30,-0.0544564552314909,0.6092592592592593,tenline_sec_annual_conservative,2019-12-31,2020-11-02,153.08700561523438,2020-12-01,161.00399780273438,0.05171563814761915,0.050715638147619146,-0.05,0,20,0.0,False
0a62007297e5,AMZN,2020-11-09,-0.05062255447737596,0.6092592592592593,tenline_sec_annual_conservative,2019-12-31,2020-11-10,154.75100708007812,2020-12-09,155.2100067138672,0.002966052644501005,0.001966052644501005,-0.05,0,20,0.0,False
0a62007297e5,AMZN,2021-07-30,-0.07564890713277761,0.5671296296296297,tenline_sec_annual_conservative,2020-12-31,2021-08-02,167.65499877929688,2021-08-30,171.07850646972656,0.020419955953335123,0.019419955953335122,-0.05,0,20,0.0,False
0a62007297e5,AMZN,2022-01-21,-0.05950180896147472,0.5254629629629629,tenline_sec_annual_conservative,2021-12-31,2022-01-24,139.0,2022-02-22,150.19749450683594,0.08055751443766868,0.07955751443766867,-0.05,0,20,0.0,False
0a62007297e5,AMZN,2022-02-03,-0.0781276325178123,0.5462962962962963,tenline_sec_annual_conservative,2021-12-31,2022-02-04,155.60650634765625,2022-03-07,137.4530029296875,-0.11666288154693327,-0.11766288154693327,-0.05,0,20,0.0,False
0a62007297e5,AMZN,2022-03-07,-0.05622045424233624,0.5462962962962963,tenline_sec_annual_conservative,2021-12-31,2022-03-08,136.68350219726562,2022-04-05,164.05499267578125,0.20025452990670578,0.19925452990670578,-0.05,0,20,0.0,False
0a62007297e5,AMZN,2022-04-29,-0.14049437774923412,0.5462962962962963,tenline_sec_annual_conservative,2021-12-31,2022-05-02,122.4010009765625,2022-05-31,120.20950317382812,-0.017904247393810135,-0.018904247393810136,-0.05,0,20,0.0,False
0a62007297e5,AMZN,2022-05-05,-0.07561036490424522,0.5462962962962963,tenline_sec_annual_conservative,2021-12-31,2022-05-06,114.8499984741211,2022-06-06,124.79000091552734,0.08654769328225997,0.08554769328225997,-0.05,0,20,0.0,False
0a62007297e5,AMZN,2022-05-09,-0.05213354825727923,0.5462962962962963,tenline_sec_annual_conservative,2021-12-31,2022-05-10,111.25,2022-06-08,121.18000030517578,0.0892584297094452,0.0882584297094452,-0.05,0,20,0.0,False
0a62007297e5,AMZN,2022-05-18,-0.07156196640827228,0.5462962962962963,tenline_sec_annual_conservative,2021-12-31,2022-05-19,106.28050231933594,2022-06-17,106.22000122070312,-0.0005692586816256062,-0.0015692586816256062,-0.05,0,20,0.0,False
0a62007297e5,AMZN,2022-06-10,-0.05596211721574329,0.5462962962962963,tenline_sec_annual_conservative,2021-12-31,2022-06-13,104.19000244140624,2022-07-13,110.4000015258789,0.05960263882290451,0.05860263882290451,-0.05,0,20,0.0,False
0a62007297e5,AMZN,2022-06-13,-0.05453719355874531,0.5462962962962963,tenline_sec_annual_conservative,2021-12-31,2022-06-14,104.19000244140624,2022-07-14,110.62999725341795,0.06181010328350278,0.06081010328350278,-0.05,0,20,0.0,False
0a62007297e5,AMZN,2022-06-28,-0.05140434227234392,0.5462962962962963,tenline_sec_annual_conservative,2021-12-31,2022-06-29,107.37999725341795,2022-07-28,122.27999877929688,0.1387595632985048,0.1377595632985048,-0.05,0,20,0.0,False
0a62007297e5,AMZN,2022-07-26,-0.052253606265046604,0.5462962962962963,tenline_sec_annual_conservative,2021-12-31,2022-07-27,117.30999755859376,2022-08-24,133.8000030517578,0.14056777628801553,0.13956777628801553,-0.05,0,20,0.0,False
0a62007297e5,AMZN,2022-09-13,-0.0705752837581286,0.5462962962962963,tenline_sec_annual_conservative,2021-12-31,2022-09-14,127.36000061035156,2022-10-12,112.9000015258789,-0.11353642442819978,-0.11453642442819978,-0.05,0,20,0.0,False
0a62007297e5,AMZN,2022-10-14,-0.05003107895219994,0.5462962962962963,tenline_sec_annual_conservative,2021-12-31,2022-10-17,110.11000061035156,2022-11-14,98.48999786376952,-0.10553085716257493,-0.10653085716257493,-0.05,0,20,0.0,False
0a62007297e5,AMZN,2022-10-28,-0.06804249715805744,0.5462962962962963,tenline_sec_annual_conservative,2021-12-31,2022-10-31,103.55999755859376,2022-11-29,92.41999816894533,-0.10757048717913964,-0.10857048717913964,-0.05,0,20,0.0,False
0a62007297e5,AMZN,2022-11-01,-0.05515425020719411,0.5462962962962963,tenline_sec_annual_conservative,2021-12-31,2022-11-02,97.31999969482422,2022-12-01,95.5,-0.018701188866947938,-0.01970118886694794,-0.05,0,20,0.0,False
0a62007297e5,AMZN,2026-02-06,-0.05554804877440456,0.2847222222222222,tenline_sec_annual_conservative,2025-12-31,2026-02-09,208.97000122070312,2026-03-10,214.3300018310547,0.025649617548169523,0.024649617548169522,-0.05,0,20,0.0,False
0a62007297e5,GOOGL,2026-07-23,-0.0713262420932762,0.5189814814814815,tenline_sec_annual_conservative,2025-12-31,2026-07-24,318.4200134277344,2026-08-21,344.82000732421875,0.08290934232523006,0.08190934232523006,-0.05,0,20,0.0,False
0a62007297e5,HD,2023-02-21,-0.07060844097676822,0.7053571428571429,tenline_sec_annual_conservative,2022-12-31,2023-02-22,271.82966318757144,2023-03-22,260.0506286621094,-0.043332410404872346,-0.04433241040487235,-0.05,0,20,0.0,False
0a62007297e5,META,2024-04-25,-0.10561289492370807,0.4708333333333334,tenline_sec_annual_conservative,2023-12-31,2024-04-26,438.0813276050655,2024-05-24,474.55999755859375,0.0832691732216766,0.0822691732216766,-0.05,0,20,0.0,False
0a62007297e5,META,2024-07-17,-0.05675907421834325,0.4708333333333334,tenline_sec_annual_conservative,2023-12-31,2024-07-18,471.8326942182321,2024-08-15,533.7470703125,0.13122103841670452,0.13022103841670452,-0.05,0,20,0.0,False
0a62007297e5,META,2024-07-24,-0.056109168662901054,0.4708333333333334,tenline_sec_annual_conservative,2023-12-31,2024-07-25,460.1710149834866,2024-08-22,528.3829956054688,0.14823180600462194,0.14723180600462193,-0.05,0,20,0.0,False
0a62007297e5,META,2025-04-03,-0.08958280531351914,0.6324074074074074,tenline_sec_annual_conservative,2024-12-31,2025-04-04,504.5767586556749,2025-05-05,596.8530883789062,0.182878676316919,0.181878676316919,-0.05,0,20,0.0,False
0a62007297e5,META,2025-04-04,-0.050581139935028885,0.6324074074074074,tenline_sec_annual_conservative,2024-12-31,2025-04-07,483.1435451248476,2025-05-06,584.9412841796875,0.21069874591522209,0.20969874591522208,-0.05,0,20,0.0,False
0a62007297e5,META,2025-04-10,-0.0673985211979895,0.6324074074074074,tenline_sec_annual_conservative,2024-12-31,2025-04-11,533.3502556297472,2025-05-12,636.8511352539062,0.19405799196993279,0.19305799196993279,-0.05,0,20,0.0,False
0a62007297e5,META,2025-10-30,-0.11334764097342975,0.6324074074074074,tenline_sec_annual_conservative,2024-12-31,2025-10-31,672.7602632515434,2025-12-01,639.2075805664062,-0.049873163618452065,-0.050873163618452066,-0.05,0,20,0.0,False
0a62007297e5,META,2026-03-26,-0.07959464154247431,0.7199074074074073,tenline_sec_annual_conservative,2025-12-31,2026-03-27,539.599843303006,2026-04-27,677.9916381835938,0.25647115468652104,0.25547115468652104,-0.05,0,20,0.0,False
0a62007297e5,META,2026-04-30,-0.08550038433407037,0.7199074074074073,tenline_sec_annual_conservative,2025-12-31,2026-05-01,614.120842749119,2026-06-01,599.9139404296875,-0.02313372439182182,-0.02413372439182182,-0.05,0,20,0.0,False
0a62007297e5,META,2026-06-01,-0.05065539518815376,0.7199074074074073,tenline_sec_annual_conservative,2025-12-31,2026-06-02,602.68138962268,2026-07-01,612.9099731445312,0.016971792555690257,0.015971792555690256,-0.05,0,20,0.0,False
0a62007297e5,META,2026-06-05,-0.055085447812264654,0.7199074074074073,tenline_sec_annual_conservative,2025-12-31,2026-06-08,591.4518261333767,2026-07-08,603.1199951171875,0.01972801244032274,0.01872801244032274,-0.05,0,20,0.0,False
0a62007297e5,META,2026-06-17,-0.05436431197128366,0.7199074074074073,tenline_sec_annual_conservative,2025-12-31,2026-06-18,572.8200073242188,2026-07-20,645.8499755859375,0.12749199980437043,0.12649199980437043,-0.05,0,20,0.0,False
0a62007297e5,MSFT,2020-02-27,-0.07045898111696802,0.6050925925925926,tenline_sec_annual_conservative,2019-12-31,2020-02-28,144.1909495095758,2020-03-27,141.62705993652344,-0.01778121013678524,-0.018781210136785242,-0.05,0,20,0.0,False
0a62007297e5,MSFT,2020-03-09,-0.0677726761084152,0.6050925925925926,tenline_sec_annual_conservative,2019-12-31,2020-03-10,149.63086415534653,2020-04-07,154.67340087890625,0.0336998436253404,0.0326998436253404,-0.05,0,20,0.0,False
0a62007297e5,MSFT,2020-03-12,-0.09483829448607606,0.6050925925925926,tenline_sec_annual_conservative,2019-12-31,2020-03-13,139.5457337596405,2020-04-13,156.58445739746094,0.12210135830571955,0.12110135830571955,-0.05,0,20,0.0,False
0a62007297e5,MSFT,2020-03-16,-0.147390723769389,0.6050925925925926,tenline_sec_annual_conservative,2019-12-31,2020-03-17,132.4501739191631,2020-04-15,162.61099243164062,0.2277144500458359,0.2267144500458359,-0.05,0,20,0.0,False
0a62007297e5,MSFT,2020-06-11,-0.053697922731070324,0.6050925925925926,tenline_sec_annual_conservative,2019-12-31,2020-06-12,180.7667054997271,2020-07-13,196.4488983154297,0.08675376791511136,0.08575376791511136,-0.05,0,20,0.0,False
0a62007297e5,MSFT,2020-09-03,-0.06194671570365484,0.6050925925925926,tenline_sec_annual_conservative,2019-12-31,2020-09-04,204.5602944159865,2020-10-05,200.07156372070312,-0.02194331362348967,-0.02294331362348967,-0.05,0,20,0.0,False
0a62007297e5,MSFT,2020-09-08,-0.054095880600493196,0.6050925925925926,tenline_sec_annual_conservative,2019-12-31,2020-09-09,197.4278299244589,2020-10-07,199.54852294921875,0.010741611380580274,0.009741611380580273,-0.05,0,20,0.0,False
0a62007297e5,MSFT,2022-09-13,-0.054978051494992464,0.6050925925925926,tenline_sec_annual_conservative,2019-12-31,2022-09-14,245.35746095813147,2022-10-12,218.4729461669922,-0.1095728439891499,-0.1105728439891499,-0.05,0,20,0.0,False
0a62007297e5,MSFT,2022-10-07,-0.05085299426779777,0.6050925925925926,tenline_sec_annual_conservative,2019-12-31,2022-10-10,225.53763257488384,2022-11-07,220.5246124267578,-0.02222697866823442,-0.02322697866823442,-0.05,0,20,0.0,False
0a62007297e5,MSFT,2022-10-26,-0.07715615824155908,0.6050925925925926,tenline_sec_annual_conservative,2019-12-31,2022-10-27,223.592440615288,2022-11-25,240.18716430664065,0.07421862584301508,0.07321862584301508,-0.05,0,20,0.0,False
0a62007297e5,MSFT,2024-10-31,-0.06052750099407056,0.7583333333333334,tenline_sec_annual_conservative,2022-12-31,2024-11-01,402.64935394726,2024-12-02,425.1269836425781,0.0558243282274391,0.0548243282274391,-0.05,0,20,0.0,False
0a62007297e5,MSFT,2025-01-30,-0.06180903636906887,0.5064814814814814,tenline_sec_annual_conservative,2024-12-31,2025-01-31,413.2899641100712,2025-03-03,383.98236083984375,-0.07091293236053986,-0.07191293236053986,-0.05,0,20,0.0,False
0a62007297e5,MSFT,2026-01-29,-0.09993140149712809,0.5416666666666666,tenline_sec_annual_conservative,2025-12-31,2026-01-30,436.4013853645445,2026-03-02,396.9413757324219,-0.09042136655721211,-0.09142136655721211,-0.05,0,20,0.0,False
0a62007297e5,NKE,2020-03-12,-0.11666682124311178,0.7069444444444444,tenline_sec_annual_conservative,2019-12-31,2020-03-13,71.2206406173902,2020-04-13,76.92192840576172,0.0800510601835196,0.0790510601835196,-0.05,0,20,0.0,False
0a62007297e5,NKE,2020-03-16,-0.11630090333112286,0.7069444444444444,tenline_sec_annual_conservative,2019-12-31,2020-03-17,61.48472020471045,2020-04-15,77.45016479492188,0.25966523938069885,0.25866523938069885,-0.05,0,20,0.0,False
0a62007297e5,NKE,2020-03-23,-0.06893999488062419,0.7069444444444444,tenline_sec_annual_conservative,2019-12-31,2020-03-24,59.83627285471199,2020-04-22,80.84725189208984,0.3511411729870684,0.35014117298706837,-0.05,0,20,0.0,False
0a62007297e5,NKE,2020-06-11,-0.06805730495465023,0.7069444444444444,tenline_sec_annual_conservative,2019-12-31,2020-06-12,89.29352875098706,2020-07-13,88.07005310058594,-0.013701728081696007,-0.014701728081696008,-0.05,0,20,0.0,False
0a62007297e5,NKE,2020-06-26,-0.0762325585879895,0.7069444444444444,tenline_sec_annual_conservative,2019-12-31,2020-06-29,85.550139985295,2020-07-28,87.89659118652344,0.027427789149518045,0.026427789149518044,-0.05,0,20,0.0,False
0a62007297e5,NKE,2022-03-07,-0.05137986890110058,0.6763888888888889,tenline_sec_annual_conservative,2021-12-31,2022-03-08,115.95816312279383,2022-04-05,122.49495697021484,0.05637200237898621,0.05537200237898621,-0.05,0,20,0.0,False
0a62007297e5,NKE,2022-04-26,-0.05799593676271375,0.6763888888888889,tenline_sec_annual_conservative,2021-12-31,2022-04-27,112.11573884449788,2022-05-25,100.18103790283205,-0.1064498264442516,-0.1074498264442516,-0.05,0,20,0.0,False
0a62007297e5,NKE,2022-05-05,-0.05894014688087312,0.6763888888888889,tenline_sec_annual_conservative,2021-12-31,2022-05-06,105.3104594448684,2022-06-06,111.59529113769533,0.059679083406877886,0.058679083406877885,-0.05,0,20,0.0,False
0a62007297e5,NKE,2022-05-18,-0.056341638069280386,0.6763888888888889,tenline_sec_annual_conservative,2021-12-31,2022-05-19,100.87547948416848,2022-06-17,99.63102722167967,-0.012336518932572815,-0.013336518932572816,-0.05,0,20,0.0,False
0a62007297e5,NKE,2022-06-16,-0.05571237238927518,0.6763888888888889,tenline_sec_annual_conservative,2021-12-31,2022-06-17,98.52649573710626,2022-07-19,101.34813690185548,0.02863839968771531,0.02763839968771531,-0.05,0,20,0.0,False
0a62007297e5,NKE,2022-06-28,-0.06986427419498809,0.6763888888888889,tenline_sec_annual_conservative,2021-12-31,2022-06-29,95.5934105127273,2022-07-28,104.16983795166016,0.08971776812786691,0.08871776812786691,-0.05,0,20,0.0,False
0a62007297e5,NKE,2022-09-13,-0.0592632278794345,0.6763888888888889,tenline_sec_annual_conservative,2021-12-31,2022-09-14,98.79086791876286,2022-10-12,82.38934326171875,-0.1660226800571417,-0.16702268005714171,-0.05,0,20,0.0,False
0a62007297e5,NKE,2022-09-30,-0.12808135892361716,0.6763888888888889,tenline_sec_annual_conservative,2021-12-31,2022-10-03,77.38136420826127,2022-10-31,86.2709732055664,0.11488048948555596,0.11388048948555596,-0.05,0,20,0.0,False
0a62007297e5,NKE,2023-12-22,-0.1182568042499732,0.5326388888888889,tenline_sec_annual_conservative,2022-12-31,2023-12-26,102.42730594183745,2024-01-25,95.3056411743164,-0.06952896692962929,-0.07052896692962929,-0.05,0,20,0.0,False
0a62007297e5,NKE,2024-03-22,-0.0690338188169407,0.63125,tenline_sec_annual_conservative,2023-12-31,2024-03-25,89.28681427495741,2024-04-23,89.23934173583984,-0.0005316858878106068,-0.0015316858878106068,-0.05,0,20,0.0,False
0a62007297e5,NKE,2024-06-28,-0.19980885303062645,0.63125,tenline_sec_annual_conservative,2023-12-31,2024-07-01,71.9410735788205,2024-07-30,70.81671142578125,-0.015628932084358782,-0.016628932084358783,-0.05,0,20,0.0,False
0a62007297e5,NKE,2024-10-02,-0.06765405520267831,0.63125,tenline_sec_annual_conservative,2023-12-31,2024-10-03,78.86604741095258,2024-10-31,73.82206726074219,-0.06395629444857787,-0.06495629444857787,-0.05,0,20,0.0,False
0a62007297e5,NKE,2025-03-21,-0.05455060556696645,0.6555555555555554,tenline_sec_annual_conservative,2024-12-31,2025-03-24,66.28836708196621,2025-04-22,55.16940307617188,-0.16773627855466144,-0.16873627855466145,-0.05,0,20,0.0,False
0a62007297e5,NKE,2025-04-03,-0.14439642370689287,0.6555555555555554,tenline_sec_annual_conservative,2024-12-31,2025-04-04,51.45663306843408,2025-05-05,55.44979095458984,0.07760239347267639,0.07660239347267639,-0.05,0,20,0.0,False
0a62007297e5,NKE,2025-04-10,-0.08294001041825738,0.6555555555555554,tenline_sec_annual_conservative,2024-12-31,2025-04-11,52.597538467154266,2025-05-12,60.50650405883789,0.15036759936251687,0.14936759936251687,-0.05,0,20,0.0,False
0a62007297e5,NKE,2025-12-19,-0.10543952557727221,0.6555555555555554,tenline_sec_annual_conservative,2024-12-31,2025-12-22,58.08132028849413,2026-01-22,64.45165252685547,0.10967953563588839,0.10867953563588839,-0.05,0,20,0.0,False
0a62007297e5,NKE,2026-04-01,-0.15505485932819896,0.4305555555555555,tenline_sec_annual_conservative,2025-12-31,2026-04-02,43.37190511622997,2026-05-01,44.00623321533203,0.01462532248473214,0.013625322484732139,-0.05,0,20,0.0,False
0a62007297e5,NVDA,2025-01-07,-0.06216953442159834,0.7699074074074074,tenline_sec_annual_conservative,2024-12-31,2025-01-08,142.36737985085435,2025-02-07,129.64634704589844,-0.08935356412601403,-0.09035356412601403,-0.05,0,20,0.0,False
0a62007297e5,NVDA,2025-01-27,-0.16968167662348033,0.7699074074074074,tenline_sec_annual_conservative,2024-12-31,2025-01-28,121.62833781559046,2025-02-26,131.084228515625,0.07774414145469377,0.07674414145469377,-0.05,0,20,0.0,False
0a62007297e5,NVDA,2025-02-27,-0.08478062880758996,0.7699074074074074,tenline_sec_annual_conservative,2024-12-31,2025-02-28,117.84399213493025,2025-03-28,109.51652526855467,-0.07066517957776497,-0.07166517957776497,-0.05,0,20,0.0,False
0a62007297e5,NVDA,2025-03-03,-0.08693563240438495,0.7699074074074074,tenline_sec_annual_conservative,2024-12-31,2025-03-04,110.48499132597254,2025-04-01,109.99585723876952,-0.004427154144040268,-0.0054271541440402684,-0.05,0,20,0.0,False
0a62007297e5,NVDA,2025-03-06,-0.05737431228014822,0.7699074074074074,tenline_sec_annual_conservative,2024-12-31,2025-03-07,111.0841023095759,2025-04-04,94.17801666259766,-0.1521917654775059,-0.1531917654775059,-0.05,0,20,0.0,False
0a62007297e5,NVDA,2025-03-10,-0.050670109824213716,0.7699074074074074,tenline_sec_annual_conservative,2024-12-31,2025-03-11,106.83043665954976,2025-04-08,96.16522979736328,-0.09983303631131513,-0.10083303631131513,-0.05,0,20,0.0,False
0a62007297e5,NVDA,2025-03-26,-0.057419847461616325,0.7699074074074074,tenline_sec_annual_conservative,2024-12-31,2025-03-27,111.19417323533278,2025-04-25,110.85465240478516,-0.0030534048742739683,-0.004053404874273968,-0.05,0,20,0.0,False
0a62007297e5,NVDA,2025-04-03,-0.07806547074373227,0.7699074074074074,tenline_sec_annual_conservative,2024-12-31,2025-04-04,98.7715853475697,2025-05-05,113.66071319580078,0.15074302792485694,0.14974302792485694,-0.05,0,20,0.0,False
0a62007297e5,NVDA,2025-04-04,-0.07357568117034718,0.7699074074074074,tenline_sec_annual_conservative,2024-12-31,2025-04-07,87.33759621246332,2025-05-06,113.38111114501952,0.29819363094446727,0.29719363094446727,-0.05,0,20,0.0,False
0a62007297e5,NVDA,2025-04-10,-0.059127169778110056,0.7699074074074074,tenline_sec_annual_conservative,2024-12-31,2025-04-11,108.34816524857224,2025-05-12,122.82786560058594,0.13364047576435079,0.13264047576435078,-0.05,0,20,0.0,False
0a62007297e5,NVDA,2025-04-16,-0.06871652057100175,0.7699074074074074,tenline_sec_annual_conservative,2024-12-31,2025-04-17,104.30381795694564,2025-05-16,135.21051025390625,0.296314103379401,0.295314103379401,-0.05,0,20,0.0,False
0a62007297e5,NVDA,2026-02-26,-0.0545612407286622,0.7907407407407407,tenline_sec_annual_conservative,2025-12-31,2026-02-27,181.0292033274304,2026-03-27,167.32498168945312,-0.07570171765706901,-0.07670171765706901,-0.05,0,20,0.0,False
0a62007297e5,NVDA,2026-06-05,-0.062014073591381336,0.7907407407407407,tenline_sec_annual_conservative,2025-12-31,2026-06-08,210.17999267578125,2026-07-08,204.1199951171875,-0.02883241873522069,-0.02983241873522069,-0.05,0,20,0.0,False
ac386fee1cc2,AAPL,2019-01-03,-0.09960735139594357,0.7777777777777778,tenline_sec_annual_conservative,2018-12-31,2019-01-07,35.25120757867321,2019-02-05,41.29155349731445,0.1713514609438691,0.1703514609438691,-0.05,1,20,0.0,False
ac386fee1cc2,AAPL,2019-05-13,-0.05811956707039778,0.7777777777777778,tenline_sec_annual_conservative,2018-12-31,2019-05-15,44.51781960886782,2019-06-13,46.40109634399414,0.042303885313178746,0.041303885313178745,-0.05,1,20,0.0,False
ac386fee1cc2,AAPL,2019-08-05,-0.05234805416340005,0.7777777777777778,tenline_sec_annual_conservative,2018-12-31,2019-08-07,46.702221401498505,2019-09-05,51.16675567626953,0.09559575841991474,0.09459575841991474,-0.05,1,20,0.0,False
ac386fee1cc2,AAPL,2020-02-27,-0.06536826394002737,0.6157407407407408,tenline_sec_annual_conservative,2020-01-26,2020-03-02,68.08465633915449,2020-03-30,61.459022521972656,-0.09731463994144496,-0.09831463994144496,-0.05,1,20,0.0,False
ac386fee1cc2,AAPL,2020-03-09,-0.07909145549754726,0.6157407407407408,tenline_sec_annual_conservative,2020-01-26,2020-03-11,66.9052206904251,2020-04-08,64.17489624023438,-0.040808840057850126,-0.04180884005785013,-0.05,1,20,0.0,False
ac386fee1cc2,AAPL,2020-03-12,-0.09875466225021212,0.6157407407407408,tenline_sec_annual_conservative,2020-01-26,2020-03-16,58.35724684046864,2020-04-14,69.23516082763672,0.18640211072508373,0.18540211072508372,-0.05,1,20,0.0,False
ac386fee1cc2,AAPL,2020-03-16,-0.12864729725731527,0.6157407407407408,tenline_sec_annual_conservative,2020-01-26,2020-03-18,57.83144203035199,2020-04-16,69.1483383178711,0.19568760332103774,0.19468760332103774,-0.05,1,20,0.0,False
ac386fee1cc2,AAPL,2020-03-20,-0.06348542176201633,0.6157407407407408,tenline_sec_annual_conservative,2020-01-26,2020-03-24,57.00896347667582,2020-04-22,66.59407043457031,0.16813333155611687,0.16713333155611687,-0.05,1,20,0.0,False
ac386fee1cc2,AAPL,2020-04-01,-0.0526171560497779,0.6157407407407408,tenline_sec_annual_conservative,2020-01-26,2020-04-03,58.56227043050136,2020-05-04,70.70884704589844,0.20741300714787014,0.20641300714787014,-0.05,1,20,0.0,False
ac386fee1cc2,AAPL,2020-09-03,-0.08006069500538127,0.6157407407407408,tenline_sec_annual_conservative,2020-01-26,2020-09-08,110.4332424909772,2020-10-06,109.6676254272461,-0.006932849624456616,-0.007932849624456617,-0.05,1,20,0.0,False
ac386fee1cc2,AAPL,2020-09-08,-0.06729501440433605,0.6157407407407408,tenline_sec_annual_conservative,2020-01-26,2020-09-10,116.64541298049808,2020-10-08,111.4217758178711,-0.044782190993659765,-0.045782190993659766,-0.05,1,20,0.0,False
ac386fee1cc2,AAPL,2020-10-30,-0.05601795431850343,0.6157407407407408,tenline_sec_annual_conservative,2020-01-26,2020-11-03,106.27565935922766,2020-12-02,119.48727416992188,0.12431458802844952,0.12331458802844952,-0.05,1,20,0.0,False
ac386fee1cc2,AAPL,2026-06-25,-0.06117774105404383,0.6347222222222222,tenline_sec_annual_conservative,2026-01-25,2026-06-29,286.4829438934296,2026-07-28,339.78692626953125,0.1860633713535509,0.1850633713535509,-0.05,1,20,0.0,False
ac386fee1cc2,AMZN,2020-03-09,-0.05285383245165354,0.6092592592592593,tenline_sec_annual_conservative,2019-12-31,2020-03-11,92.89250183105467,2020-04-08,102.1500015258789,0.09965820181763463,0.09865820181763463,-0.05,1,20,0.0,False
ac386fee1cc2,AMZN,2020-03-12,-0.07922082514747941,0.6092592592592593,tenline_sec_annual_conservative,2019-12-31,2020-03-16,82.07550048828125,2020-04-14,114.16600036621094,0.39098756251278144,0.38998756251278144,-0.05,1,20,0.0,False
ac386fee1cc2,AMZN,2020-03-16,-0.053697516604298,0.6092592592592593,tenline_sec_annual_conservative,2019-12-31,2020-03-18,87.5,2020-04-16,120.40950012207033,0.37610857282366084,0.37510857282366084,-0.05,1,20,0.0,False
ac386fee1cc2,AMZN,2020-05-01,-0.07597409237648933,0.6092592592592593,tenline_sec_annual_conservative,2019-12-31,2020-05-05,117.0,2020-06-03,123.91999816894533,0.05914528349525927,0.05814528349525927,-0.05,1,20,0.0,False
ac386fee1cc2,AMZN,2020-10-30,-0.0544564552314909,0.6092592592592593,tenline_sec_annual_conservative,2019-12-31,2020-11-03,150.92649841308594,2020-12-02,160.17649841308594,0.06128811108227494,0.06028811108227494,-0.05,1,20,0.0,False
ac386fee1cc2,AMZN,2020-11-09,-0.05062255447737596,0.6092592592592593,tenline_sec_annual_conservative,2019-12-31,2020-11-11,153.08900451660156,2020-12-10,155.07449340820312,0.01296950684257836,0.011969506842578359,-0.05,1,20,0.0,False
ac386fee1cc2,AMZN,2021-07-30,-0.07564890713277761,0.5671296296296297,tenline_sec_annual_conservative,2020-12-31,2021-08-03,167.03599548339844,2021-08-31,173.5395050048828,0.03893477871439255,0.03793477871439255,-0.05,1,20,0.0,False
ac386fee1cc2,AMZN,2022-01-21,-0.05950180896147472,0.5254629629629629,tenline_sec_annual_conservative,2021-12-31,2022-01-25,142.24249267578125,2022-02-23,144.82699584960938,0.01816969827517778,0.01716969827517778,-0.05,1,20,0.0,False
ac386fee1cc2,AMZN,2022-02-03,-0.0781276325178123,0.5462962962962963,tenline_sec_annual_conservative,2021-12-31,2022-02-07,158.52000427246094,2022-03-08,136.01449584960938,-0.1419726710590391,-0.1429726710590391,-0.05,1,20,0.0,False
ac386fee1cc2,AMZN,2022-03-07,-0.05622045424233624,0.5462962962962963,tenline_sec_annual_conservative,2021-12-31,2022-03-09,139.5,2022-04-06,158.75599670410156,0.13803581866739467,0.13703581866739467,-0.05,1,20,0.0,False
ac386fee1cc2,AMZN,2022-04-29,-0.14049437774923412,0.5462962962962963,tenline_sec_annual_conservative,2021-12-31,2022-05-03,124.05349731445312,2022-06-01,121.68399810791016,-0.01910062398754242,-0.02010062398754242,-0.05,1,20,0.0,False
ac386fee1cc2,AMZN,2022-05-05,-0.07561036490424522,0.5462962962962963,tenline_sec_annual_conservative,2021-12-31,2022-05-09,111.3125,2022-06-07,123.0,0.10499719258843343,0.10399719258843343,-0.05,1,20,0.0,False
ac386fee1cc2,AMZN,2022-05-09,-0.05213354825727923,0.5462962962962963,tenline_sec_annual_conservative,2021-12-31,2022-05-11,108.10350036621094,2022-06-09,116.1500015258789,0.0744333081945514,0.0734333081945514,-0.05,1,20,0.0,False
ac386fee1cc2,AMZN,2022-05-18,-0.07156196640827228,0.5462962962962963,tenline_sec_annual_conservative,2021-12-31,2022-05-20,109.56849670410156,2022-06-21,108.68000030517578,-0.00810904982410443,-0.009109049824104432,-0.05,1,20,0.0,False
ac386fee1cc2,AMZN,2022-06-10,-0.05596211721574329,0.5462962962962963,tenline_sec_annual_conservative,2021-12-31,2022-06-14,104.19000244140624,2022-07-14,110.62999725341795,0.06181010328350278,0.06081010328350278,-0.05,1,20,0.0,False
ac386fee1cc2,AMZN,2022-06-13,-0.05453719355874531,0.5462962962962963,tenline_sec_annual_conservative,2021-12-31,2022-06-15,103.86000061035156,2022-07-15,113.5500030517578,0.09329869424669002,0.09229869424669002,-0.05,1,20,0.0,False
ac386fee1cc2,AMZN,2022-06-28,-0.05140434227234392,0.5462962962962963,tenline_sec_annual_conservative,2021-12-31,2022-06-30,108.11000061035156,2022-07-29,134.9499969482422,0.2482656200754909,0.2472656200754909,-0.05,1,20,0.0,False
ac386fee1cc2,AMZN,2022-07-26,-0.052253606265046604,0.5462962962962963,tenline_sec_annual_conservative,2021-12-31,2022-07-28,121.56999969482422,2022-08-25,137.27999877929688,0.12922595314558927,0.12822595314558927,-0.05,1,20,0.0,False
ac386fee1cc2,AMZN,2022-09-13,-0.0705752837581286,0.5462962962962963,tenline_sec_annual_conservative,2021-12-31,2022-09-15,127.37999725341795,2022-10-13,112.52999877929688,-0.11658030141559461,-0.11758030141559461,-0.05,1,20,0.0,False
ac386fee1cc2,AMZN,2022-10-14,-0.05003107895219994,0.5462962962962963,tenline_sec_annual_conservative,2021-12-31,2022-10-18,119.05999755859376,2022-11-15,98.94000244140624,-0.16899038744970363,-0.16999038744970363,-0.05,1,20,0.0,False
ac386fee1cc2,AMZN,2022-10-28,-0.06804249715805744,0.5462962962962963,tenline_sec_annual_conservative,2021-12-31,2022-11-01,103.98999786376952,2022-11-30,96.54000091552734,-0.07164147611582727,-0.07264147611582727,-0.05,1,20,0.0,False
ac386fee1cc2,AMZN,2022-11-01,-0.05515425020719411,0.5462962962962963,tenline_sec_annual_conservative,2021-12-31,2022-11-03,92.47000122070312,2022-12-02,94.12999725341795,0.017951725000552532,0.01695172500055253,-0.05,1,20,0.0,False
ac386fee1cc2,AMZN,2026-02-06,-0.05554804877440456,0.2847222222222222,tenline_sec_annual_conservative,2025-12-31,2026-02-10,208.8000030517578,2026-03-11,212.6499938964844,0.01843865320141891,0.017438653201418908,-0.05,1,20,0.0,False
ac386fee1cc2,GOOGL,2026-07-23,-0.0713262420932762,0.5189814814814815,tenline_sec_annual_conservative,2025-12-31,2026-07-27,325.0400085449219,2026-08-24,348.0599975585937,0.07082201700868573,0.06982201700868573,-0.05,1,20,0.0,False
ac386fee1cc2,HD,2023-02-21,-0.07060844097676822,0.7053571428571429,tenline_sec_annual_conservative,2022-12-31,2023-02-23,271.1353702875478,2023-03-23,261.2469482421875,-0.03647042447790305,-0.03747042447790305,-0.05,1,20,0.0,False
ac386fee1cc2,META,2024-04-25,-0.10561289492370807,0.4708333333333334,tenline_sec_annual_conservative,2023-12-31,2024-04-29,436.195878453334,2024-05-28,476.2470397949219,0.09181921086370992,0.09081921086370992,-0.05,1,20,0.0,False
ac386fee1cc2,META,2024-07-17,-0.05675907421834325,0.4708333333333334,tenline_sec_annual_conservative,2023-12-31,2024-07-19,472.88560505542085,2024-08-16,523.9031372070312,0.10788556810823469,0.10688556810823469,-0.05,1,20,0.0,False
ac386fee1cc2,META,2024-07-24,-0.056109168662901054,0.4708333333333334,tenline_sec_annual_conservative,2023-12-31,2024-07-26,461.1046677173748,2024-08-23,524.4791870117188,0.13744063708586896,0.13644063708586895,-0.05,1,20,0.0,False
ac386fee1cc2,META,2025-04-03,-0.08958280531351914,0.6324074074074074,tenline_sec_annual_conservative,2024-12-31,2025-04-07,483.1435451248476,2025-05-06,584.9412841796875,0.21069874591522209,0.20969874591522208,-0.05,1,20,0.0,False
ac386fee1cc2,META,2025-04-04,-0.050581139935028885,0.6324074074074074,tenline_sec_annual_conservative,2024-12-31,2025-04-08,541.0589647931961,2025-05-07,594.4030151367188,0.09859193510251107,0.09759193510251107,-0.05,1,20,0.0,False
ac386fee1cc2,META,2025-04-10,-0.0673985211979895,0.6324074074074074,tenline_sec_annual_conservative,2024-12-31,2025-04-14,553.926912857093,2025-05-13,653.3841552734375,0.17954939561133632,0.17854939561133631,-0.05,1,20,0.0,False
ac386fee1cc2,META,2025-10-30,-0.11334764097342975,0.6324074074074074,tenline_sec_annual_conservative,2024-12-31,2025-11-03,654.298319497033,2025-12-02,645.4213256835938,-0.013567196413194482,-0.014567196413194483,-0.05,1,20,0.0,False
ac386fee1cc2,META,2026-03-26,-0.07959464154247431,0.7199074074074073,tenline_sec_annual_conservative,2025-12-31,2026-03-30,535.8833618164062,2026-04-28,670.7183837890625,0.25161262987457844,0.25061262987457844,-0.05,1,20,0.0,False
ac386fee1cc2,META,2026-04-30,-0.08550038433407037,0.7199074074074073,tenline_sec_annual_conservative,2025-12-31,2026-05-04,607.3771038685389,2026-06-02,597.0765991210938,-0.01695899414357016,-0.01795899414357016,-0.05,1,20,0.0,False
ac386fee1cc2,META,2026-06-01,-0.05065539518815376,0.7199074074074073,tenline_sec_annual_conservative,2025-12-31,2026-06-03,602.4416570391962,2026-07-02,582.9000244140625,-0.03243738608842961,-0.03343738608842961,-0.05,1,20,0.0,False
ac386fee1cc2,META,2026-06-05,-0.055085447812264654,0.7199074074074073,tenline_sec_annual_conservative,2025-12-31,2026-06-09,590.4527436689563,2026-07-09,631.47998046875,0.06948436981570882,0.06848436981570882,-0.05,1,20,0.0,False
ac386fee1cc2,META,2026-06-17,-0.05436431197128366,0.7199074074074073,tenline_sec_annual_conservative,2025-12-31,2026-06-22,572.02001953125,2026-07-21,643.8099975585938,0.12550256210643296,0.12450256210643296,-0.05,1,20,0.0,False
ac386fee1cc2,MSFT,2020-02-27,-0.07045898111696802,0.6050925925925926,tenline_sec_annual_conservative,2019-12-31,2020-03-02,156.3952882488152,2020-03-30,151.58920288085938,-0.030730371878656904,-0.031730371878656904,-0.05,1,20,0.0,False
ac386fee1cc2,MSFT,2020-03-09,-0.0677726761084152,0.6050925925925926,tenline_sec_annual_conservative,2019-12-31,2020-03-11,148.6564082651572,2020-04-08,156.22499084472656,0.05091326144561048,0.04991326144561048,-0.05,1,20,0.0,False
ac386fee1cc2,MSFT,2020-03-12,-0.09483829448607606,0.6050925925925926,tenline_sec_annual_conservative,2019-12-31,2020-03-16,132.4501241424537,2020-04-14,164.3328094482422,0.24071465022937844,0.23971465022937843,-0.05,1,20,0.0,False
ac386fee1cc2,MSFT,2020-03-16,-0.147390723769389,0.6050925925925926,tenline_sec_annual_conservative,2019-12-31,2020-03-18,130.55804437090856,2020-04-16,167.49270629882812,0.28289840052283655,0.28189840052283655,-0.05,1,20,0.0,False
ac386fee1cc2,MSFT,2020-06-11,-0.053697922731070324,0.6050925925925926,tenline_sec_annual_conservative,2019-12-31,2020-06-15,175.11242934147475,2020-07-14,197.6632232666016,0.1287789451036172,0.1277789451036172,-0.05,1,20,0.0,False
ac386fee1cc2,MSFT,2020-09-03,-0.06194671570365484,0.6050925925925926,tenline_sec_annual_conservative,2019-12-31,2020-09-08,196.38163641738157,2020-10-06,195.820556640625,-0.002857088814374076,-0.003857088814374076,-0.05,1,20,0.0,False
ac386fee1cc2,MSFT,2020-09-08,-0.054095880600493196,0.6050925925925926,tenline_sec_annual_conservative,2019-12-31,2020-09-10,202.9435570623291,2020-10-08,200.26177978515625,-0.013214399688230571,-0.014214399688230572,-0.05,1,20,0.0,False
ac386fee1cc2,MSFT,2022-09-13,-0.054978051494992464,0.6050925925925926,tenline_sec_annual_conservative,2019-12-31,2022-09-15,241.71865662350373,2022-10-13,226.6892852783203,-0.0621771258996896,-0.0631771258996896,-0.05,1,20,0.0,False
ac386fee1cc2,MSFT,2022-10-07,-0.05085299426779777,0.6050925925925926,tenline_sec_annual_conservative,2019-12-31,2022-10-11,220.28267336430167,2022-11-08,221.4923858642578,0.0054916370928344005,0.0044916370928344005,-0.05,1,20,0.0,False
ac386fee1cc2,MSFT,2022-10-26,-0.07715615824155908,0.6050925925925926,tenline_sec_annual_conservative,2019-12-31,2022-10-28,218.94714217799373,2022-11-28,234.62619018554688,0.07161111057027103,0.07061111057027103,-0.05,1,20,0.0,False
ac386fee1cc2,MSFT,2024-10-31,-0.06052750099407056,0.7583333333333334,tenline_sec_annual_conservative,2022-12-31,2024-11-04,403.4270678175101,2024-12-03,425.343994140625,0.05432686121355901,0.05332686121355901,-0.05,1,20,0.0,False
ac386fee1cc2,MSFT,2025-01-30,-0.06180903636906887,0.5064814814814814,tenline_sec_annual_conservative,2024-12-31,2025-02-03,406.0101438094314,2025-03-04,384.10101318359375,-0.05396202769781311,-0.05496202769781311,-0.05,1,20,0.0,False
ac386fee1cc2,MSFT,2026-01-29,-0.09993140149712809,0.5416666666666666,tenline_sec_annual_conservative,2025-12-31,2026-02-02,427.5276741085398,2026-03-03,402.2996826171875,-0.059009025658880554,-0.060009025658880555,-0.05,1,20,0.0,False
ac386fee1cc2,NKE,2020-03-12,-0.11666682124311178,0.7069444444444444,tenline_sec_annual_conservative,2019-12-31,2020-03-16,59.45373417418861,2020-04-14,79.66328430175781,0.33992061908775817,0.33892061908775817,-0.05,1,20,0.0,False
ac386fee1cc2,NKE,2020-03-16,-0.11630090333112286,0.7069444444444444,tenline_sec_annual_conservative,2019-12-31,2020-03-18,59.00747811915578,2020-04-16,78.59770965576172,0.3319957429301881,0.3309957429301881,-0.05,1,20,0.0,False
ac386fee1cc2,NKE,2020-03-23,-0.06893999488062419,0.7069444444444444,tenline_sec_annual_conservative,2019-12-31,2020-03-25,72.96015142302218,2020-04-23,79.55398559570312,0.09037582905290265,0.08937582905290264,-0.05,1,20,0.0,False
ac386fee1cc2,NKE,2020-06-11,-0.06805730495465023,0.7069444444444444,tenline_sec_annual_conservative,2019-12-31,2020-06-15,85.73273188681597,2020-07-14,88.34396362304688,0.03045781557128313,0.02945781557128313,-0.05,1,20,0.0,False
ac386fee1cc2,NKE,2020-06-26,-0.0762325585879895,0.7069444444444444,tenline_sec_annual_conservative,2019-12-31,2020-06-30,87.65009208962924,2020-07-29,88.53570556640625,0.010103965160372042,0.00910396516037204,-0.05,1,20,0.0,False
ac386fee1cc2,NKE,2022-03-07,-0.05137986890110058,0.6763888888888889,tenline_sec_annual_conservative,2021-12-31,2022-03-09,117.93958252727847,2022-04-06,118.8469467163086,0.007693466176381003,0.006693466176381003,-0.05,1,20,0.0,False
ac386fee1cc2,NKE,2022-04-26,-0.05799593676271375,0.6763888888888889,tenline_sec_annual_conservative,2021-12-31,2022-04-28,114.04159186084024,2022-05-26,104.56975555419922,-0.08305598117394808,-0.08405598117394808,-0.05,1,20,0.0,False
ac386fee1cc2,NKE,2022-05-05,-0.05894014688087312,0.6763888888888889,tenline_sec_annual_conservative,2021-12-31,2022-05-09,104.59752840578268,2022-06-07,112.93187713623048,0.07968016890528196,0.07868016890528196,-0.05,1,20,0.0,False
ac386fee1cc2,NKE,2022-05-18,-0.056341638069280386,0.6763888888888889,tenline_sec_annual_conservative,2021-12-31,2022-05-20,100.61620789005084,2022-06-21,100.87478637695312,0.002569948642716202,0.0015699486427162021,-0.05,1,20,0.0,False
ac386fee1cc2,NKE,2022-06-16,-0.05571237238927518,0.6763888888888889,tenline_sec_annual_conservative,2021-12-31,2022-06-21,100.67058527206925,2022-07-20,103.1302719116211,0.024433022147476002,0.023433022147476,-0.05,1,20,0.0,False
ac386fee1cc2,NKE,2022-06-28,-0.06986427419498809,0.6763888888888889,tenline_sec_annual_conservative,2021-12-31,2022-06-30,94.61885391972896,2022-07-29,106.66663360595705,0.1273295879957388,0.1263295879957388,-0.05,1,20,0.0,False
ac386fee1cc2,NKE,2022-09-13,-0.0592632278794345,0.6763888888888889,tenline_sec_annual_conservative,2021-12-31,2022-09-15,98.809489711446,2022-10-13,83.36670684814453,-0.15628845881503017,-0.15728845881503017,-0.05,1,20,0.0,False
ac386fee1cc2,NKE,2022-09-30,-0.12808135892361716,0.6763888888888889,tenline_sec_annual_conservative,2021-12-31,2022-10-04,81.63532364038758,2022-11-01,87.28559112548828,0.06921351240047424,0.06821351240047424,-0.05,1,20,0.0,False
ac386fee1cc2,NKE,2023-12-22,-0.1182568042499732,0.5326388888888889,tenline_sec_annual_conservative,2022-12-31,2023-12-27,102.46514055456204,2024-01-26,97.17826080322266,-0.05159686233508998,-0.05259686233508998,-0.05,1,20,0.0,False
ac386fee1cc2,NKE,2024-03-22,-0.0690338188169407,0.63125,tenline_sec_annual_conservative,2023-12-31,2024-03-26,88.97358740878632,2024-04-24,89.82782745361328,0.009601052061688709,0.008601052061688708,-0.05,1,20,0.0,False
ac386fee1cc2,NKE,2024-06-28,-0.19980885303062645,0.63125,tenline_sec_annual_conservative,2023-12-31,2024-07-02,73.19886634681284,2024-07-31,71.33125305175781,-0.02551423796929253,-0.02651423796929253,-0.05,1,20,0.0,False
ac386fee1cc2,NKE,2024-10-02,-0.06765405520267831,0.63125,tenline_sec_annual_conservative,2023-12-31,2024-10-04,79.0861961211603,2024-11-01,74.71219635009766,-0.05530674106972677,-0.05630674106972677,-0.05,1,20,0.0,False
ac386fee1cc2,NKE,2025-03-21,-0.05455060556696645,0.6555555555555554,tenline_sec_annual_conservative,2024-12-31,2025-03-25,65.3214971973046,2025-04-23,55.48846435546875,-0.150532876062761,-0.151532876062761,-0.05,1,20,0.0,False
ac386fee1cc2,NKE,2025-04-03,-0.14439642370689287,0.6555555555555554,tenline_sec_annual_conservative,2024-12-31,2025-04-07,53.56439973821726,2025-05-06,55.15006256103516,0.02960292340747661,0.02860292340747661,-0.05,1,20,0.0,False
ac386fee1cc2,NKE,2025-04-10,-0.08294001041825738,0.6555555555555554,tenline_sec_annual_conservative,2024-12-31,2025-04-14,53.79644881824925,2025-05-13,60.32279586791992,0.1213155736676943,0.1203155736676943,-0.05,1,20,0.0,False
ac386fee1cc2,NKE,2025-12-19,-0.10543952557727221,0.6555555555555554,tenline_sec_annual_conservative,2024-12-31,2025-12-23,56.29920230093564,2026-01-23,64.03812408447266,0.137460593884976,0.136460593884976,-0.05,1,20,0.0,False
ac386fee1cc2,NKE,2026-04-01,-0.15505485932819896,0.4305555555555555,tenline_sec_annual_conservative,2025-12-31,2026-04-06,43.76835923952276,2026-05-04,42.70784759521485,-0.024230098242985276,-0.025230098242985277,-0.05,1,20,0.0,False
ac386fee1cc2,NVDA,2025-01-07,-0.06216953442159834,0.7699074074074074,tenline_sec_annual_conservative,2024-12-31,2025-01-10,137.24501786219508,2025-02-10,133.3708038330078,-0.028228449305732095,-0.029228449305732096,-0.05,1,20,0.0,False
ac386fee1cc2,NVDA,2025-01-27,-0.16968167662348033,0.7699074074074074,tenline_sec_annual_conservative,2024-12-31,2025-01-29,126.31134548354018,2025-02-27,119.9708251953125,-0.050197551644748484,-0.051197551644748485,-0.05,1,20,0.0,False
ac386fee1cc2,NVDA,2025-02-27,-0.08478062880758996,0.7699074074074074,tenline_sec_annual_conservative,2024-12-31,2025-03-03,123.32581202011416,2025-03-31,108.22832489013672,-0.12241952339640849,-0.12341952339640849,-0.05,1,20,0.0,False
ac386fee1cc2,NVDA,2025-03-03,-0.08693563240438495,0.7699074074074074,tenline_sec_annual_conservative,2024-12-31,2025-03-05,117.40465751759533,2025-04-02,110.26546478271484,-0.0608084286077879,-0.0618084286077879,-0.05,1,20,0.0,False
ac386fee1cc2,NVDA,2025-03-06,-0.05737431228014822,0.7699074074074074,tenline_sec_annual_conservative,2024-12-31,2025-03-10,109.73610085349598,2025-04-07,97.50334930419922,-0.11147426830508766,-0.11247426830508767,-0.05,1,20,0.0,False
ac386fee1cc2,NVDA,2025-03-10,-0.050670109824213716,0.7699074074074074,tenline_sec_annual_conservative,2024-12-31,2025-03-12,113.9602977987337,2025-04-09,114.17000579833984,0.001840184727987415,0.000840184727987415,-0.05,1,20,0.0,False
ac386fee1cc2,NVDA,2025-03-26,-0.057419847461616325,0.7699074074074074,tenline_sec_annual_conservative,2024-12-31,2025-03-28,111.33397804410713,2025-04-28,108.57784271240234,-0.024755563217303544,-0.025755563217303545,-0.05,1,20,0.0,False
ac386fee1cc2,NVDA,2025-04-03,-0.07806547074373227,0.7699074074074074,tenline_sec_annual_conservative,2024-12-31,2025-04-07,87.33759621246332,2025-05-06,113.38111114501952,0.29819363094446727,0.29719363094446727,-0.05,1,20,0.0,False
ac386fee1cc2,NVDA,2025-04-04,-0.07357568117034718,0.7699074074074074,tenline_sec_annual_conservative,2024-12-31,2025-04-08,103.6647139576977,2025-05-07,116.89617919921876,0.12763711716718196,0.12663711716718196,-0.05,1,20,0.0,False
ac386fee1cc2,NVDA,2025-04-10,-0.059127169778110056,0.7699074074074074,tenline_sec_annual_conservative,2024-12-31,2025-04-14,113.95031245540224,2025-05-13,129.7481689453125,0.13863811471419352,0.13763811471419352,-0.05,1,20,0.0,False
ac386fee1cc2,NVDA,2025-04-16,-0.06871652057100175,0.7699074074074074,tenline_sec_annual_conservative,2024-12-31,2025-04-21,98.6317735699764,2025-05-19,135.38026428222656,0.3725826818492539,0.3715826818492539,-0.05,1,20,0.0,False
ac386fee1cc2,NVDA,2026-02-26,-0.0545612407286622,0.7907407407407407,tenline_sec_annual_conservative,2025-12-31,2026-03-02,174.79680413295333,2026-03-30,164.97772216796875,-0.05617426481960175,-0.05717426481960175,-0.05,1,20,0.0,False
ac386fee1cc2,NVDA,2026-06-05,-0.062014073591381336,0.7907407407407407,tenline_sec_annual_conservative,2025-12-31,2026-06-09,210.6199951171875,2026-07-09,202.77999877929688,-0.03722341904684079,-0.03822341904684079,-0.05,1,20,0.0,False
8a16e2137ddf,AAPL,2019-01-03,-0.09960735139594357,0.7777777777777778,tenline_sec_annual_conservative,2018-12-31,2019-01-08,35.45507757862409,2019-04-04,46.5897331237793,0.3140496737163623,0.3130496737163623,-0.05,2,60,0.0,False
8a16e2137ddf,AAPL,2019-05-13,-0.05811956707039778,0.7777777777777778,tenline_sec_annual_conservative,2018-12-31,2019-05-16,45.38775015951254,2019-08-12,48.095985412597656,0.05966885874640582,0.058668858746405816,-0.05,2,60,0.0,False
8a16e2137ddf,AAPL,2019-08-05,-0.05234805416340005,0.7777777777777778,tenline_sec_annual_conservative,2018-12-31,2019-08-08,47.84700892141569,2019-11-01,61.37228393554688,0.2826775449296153,0.2816775449296153,-0.05,2,60,0.0,False
8a16e2137ddf,AAPL,2020-02-27,-0.06536826394002737,0.6157407407407408,tenline_sec_annual_conservative,2020-01-26,2020-03-03,73.24381722467581,2020-05-28,76.96825408935547,0.050849846523631115,0.049849846523631114,-0.05,2,60,0.0,False
8a16e2137ddf,AAPL,2020-03-09,-0.07909145549754726,0.6157407407407408,tenline_sec_annual_conservative,2020-01-26,2020-03-12,61.731574731862445,2020-06-08,80.64674377441406,0.30640995511149094,0.30540995511149094,-0.05,2,60,0.0,False
8a16e2137ddf,AAPL,2020-03-12,-0.09875466225021212,0.6157407407407408,tenline_sec_annual_conservative,2020-01-26,2020-03-17,59.69829586216656,2020-06-11,81.23689270019531,0.3607908153317776,0.3597908153317776,-0.05,2,60,0.0,False
8a16e2137ddf,AAPL,2020-03-16,-0.12864729725731527,0.6157407407407408,tenline_sec_annual_conservative,2020-01-26,2020-03-19,59.669357314419855,2020-06-15,82.9515609741211,0.3901869352642551,0.3891869352642551,-0.05,2,60,0.0,False
8a16e2137ddf,AAPL,2020-03-20,-0.06348542176201633,0.6157407407407408,tenline_sec_annual_conservative,2020-01-26,2020-03-25,60.47975086727184,2020-06-19,84.57921600341797,0.3984716337379519,0.3974716337379519,-0.05,2,60,0.0,False
8a16e2137ddf,AAPL,2020-04-01,-0.0526171560497779,0.6157407407407408,tenline_sec_annual_conservative,2020-01-26,2020-04-06,60.51594239996791,2020-07-01,88.05941772460938,0.45514411958750345,0.45414411958750345,-0.05,2,60,0.0,False
8a16e2137ddf,AAPL,2020-09-03,-0.08006069500538127,0.6157407407407408,tenline_sec_annual_conservative,2020-01-26,2020-09-09,113.641095738678,2020-12-03,119.35137939453124,0.05024840370233896,0.04924840370233896,-0.05,2,60,0.0,False
8a16e2137ddf,AAPL,2020-09-08,-0.06729501440433605,0.6157407407407408,tenline_sec_annual_conservative,2020-01-26,2020-09-11,111.0341102013086,2020-12-07,120.13771057128906,0.08198922253238528,0.08098922253238527,-0.05,2,60,0.0,False
8a16e2137ddf,AAPL,2020-10-30,-0.05601795431850343,0.6157407407407408,tenline_sec_annual_conservative,2020-01-26,2020-11-04,110.61739025769825,2021-02-02,131.04959106445312,0.18471056638703276,0.18371056638703276,-0.05,2,60,0.0,False
8a16e2137ddf,AMZN,2020-03-09,-0.05285383245165354,0.6092592592592593,tenline_sec_annual_conservative,2019-12-31,2020-03-12,86.0989990234375,2020-06-08,126.2030029296875,0.46578943264291683,0.46478943264291683,-0.05,2,60,0.0,False
8a16e2137ddf,AMZN,2020-03-12,-0.07922082514747941,0.6092592592592593,tenline_sec_annual_conservative,2019-12-31,2020-03-17,88.77349853515625,2020-06-11,127.89800262451172,0.4407227915419072,0.4397227915419072,-0.05,2,60,0.0,False
8a16e2137ddf,AMZN,2020-03-16,-0.053697516604298,0.6092592592592593,tenline_sec_annual_conservative,2019-12-31,2020-03-19,93.0,2020-06-15,128.63400268554688,0.38316131919942875,0.38216131919942875,-0.05,2,60,0.0,False
8a16e2137ddf,AMZN,2020-05-01,-0.07597409237648933,0.6092592592592593,tenline_sec_annual_conservative,2019-12-31,2020-05-06,116.47200012207033,2020-07-31,158.23399353027344,0.3585582231303128,0.3575582231303128,-0.05,2,60,0.0,False
8a16e2137ddf,AMZN,2020-10-30,-0.0544564552314909,0.6092592592592593,tenline_sec_annual_conservative,2019-12-31,2020-11-04,157.99949645996094,2021-02-02,169.0,0.06962366201481363,0.06862366201481362,-0.05,2,60,0.0,False
8a16e2137ddf,AMZN,2020-11-09,-0.05062255447737596,0.6092592592592593,tenline_sec_annual_conservative,2019-12-31,2020-11-12,157.99749755859375,2021-02-10,164.32899475097656,0.040073401732421576,0.039073401732421575,-0.05,2,60,0.0,False
8a16e2137ddf,AMZN,2021-07-30,-0.07564890713277761,0.5671296296296297,tenline_sec_annual_conservative,2020-12-31,2021-08-04,168.96749877929688,2021-10-28,172.32850646972656,0.01989144489153971,0.01889144489153971,-0.05,2,60,0.0,False
8a16e2137ddf,AMZN,2022-01-21,-0.05950180896147472,0.5254629629629629,tenline_sec_annual_conservative,2021-12-31,2022-01-26,144.75,2022-04-22,144.35000610351562,-0.002763342980893757,-0.003763342980893757,-0.05,2,60,0.0,False
8a16e2137ddf,AMZN,2022-02-03,-0.0781276325178123,0.5462962962962963,tenline_sec_annual_conservative,2021-12-31,2022-02-08,156.75050354003906,2022-05-05,116.40699768066406,-0.2573740112360786,-0.2583740112360786,-0.05,2,60,0.0,False
8a16e2137ddf,AMZN,2022-03-07,-0.05622045424233624,0.5462962962962963,tenline_sec_annual_conservative,2021-12-31,2022-03-10,145.68499755859375,2022-06-06,124.79000091552734,-0.1434258639752013,-0.1444258639752013,-0.05,2,60,0.0,False
8a16e2137ddf,AMZN,2022-04-29,-0.14049437774923412,0.5462962962962963,tenline_sec_annual_conservative,2021-12-31,2022-05-04,123.5999984741211,2022-08-01,135.38999938964844,0.09538835809933999,0.09438835809933999,-0.05,2,60,0.0,False
8a16e2137ddf,AMZN,2022-05-05,-0.07561036490424522,0.5462962962962963,tenline_sec_annual_conservative,2021-12-31,2022-05-10,111.25,2022-08-05,140.8000030517578,0.26561800495962085,0.26461800495962085,-0.05,2,60,0.0,False
8a16e2137ddf,AMZN,2022-05-09,-0.05213354825727923,0.5462962962962963,tenline_sec_annual_conservative,2021-12-31,2022-05-12,102.75,2022-08-09,137.8300018310547,0.3414112100345954,0.3404112100345954,-0.05,2,60,0.0,False
8a16e2137ddf,AMZN,2022-05-18,-0.07156196640827228,0.5462962962962963,tenline_sec_annual_conservative,2021-12-31,2022-05-23,108.46099853515624,2022-08-18,142.3000030517578,0.3119923748962452,0.3109923748962452,-0.05,2,60,0.0,False
8a16e2137ddf,AMZN,2022-06-10,-0.05596211721574329,0.5462962962962963,tenline_sec_annual_conservative,2021-12-31,2022-06-15,103.86000061035156,2022-09-12,136.4499969482422,0.31378775415337734,0.31278775415337734,-0.05,2,60,0.0,False
8a16e2137ddf,AMZN,2022-06-13,-0.05453719355874531,0.5462962962962963,tenline_sec_annual_conservative,2021-12-31,2022-06-16,104.47000122070312,2022-09-13,126.81999969482422,0.2139369983054229,0.2129369983054229,-0.05,2,60,0.0,False
8a16e2137ddf,AMZN,2022-06-28,-0.05140434227234392,0.5462962962962963,tenline_sec_annual_conservative,2021-12-31,2022-07-01,106.29000091552734,2022-09-27,114.41000366210938,0.07639479421056072,0.07539479421056072,-0.05,2,60,0.0,False
8a16e2137ddf,AMZN,2022-07-26,-0.052253606265046604,0.5462962962962963,tenline_sec_annual_conservative,2021-12-31,2022-07-29,134.89999389648438,2022-10-24,119.81999969482422,-0.11178647060007874,-0.11278647060007874,-0.05,2,60,0.0,False
8a16e2137ddf,AMZN,2022-09-13,-0.0705752837581286,0.5462962962962963,tenline_sec_annual_conservative,2021-12-31,2022-09-16,122.77999877929688,2022-12-12,90.5500030517578,-0.26250200397439394,-0.26350200397439394,-0.05,2,60,0.0,False
8a16e2137ddf,AMZN,2022-10-14,-0.05003107895219994,0.5462962962962963,tenline_sec_annual_conservative,2021-12-31,2022-10-19,114.70999908447266,2023-01-17,96.0500030517578,-0.16267105031509588,-0.16367105031509588,-0.05,2,60,0.0,False
8a16e2137ddf,AMZN,2022-10-28,-0.06804249715805744,0.5462962962962963,tenline_sec_annual_conservative,2021-12-31,2022-11-02,97.31999969482422,2023-01-31,103.12999725341795,0.05969993399930851,0.05869993399930851,-0.05,2,60,0.0,False
8a16e2137ddf,AMZN,2022-11-01,-0.05515425020719411,0.5462962962962963,tenline_sec_annual_conservative,2021-12-31,2022-11-04,91.48999786376952,2023-02-02,112.91000366210938,0.23412401681585648,0.23312401681585648,-0.05,2,60,0.0,False
8a16e2137ddf,AMZN,2026-02-06,-0.05554804877440456,0.2847222222222222,tenline_sec_annual_conservative,2025-12-31,2026-02-11,208.05999755859372,2026-05-08,272.67999267578125,0.3105834657091606,0.3095834657091606,-0.05,2,60,0.0,False
8a16e2137ddf,HD,2023-02-21,-0.07060844097676822,0.7053571428571429,tenline_sec_annual_conservative,2022-12-31,2023-02-24,267.1247684817687,2023-05-22,267.4580993652344,0.0012478471590642304,0.00024784715906423036,-0.05,2,60,0.0,False
8a16e2137ddf,META,2024-04-25,-0.10561289492370807,0.4708333333333334,tenline_sec_annual_conservative,2023-12-31,2024-04-30,427.7510167239678,2024-07-26,462.59466552734375,0.08145778137532966,0.08045778137532966,-0.05,2,60,0.0,False
8a16e2137ddf,META,2024-07-17,-0.05675907421834325,0.4708333333333334,tenline_sec_annual_conservative,2023-12-31,2024-07-22,483.3354544094365,2024-10-15,582.9163208007812,0.20602847459849105,0.20502847459849105,-0.05,2,60,0.0,False
8a16e2137ddf,META,2024-07-24,-0.056109168662901054,0.4708333333333334,tenline_sec_annual_conservative,2023-12-31,2024-07-29,466.746760248626,2024-10-22,578.6806640625,0.23981720570325793,0.23881720570325793,-0.05,2,60,0.0,False
8a16e2137ddf,META,2025-04-03,-0.08958280531351914,0.6324074074074074,tenline_sec_annual_conservative,2024-12-31,2025-04-08,541.0589647931961,2025-07-07,716.0032348632812,0.32333679220517575,0.32233679220517575,-0.05,2,60,0.0,False
8a16e2137ddf,META,2025-04-04,-0.050581139935028885,0.6324074074074074,tenline_sec_annual_conservative,2024-12-31,2025-04-09,507.2159828753818,2025-07-08,718.315673828125,0.41619290022374633,0.41519290022374633,-0.05,2,60,0.0,False
8a16e2137ddf,META,2025-04-10,-0.0673985211979895,0.6324074074074074,tenline_sec_annual_conservative,2024-12-31,2025-04-15,529.9638803667925,2025-07-14,718.5648193359375,0.35587508121989875,0.35487508121989875,-0.05,2,60,0.0,False
8a16e2137ddf,META,2025-10-30,-0.11334764097342975,0.6324074074074074,tenline_sec_annual_conservative,2024-12-31,2025-11-04,626.410791028598,2026-02-02,705.152099609375,0.1257023501326977,0.1247023501326977,-0.05,2,60,0.0,False
8a16e2137ddf,META,2026-03-26,-0.07959464154247431,0.7199074074074073,tenline_sec_annual_conservative,2025-12-31,2026-03-31,549.4707059552647,2026-06-26,550.25,0.0014182631326640216,0.0004182631326640216,-0.05,2,60,0.0,False
8a16e2137ddf,META,2026-04-30,-0.08550038433407037,0.7199074074074073,tenline_sec_annual_conservative,2025-12-31,2026-05-05,612.7420849871345,2026-07-31,556.7100219726562,-0.09144477650111915,-0.09244477650111915,-0.05,2,60,0.0,False
8a16e2137ddf,MSFT,2020-02-27,-0.07045898111696802,0.6050925925925926,tenline_sec_annual_conservative,2019-12-31,2020-03-03,164.42738745681987,2020-05-28,172.0955352783203,0.04663546590445078,0.04563546590445078,-0.05,2,60,0.0,False
8a16e2137ddf,MSFT,2020-03-09,-0.0677726761084152,0.6050925925925926,tenline_sec_annual_conservative,2019-12-31,2020-03-12,137.46436615258762,2020-06-08,178.6985321044922,0.2999625801652044,0.2989625801652044,-0.05,2,60,0.0,False
8a16e2137ddf,MSFT,2020-03-12,-0.09483829448607606,0.6050925925925926,tenline_sec_annual_conservative,2019-12-31,2020-03-17,132.4501739191631,2020-06-11,176.71580505371094,0.3342059117382814,0.3332059117382814,-0.05,2,60,0.0,False
8a16e2137ddf,MSFT,2020-03-16,-0.147390723769389,0.6050925925925926,tenline_sec_annual_conservative,2019-12-31,2020-03-19,135.07078487160544,2020-06-15,179.24879455566406,0.32707302120183157,0.32607302120183157,-0.05,2,60,0.0,False
8a16e2137ddf,MSFT,2020-06-11,-0.053697922731070324,0.6050925925925926,tenline_sec_annual_conservative,2019-12-31,2020-06-16,182.99621344964388,2020-09-10,195.30702209472656,0.06727357038166426,0.06627357038166426,-0.05,2,60,0.0,False
8a16e2137ddf,MSFT,2020-09-03,-0.06194671570365484,0.6050925925925926,tenline_sec_annual_conservative,2019-12-31,2020-09-09,197.4278299244589,2020-12-03,204.27584838867188,0.03468618617159103,0.033686186171591026,-0.05,2,60,0.0,False
8a16e2137ddf,MSFT,2020-09-08,-0.054095880600493196,0.6050925925925926,tenline_sec_annual_conservative,2019-12-31,2020-09-11,197.04737049649287,2020-12-07,204.3235321044922,0.03692595130635756,0.03592595130635756,-0.05,2,60,0.0,False
8a16e2137ddf,MSFT,2022-09-13,-0.054978051494992464,0.6050925925925926,tenline_sec_annual_conservative,2019-12-31,2022-09-16,236.38627698047728,2022-12-12,245.05902099609372,0.03668886420311401,0.03568886420311401,-0.05,2,60,0.0,False
8a16e2137ddf,MSFT,2022-10-07,-0.05085299426779777,0.6050925925925926,tenline_sec_annual_conservative,2019-12-31,2022-10-12,218.1342225142281,2023-01-09,220.418212890625,0.01047057334732493,0.009470573347324929,-0.05,2,60,0.0,False
8a16e2137ddf,MSFT,2022-10-26,-0.07715615824155908,0.6050925925925926,tenline_sec_annual_conservative,2019-12-31,2022-10-31,226.22477072356645,2023-01-27,240.83737182617188,0.06459328505834216,0.06359328505834216,-0.05,2,60,0.0,False
8a16e2137ddf,MSFT,2024-10-31,-0.06052750099407056,0.7583333333333334,tenline_sec_annual_conservative,2022-12-31,2024-11-05,402.0192756499378,2025-02-04,406.7696838378906,0.011816369203374366,0.010816369203374365,-0.05,2,60,0.0,False
8a16e2137ddf,MSFT,2025-01-30,-0.06180903636906887,0.5064814814814814,tenline_sec_annual_conservative,2024-12-31,2025-02-04,407.0853452090854,2025-05-01,420.464111328125,0.03286476970122343,0.03186476970122343,-0.05,2,60,0.0,False
8a16e2137ddf,MSFT,2026-01-29,-0.09993140149712809,0.5416666666666666,tenline_sec_annual_conservative,2025-12-31,2026-02-03,419.3495781995532,2026-04-30,406.1341552734375,-0.031514096145881854,-0.032514096145881854,-0.05,2,60,0.0,False
8a16e2137ddf,NKE,2020-03-12,-0.11666682124311178,0.7069444444444444,tenline_sec_annual_conservative,2019-12-31,2020-03-17,61.48472020471045,2020-06-11,86.89227294921875,0.41323360763316574,0.41223360763316574,-0.05,2,60,0.0,False
8a16e2137ddf,NKE,2020-03-16,-0.11630090333112286,0.7069444444444444,tenline_sec_annual_conservative,2019-12-31,2020-03-19,61.05667106824296,2020-06-15,89.33003234863281,0.46306752048091115,0.46206752048091115,-0.05,2,60,0.0,False
8a16e2137ddf,NKE,2020-03-23,-0.06893999488062419,0.7069444444444444,tenline_sec_annual_conservative,2019-12-31,2020-03-26,73.01482055390548,2020-06-22,90.85478973388672,0.24433353454330997,0.24333353454330997,-0.05,2,60,0.0,False
8a16e2137ddf,NKE,2020-06-11,-0.06805730495465023,0.7069444444444444,tenline_sec_annual_conservative,2019-12-31,2020-06-16,92.44343605925754,2020-09-10,105.03794860839844,0.1362402035885777,0.1352402035885777,-0.05,2,60,0.0,False
8a16e2137ddf,NKE,2020-06-26,-0.0762325585879895,0.7069444444444444,tenline_sec_annual_conservative,2019-12-31,2020-07-01,89.93264439275151,2020-09-25,113.67595672607422,0.26401216703504815,0.26301216703504815,-0.05,2,60,0.0,False
8a16e2137ddf,NKE,2022-03-07,-0.05137986890110058,0.6763888888888889,tenline_sec_annual_conservative,2021-12-31,2022-03-10,114.82858479219249,2022-06-06,111.59529113769533,-0.02815756773758482,-0.029157567737584822,-0.05,2,60,0.0,False
8a16e2137ddf,NKE,2022-04-26,-0.05799593676271375,0.6763888888888889,tenline_sec_annual_conservative,2021-12-31,2022-04-29,116.86555187035876,2022-07-27,100.11367797851562,-0.14334312912351033,-0.14434312912351033,-0.05,2,60,0.0,False
8a16e2137ddf,NKE,2022-05-05,-0.05894014688087312,0.6763888888888889,tenline_sec_annual_conservative,2021-12-31,2022-05-10,104.65309369340731,2022-08-05,105.69204711914062,0.009927594006700291,0.00892759400670029,-0.05,2,60,0.0,False
8a16e2137ddf,NKE,2022-05-18,-0.056341638069280386,0.6763888888888889,tenline_sec_annual_conservative,2021-12-31,2022-05-23,99.50515935045216,2022-08-18,107.67835235595705,0.08213838416879793,0.08113838416879793,-0.05,2,60,0.0,False
8a16e2137ddf,NKE,2022-06-16,-0.05571237238927518,0.6763888888888889,tenline_sec_annual_conservative,2021-12-31,2022-06-22,97.8303493478121,2022-09-16,96.9198760986328,-0.00930665437922884,-0.010306654379228841,-0.05,2,60,0.0,False
8a16e2137ddf,NKE,2022-06-28,-0.06986427419498809,0.6763888888888889,tenline_sec_annual_conservative,2021-12-31,2022-07-01,94.34037668509872,2022-09-27,89.63133239746094,-0.04991547048149092,-0.05091547048149092,-0.05,2,60,0.0,False
8a16e2137ddf,NKE,2022-09-13,-0.0592632278794345,0.6763888888888889,tenline_sec_annual_conservative,2021-12-31,2022-09-16,96.87333086761976,2022-12-12,104.64031219482422,0.08017667254384264,0.07917667254384264,-0.05,2,60,0.0,False
8a16e2137ddf,NKE,2022-09-30,-0.12808135892361716,0.6763888888888889,tenline_sec_annual_conservative,2021-12-31,2022-10-05,81.43987818309968,2022-12-30,109.25279998779295,0.3415147766081137,0.3405147766081137,-0.05,2,60,0.0,False
8a16e2137ddf,NKE,2023-12-22,-0.1182568042499732,0.5326388888888889,tenline_sec_annual_conservative,2022-12-31,2023-12-28,101.3964166376964,2024-03-26,87.87257385253906,-0.13337594397916375,-0.13437594397916375,-0.05,2,60,0.0,False
8a16e2137ddf,NKE,2024-03-22,-0.0690338188169407,0.63125,tenline_sec_annual_conservative,2023-12-31,2024-03-27,88.52747801685908,2024-06-24,92.58961486816406,0.045885604586311635,0.044885604586311634,-0.05,2,60,0.0,False
8a16e2137ddf,NKE,2024-06-28,-0.19980885303062645,0.63125,tenline_sec_annual_conservative,2023-12-31,2024-07-03,71.94109030378355,2024-09-27,85.60413360595703,0.18991988089809242,0.18891988089809242,-0.05,2,60,0.0,False
8a16e2137ddf,NKE,2024-10-02,-0.06765405520267831,0.63125,tenline_sec_annual_conservative,2023-12-31,2024-10-07,78.61720282323732,2025-01-02,70.8703384399414,-0.09853904877172925,-0.09953904877172925,-0.05,2,60,0.0,False
8a16e2137ddf,NKE,2025-03-21,-0.05455060556696645,0.6555555555555554,tenline_sec_annual_conservative,2024-12-31,2025-03-26,64.18059203102551,2025-06-23,59.156681060791016,-0.07827772869103311,-0.07927772869103311,-0.05,2,60,0.0,False
8a16e2137ddf,NKE,2025-04-03,-0.14439642370689287,0.6555555555555554,tenline_sec_annual_conservative,2024-12-31,2025-04-08,56.82274385583448,2025-07-07,74.48603057861328,0.3108488876847004,0.3098488876847004,-0.05,2,60,0.0,False
8a16e2137ddf,NKE,2025-04-10,-0.08294001041825738,0.6555555555555554,tenline_sec_annual_conservative,2024-12-31,2025-04-15,52.86825895922033,2025-07-14,70.32035064697266,0.330105284935029,0.329105284935029,-0.05,2,60,0.0,False
8a16e2137ddf,NKE,2025-12-19,-0.10543952557727221,0.6555555555555554,tenline_sec_annual_conservative,2024-12-31,2025-12-24,57.97301716494331,2026-03-24,53.0156135559082,-0.08551225814123886,-0.08651225814123886,-0.05,2,60,0.0,False
8a16e2137ddf,NKE,2026-04-01,-0.15505485932819896,0.4305555555555555,tenline_sec_annual_conservative,2025-12-31,2026-04-07,43.31243846575701,2026-07-02,44.09000015258789,0.017952387682942827,0.016952387682942827,-0.05,2,60,0.0,False
8a16e2137ddf,NVDA,2025-01-07,-0.06216953442159834,0.7699074074074074,tenline_sec_annual_conservative,2024-12-31,2025-01-13,129.7961674567433,2025-04-09,114.17000579833984,-0.12039000815344658,-0.12139000815344658,-0.05,2,60,0.0,False
8a16e2137ddf,NVDA,2025-01-27,-0.16968167662348033,0.7699074074074074,tenline_sec_annual_conservative,2024-12-31,2025-01-30,122.91641979157204,2025-04-28,108.57784271240234,-0.11665306476940551,-0.11765306476940551,-0.05,2,60,0.0,False
8a16e2137ddf,NVDA,2025-02-27,-0.08478062880758996,0.7699074074074074,tenline_sec_annual_conservative,2024-12-31,2025-03-04,110.48499132597254,2025-05-29,138.99520874023438,0.2580460664575326,0.2570460664575326,-0.05,2,60,0.0,False
8a16e2137ddf,NVDA,2025-03-03,-0.08693563240438495,0.7699074074074074,tenline_sec_annual_conservative,2024-12-31,2025-03-06,113.3606904001891,2025-06-02,137.187744140625,0.21018797306474557,0.20918797306474557,-0.05,2,60,0.0,False
8a16e2137ddf,NVDA,2025-03-06,-0.05737431228014822,0.7699074074074074,tenline_sec_annual_conservative,2024-12-31,2025-03-11,106.83043665954976,2025-06-05,139.79409790039062,0.30856057759915734,0.30756057759915734,-0.05,2,60,0.0,False
8a16e2137ddf,NVDA,2025-03-10,-0.050670109824213716,0.7699074074074074,tenline_sec_annual_conservative,2024-12-31,2025-03-13,116.86621875800482,2025-06-09,142.43040466308594,0.21874743768357008,0.21774743768357008,-0.05,2,60,0.0,False
8a16e2137ddf,NVDA,2025-03-26,-0.057419847461616325,0.7699074074074074,tenline_sec_annual_conservative,2024-12-31,2025-03-31,104.98287310192076,2025-06-26,154.8137969970703,0.47465765055574427,0.47365765055574427,-0.05,2,60,0.0,False
8a16e2137ddf,NVDA,2025-04-03,-0.07806547074373227,0.7699074074074074,tenline_sec_annual_conservative,2024-12-31,2025-04-08,103.6647139576977,2025-07-07,158.02952575683594,0.5244292847933079,0.5234292847933079,-0.05,2,60,0.0,False
8a16e2137ddf,NVDA,2025-04-04,-0.07357568117034718,0.7699074074074074,tenline_sec_annual_conservative,2024-12-31,2025-04-09,98.751610451276,2025-07-08,159.7871856689453,0.6180716946158995,0.6170716946158995,-0.05,2,60,0.0,False
8a16e2137ddf,NVDA,2025-04-10,-0.059127169778110056,0.7699074074074074,tenline_sec_annual_conservative,2024-12-31,2025-04-15,110.81470199440513,2025-07-14,163.85177612304688,0.478610447658105,0.477610447658105,-0.05,2,60,0.0,False
8a16e2137ddf,NVDA,2025-04-16,-0.06871652057100175,0.7699074074074074,tenline_sec_annual_conservative,2024-12-31,2025-04-22,98.6417555090913,2025-07-18,172.18069458007812,0.7455153113552315,0.7445153113552315,-0.05,2,60,0.0,False
8a16e2137ddf,NVDA,2026-02-26,-0.0545612407286622,0.7907407407407407,tenline_sec_annual_conservative,2025-12-31,2026-03-03,178.27256086028186,2026-05-28,214.0005798339844,0.20041232818607346,0.19941232818607346,-0.05,2,60,0.0,False
4e3bc0aec66c,AAPL,2019-01-03,-0.09960735139594357,0.7777777777777778,tenline_sec_annual_conservative,2018-12-31,2019-01-04,34.26264652552224,2019-04-02,46.19214630126953,0.34817800098603024,0.34717800098603024,-0.05,0,60,0.0,False
4e3bc0aec66c,AAPL,2019-05-13,-0.05811956707039778,0.7777777777777778,tenline_sec_annual_conservative,2018-12-31,2019-05-14,44.55126706777633,2019-08-08,48.61896514892578,0.09130375742088814,0.09030375742088814,-0.05,0,60,0.0,False
4e3bc0aec66c,AAPL,2019-08-05,-0.05234805416340005,0.7777777777777778,tenline_sec_annual_conservative,2018-12-31,2019-08-06,46.917325530412754,2019-10-30,58.35909271240234,0.24387083135360732,0.24287083135360732,-0.05,0,60,0.0,False
4e3bc0aec66c,AAPL,2020-02-27,-0.06536826394002737,0.6157407407407408,tenline_sec_annual_conservative,2020-01-26,2020-02-28,62.04995543810668,2020-05-26,76.60064697265625,0.23449962907811495,0.23349962907811495,-0.05,0,60,0.0,False
4e3bc0aec66c,AAPL,2020-03-09,-0.07909145549754726,0.6157407407407408,tenline_sec_annual_conservative,2020-01-26,2020-03-10,66.84490987612755,2020-06-04,77.95258331298828,0.16617081925078092,0.16517081925078092,-0.05,0,60,0.0,False
4e3bc0aec66c,AAPL,2020-03-12,-0.09875466225021212,0.6157407407407408,tenline_sec_annual_conservative,2020-01-26,2020-03-13,63.89030055830854,2020-06-09,83.19342803955078,0.30212923264659763,0.30112923264659763,-0.05,0,60,0.0,False
4e3bc0aec66c,AAPL,2020-03-16,-0.12864729725731527,0.6157407407407408,tenline_sec_annual_conservative,2020-01-26,2020-03-17,59.69829586216656,2020-06-11,81.23689270019531,0.3607908153317776,0.3597908153317776,-0.05,0,60,0.0,False
4e3bc0aec66c,AAPL,2020-03-20,-0.06348542176201633,0.6157407407407408,tenline_sec_annual_conservative,2020-01-26,2020-03-23,55.01187574325441,2020-06-17,85.03146362304688,0.545692861299562,0.544692861299562,-0.05,0,60,0.0,False
4e3bc0aec66c,AAPL,2020-04-01,-0.0526171560497779,0.6157407407407408,tenline_sec_annual_conservative,2020-01-26,2020-04-02,57.96892520332119,2020-06-29,87.49589538574219,0.509358593054082,0.508358593054082,-0.05,0,60,0.0,False
4e3bc0aec66c,AAPL,2020-09-03,-0.08006069500538127,0.6157407407407408,tenline_sec_annual_conservative,2020-01-26,2020-09-04,116.36437378387907,2020-12-01,119.1377944946289,0.02383393319248084,0.022833933192480838,-0.05,0,60,0.0,False
4e3bc0aec66c,AAPL,2020-09-08,-0.06729501440433605,0.6157407407407408,tenline_sec_annual_conservative,2020-01-26,2020-09-09,113.641095738678,2020-12-03,119.35137939453124,0.05024840370233896,0.04924840370233896,-0.05,0,60,0.0,False
4e3bc0aec66c,AAPL,2020-10-30,-0.05601795431850343,0.6157407407407408,tenline_sec_annual_conservative,2020-01-26,2020-11-02,105.74264246216924,2021-01-29,128.1080780029297,0.21150819593677128,0.21050819593677128,-0.05,0,60,0.0,False
4e3bc0aec66c,AMZN,2020-03-09,-0.05285383245165354,0.6092592592592593,tenline_sec_annual_conservative,2019-12-31,2020-03-10,93.54399871826172,2020-06-04,123.02999877929688,0.31520995964521314,0.31420995964521314,-0.05,0,60,0.0,False
4e3bc0aec66c,AMZN,2020-03-12,-0.07922082514747941,0.6092592592592593,tenline_sec_annual_conservative,2019-12-31,2020-03-13,87.75,2020-06-09,130.04299926757812,0.48197150162482183,0.48097150162482183,-0.05,0,60,0.0,False
4e3bc0aec66c,AMZN,2020-03-16,-0.053697516604298,0.6092592592592593,tenline_sec_annual_conservative,2019-12-31,2020-03-17,88.77349853515625,2020-06-11,127.89800262451172,0.4407227915419072,0.4397227915419072,-0.05,0,60,0.0,False
4e3bc0aec66c,AMZN,2020-05-01,-0.07597409237648933,0.6092592592592593,tenline_sec_annual_conservative,2019-12-31,2020-05-04,112.81900024414062,2020-07-29,151.67649841308594,0.34442335142890457,0.34342335142890457,-0.05,0,60,0.0,False
4e3bc0aec66c,AMZN,2020-10-30,-0.0544564552314909,0.6092592592592593,tenline_sec_annual_conservative,2019-12-31,2020-11-02,153.08700561523438,2021-01-29,160.30999755859375,0.04718226680527993,0.046182266805279926,-0.05,0,60,0.0,False
4e3bc0aec66c,AMZN,2020-11-09,-0.05062255447737596,0.6092592592592593,tenline_sec_annual_conservative,2019-12-31,2020-11-10,154.75100708007812,2021-02-08,166.14700317382812,0.0736408525461354,0.07264085254613539,-0.05,0,60,0.0,False
4e3bc0aec66c,AMZN,2021-07-30,-0.07564890713277761,0.5671296296296297,tenline_sec_annual_conservative,2020-12-31,2021-08-02,167.65499877929688,2021-10-26,168.80349731445312,0.006850368575458621,0.005850368575458621,-0.05,0,60,0.0,False
4e3bc0aec66c,AMZN,2022-01-21,-0.05950180896147472,0.5254629629629629,tenline_sec_annual_conservative,2021-12-31,2022-01-24,139.0,2022-04-20,153.9980010986328,0.1078992884793728,0.1068992884793728,-0.05,0,60,0.0,False
4e3bc0aec66c,AMZN,2022-02-03,-0.0781276325178123,0.5462962962962963,tenline_sec_annual_conservative,2021-12-31,2022-02-04,155.60650634765625,2022-05-03,124.25350189208984,-0.20148903276266283,-0.20248903276266284,-0.05,0,60,0.0,False
4e3bc0aec66c,AMZN,2022-03-07,-0.05622045424233624,0.5462962962962963,tenline_sec_annual_conservative,2021-12-31,2022-03-08,136.68350219726562,2022-06-02,125.51100158691406,-0.08173993518418254,-0.08273993518418254,-0.05,0,60,0.0,False
4e3bc0aec66c,AMZN,2022-04-29,-0.14049437774923412,0.5462962962962963,tenline_sec_annual_conservative,2021-12-31,2022-05-02,122.4010009765625,2022-07-28,122.27999877929688,-0.0009885719585642772,-0.001988571958564277,-0.05,0,60,0.0,False
4e3bc0aec66c,AMZN,2022-05-05,-0.07561036490424522,0.5462962962962963,tenline_sec_annual_conservative,2021-12-31,2022-05-06,114.8499984741211,2022-08-03,139.52000427246094,0.21480196888203418,0.21380196888203418,-0.05,0,60,0.0,False
4e3bc0aec66c,AMZN,2022-05-09,-0.05213354825727923,0.5462962962962963,tenline_sec_annual_conservative,2021-12-31,2022-05-10,111.25,2022-08-05,140.8000030517578,0.26561800495962085,0.26461800495962085,-0.05,0,60,0.0,False
4e3bc0aec66c,AMZN,2022-05-18,-0.07156196640827228,0.5462962962962963,tenline_sec_annual_conservative,2021-12-31,2022-05-19,106.28050231933594,2022-08-16,144.77999877929688,0.36224420867228635,0.36124420867228635,-0.05,0,60,0.0,False
4e3bc0aec66c,AMZN,2022-06-10,-0.05596211721574329,0.5462962962962963,tenline_sec_annual_conservative,2021-12-31,2022-06-13,104.19000244140624,2022-09-08,129.82000732421875,0.2459929386912738,0.2449929386912738,-0.05,0,60,0.0,False
4e3bc0aec66c,AMZN,2022-06-13,-0.05453719355874531,0.5462962962962963,tenline_sec_annual_conservative,2021-12-31,2022-06-14,104.19000244140624,2022-09-09,133.27000427246094,0.2791054914065152,0.2781054914065152,-0.05,0,60,0.0,False
4e3bc0aec66c,AMZN,2022-06-28,-0.05140434227234392,0.5462962962962963,tenline_sec_annual_conservative,2021-12-31,2022-06-29,107.37999725341795,2022-09-23,113.77999877929688,0.05960143126819828,0.05860143126819828,-0.05,0,60,0.0,False
4e3bc0aec66c,AMZN,2022-07-26,-0.052253606265046604,0.5462962962962963,tenline_sec_annual_conservative,2021-12-31,2022-07-27,117.30999755859376,2022-10-20,115.25,-0.01756028984285707,-0.01856028984285707,-0.05,0,60,0.0,False
4e3bc0aec66c,AMZN,2022-09-13,-0.0705752837581286,0.5462962962962963,tenline_sec_annual_conservative,2021-12-31,2022-09-14,127.36000061035156,2022-12-08,90.3499984741211,-0.29059360834536907,-0.29159360834536907,-0.05,0,60,0.0,False
4e3bc0aec66c,AMZN,2022-10-14,-0.05003107895219994,0.5462962962962963,tenline_sec_annual_conservative,2021-12-31,2022-10-17,110.11000061035156,2023-01-12,95.2699966430664,-0.13477435187562814,-0.13577435187562814,-0.05,0,60,0.0,False
4e3bc0aec66c,AMZN,2022-10-28,-0.06804249715805744,0.5462962962962963,tenline_sec_annual_conservative,2021-12-31,2022-10-31,103.55999755859376,2023-01-27,102.23999786376952,-0.012746231420847631,-0.013746231420847632,-0.05,0,60,0.0,False
4e3bc0aec66c,AMZN,2022-11-01,-0.05515425020719411,0.5462962962962963,tenline_sec_annual_conservative,2021-12-31,2022-11-02,97.31999969482422,2023-01-31,103.12999725341795,0.05969993399930851,0.05869993399930851,-0.05,0,60,0.0,False
4e3bc0aec66c,AMZN,2026-02-06,-0.05554804877440456,0.2847222222222222,tenline_sec_annual_conservative,2025-12-31,2026-02-09,208.97000122070312,2026-05-06,274.989990234375,0.3159304619228338,0.3149304619228338,-0.05,0,60,0.0,False
4e3bc0aec66c,HD,2023-02-21,-0.07060844097676822,0.7053571428571429,tenline_sec_annual_conservative,2022-12-31,2023-02-22,271.82966318757144,2023-05-18,271.59893798828125,-0.0008487859514102469,-0.001848785951410247,-0.05,0,60,0.0,False
4e3bc0aec66c,META,2024-04-25,-0.10561289492370807,0.4708333333333334,tenline_sec_annual_conservative,2023-12-31,2024-04-26,438.0813276050655,2024-07-24,458.1942443847656,0.045911376523749325,0.044911376523749325,-0.05,0,60,0.0,False
4e3bc0aec66c,META,2024-07-17,-0.05675907421834325,0.4708333333333334,tenline_sec_annual_conservative,2023-12-31,2024-07-18,471.8326942182321,2024-10-11,586.5751953125,0.24318471886392246,0.24218471886392245,-0.05,0,60,0.0,False
4e3bc0aec66c,META,2024-07-24,-0.056109168662901054,0.4708333333333334,tenline_sec_annual_conservative,2023-12-31,2024-07-25,460.1710149834866,2024-10-18,573.1724243164062,0.24556394395456382,0.24456394395456382,-0.05,0,60,0.0,False
4e3bc0aec66c,META,2025-04-03,-0.08958280531351914,0.6324074074074074,tenline_sec_annual_conservative,2024-12-31,2025-04-04,504.5767586556749,2025-07-02,711.2389526367188,0.40957533306061555,0.40857533306061555,-0.05,0,60,0.0,False
4e3bc0aec66c,META,2025-04-04,-0.050581139935028885,0.6324074074074074,tenline_sec_annual_conservative,2024-12-31,2025-04-07,483.1435451248476,2025-07-03,716.6611938476562,0.48332974967608444,0.48232974967608444,-0.05,0,60,0.0,False
4e3bc0aec66c,META,2025-04-10,-0.0673985211979895,0.6324074074074074,tenline_sec_annual_conservative,2024-12-31,2025-04-11,533.3502556297472,2025-07-10,724.8642578125,0.35907736081728303,0.35807736081728303,-0.05,0,60,0.0,False
4e3bc0aec66c,META,2025-10-30,-0.11334764097342975,0.6324074074074074,tenline_sec_annual_conservative,2024-12-31,2025-10-31,672.7602632515434,2026-01-29,736.995361328125,0.09547992291655949,0.09447992291655949,-0.05,0,60,0.0,False
4e3bc0aec66c,META,2026-03-26,-0.07959464154247431,0.7199074074074073,tenline_sec_annual_conservative,2025-12-31,2026-03-27,539.599843303006,2026-06-24,557.6699829101562,0.03348803716572468,0.03248803716572468,-0.05,0,60,0.0,False
4e3bc0aec66c,META,2026-04-30,-0.08550038433407037,0.7199074074074073,tenline_sec_annual_conservative,2025-12-31,2026-05-01,614.120842749119,2026-07-29,585.6099853515625,-0.046425484062594724,-0.047425484062594725,-0.05,0,60,0.0,False
4e3bc0aec66c,META,2026-06-01,-0.05065539518815376,0.7199074074074073,tenline_sec_annual_conservative,2025-12-31,2026-06-02,602.68138962268,2026-08-27,571.0999755859375,-0.05240150862550208,-0.05340150862550208,-0.05,0,60,0.0,False
4e3bc0aec66c,MSFT,2020-02-27,-0.07045898111696802,0.6050925925925926,tenline_sec_annual_conservative,2019-12-31,2020-02-28,144.1909495095758,2020-05-26,172.2568359375,0.19464388384556908,0.19364388384556908,-0.05,0,60,0.0,False
4e3bc0aec66c,MSFT,2020-03-09,-0.0677726761084152,0.6050925925925926,tenline_sec_annual_conservative,2019-12-31,2020-03-10,149.63086415534653,2020-06-04,173.53756713867188,0.15977120173887016,0.15877120173887016,-0.05,0,60,0.0,False
4e3bc0aec66c,MSFT,2020-03-12,-0.09483829448607606,0.6050925925925926,tenline_sec_annual_conservative,2019-12-31,2020-03-13,139.5457337596405,2020-06-09,180.06472778320312,0.2903635455696141,0.2893635455696141,-0.05,0,60,0.0,False
4e3bc0aec66c,MSFT,2020-03-16,-0.147390723769389,0.6050925925925926,tenline_sec_annual_conservative,2019-12-31,2020-03-17,132.4501739191631,2020-06-11,176.71580505371094,0.3342059117382814,0.3332059117382814,-0.05,0,60,0.0,False
4e3bc0aec66c,MSFT,2020-06-11,-0.053697922731070324,0.6050925925925926,tenline_sec_annual_conservative,2019-12-31,2020-06-12,180.7667054997271,2020-09-08,192.72979736328125,0.06617973055647797,0.06517973055647797,-0.05,0,60,0.0,False
4e3bc0aec66c,MSFT,2020-09-03,-0.06194671570365484,0.6050925925925926,tenline_sec_annual_conservative,2019-12-31,2020-09-04,204.5602944159865,2020-12-01,206.1542053222656,0.007791888014385462,0.006791888014385462,-0.05,0,60,0.0,False
4e3bc0aec66c,MSFT,2020-09-08,-0.054095880600493196,0.6050925925925926,tenline_sec_annual_conservative,2019-12-31,2020-09-09,197.4278299244589,2020-12-03,204.27584838867188,0.03468618617159103,0.033686186171591026,-0.05,0,60,0.0,False
4e3bc0aec66c,MSFT,2022-09-13,-0.054978051494992464,0.6050925925925926,tenline_sec_annual_conservative,2019-12-31,2022-09-14,245.35746095813147,2022-12-08,240.09979248046875,-0.021428606479425127,-0.02242860647942513,-0.05,0,60,0.0,False
4e3bc0aec66c,MSFT,2022-10-07,-0.05085299426779777,0.6050925925925926,tenline_sec_annual_conservative,2019-12-31,2022-10-10,225.53763257488384,2023-01-05,215.75015258789065,-0.04339621674331229,-0.04439621674331229,-0.05,0,60,0.0,False
4e3bc0aec66c,MSFT,2022-10-26,-0.07715615824155908,0.6050925925925926,tenline_sec_annual_conservative,2019-12-31,2022-10-27,223.592440615288,2023-01-25,233.51019287109372,0.04435638444892742,0.04335638444892742,-0.05,0,60,0.0,False
4e3bc0aec66c,MSFT,2024-10-31,-0.06052750099407056,0.7583333333333334,tenline_sec_annual_conservative,2022-12-31,2024-11-01,402.64935394726,2025-01-31,409.4231872558594,0.0168231570278059,0.0158231570278059,-0.05,0,60,0.0,False
4e3bc0aec66c,MSFT,2025-01-30,-0.06180903636906887,0.5064814814814814,tenline_sec_annual_conservative,2024-12-31,2025-01-31,413.2899641100712,2025-04-29,389.468017578125,-0.05763978949559423,-0.05863978949559423,-0.05,0,60,0.0,False
4e3bc0aec66c,MSFT,2026-01-29,-0.09993140149712809,0.5416666666666666,tenline_sec_annual_conservative,2025-12-31,2026-01-30,436.4013853645445,2026-04-28,427.5174865722656,-0.020357173671338824,-0.021357173671338825,-0.05,0,60,0.0,False
4e3bc0aec66c,NKE,2020-03-12,-0.11666682124311178,0.7069444444444444,tenline_sec_annual_conservative,2019-12-31,2020-03-13,71.2206406173902,2020-06-09,93.70342254638672,0.3156778952576118,0.3146778952576118,-0.05,0,60,0.0,False
4e3bc0aec66c,NKE,2020-03-16,-0.11630090333112286,0.7069444444444444,tenline_sec_annual_conservative,2019-12-31,2020-03-17,61.48472020471045,2020-06-11,86.89227294921875,0.41323360763316574,0.41223360763316574,-0.05,0,60,0.0,False
4e3bc0aec66c,NKE,2020-03-23,-0.06893999488062419,0.7069444444444444,tenline_sec_annual_conservative,2019-12-31,2020-03-24,59.83627285471199,2020-06-18,89.8869857788086,0.5022156543249696,0.5012156543249696,-0.05,0,60,0.0,False
4e3bc0aec66c,NKE,2020-06-11,-0.06805730495465023,0.7069444444444444,tenline_sec_annual_conservative,2019-12-31,2020-06-12,89.29352875098706,2020-09-08,103.143798828125,0.15510944937300208,0.15410944937300208,-0.05,0,60,0.0,False
4e3bc0aec66c,NKE,2020-06-26,-0.0762325585879895,0.7069444444444444,tenline_sec_annual_conservative,2019-12-31,2020-06-29,85.550139985295,2020-09-23,116.31127166748048,0.3595684552646312,0.3585684552646312,-0.05,0,60,0.0,False
4e3bc0aec66c,NKE,2022-03-07,-0.05137986890110058,0.6763888888888889,tenline_sec_annual_conservative,2021-12-31,2022-03-08,115.95816312279383,2022-06-02,114.2638168334961,-0.01461170342534246,-0.01561170342534246,-0.05,0,60,0.0,False
4e3bc0aec66c,NKE,2022-04-26,-0.05799593676271375,0.6763888888888889,tenline_sec_annual_conservative,2021-12-31,2022-04-27,112.11573884449788,2022-07-25,101.4316864013672,-0.09529484935160826,-0.09629484935160826,-0.05,0,60,0.0,False
4e3bc0aec66c,NKE,2022-05-05,-0.05894014688087312,0.6763888888888889,tenline_sec_annual_conservative,2021-12-31,2022-05-06,105.3104594448684,2022-08-03,106.07258605957033,0.007236950809249132,0.006236950809249132,-0.05,0,60,0.0,False
4e3bc0aec66c,NKE,2022-05-18,-0.056341638069280386,0.6763888888888889,tenline_sec_annual_conservative,2021-12-31,2022-05-19,100.87547948416848,2022-08-16,109.58112335205078,0.08630089207406022,0.08530089207406022,-0.05,0,60,0.0,False
4e3bc0aec66c,NKE,2022-06-16,-0.05571237238927518,0.6763888888888889,tenline_sec_annual_conservative,2021-12-31,2022-06-17,98.52649573710626,2022-09-14,99.6007080078125,0.01090277556985808,0.00990277556985808,-0.05,0,60,0.0,False
4e3bc0aec66c,NKE,2022-06-28,-0.06986427419498809,0.6763888888888889,tenline_sec_annual_conservative,2021-12-31,2022-06-29,95.5934105127273,2022-09-23,90.3108367919922,-0.05526085629125843,-0.05626085629125843,-0.05,0,60,0.0,False
4e3bc0aec66c,NKE,2022-09-13,-0.0592632278794345,0.6763888888888889,tenline_sec_annual_conservative,2021-12-31,2022-09-14,98.79086791876286,2022-12-08,103.97737884521484,0.05249990242738756,0.051499902427387556,-0.05,0,60,0.0,False
4e3bc0aec66c,NKE,2022-09-30,-0.12808135892361716,0.6763888888888889,tenline_sec_annual_conservative,2021-12-31,2022-10-03,77.38136420826127,2022-12-28,107.3573989868164,0.38738054162341684,0.38638054162341684,-0.05,0,60,0.0,False
4e3bc0aec66c,NKE,2023-12-22,-0.1182568042499732,0.5326388888888889,tenline_sec_annual_conservative,2022-12-31,2023-12-26,102.42730594183745,2024-03-22,89.0875015258789,-0.13023679860850235,-0.13123679860850235,-0.05,0,60,0.0,False
4e3bc0aec66c,NKE,2024-03-22,-0.0690338188169407,0.63125,tenline_sec_annual_conservative,2023-12-31,2024-03-25,89.28681427495741,2024-06-20,91.06501770019533,0.019915633004465416,0.018915633004465415,-0.05,0,60,0.0,False
4e3bc0aec66c,NKE,2024-06-28,-0.19980885303062645,0.63125,tenline_sec_annual_conservative,2023-12-31,2024-07-01,71.9410735788205,2024-09-25,84.22587585449219,0.17076200930212893,0.16976200930212892,-0.05,0,60,0.0,False
4e3bc0aec66c,NKE,2024-10-02,-0.06765405520267831,0.63125,tenline_sec_annual_conservative,2023-12-31,2024-10-03,78.86604741095258,2024-12-30,71.81311798095703,-0.08942922412789844,-0.09042922412789844,-0.05,0,60,0.0,False
4e3bc0aec66c,NKE,2025-03-21,-0.05455060556696645,0.6555555555555554,tenline_sec_annual_conservative,2024-12-31,2025-03-24,66.28836708196621,2025-06-18,57.92060089111328,-0.12623280010059845,-0.12723280010059845,-0.05,0,60,0.0,False
4e3bc0aec66c,NKE,2025-04-03,-0.14439642370689287,0.6555555555555554,tenline_sec_annual_conservative,2024-12-31,2025-04-04,51.45663306843408,2025-07-02,74.34976959228516,0.4449015638742755,0.4439015638742755,-0.05,0,60,0.0,False
4e3bc0aec66c,NKE,2025-04-10,-0.08294001041825738,0.6555555555555554,tenline_sec_annual_conservative,2024-12-31,2025-04-11,52.597538467154266,2025-07-10,72.62704467773438,0.3808069121540354,0.3798069121540354,-0.05,0,60,0.0,False
4e3bc0aec66c,NKE,2025-12-19,-0.10543952557727221,0.6555555555555554,tenline_sec_annual_conservative,2024-12-31,2025-12-22,58.08132028849413,2026-03-20,51.90554428100586,-0.10632981441903777,-0.10732981441903777,-0.05,0,60,0.0,False
4e3bc0aec66c,NKE,2026-04-01,-0.15505485932819896,0.4305555555555555,tenline_sec_annual_conservative,2025-12-31,2026-04-02,43.37190511622997,2026-06-30,41.04999923706055,-0.05353479108070247,-0.05453479108070247,-0.05,0,60,0.0,False
4e3bc0aec66c,NVDA,2025-01-07,-0.06216953442159834,0.7699074074074074,tenline_sec_annual_conservative,2024-12-31,2025-01-08,142.36737985085435,2025-04-07,97.50334930419922,-0.3151285820786699,-0.3161285820786699,-0.05,0,60,0.0,False
4e3bc0aec66c,NVDA,2025-01-27,-0.16968167662348033,0.7699074074074074,tenline_sec_annual_conservative,2024-12-31,2025-01-28,121.62833781559046,2025-04-24,106.28104400634766,-0.12618189218792042,-0.12718189218792042,-0.05,0,60,0.0,False
4e3bc0aec66c,NVDA,2025-02-27,-0.08478062880758996,0.7699074074074074,tenline_sec_annual_conservative,2024-12-31,2025-02-28,117.84399213493025,2025-05-27,135.31036376953125,0.14821605512652836,0.14721605512652836,-0.05,0,60,0.0,False
4e3bc0aec66c,NVDA,2025-03-03,-0.08693563240438495,0.7699074074074074,tenline_sec_annual_conservative,2024-12-31,2025-03-04,110.48499132597254,2025-05-29,138.99520874023438,0.2580460664575326,0.2570460664575326,-0.05,0,60,0.0,False
4e3bc0aec66c,NVDA,2025-03-06,-0.05737431228014822,0.7699074074074074,tenline_sec_annual_conservative,2024-12-31,2025-03-07,111.0841023095759,2025-06-03,141.02235412597656,0.2695097785726974,0.2685097785726974,-0.05,0,60,0.0,False
4e3bc0aec66c,NVDA,2025-03-10,-0.050670109824213716,0.7699074074074074,tenline_sec_annual_conservative,2024-12-31,2025-03-11,106.83043665954976,2025-06-05,139.79409790039062,0.30856057759915734,0.30756057759915734,-0.05,0,60,0.0,False
4e3bc0aec66c,NVDA,2025-03-26,-0.057419847461616325,0.7699074074074074,tenline_sec_annual_conservative,2024-12-31,2025-03-27,111.19417323533278,2025-06-24,147.7032470703125,0.328336213784435,0.327336213784435,-0.05,0,60,0.0,False
4e3bc0aec66c,NVDA,2025-04-03,-0.07806547074373227,0.7699074074074074,tenline_sec_annual_conservative,2024-12-31,2025-04-04,98.7715853475697,2025-07-02,157.04083251953125,0.5899393734232017,0.5889393734232017,-0.05,0,60,0.0,False
4e3bc0aec66c,NVDA,2025-04-04,-0.07357568117034718,0.7699074074074074,tenline_sec_annual_conservative,2024-12-31,2025-04-07,87.33759621246332,2025-07-03,159.1280517578125,0.8219879943879709,0.8209879943879709,-0.05,0,60,0.0,False
4e3bc0aec66c,NVDA,2025-04-10,-0.059127169778110056,0.7699074074074074,tenline_sec_annual_conservative,2024-12-31,2025-04-11,108.34816524857224,2025-07-10,163.88172912597656,0.5125473398649556,0.5115473398649556,-0.05,0,60,0.0,False
4e3bc0aec66c,NVDA,2025-04-16,-0.06871652057100175,0.7699074074074074,tenline_sec_annual_conservative,2024-12-31,2025-04-17,104.30381795694564,2025-07-16,171.14205932617188,0.6408034018161792,0.6398034018161792,-0.05,0,60,0.0,False
4e3bc0aec66c,NVDA,2026-02-26,-0.0545612407286622,0.7907407407407407,tenline_sec_annual_conservative,2025-12-31,2026-02-27,181.0292033274304,2026-05-26,214.60987854003903,0.18549866317353647,0.18449866317353647,-0.05,0,60,0.0,False
5ff05448eed4,AAPL,2019-01-03,-0.09960735139594357,0.7777777777777778,tenline_sec_annual_conservative,2018-12-31,2019-01-07,35.25120757867321,2019-02-05,41.29155349731445,0.1713514609438691,0.1703514609438691,-0.05,1,20,0.5,False
5ff05448eed4,AAPL,2019-05-13,-0.05811956707039778,0.7777777777777778,tenline_sec_annual_conservative,2018-12-31,2019-05-15,44.51781960886782,2019-06-13,46.40109634399414,0.042303885313178746,0.041303885313178745,-0.05,1,20,0.5,False
5ff05448eed4,AAPL,2019-08-05,-0.05234805416340005,0.7777777777777778,tenline_sec_annual_conservative,2018-12-31,2019-08-07,46.702221401498505,2019-09-05,51.16675567626953,0.09559575841991474,0.09459575841991474,-0.05,1,20,0.5,False
5ff05448eed4,AAPL,2020-02-27,-0.06536826394002737,0.6157407407407408,tenline_sec_annual_conservative,2020-01-26,2020-03-02,68.08465633915449,2020-03-30,61.459022521972656,-0.09731463994144496,-0.09831463994144496,-0.05,1,20,0.5,False
5ff05448eed4,AAPL,2020-03-09,-0.07909145549754726,0.6157407407407408,tenline_sec_annual_conservative,2020-01-26,2020-03-11,66.9052206904251,2020-04-08,64.17489624023438,-0.040808840057850126,-0.04180884005785013,-0.05,1,20,0.5,False
5ff05448eed4,AAPL,2020-03-12,-0.09875466225021212,0.6157407407407408,tenline_sec_annual_conservative,2020-01-26,2020-03-16,58.35724684046864,2020-04-14,69.23516082763672,0.18640211072508373,0.18540211072508372,-0.05,1,20,0.5,False
5ff05448eed4,AAPL,2020-03-16,-0.12864729725731527,0.6157407407407408,tenline_sec_annual_conservative,2020-01-26,2020-03-18,57.83144203035199,2020-04-16,69.1483383178711,0.19568760332103774,0.19468760332103774,-0.05,1,20,0.5,False
5ff05448eed4,AAPL,2020-03-20,-0.06348542176201633,0.6157407407407408,tenline_sec_annual_conservative,2020-01-26,2020-03-24,57.00896347667582,2020-04-22,66.59407043457031,0.16813333155611687,0.16713333155611687,-0.05,1,20,0.5,False
5ff05448eed4,AAPL,2020-04-01,-0.0526171560497779,0.6157407407407408,tenline_sec_annual_conservative,2020-01-26,2020-04-03,58.56227043050136,2020-05-04,70.70884704589844,0.20741300714787014,0.20641300714787014,-0.05,1,20,0.5,False
5ff05448eed4,AAPL,2020-09-03,-0.08006069500538127,0.6157407407407408,tenline_sec_annual_conservative,2020-01-26,2020-09-08,110.4332424909772,2020-10-06,109.6676254272461,-0.006932849624456616,-0.007932849624456617,-0.05,1,20,0.5,False
5ff05448eed4,AAPL,2020-09-08,-0.06729501440433605,0.6157407407407408,tenline_sec_annual_conservative,2020-01-26,2020-09-10,116.64541298049808,2020-10-08,111.4217758178711,-0.044782190993659765,-0.045782190993659766,-0.05,1,20,0.5,False
5ff05448eed4,AAPL,2020-10-30,-0.05601795431850343,0.6157407407407408,tenline_sec_annual_conservative,2020-01-26,2020-11-03,106.27565935922766,2020-12-02,119.48727416992188,0.12431458802844952,0.12331458802844952,-0.05,1,20,0.5,False
5ff05448eed4,AAPL,2026-06-25,-0.06117774105404383,0.6347222222222222,tenline_sec_annual_conservative,2026-01-25,2026-06-29,286.4829438934296,2026-07-28,339.78692626953125,0.1860633713535509,0.1850633713535509,-0.05,1,20,0.5,False
5ff05448eed4,AMZN,2020-03-09,-0.05285383245165354,0.6092592592592593,tenline_sec_annual_conservative,2019-12-31,2020-03-11,92.89250183105467,2020-04-08,102.1500015258789,0.09965820181763463,0.09865820181763463,-0.05,1,20,0.5,False
5ff05448eed4,AMZN,2020-03-12,-0.07922082514747941,0.6092592592592593,tenline_sec_annual_conservative,2019-12-31,2020-03-16,82.07550048828125,2020-04-14,114.16600036621094,0.39098756251278144,0.38998756251278144,-0.05,1,20,0.5,False
5ff05448eed4,AMZN,2020-03-16,-0.053697516604298,0.6092592592592593,tenline_sec_annual_conservative,2019-12-31,2020-03-18,87.5,2020-04-16,120.40950012207033,0.37610857282366084,0.37510857282366084,-0.05,1,20,0.5,False
5ff05448eed4,AMZN,2020-05-01,-0.07597409237648933,0.6092592592592593,tenline_sec_annual_conservative,2019-12-31,2020-05-05,117.0,2020-06-03,123.91999816894533,0.05914528349525927,0.05814528349525927,-0.05,1,20,0.5,False
5ff05448eed4,AMZN,2020-10-30,-0.0544564552314909,0.6092592592592593,tenline_sec_annual_conservative,2019-12-31,2020-11-03,150.92649841308594,2020-12-02,160.17649841308594,0.06128811108227494,0.06028811108227494,-0.05,1,20,0.5,False
5ff05448eed4,AMZN,2020-11-09,-0.05062255447737596,0.6092592592592593,tenline_sec_annual_conservative,2019-12-31,2020-11-11,153.08900451660156,2020-12-10,155.07449340820312,0.01296950684257836,0.011969506842578359,-0.05,1,20,0.5,False
5ff05448eed4,AMZN,2021-07-30,-0.07564890713277761,0.5671296296296297,tenline_sec_annual_conservative,2020-12-31,2021-08-03,167.03599548339844,2021-08-31,173.5395050048828,0.03893477871439255,0.03793477871439255,-0.05,1,20,0.5,False
5ff05448eed4,AMZN,2022-01-21,-0.05950180896147472,0.5254629629629629,tenline_sec_annual_conservative,2021-12-31,2022-01-25,142.24249267578125,2022-02-23,144.82699584960938,0.01816969827517778,0.01716969827517778,-0.05,1,20,0.5,False
5ff05448eed4,AMZN,2022-02-03,-0.0781276325178123,0.5462962962962963,tenline_sec_annual_conservative,2021-12-31,2022-02-07,158.52000427246094,2022-03-08,136.01449584960938,-0.1419726710590391,-0.1429726710590391,-0.05,1,20,0.5,False
5ff05448eed4,AMZN,2022-03-07,-0.05622045424233624,0.5462962962962963,tenline_sec_annual_conservative,2021-12-31,2022-03-09,139.5,2022-04-06,158.75599670410156,0.13803581866739467,0.13703581866739467,-0.05,1,20,0.5,False
5ff05448eed4,AMZN,2022-04-29,-0.14049437774923412,0.5462962962962963,tenline_sec_annual_conservative,2021-12-31,2022-05-03,124.05349731445312,2022-06-01,121.68399810791016,-0.01910062398754242,-0.02010062398754242,-0.05,1,20,0.5,False
5ff05448eed4,AMZN,2022-05-05,-0.07561036490424522,0.5462962962962963,tenline_sec_annual_conservative,2021-12-31,2022-05-09,111.3125,2022-06-07,123.0,0.10499719258843343,0.10399719258843343,-0.05,1,20,0.5,False
5ff05448eed4,AMZN,2022-05-09,-0.05213354825727923,0.5462962962962963,tenline_sec_annual_conservative,2021-12-31,2022-05-11,108.10350036621094,2022-06-09,116.1500015258789,0.0744333081945514,0.0734333081945514,-0.05,1,20,0.5,False
5ff05448eed4,AMZN,2022-05-18,-0.07156196640827228,0.5462962962962963,tenline_sec_annual_conservative,2021-12-31,2022-05-20,109.56849670410156,2022-06-21,108.68000030517578,-0.00810904982410443,-0.009109049824104432,-0.05,1,20,0.5,False
5ff05448eed4,AMZN,2022-06-10,-0.05596211721574329,0.5462962962962963,tenline_sec_annual_conservative,2021-12-31,2022-06-14,104.19000244140624,2022-07-14,110.62999725341795,0.06181010328350278,0.06081010328350278,-0.05,1,20,0.5,False
5ff05448eed4,AMZN,2022-06-13,-0.05453719355874531,0.5462962962962963,tenline_sec_annual_conservative,2021-12-31,2022-06-15,103.86000061035156,2022-07-15,113.5500030517578,0.09329869424669002,0.09229869424669002,-0.05,1,20,0.5,False
5ff05448eed4,AMZN,2022-06-28,-0.05140434227234392,0.5462962962962963,tenline_sec_annual_conservative,2021-12-31,2022-06-30,108.11000061035156,2022-07-29,134.9499969482422,0.2482656200754909,0.2472656200754909,-0.05,1,20,0.5,False
5ff05448eed4,AMZN,2022-07-26,-0.052253606265046604,0.5462962962962963,tenline_sec_annual_conservative,2021-12-31,2022-07-28,121.56999969482422,2022-08-25,137.27999877929688,0.12922595314558927,0.12822595314558927,-0.05,1,20,0.5,False
5ff05448eed4,AMZN,2022-09-13,-0.0705752837581286,0.5462962962962963,tenline_sec_annual_conservative,2021-12-31,2022-09-15,127.37999725341795,2022-10-13,112.52999877929688,-0.11658030141559461,-0.11758030141559461,-0.05,1,20,0.5,False
5ff05448eed4,AMZN,2022-10-14,-0.05003107895219994,0.5462962962962963,tenline_sec_annual_conservative,2021-12-31,2022-10-18,119.05999755859376,2022-11-15,98.94000244140624,-0.16899038744970363,-0.16999038744970363,-0.05,1,20,0.5,False
5ff05448eed4,AMZN,2022-10-28,-0.06804249715805744,0.5462962962962963,tenline_sec_annual_conservative,2021-12-31,2022-11-01,103.98999786376952,2022-11-30,96.54000091552734,-0.07164147611582727,-0.07264147611582727,-0.05,1,20,0.5,False
5ff05448eed4,AMZN,2022-11-01,-0.05515425020719411,0.5462962962962963,tenline_sec_annual_conservative,2021-12-31,2022-11-03,92.47000122070312,2022-12-02,94.12999725341795,0.017951725000552532,0.01695172500055253,-0.05,1,20,0.5,False
5ff05448eed4,GOOGL,2026-07-23,-0.0713262420932762,0.5189814814814815,tenline_sec_annual_conservative,2025-12-31,2026-07-27,325.0400085449219,2026-08-24,348.0599975585937,0.07082201700868573,0.06982201700868573,-0.05,1,20,0.5,False
5ff05448eed4,HD,2023-02-21,-0.07060844097676822,0.7053571428571429,tenline_sec_annual_conservative,2022-12-31,2023-02-23,271.1353702875478,2023-03-23,261.2469482421875,-0.03647042447790305,-0.03747042447790305,-0.05,1,20,0.5,False
5ff05448eed4,META,2025-04-03,-0.08958280531351914,0.6324074074074074,tenline_sec_annual_conservative,2024-12-31,2025-04-07,483.1435451248476,2025-05-06,584.9412841796875,0.21069874591522209,0.20969874591522208,-0.05,1,20,0.5,False
5ff05448eed4,META,2025-04-04,-0.050581139935028885,0.6324074074074074,tenline_sec_annual_conservative,2024-12-31,2025-04-08,541.0589647931961,2025-05-07,594.4030151367188,0.09859193510251107,0.09759193510251107,-0.05,1,20,0.5,False
5ff05448eed4,META,2025-04-10,-0.0673985211979895,0.6324074074074074,tenline_sec_annual_conservative,2024-12-31,2025-04-14,553.926912857093,2025-05-13,653.3841552734375,0.17954939561133632,0.17854939561133631,-0.05,1,20,0.5,False
5ff05448eed4,META,2025-10-30,-0.11334764097342975,0.6324074074074074,tenline_sec_annual_conservative,2024-12-31,2025-11-03,654.298319497033,2025-12-02,645.4213256835938,-0.013567196413194482,-0.014567196413194483,-0.05,1,20,0.5,False
5ff05448eed4,META,2026-03-26,-0.07959464154247431,0.7199074074074073,tenline_sec_annual_conservative,2025-12-31,2026-03-30,535.8833618164062,2026-04-28,670.7183837890625,0.25161262987457844,0.25061262987457844,-0.05,1,20,0.5,False
5ff05448eed4,META,2026-04-30,-0.08550038433407037,0.7199074074074073,tenline_sec_annual_conservative,2025-12-31,2026-05-04,607.3771038685389,2026-06-02,597.0765991210938,-0.01695899414357016,-0.01795899414357016,-0.05,1,20,0.5,False
5ff05448eed4,META,2026-06-01,-0.05065539518815376,0.7199074074074073,tenline_sec_annual_conservative,2025-12-31,2026-06-03,602.4416570391962,2026-07-02,582.9000244140625,-0.03243738608842961,-0.03343738608842961,-0.05,1,20,0.5,False
5ff05448eed4,META,2026-06-05,-0.055085447812264654,0.7199074074074073,tenline_sec_annual_conservative,2025-12-31,2026-06-09,590.4527436689563,2026-07-09,631.47998046875,0.06948436981570882,0.06848436981570882,-0.05,1,20,0.5,False
5ff05448eed4,META,2026-06-17,-0.05436431197128366,0.7199074074074073,tenline_sec_annual_conservative,2025-12-31,2026-06-22,572.02001953125,2026-07-21,643.8099975585938,0.12550256210643296,0.12450256210643296,-0.05,1,20,0.5,False
5ff05448eed4,MSFT,2020-02-27,-0.07045898111696802,0.6050925925925926,tenline_sec_annual_conservative,2019-12-31,2020-03-02,156.3952882488152,2020-03-30,151.58920288085938,-0.030730371878656904,-0.031730371878656904,-0.05,1,20,0.5,False
5ff05448eed4,MSFT,2020-03-09,-0.0677726761084152,0.6050925925925926,tenline_sec_annual_conservative,2019-12-31,2020-03-11,148.6564082651572,2020-04-08,156.22499084472656,0.05091326144561048,0.04991326144561048,-0.05,1,20,0.5,False
5ff05448eed4,MSFT,2020-03-12,-0.09483829448607606,0.6050925925925926,tenline_sec_annual_conservative,2019-12-31,2020-03-16,132.4501241424537,2020-04-14,164.3328094482422,0.24071465022937844,0.23971465022937843,-0.05,1,20,0.5,False
5ff05448eed4,MSFT,2020-03-16,-0.147390723769389,0.6050925925925926,tenline_sec_annual_conservative,2019-12-31,2020-03-18,130.55804437090856,2020-04-16,167.49270629882812,0.28289840052283655,0.28189840052283655,-0.05,1,20,0.5,False
5ff05448eed4,MSFT,2020-06-11,-0.053697922731070324,0.6050925925925926,tenline_sec_annual_conservative,2019-12-31,2020-06-15,175.11242934147475,2020-07-14,197.6632232666016,0.1287789451036172,0.1277789451036172,-0.05,1,20,0.5,False
5ff05448eed4,MSFT,2020-09-03,-0.06194671570365484,0.6050925925925926,tenline_sec_annual_conservative,2019-12-31,2020-09-08,196.38163641738157,2020-10-06,195.820556640625,-0.002857088814374076,-0.003857088814374076,-0.05,1,20,0.5,False
5ff05448eed4,MSFT,2020-09-08,-0.054095880600493196,0.6050925925925926,tenline_sec_annual_conservative,2019-12-31,2020-09-10,202.9435570623291,2020-10-08,200.26177978515625,-0.013214399688230571,-0.014214399688230572,-0.05,1,20,0.5,False
5ff05448eed4,MSFT,2022-09-13,-0.054978051494992464,0.6050925925925926,tenline_sec_annual_conservative,2019-12-31,2022-09-15,241.71865662350373,2022-10-13,226.6892852783203,-0.0621771258996896,-0.0631771258996896,-0.05,1,20,0.5,False
5ff05448eed4,MSFT,2022-10-07,-0.05085299426779777,0.6050925925925926,tenline_sec_annual_conservative,2019-12-31,2022-10-11,220.28267336430167,2022-11-08,221.4923858642578,0.0054916370928344005,0.0044916370928344005,-0.05,1,20,0.5,False
5ff05448eed4,MSFT,2022-10-26,-0.07715615824155908,0.6050925925925926,tenline_sec_annual_conservative,2019-12-31,2022-10-28,218.94714217799373,2022-11-28,234.62619018554688,0.07161111057027103,0.07061111057027103,-0.05,1,20,0.5,False
5ff05448eed4,MSFT,2024-10-31,-0.06052750099407056,0.7583333333333334,tenline_sec_annual_conservative,2022-12-31,2024-11-04,403.4270678175101,2024-12-03,425.343994140625,0.05432686121355901,0.05332686121355901,-0.05,1,20,0.5,False
5ff05448eed4,MSFT,2025-01-30,-0.06180903636906887,0.5064814814814814,tenline_sec_annual_conservative,2024-12-31,2025-02-03,406.0101438094314,2025-03-04,384.10101318359375,-0.05396202769781311,-0.05496202769781311,-0.05,1,20,0.5,False
5ff05448eed4,MSFT,2026-01-29,-0.09993140149712809,0.5416666666666666,tenline_sec_annual_conservative,2025-12-31,2026-02-02,427.5276741085398,2026-03-03,402.2996826171875,-0.059009025658880554,-0.060009025658880555,-0.05,1,20,0.5,False
5ff05448eed4,NKE,2020-03-12,-0.11666682124311178,0.7069444444444444,tenline_sec_annual_conservative,2019-12-31,2020-03-16,59.45373417418861,2020-04-14,79.66328430175781,0.33992061908775817,0.33892061908775817,-0.05,1,20,0.5,False
5ff05448eed4,NKE,2020-03-16,-0.11630090333112286,0.7069444444444444,tenline_sec_annual_conservative,2019-12-31,2020-03-18,59.00747811915578,2020-04-16,78.59770965576172,0.3319957429301881,0.3309957429301881,-0.05,1,20,0.5,False
5ff05448eed4,NKE,2020-03-23,-0.06893999488062419,0.7069444444444444,tenline_sec_annual_conservative,2019-12-31,2020-03-25,72.96015142302218,2020-04-23,79.55398559570312,0.09037582905290265,0.08937582905290264,-0.05,1,20,0.5,False
5ff05448eed4,NKE,2020-06-11,-0.06805730495465023,0.7069444444444444,tenline_sec_annual_conservative,2019-12-31,2020-06-15,85.73273188681597,2020-07-14,88.34396362304688,0.03045781557128313,0.02945781557128313,-0.05,1,20,0.5,False
5ff05448eed4,NKE,2020-06-26,-0.0762325585879895,0.7069444444444444,tenline_sec_annual_conservative,2019-12-31,2020-06-30,87.65009208962924,2020-07-29,88.53570556640625,0.010103965160372042,0.00910396516037204,-0.05,1,20,0.5,False
5ff05448eed4,NKE,2022-03-07,-0.05137986890110058,0.6763888888888889,tenline_sec_annual_conservative,2021-12-31,2022-03-09,117.93958252727847,2022-04-06,118.8469467163086,0.007693466176381003,0.006693466176381003,-0.05,1,20,0.5,False
5ff05448eed4,NKE,2022-04-26,-0.05799593676271375,0.6763888888888889,tenline_sec_annual_conservative,2021-12-31,2022-04-28,114.04159186084024,2022-05-26,104.56975555419922,-0.08305598117394808,-0.08405598117394808,-0.05,1,20,0.5,False
5ff05448eed4,NKE,2022-05-05,-0.05894014688087312,0.6763888888888889,tenline_sec_annual_conservative,2021-12-31,2022-05-09,104.59752840578268,2022-06-07,112.93187713623048,0.07968016890528196,0.07868016890528196,-0.05,1,20,0.5,False
5ff05448eed4,NKE,2022-05-18,-0.056341638069280386,0.6763888888888889,tenline_sec_annual_conservative,2021-12-31,2022-05-20,100.61620789005084,2022-06-21,100.87478637695312,0.002569948642716202,0.0015699486427162021,-0.05,1,20,0.5,False
5ff05448eed4,NKE,2022-06-16,-0.05571237238927518,0.6763888888888889,tenline_sec_annual_conservative,2021-12-31,2022-06-21,100.67058527206925,2022-07-20,103.1302719116211,0.024433022147476002,0.023433022147476,-0.05,1,20,0.5,False
5ff05448eed4,NKE,2022-06-28,-0.06986427419498809,0.6763888888888889,tenline_sec_annual_conservative,2021-12-31,2022-06-30,94.61885391972896,2022-07-29,106.66663360595705,0.1273295879957388,0.1263295879957388,-0.05,1,20,0.5,False
5ff05448eed4,NKE,2022-09-13,-0.0592632278794345,0.6763888888888889,tenline_sec_annual_conservative,2021-12-31,2022-09-15,98.809489711446,2022-10-13,83.36670684814453,-0.15628845881503017,-0.15728845881503017,-0.05,1,20,0.5,False
5ff05448eed4,NKE,2022-09-30,-0.12808135892361716,0.6763888888888889,tenline_sec_annual_conservative,2021-12-31,2022-10-04,81.63532364038758,2022-11-01,87.28559112548828,0.06921351240047424,0.06821351240047424,-0.05,1,20,0.5,False
5ff05448eed4,NKE,2023-12-22,-0.1182568042499732,0.5326388888888889,tenline_sec_annual_conservative,2022-12-31,2023-12-27,102.46514055456204,2024-01-26,97.17826080322266,-0.05159686233508998,-0.05259686233508998,-0.05,1,20,0.5,False
5ff05448eed4,NKE,2024-03-22,-0.0690338188169407,0.63125,tenline_sec_annual_conservative,2023-12-31,2024-03-26,88.97358740878632,2024-04-24,89.82782745361328,0.009601052061688709,0.008601052061688708,-0.05,1,20,0.5,False
5ff05448eed4,NKE,2024-06-28,-0.19980885303062645,0.63125,tenline_sec_annual_conservative,2023-12-31,2024-07-02,73.19886634681284,2024-07-31,71.33125305175781,-0.02551423796929253,-0.02651423796929253,-0.05,1,20,0.5,False
5ff05448eed4,NKE,2024-10-02,-0.06765405520267831,0.63125,tenline_sec_annual_conservative,2023-12-31,2024-10-04,79.0861961211603,2024-11-01,74.71219635009766,-0.05530674106972677,-0.05630674106972677,-0.05,1,20,0.5,False
5ff05448eed4,NKE,2025-03-21,-0.05455060556696645,0.6555555555555554,tenline_sec_annual_conservative,2024-12-31,2025-03-25,65.3214971973046,2025-04-23,55.48846435546875,-0.150532876062761,-0.151532876062761,-0.05,1,20,0.5,False
5ff05448eed4,NKE,2025-04-03,-0.14439642370689287,0.6555555555555554,tenline_sec_annual_conservative,2024-12-31,2025-04-07,53.56439973821726,2025-05-06,55.15006256103516,0.02960292340747661,0.02860292340747661,-0.05,1,20,0.5,False
5ff05448eed4,NKE,2025-04-10,-0.08294001041825738,0.6555555555555554,tenline_sec_annual_conservative,2024-12-31,2025-04-14,53.79644881824925,2025-05-13,60.32279586791992,0.1213155736676943,0.1203155736676943,-0.05,1,20,0.5,False
5ff05448eed4,NKE,2025-12-19,-0.10543952557727221,0.6555555555555554,tenline_sec_annual_conservative,2024-12-31,2025-12-23,56.29920230093564,2026-01-23,64.03812408447266,0.137460593884976,0.136460593884976,-0.05,1,20,0.5,False
5ff05448eed4,NVDA,2025-01-07,-0.06216953442159834,0.7699074074074074,tenline_sec_annual_conservative,2024-12-31,2025-01-10,137.24501786219508,2025-02-10,133.3708038330078,-0.028228449305732095,-0.029228449305732096,-0.05,1,20,0.5,False
5ff05448eed4,NVDA,2025-01-27,-0.16968167662348033,0.7699074074074074,tenline_sec_annual_conservative,2024-12-31,2025-01-29,126.31134548354018,2025-02-27,119.9708251953125,-0.050197551644748484,-0.051197551644748485,-0.05,1,20,0.5,False
5ff05448eed4,NVDA,2025-02-27,-0.08478062880758996,0.7699074074074074,tenline_sec_annual_conservative,2024-12-31,2025-03-03,123.32581202011416,2025-03-31,108.22832489013672,-0.12241952339640849,-0.12341952339640849,-0.05,1,20,0.5,False
5ff05448eed4,NVDA,2025-03-03,-0.08693563240438495,0.7699074074074074,tenline_sec_annual_conservative,2024-12-31,2025-03-05,117.40465751759533,2025-04-02,110.26546478271484,-0.0608084286077879,-0.0618084286077879,-0.05,1,20,0.5,False
5ff05448eed4,NVDA,2025-03-06,-0.05737431228014822,0.7699074074074074,tenline_sec_annual_conservative,2024-12-31,2025-03-10,109.73610085349598,2025-04-07,97.50334930419922,-0.11147426830508766,-0.11247426830508767,-0.05,1,20,0.5,False
5ff05448eed4,NVDA,2025-03-10,-0.050670109824213716,0.7699074074074074,tenline_sec_annual_conservative,2024-12-31,2025-03-12,113.9602977987337,2025-04-09,114.17000579833984,0.001840184727987415,0.000840184727987415,-0.05,1,20,0.5,False
5ff05448eed4,NVDA,2025-03-26,-0.057419847461616325,0.7699074074074074,tenline_sec_annual_conservative,2024-12-31,2025-03-28,111.33397804410713,2025-04-28,108.57784271240234,-0.024755563217303544,-0.025755563217303545,-0.05,1,20,0.5,False
5ff05448eed4,NVDA,2025-04-03,-0.07806547074373227,0.7699074074074074,tenline_sec_annual_conservative,2024-12-31,2025-04-07,87.33759621246332,2025-05-06,113.38111114501952,0.29819363094446727,0.29719363094446727,-0.05,1,20,0.5,False
5ff05448eed4,NVDA,2025-04-04,-0.07357568117034718,0.7699074074074074,tenline_sec_annual_conservative,2024-12-31,2025-04-08,103.6647139576977,2025-05-07,116.89617919921876,0.12763711716718196,0.12663711716718196,-0.05,1,20,0.5,False
5ff05448eed4,NVDA,2025-04-10,-0.059127169778110056,0.7699074074074074,tenline_sec_annual_conservative,2024-12-31,2025-04-14,113.95031245540224,2025-05-13,129.7481689453125,0.13863811471419352,0.13763811471419352,-0.05,1,20,0.5,False
5ff05448eed4,NVDA,2025-04-16,-0.06871652057100175,0.7699074074074074,tenline_sec_annual_conservative,2024-12-31,2025-04-21,98.6317735699764,2025-05-19,135.38026428222656,0.3725826818492539,0.3715826818492539,-0.05,1,20,0.5,False
5ff05448eed4,NVDA,2026-02-26,-0.0545612407286622,0.7907407407407407,tenline_sec_annual_conservative,2025-12-31,2026-03-02,174.79680413295333,2026-03-30,164.97772216796875,-0.05617426481960175,-0.05717426481960175,-0.05,1,20,0.5,False
5ff05448eed4,NVDA,2026-06-05,-0.062014073591381336,0.7907407407407407,tenline_sec_annual_conservative,2025-12-31,2026-06-09,210.6199951171875,2026-07-09,202.77999877929688,-0.03722341904684079,-0.03822341904684079,-0.05,1,20,0.5,False
6480b7b974fa,AAPL,2019-01-03,-0.09960735139594357,0.7777777777777778,tenline_sec_annual_conservative,2018-12-31,2019-01-04,34.26264652552224,2019-02-04,40.59695053100586,0.18487491912702048,0.18387491912702048,-0.05,0,20,0.5,False
6480b7b974fa,AAPL,2019-05-13,-0.05811956707039778,0.7777777777777778,tenline_sec_annual_conservative,2018-12-31,2019-05-14,44.55126706777633,2019-06-12,46.41065216064453,0.041735852092365855,0.040735852092365854,-0.05,0,20,0.5,False
6480b7b974fa,AAPL,2019-08-05,-0.05234805416340005,0.7777777777777778,tenline_sec_annual_conservative,2018-12-31,2019-08-06,46.917325530412754,2019-09-04,50.18555068969727,0.0696592382949448,0.0686592382949448,-0.05,0,20,0.5,False
6480b7b974fa,AAPL,2020-02-27,-0.06536826394002737,0.6157407407407408,tenline_sec_annual_conservative,2020-01-26,2020-02-28,62.04995543810668,2020-03-27,59.75376510620117,-0.03700551137697272,-0.03800551137697272,-0.05,0,20,0.5,False
6480b7b974fa,AAPL,2020-03-09,-0.07909145549754726,0.6157407407407408,tenline_sec_annual_conservative,2020-01-26,2020-03-10,66.84490987612755,2020-04-07,62.57332992553711,-0.06390284553462988,-0.06490284553462988,-0.05,0,20,0.5,False
6480b7b974fa,AAPL,2020-03-12,-0.09875466225021212,0.6157407407407408,tenline_sec_annual_conservative,2020-01-26,2020-03-13,63.89030055830854,2020-04-13,65.90666961669922,0.03155986183772086,0.03055986183772086,-0.05,0,20,0.5,False
6480b7b974fa,AAPL,2020-03-16,-0.12864729725731527,0.6157407407407408,tenline_sec_annual_conservative,2020-01-26,2020-03-17,59.69829586216656,2020-04-15,68.60324096679688,0.14916581748313806,0.14816581748313806,-0.05,0,20,0.5,False
6480b7b974fa,AAPL,2020-03-20,-0.06348542176201633,0.6157407407407408,tenline_sec_annual_conservative,2020-01-26,2020-03-23,55.01187574325441,2020-04-21,64.72962188720703,0.17664815119750243,0.17564815119750243,-0.05,0,20,0.5,False
6480b7b974fa,AAPL,2020-04-01,-0.0526171560497779,0.6157407407407408,tenline_sec_annual_conservative,2020-01-26,2020-04-02,57.96892520332119,2020-05-01,69.7223892211914,0.2027545616318729,0.2017545616318729,-0.05,0,20,0.5,False
6480b7b974fa,AAPL,2020-09-03,-0.08006069500538127,0.6157407407407408,tenline_sec_annual_conservative,2020-01-26,2020-09-04,116.36437378387907,2020-10-05,112.9045639038086,-0.02973255273556752,-0.03073255273556752,-0.05,0,20,0.5,False
6480b7b974fa,AAPL,2020-09-08,-0.06729501440433605,0.6157407407407408,tenline_sec_annual_conservative,2020-01-26,2020-09-09,113.641095738678,2020-10-07,111.52838897705078,-0.01859104532470779,-0.01959104532470779,-0.05,0,20,0.5,False
6480b7b974fa,AAPL,2020-10-30,-0.05601795431850343,0.6157407407407408,tenline_sec_annual_conservative,2020-01-26,2020-11-02,105.74264246216924,2020-12-01,119.1377944946289,0.12667691785035484,0.12567691785035484,-0.05,0,20,0.5,False
6480b7b974fa,AAPL,2026-06-25,-0.06117774105404383,0.6347222222222222,tenline_sec_annual_conservative,2026-01-25,2026-06-26,274.7630284991681,2026-07-27,336.61968994140625,0.2251273098135378,0.2241273098135378,-0.05,0,20,0.5,False
6480b7b974fa,AMZN,2020-03-09,-0.05285383245165354,0.6092592592592593,tenline_sec_annual_conservative,2019-12-31,2020-03-10,93.54399871826172,2020-04-07,100.58000183105467,0.07521597546823044,0.07421597546823044,-0.05,0,20,0.5,False
6480b7b974fa,AMZN,2020-03-12,-0.07922082514747941,0.6092592592592593,tenline_sec_annual_conservative,2019-12-31,2020-03-13,87.75,2020-04-13,108.44349670410156,0.2358233242632657,0.2348233242632657,-0.05,0,20,0.5,False
6480b7b974fa,AMZN,2020-03-16,-0.053697516604298,0.6092592592592593,tenline_sec_annual_conservative,2019-12-31,2020-03-17,88.77349853515625,2020-04-15,115.38400268554688,0.2997572990756052,0.2987572990756052,-0.05,0,20,0.5,False
6480b7b974fa,AMZN,2020-05-01,-0.07597409237648933,0.6092592592592593,tenline_sec_annual_conservative,2019-12-31,2020-05-04,112.81900024414062,2020-06-02,123.62049865722656,0.09574183771981204,0.09474183771981204,-0.05,0,20,0.5,False
6480b7b974fa,AMZN,2020-10-30,-0.0544564552314909,0.6092592592592593,tenline_sec_annual_conservative,2019-12-31,2020-11-02,153.08700561523438,2020-12-01,161.00399780273438,0.05171563814761915,0.050715638147619146,-0.05,0,20,0.5,False
6480b7b974fa,AMZN,2020-11-09,-0.05062255447737596,0.6092592592592593,tenline_sec_annual_conservative,2019-12-31,2020-11-10,154.75100708007812,2020-12-09,155.2100067138672,0.002966052644501005,0.001966052644501005,-0.05,0,20,0.5,False
6480b7b974fa,AMZN,2021-07-30,-0.07564890713277761,0.5671296296296297,tenline_sec_annual_conservative,2020-12-31,2021-08-02,167.65499877929688,2021-08-30,171.07850646972656,0.020419955953335123,0.019419955953335122,-0.05,0,20,0.5,False
6480b7b974fa,AMZN,2022-01-21,-0.05950180896147472,0.5254629629629629,tenline_sec_annual_conservative,2021-12-31,2022-01-24,139.0,2022-02-22,150.19749450683594,0.08055751443766868,0.07955751443766867,-0.05,0,20,0.5,False
6480b7b974fa,AMZN,2022-02-03,-0.0781276325178123,0.5462962962962963,tenline_sec_annual_conservative,2021-12-31,2022-02-04,155.60650634765625,2022-03-07,137.4530029296875,-0.11666288154693327,-0.11766288154693327,-0.05,0,20,0.5,False
6480b7b974fa,AMZN,2022-03-07,-0.05622045424233624,0.5462962962962963,tenline_sec_annual_conservative,2021-12-31,2022-03-08,136.68350219726562,2022-04-05,164.05499267578125,0.20025452990670578,0.19925452990670578,-0.05,0,20,0.5,False
6480b7b974fa,AMZN,2022-04-29,-0.14049437774923412,0.5462962962962963,tenline_sec_annual_conservative,2021-12-31,2022-05-02,122.4010009765625,2022-05-31,120.20950317382812,-0.017904247393810135,-0.018904247393810136,-0.05,0,20,0.5,False
6480b7b974fa,AMZN,2022-05-05,-0.07561036490424522,0.5462962962962963,tenline_sec_annual_conservative,2021-12-31,2022-05-06,114.8499984741211,2022-06-06,124.79000091552734,0.08654769328225997,0.08554769328225997,-0.05,0,20,0.5,False
6480b7b974fa,AMZN,2022-05-09,-0.05213354825727923,0.5462962962962963,tenline_sec_annual_conservative,2021-12-31,2022-05-10,111.25,2022-06-08,121.18000030517578,0.0892584297094452,0.0882584297094452,-0.05,0,20,0.5,False
6480b7b974fa,AMZN,2022-05-18,-0.07156196640827228,0.5462962962962963,tenline_sec_annual_conservative,2021-12-31,2022-05-19,106.28050231933594,2022-06-17,106.22000122070312,-0.0005692586816256062,-0.0015692586816256062,-0.05,0,20,0.5,False
6480b7b974fa,AMZN,2022-06-10,-0.05596211721574329,0.5462962962962963,tenline_sec_annual_conservative,2021-12-31,2022-06-13,104.19000244140624,2022-07-13,110.4000015258789,0.05960263882290451,0.05860263882290451,-0.05,0,20,0.5,False
6480b7b974fa,AMZN,2022-06-13,-0.05453719355874531,0.5462962962962963,tenline_sec_annual_conservative,2021-12-31,2022-06-14,104.19000244140624,2022-07-14,110.62999725341795,0.06181010328350278,0.06081010328350278,-0.05,0,20,0.5,False
6480b7b974fa,AMZN,2022-06-28,-0.05140434227234392,0.5462962962962963,tenline_sec_annual_conservative,2021-12-31,2022-06-29,107.37999725341795,2022-07-28,122.27999877929688,0.1387595632985048,0.1377595632985048,-0.05,0,20,0.5,False
6480b7b974fa,AMZN,2022-07-26,-0.052253606265046604,0.5462962962962963,tenline_sec_annual_conservative,2021-12-31,2022-07-27,117.30999755859376,2022-08-24,133.8000030517578,0.14056777628801553,0.13956777628801553,-0.05,0,20,0.5,False
6480b7b974fa,AMZN,2022-09-13,-0.0705752837581286,0.5462962962962963,tenline_sec_annual_conservative,2021-12-31,2022-09-14,127.36000061035156,2022-10-12,112.9000015258789,-0.11353642442819978,-0.11453642442819978,-0.05,0,20,0.5,False
6480b7b974fa,AMZN,2022-10-14,-0.05003107895219994,0.5462962962962963,tenline_sec_annual_conservative,2021-12-31,2022-10-17,110.11000061035156,2022-11-14,98.48999786376952,-0.10553085716257493,-0.10653085716257493,-0.05,0,20,0.5,False
6480b7b974fa,AMZN,2022-10-28,-0.06804249715805744,0.5462962962962963,tenline_sec_annual_conservative,2021-12-31,2022-10-31,103.55999755859376,2022-11-29,92.41999816894533,-0.10757048717913964,-0.10857048717913964,-0.05,0,20,0.5,False
6480b7b974fa,AMZN,2022-11-01,-0.05515425020719411,0.5462962962962963,tenline_sec_annual_conservative,2021-12-31,2022-11-02,97.31999969482422,2022-12-01,95.5,-0.018701188866947938,-0.01970118886694794,-0.05,0,20,0.5,False
6480b7b974fa,GOOGL,2026-07-23,-0.0713262420932762,0.5189814814814815,tenline_sec_annual_conservative,2025-12-31,2026-07-24,318.4200134277344,2026-08-21,344.82000732421875,0.08290934232523006,0.08190934232523006,-0.05,0,20,0.5,False
6480b7b974fa,HD,2023-02-21,-0.07060844097676822,0.7053571428571429,tenline_sec_annual_conservative,2022-12-31,2023-02-22,271.82966318757144,2023-03-22,260.0506286621094,-0.043332410404872346,-0.04433241040487235,-0.05,0,20,0.5,False
6480b7b974fa,META,2025-04-03,-0.08958280531351914,0.6324074074074074,tenline_sec_annual_conservative,2024-12-31,2025-04-04,504.5767586556749,2025-05-05,596.8530883789062,0.182878676316919,0.181878676316919,-0.05,0,20,0.5,False
6480b7b974fa,META,2025-04-04,-0.050581139935028885,0.6324074074074074,tenline_sec_annual_conservative,2024-12-31,2025-04-07,483.1435451248476,2025-05-06,584.9412841796875,0.21069874591522209,0.20969874591522208,-0.05,0,20,0.5,False
6480b7b974fa,META,2025-04-10,-0.0673985211979895,0.6324074074074074,tenline_sec_annual_conservative,2024-12-31,2025-04-11,533.3502556297472,2025-05-12,636.8511352539062,0.19405799196993279,0.19305799196993279,-0.05,0,20,0.5,False
6480b7b974fa,META,2025-10-30,-0.11334764097342975,0.6324074074074074,tenline_sec_annual_conservative,2024-12-31,2025-10-31,672.7602632515434,2025-12-01,639.2075805664062,-0.049873163618452065,-0.050873163618452066,-0.05,0,20,0.5,False
6480b7b974fa,META,2026-03-26,-0.07959464154247431,0.7199074074074073,tenline_sec_annual_conservative,2025-12-31,2026-03-27,539.599843303006,2026-04-27,677.9916381835938,0.25647115468652104,0.25547115468652104,-0.05,0,20,0.5,False
6480b7b974fa,META,2026-04-30,-0.08550038433407037,0.7199074074074073,tenline_sec_annual_conservative,2025-12-31,2026-05-01,614.120842749119,2026-06-01,599.9139404296875,-0.02313372439182182,-0.02413372439182182,-0.05,0,20,0.5,False
6480b7b974fa,META,2026-06-01,-0.05065539518815376,0.7199074074074073,tenline_sec_annual_conservative,2025-12-31,2026-06-02,602.68138962268,2026-07-01,612.9099731445312,0.016971792555690257,0.015971792555690256,-0.05,0,20,0.5,False
6480b7b974fa,META,2026-06-05,-0.055085447812264654,0.7199074074074073,tenline_sec_annual_conservative,2025-12-31,2026-06-08,591.4518261333767,2026-07-08,603.1199951171875,0.01972801244032274,0.01872801244032274,-0.05,0,20,0.5,False
6480b7b974fa,META,2026-06-17,-0.05436431197128366,0.7199074074074073,tenline_sec_annual_conservative,2025-12-31,2026-06-18,572.8200073242188,2026-07-20,645.8499755859375,0.12749199980437043,0.12649199980437043,-0.05,0,20,0.5,False
6480b7b974fa,MSFT,2020-02-27,-0.07045898111696802,0.6050925925925926,tenline_sec_annual_conservative,2019-12-31,2020-02-28,144.1909495095758,2020-03-27,141.62705993652344,-0.01778121013678524,-0.018781210136785242,-0.05,0,20,0.5,False
6480b7b974fa,MSFT,2020-03-09,-0.0677726761084152,0.6050925925925926,tenline_sec_annual_conservative,2019-12-31,2020-03-10,149.63086415534653,2020-04-07,154.67340087890625,0.0336998436253404,0.0326998436253404,-0.05,0,20,0.5,False
6480b7b974fa,MSFT,2020-03-12,-0.09483829448607606,0.6050925925925926,tenline_sec_annual_conservative,2019-12-31,2020-03-13,139.5457337596405,2020-04-13,156.58445739746094,0.12210135830571955,0.12110135830571955,-0.05,0,20,0.5,False
6480b7b974fa,MSFT,2020-03-16,-0.147390723769389,0.6050925925925926,tenline_sec_annual_conservative,2019-12-31,2020-03-17,132.4501739191631,2020-04-15,162.61099243164062,0.2277144500458359,0.2267144500458359,-0.05,0,20,0.5,False
6480b7b974fa,MSFT,2020-06-11,-0.053697922731070324,0.6050925925925926,tenline_sec_annual_conservative,2019-12-31,2020-06-12,180.7667054997271,2020-07-13,196.4488983154297,0.08675376791511136,0.08575376791511136,-0.05,0,20,0.5,False
6480b7b974fa,MSFT,2020-09-03,-0.06194671570365484,0.6050925925925926,tenline_sec_annual_conservative,2019-12-31,2020-09-04,204.5602944159865,2020-10-05,200.07156372070312,-0.02194331362348967,-0.02294331362348967,-0.05,0,20,0.5,False
6480b7b974fa,MSFT,2020-09-08,-0.054095880600493196,0.6050925925925926,tenline_sec_annual_conservative,2019-12-31,2020-09-09,197.4278299244589,2020-10-07,199.54852294921875,0.010741611380580274,0.009741611380580273,-0.05,0,20,0.5,False
6480b7b974fa,MSFT,2022-09-13,-0.054978051494992464,0.6050925925925926,tenline_sec_annual_conservative,2019-12-31,2022-09-14,245.35746095813147,2022-10-12,218.4729461669922,-0.1095728439891499,-0.1105728439891499,-0.05,0,20,0.5,False
6480b7b974fa,MSFT,2022-10-07,-0.05085299426779777,0.6050925925925926,tenline_sec_annual_conservative,2019-12-31,2022-10-10,225.53763257488384,2022-11-07,220.5246124267578,-0.02222697866823442,-0.02322697866823442,-0.05,0,20,0.5,False
6480b7b974fa,MSFT,2022-10-26,-0.07715615824155908,0.6050925925925926,tenline_sec_annual_conservative,2019-12-31,2022-10-27,223.592440615288,2022-11-25,240.18716430664065,0.07421862584301508,0.07321862584301508,-0.05,0,20,0.5,False
6480b7b974fa,MSFT,2024-10-31,-0.06052750099407056,0.7583333333333334,tenline_sec_annual_conservative,2022-12-31,2024-11-01,402.64935394726,2024-12-02,425.1269836425781,0.0558243282274391,0.0548243282274391,-0.05,0,20,0.5,False
6480b7b974fa,MSFT,2025-01-30,-0.06180903636906887,0.5064814814814814,tenline_sec_annual_conservative,2024-12-31,2025-01-31,413.2899641100712,2025-03-03,383.98236083984375,-0.07091293236053986,-0.07191293236053986,-0.05,0,20,0.5,False
6480b7b974fa,MSFT,2026-01-29,-0.09993140149712809,0.5416666666666666,tenline_sec_annual_conservative,2025-12-31,2026-01-30,436.4013853645445,2026-03-02,396.9413757324219,-0.09042136655721211,-0.09142136655721211,-0.05,0,20,0.5,False
6480b7b974fa,NKE,2020-03-12,-0.11666682124311178,0.7069444444444444,tenline_sec_annual_conservative,2019-12-31,2020-03-13,71.2206406173902,2020-04-13,76.92192840576172,0.0800510601835196,0.0790510601835196,-0.05,0,20,0.5,False
6480b7b974fa,NKE,2020-03-16,-0.11630090333112286,0.7069444444444444,tenline_sec_annual_conservative,2019-12-31,2020-03-17,61.48472020471045,2020-04-15,77.45016479492188,0.25966523938069885,0.25866523938069885,-0.05,0,20,0.5,False
6480b7b974fa,NKE,2020-03-23,-0.06893999488062419,0.7069444444444444,tenline_sec_annual_conservative,2019-12-31,2020-03-24,59.83627285471199,2020-04-22,80.84725189208984,0.3511411729870684,0.35014117298706837,-0.05,0,20,0.5,False
6480b7b974fa,NKE,2020-06-11,-0.06805730495465023,0.7069444444444444,tenline_sec_annual_conservative,2019-12-31,2020-06-12,89.29352875098706,2020-07-13,88.07005310058594,-0.013701728081696007,-0.014701728081696008,-0.05,0,20,0.5,False
6480b7b974fa,NKE,2020-06-26,-0.0762325585879895,0.7069444444444444,tenline_sec_annual_conservative,2019-12-31,2020-06-29,85.550139985295,2020-07-28,87.89659118652344,0.027427789149518045,0.026427789149518044,-0.05,0,20,0.5,False
6480b7b974fa,NKE,2022-03-07,-0.05137986890110058,0.6763888888888889,tenline_sec_annual_conservative,2021-12-31,2022-03-08,115.95816312279383,2022-04-05,122.49495697021484,0.05637200237898621,0.05537200237898621,-0.05,0,20,0.5,False
6480b7b974fa,NKE,2022-04-26,-0.05799593676271375,0.6763888888888889,tenline_sec_annual_conservative,2021-12-31,2022-04-27,112.11573884449788,2022-05-25,100.18103790283205,-0.1064498264442516,-0.1074498264442516,-0.05,0,20,0.5,False
6480b7b974fa,NKE,2022-05-05,-0.05894014688087312,0.6763888888888889,tenline_sec_annual_conservative,2021-12-31,2022-05-06,105.3104594448684,2022-06-06,111.59529113769533,0.059679083406877886,0.058679083406877885,-0.05,0,20,0.5,False
6480b7b974fa,NKE,2022-05-18,-0.056341638069280386,0.6763888888888889,tenline_sec_annual_conservative,2021-12-31,2022-05-19,100.87547948416848,2022-06-17,99.63102722167967,-0.012336518932572815,-0.013336518932572816,-0.05,0,20,0.5,False
6480b7b974fa,NKE,2022-06-16,-0.05571237238927518,0.6763888888888889,tenline_sec_annual_conservative,2021-12-31,2022-06-17,98.52649573710626,2022-07-19,101.34813690185548,0.02863839968771531,0.02763839968771531,-0.05,0,20,0.5,False
6480b7b974fa,NKE,2022-06-28,-0.06986427419498809,0.6763888888888889,tenline_sec_annual_conservative,2021-12-31,2022-06-29,95.5934105127273,2022-07-28,104.16983795166016,0.08971776812786691,0.08871776812786691,-0.05,0,20,0.5,False
6480b7b974fa,NKE,2022-09-13,-0.0592632278794345,0.6763888888888889,tenline_sec_annual_conservative,2021-12-31,2022-09-14,98.79086791876286,2022-10-12,82.38934326171875,-0.1660226800571417,-0.16702268005714171,-0.05,0,20,0.5,False
6480b7b974fa,NKE,2022-09-30,-0.12808135892361716,0.6763888888888889,tenline_sec_annual_conservative,2021-12-31,2022-10-03,77.38136420826127,2022-10-31,86.2709732055664,0.11488048948555596,0.11388048948555596,-0.05,0,20,0.5,False
6480b7b974fa,NKE,2023-12-22,-0.1182568042499732,0.5326388888888889,tenline_sec_annual_conservative,2022-12-31,2023-12-26,102.42730594183745,2024-01-25,95.3056411743164,-0.06952896692962929,-0.07052896692962929,-0.05,0,20,0.5,False
6480b7b974fa,NKE,2024-03-22,-0.0690338188169407,0.63125,tenline_sec_annual_conservative,2023-12-31,2024-03-25,89.28681427495741,2024-04-23,89.23934173583984,-0.0005316858878106068,-0.0015316858878106068,-0.05,0,20,0.5,False
6480b7b974fa,NKE,2024-06-28,-0.19980885303062645,0.63125,tenline_sec_annual_conservative,2023-12-31,2024-07-01,71.9410735788205,2024-07-30,70.81671142578125,-0.015628932084358782,-0.016628932084358783,-0.05,0,20,0.5,False
6480b7b974fa,NKE,2024-10-02,-0.06765405520267831,0.63125,tenline_sec_annual_conservative,2023-12-31,2024-10-03,78.86604741095258,2024-10-31,73.82206726074219,-0.06395629444857787,-0.06495629444857787,-0.05,0,20,0.5,False
6480b7b974fa,NKE,2025-03-21,-0.05455060556696645,0.6555555555555554,tenline_sec_annual_conservative,2024-12-31,2025-03-24,66.28836708196621,2025-04-22,55.16940307617188,-0.16773627855466144,-0.16873627855466145,-0.05,0,20,0.5,False
6480b7b974fa,NKE,2025-04-03,-0.14439642370689287,0.6555555555555554,tenline_sec_annual_conservative,2024-12-31,2025-04-04,51.45663306843408,2025-05-05,55.44979095458984,0.07760239347267639,0.07660239347267639,-0.05,0,20,0.5,False
6480b7b974fa,NKE,2025-04-10,-0.08294001041825738,0.6555555555555554,tenline_sec_annual_conservative,2024-12-31,2025-04-11,52.597538467154266,2025-05-12,60.50650405883789,0.15036759936251687,0.14936759936251687,-0.05,0,20,0.5,False
6480b7b974fa,NKE,2025-12-19,-0.10543952557727221,0.6555555555555554,tenline_sec_annual_conservative,2024-12-31,2025-12-22,58.08132028849413,2026-01-22,64.45165252685547,0.10967953563588839,0.10867953563588839,-0.05,0,20,0.5,False
6480b7b974fa,NVDA,2025-01-07,-0.06216953442159834,0.7699074074074074,tenline_sec_annual_conservative,2024-12-31,2025-01-08,142.36737985085435,2025-02-07,129.64634704589844,-0.08935356412601403,-0.09035356412601403,-0.05,0,20,0.5,False
6480b7b974fa,NVDA,2025-01-27,-0.16968167662348033,0.7699074074074074,tenline_sec_annual_conservative,2024-12-31,2025-01-28,121.62833781559046,2025-02-26,131.084228515625,0.07774414145469377,0.07674414145469377,-0.05,0,20,0.5,False
6480b7b974fa,NVDA,2025-02-27,-0.08478062880758996,0.7699074074074074,tenline_sec_annual_conservative,2024-12-31,2025-02-28,117.84399213493025,2025-03-28,109.51652526855467,-0.07066517957776497,-0.07166517957776497,-0.05,0,20,0.5,False
6480b7b974fa,NVDA,2025-03-03,-0.08693563240438495,0.7699074074074074,tenline_sec_annual_conservative,2024-12-31,2025-03-04,110.48499132597254,2025-04-01,109.99585723876952,-0.004427154144040268,-0.0054271541440402684,-0.05,0,20,0.5,False
6480b7b974fa,NVDA,2025-03-06,-0.05737431228014822,0.7699074074074074,tenline_sec_annual_conservative,2024-12-31,2025-03-07,111.0841023095759,2025-04-04,94.17801666259766,-0.1521917654775059,-0.1531917654775059,-0.05,0,20,0.5,False
6480b7b974fa,NVDA,2025-03-10,-0.050670109824213716,0.7699074074074074,tenline_sec_annual_conservative,2024-12-31,2025-03-11,106.83043665954976,2025-04-08,96.16522979736328,-0.09983303631131513,-0.10083303631131513,-0.05,0,20,0.5,False
6480b7b974fa,NVDA,2025-03-26,-0.057419847461616325,0.7699074074074074,tenline_sec_annual_conservative,2024-12-31,2025-03-27,111.19417323533278,2025-04-25,110.85465240478516,-0.0030534048742739683,-0.004053404874273968,-0.05,0,20,0.5,False
6480b7b974fa,NVDA,2025-04-03,-0.07806547074373227,0.7699074074074074,tenline_sec_annual_conservative,2024-12-31,2025-04-04,98.7715853475697,2025-05-05,113.66071319580078,0.15074302792485694,0.14974302792485694,-0.05,0,20,0.5,False
6480b7b974fa,NVDA,2025-04-04,-0.07357568117034718,0.7699074074074074,tenline_sec_annual_conservative,2024-12-31,2025-04-07,87.33759621246332,2025-05-06,113.38111114501952,0.29819363094446727,0.29719363094446727,-0.05,0,20,0.5,False
6480b7b974fa,NVDA,2025-04-10,-0.059127169778110056,0.7699074074074074,tenline_sec_annual_conservative,2024-12-31,2025-04-11,108.34816524857224,2025-05-12,122.82786560058594,0.13364047576435079,0.13264047576435078,-0.05,0,20,0.5,False
6480b7b974fa,NVDA,2025-04-16,-0.06871652057100175,0.7699074074074074,tenline_sec_annual_conservative,2024-12-31,2025-04-17,104.30381795694564,2025-05-16,135.21051025390625,0.296314103379401,0.295314103379401,-0.05,0,20,0.5,False
6480b7b974fa,NVDA,2026-02-26,-0.0545612407286622,0.7907407407407407,tenline_sec_annual_conservative,2025-12-31,2026-02-27,181.0292033274304,2026-03-27,167.32498168945312,-0.07570171765706901,-0.07670171765706901,-0.05,0,20,0.5,False
6480b7b974fa,NVDA,2026-06-05,-0.062014073591381336,0.7907407407407407,tenline_sec_annual_conservative,2025-12-31,2026-06-08,210.17999267578125,2026-07-08,204.1199951171875,-0.02883241873522069,-0.02983241873522069,-0.05,0,20,0.5,False
833632fae4c7,AAPL,2019-01-03,-0.09960735139594357,0.7777777777777778,tenline_sec_annual_conservative,2018-12-31,2019-01-08,35.45507757862409,2019-02-06,41.305782318115234,0.16501740058294323,0.16401740058294323,-0.05,2,20,0.7,False
833632fae4c7,AAPL,2019-05-13,-0.05811956707039778,0.7777777777777778,tenline_sec_annual_conservative,2018-12-31,2019-05-16,45.38775015951254,2019-06-14,46.064109802246094,0.01490181029807669,0.013901810298076689,-0.05,2,20,0.7,False
833632fae4c7,AAPL,2019-08-05,-0.05234805416340005,0.7777777777777778,tenline_sec_annual_conservative,2018-12-31,2019-08-08,47.84700892141569,2019-09-06,51.16196441650391,0.06928239757960064,0.06828239757960064,-0.05,2,20,0.7,False
833632fae4c7,HD,2023-02-21,-0.07060844097676822,0.7053571428571429,tenline_sec_annual_conservative,2022-12-31,2023-02-24,267.1247684817687,2023-03-24,260.4279479980469,-0.02507000950074334,-0.02607000950074334,-0.05,2,20,0.7,False
833632fae4c7,META,2026-03-26,-0.07959464154247431,0.7199074074074073,tenline_sec_annual_conservative,2025-12-31,2026-03-31,549.4707059552647,2026-04-29,668.5004272460938,0.21662614585411544,0.21562614585411544,-0.05,2,20,0.7,False
833632fae4c7,META,2026-04-30,-0.08550038433407037,0.7199074074074073,tenline_sec_annual_conservative,2025-12-31,2026-05-05,612.7420849871345,2026-06-03,622.4031372070312,0.015766914753537087,0.014766914753537086,-0.05,2,20,0.7,False
833632fae4c7,META,2026-06-01,-0.05065539518815376,0.7199074074074073,tenline_sec_annual_conservative,2025-12-31,2026-06-04,623.0924785224576,2026-07-06,600.2899780273438,-0.03659569210205438,-0.03759569210205438,-0.05,2,20,0.7,False
833632fae4c7,META,2026-06-05,-0.055085447812264654,0.7199074074074073,tenline_sec_annual_conservative,2025-12-31,2026-06-10,580.192266144374,2026-07-10,669.2100219726562,0.15342802898743102,0.15242802898743102,-0.05,2,20,0.7,False
833632fae4c7,META,2026-06-17,-0.05436431197128366,0.7199074074074073,tenline_sec_annual_conservative,2025-12-31,2026-06-23,562.25,2026-07-22,627.1699829101562,0.11546462056052698,0.11446462056052698,-0.05,2,20,0.7,False
833632fae4c7,MSFT,2024-10-31,-0.06052750099407056,0.7583333333333334,tenline_sec_annual_conservative,2022-12-31,2024-11-05,402.0192756499378,2024-12-04,431.4794921875,0.0732806069806835,0.0722806069806835,-0.05,2,20,0.7,False
833632fae4c7,NKE,2020-03-12,-0.11666682124311178,0.7069444444444444,tenline_sec_annual_conservative,2019-12-31,2020-03-17,61.48472020471045,2020-04-15,77.45016479492188,0.25966523938069885,0.25866523938069885,-0.05,2,20,0.7,False
833632fae4c7,NKE,2020-03-16,-0.11630090333112286,0.7069444444444444,tenline_sec_annual_conservative,2019-12-31,2020-03-19,61.05667106824296,2020-04-17,81.8855209350586,0.3411396249156009,0.3401396249156009,-0.05,2,20,0.7,False
833632fae4c7,NKE,2020-03-23,-0.06893999488062419,0.7069444444444444,tenline_sec_annual_conservative,2019-12-31,2020-03-26,73.01482055390548,2020-04-24,80.48295593261719,0.10228245884954434,0.10128245884954434,-0.05,2,20,0.7,False
833632fae4c7,NKE,2020-06-11,-0.06805730495465023,0.7069444444444444,tenline_sec_annual_conservative,2019-12-31,2020-06-16,92.44343605925754,2020-07-15,89.96914672851562,-0.026765440968203102,-0.027765440968203103,-0.05,2,20,0.7,False
833632fae4c7,NKE,2020-06-26,-0.0762325585879895,0.7069444444444444,tenline_sec_annual_conservative,2019-12-31,2020-07-01,89.93264439275151,2020-07-30,88.39875793457031,-0.017055947465332566,-0.018055947465332567,-0.05,2,20,0.7,False
833632fae4c7,NVDA,2025-01-07,-0.06216953442159834,0.7699074074074074,tenline_sec_annual_conservative,2024-12-31,2025-01-13,129.7961674567433,2025-02-11,132.6019744873047,0.02161702525998299,0.02061702525998299,-0.05,2,20,0.7,False
833632fae4c7,NVDA,2025-01-27,-0.16968167662348033,0.7699074074074074,tenline_sec_annual_conservative,2024-12-31,2025-01-30,122.91641979157204,2025-02-28,124.73370361328124,0.014784711634057812,0.013784711634057811,-0.05,2,20,0.7,False
833632fae4c7,NVDA,2025-02-27,-0.08478062880758996,0.7699074074074074,tenline_sec_annual_conservative,2024-12-31,2025-03-04,110.48499132597254,2025-04-01,109.99585723876952,-0.004427154144040268,-0.0054271541440402684,-0.05,2,20,0.7,False
833632fae4c7,NVDA,2025-03-03,-0.08693563240438495,0.7699074074074074,tenline_sec_annual_conservative,2024-12-31,2025-03-06,113.3606904001891,2025-04-03,101.65753936767578,-0.10323817710705996,-0.10423817710705996,-0.05,2,20,0.7,False
833632fae4c7,NVDA,2025-03-06,-0.05737431228014822,0.7699074074074074,tenline_sec_annual_conservative,2024-12-31,2025-03-11,106.83043665954976,2025-04-08,96.16522979736328,-0.09983303631131513,-0.10083303631131513,-0.05,2,20,0.7,False
833632fae4c7,NVDA,2025-03-10,-0.050670109824213716,0.7699074074074074,tenline_sec_annual_conservative,2024-12-31,2025-03-13,116.86621875800482,2025-04-10,107.4194564819336,-0.08083398587262125,-0.08183398587262125,-0.05,2,20,0.7,False
833632fae4c7,NVDA,2025-03-26,-0.057419847461616325,0.7699074074074074,tenline_sec_annual_conservative,2024-12-31,2025-03-31,104.98287310192076,2025-04-29,108.86742401123048,0.03700175842528597,0.03600175842528597,-0.05,2,20,0.7,False
833632fae4c7,NVDA,2025-04-03,-0.07806547074373227,0.7699074074074074,tenline_sec_annual_conservative,2024-12-31,2025-04-08,103.6647139576977,2025-05-07,116.89617919921876,0.12763711716718196,0.12663711716718196,-0.05,2,20,0.7,False
833632fae4c7,NVDA,2025-04-04,-0.07357568117034718,0.7699074074074074,tenline_sec_annual_conservative,2024-12-31,2025-04-09,98.751610451276,2025-05-08,117.20574951171876,0.1868743099592085,0.1858743099592085,-0.05,2,20,0.7,False
833632fae4c7,NVDA,2025-04-10,-0.059127169778110056,0.7699074074074074,tenline_sec_annual_conservative,2024-12-31,2025-04-15,110.81470199440513,2025-05-14,135.1505889892578,0.21960882948619376,0.21860882948619376,-0.05,2,20,0.7,False
833632fae4c7,NVDA,2025-04-16,-0.06871652057100175,0.7699074074074074,tenline_sec_annual_conservative,2024-12-31,2025-04-22,98.6417555090913,2025-05-20,134.1919403076172,0.36039691928687767,0.35939691928687767,-0.05,2,20,0.7,False
833632fae4c7,NVDA,2026-02-26,-0.0545612407286622,0.7907407407407407,tenline_sec_annual_conservative,2025-12-31,2026-03-03,178.27256086028186,2026-03-31,174.1969757080078,-0.02286153927787138,-0.02386153927787138,-0.05,2,20,0.7,False
833632fae4c7,NVDA,2026-06-05,-0.062014073591381336,0.7907407407407407,tenline_sec_annual_conservative,2025-12-31,2026-06-10,204.42999267578125,2026-07-10,210.9600067138672,0.03194254401037089,0.030942544010370887,-0.05,2,20,0.7,False
8f6c05ab4224,AAPL,2019-01-03,-0.09960735139594357,0.7777777777777778,tenline_sec_annual_conservative,2018-12-31,2019-01-04,34.26264652552224,2019-01-18,37.17615509033203,0.08503454520477627,0.08403454520477627,-0.05,0,10,0.0,False
8f6c05ab4224,AAPL,2019-05-13,-0.05811956707039778,0.7777777777777778,tenline_sec_annual_conservative,2018-12-31,2019-05-14,44.55126706777633,2019-05-29,42.39313125610352,-0.0484416258776571,-0.0494416258776571,-0.05,0,10,0.0,False
8f6c05ab4224,AAPL,2019-08-05,-0.05234805416340005,0.7777777777777778,tenline_sec_annual_conservative,2018-12-31,2019-08-06,46.917325530412754,2019-08-20,50.46623229980469,0.0756417108023657,0.0746417108023657,-0.05,0,10,0.0,False
8f6c05ab4224,AAPL,2020-02-27,-0.06536826394002737,0.6157407407407408,tenline_sec_annual_conservative,2020-01-26,2020-02-28,62.04995543810668,2020-03-13,67.04513549804688,0.08050255676529483,0.07950255676529483,-0.05,0,10,0.0,False
8f6c05ab4224,AAPL,2020-03-09,-0.07909145549754726,0.6157407407407408,tenline_sec_annual_conservative,2020-01-26,2020-03-10,66.84490987612755,2020-03-24,59.54634094238281,-0.10918660743607767,-0.11018660743607767,-0.05,0,10,0.0,False
8f6c05ab4224,AAPL,2020-03-12,-0.09875466225021212,0.6157407407407408,tenline_sec_annual_conservative,2020-01-26,2020-03-13,63.89030055830854,2020-03-27,59.75376510620117,-0.06474434172260968,-0.06574434172260968,-0.05,0,10,0.0,False
8f6c05ab4224,AAPL,2020-03-16,-0.12864729725731527,0.6157407407407408,tenline_sec_annual_conservative,2020-01-26,2020-03-17,59.69829586216656,2020-03-31,61.33359909057617,0.027392795804175973,0.026392795804175972,-0.05,0,10,0.0,False
8f6c05ab4224,AAPL,2020-03-20,-0.06348542176201633,0.6157407407407408,tenline_sec_annual_conservative,2020-01-26,2020-03-23,55.01187574325441,2020-04-06,63.30657577514648,0.1507801710053338,0.1497801710053338,-0.05,0,10,0.0,False
8f6c05ab4224,AAPL,2020-04-01,-0.0526171560497779,0.6157407407407408,tenline_sec_annual_conservative,2020-01-26,2020-04-02,57.96892520332119,2020-04-17,68.21009826660156,0.17666660244881727,0.17566660244881727,-0.05,0,10,0.0,False
8f6c05ab4224,AAPL,2020-09-03,-0.08006069500538127,0.6157407407407408,tenline_sec_annual_conservative,2020-01-26,2020-09-04,116.36437378387907,2020-09-21,106.68269348144533,-0.08320141283461302,-0.08420141283461302,-0.05,0,10,0.0,False
8f6c05ab4224,AAPL,2020-09-08,-0.06729501440433605,0.6157407407407408,tenline_sec_annual_conservative,2020-01-26,2020-09-09,113.641095738678,2020-09-23,103.81404876708984,-0.08647441233922826,-0.08747441233922826,-0.05,0,10,0.0,False
8f6c05ab4224,AAPL,2020-10-30,-0.05601795431850343,0.6157407407407408,tenline_sec_annual_conservative,2020-01-26,2020-11-02,105.74264246216924,2020-11-16,116.78843688964844,0.10445922449338219,0.10345922449338218,-0.05,0,10,0.0,False
8f6c05ab4224,AAPL,2026-06-25,-0.06117774105404383,0.6347222222222222,tenline_sec_annual_conservative,2026-01-25,2026-06-26,274.7630284991681,2026-07-13,317.0365600585937,0.15385451161437302,0.15285451161437302,-0.05,0,10,0.0,False
8f6c05ab4224,AAPL,2026-07-31,-0.07353858440208272,0.6347222222222222,tenline_sec_annual_conservative,2026-01-25,2026-08-03,309.313234694189,2026-08-17,305.5899963378906,-0.012037112993175003,-0.013037112993175004,-0.05,0,10,0.0,False
8f6c05ab4224,AMZN,2020-03-09,-0.05285383245165354,0.6092592592592593,tenline_sec_annual_conservative,2019-12-31,2020-03-10,93.54399871826172,2020-03-24,97.00499725341795,0.036998616507512905,0.035998616507512904,-0.05,0,10,0.0,False
8f6c05ab4224,AMZN,2020-03-12,-0.07922082514747941,0.6092592592592593,tenline_sec_annual_conservative,2019-12-31,2020-03-13,87.75,2020-03-27,95.00499725341795,0.08267803137798246,0.08167803137798246,-0.05,0,10,0.0,False
8f6c05ab4224,AMZN,2020-03-16,-0.053697516604298,0.6092592592592593,tenline_sec_annual_conservative,2019-12-31,2020-03-17,88.77349853515625,2020-03-31,97.48600006103516,0.09814304572471655,0.09714304572471655,-0.05,0,10,0.0,False
8f6c05ab4224,AMZN,2020-05-01,-0.07597409237648933,0.6092592592592593,tenline_sec_annual_conservative,2019-12-31,2020-05-04,112.81900024414062,2020-05-18,121.31300354003906,0.07528876587735578,0.07428876587735578,-0.05,0,10,0.0,False
8f6c05ab4224,AMZN,2020-10-30,-0.0544564552314909,0.6092592592592593,tenline_sec_annual_conservative,2019-12-31,2020-11-02,153.08700561523438,2020-11-16,156.55299377441406,0.022640642458518156,0.021640642458518156,-0.05,0,10,0.0,False
8f6c05ab4224,AMZN,2020-11-09,-0.05062255447737596,0.6092592592592593,tenline_sec_annual_conservative,2019-12-31,2020-11-10,154.75100708007812,2020-11-24,155.9029998779297,0.007444169957843583,0.006444169957843583,-0.05,0,10,0.0,False
8f6c05ab4224,AMZN,2021-07-30,-0.07564890713277761,0.5671296296296297,tenline_sec_annual_conservative,2020-12-31,2021-08-02,167.65499877929688,2021-08-16,164.94949340820312,-0.016137337930826057,-0.017137337930826058,-0.05,0,10,0.0,False
8f6c05ab4224,AMZN,2022-01-21,-0.05950180896147472,0.5254629629629629,tenline_sec_annual_conservative,2021-12-31,2022-01-24,139.0,2022-02-07,157.9355010986328,0.1362266266088692,0.1352266266088692,-0.05,0,10,0.0,False
8f6c05ab4224,AMZN,2022-02-03,-0.0781276325178123,0.5462962962962963,tenline_sec_annual_conservative,2021-12-31,2022-02-04,155.60650634765625,2022-02-18,152.60150146484375,-0.019311563207381033,-0.020311563207381034,-0.05,0,10,0.0,False
8f6c05ab4224,AMZN,2022-03-07,-0.05622045424233624,0.5462962962962963,tenline_sec_annual_conservative,2021-12-31,2022-03-08,136.68350219726562,2022-03-22,164.88900756835938,0.20635632624035893,0.20535632624035893,-0.05,0,10,0.0,False
8f6c05ab4224,AMZN,2022-04-29,-0.14049437774923412,0.5462962962962963,tenline_sec_annual_conservative,2021-12-31,2022-05-02,122.4010009765625,2022-05-16,110.8105010986328,-0.09469285206375944,-0.09569285206375944,-0.05,0,10,0.0,False
8f6c05ab4224,AMZN,2022-05-05,-0.07561036490424522,0.5462962962962963,tenline_sec_annual_conservative,2021-12-31,2022-05-06,114.8499984741211,2022-05-20,107.59100341796876,-0.06320413715798168,-0.06420413715798168,-0.05,0,10,0.0,False
8f6c05ab4224,AMZN,2022-05-09,-0.05213354825727923,0.5462962962962963,tenline_sec_annual_conservative,2021-12-31,2022-05-10,111.25,2022-05-24,104.0999984741211,-0.0642696766371138,-0.0652696766371138,-0.05,0,10,0.0,False
8f6c05ab4224,AMZN,2022-05-18,-0.07156196640827228,0.5462962962962963,tenline_sec_annual_conservative,2021-12-31,2022-05-19,106.28050231933594,2022-06-03,122.3499984741211,0.15119891046903322,0.15019891046903322,-0.05,0,10,0.0,False
8f6c05ab4224,AMZN,2022-06-10,-0.05596211721574329,0.5462962962962963,tenline_sec_annual_conservative,2021-12-31,2022-06-13,104.19000244140624,2022-06-28,107.4000015258789,0.03080908925285697,0.02980908925285697,-0.05,0,10,0.0,False
8f6c05ab4224,AMZN,2022-06-13,-0.05453719355874531,0.5462962962962963,tenline_sec_annual_conservative,2021-12-31,2022-06-14,104.19000244140624,2022-06-29,108.91999816894533,0.045397788815669804,0.0443977888156698,-0.05,0,10,0.0,False
8f6c05ab4224,AMZN,2022-06-28,-0.05140434227234392,0.5462962962962963,tenline_sec_annual_conservative,2021-12-31,2022-06-29,107.37999725341795,2022-07-14,110.62999725341795,0.030266344599823025,0.029266344599823024,-0.05,0,10,0.0,False
8f6c05ab4224,AMZN,2022-07-26,-0.052253606265046604,0.5462962962962963,tenline_sec_annual_conservative,2021-12-31,2022-07-27,117.30999755859376,2022-08-10,142.69000244140625,0.21634988842392344,0.21534988842392344,-0.05,0,10,0.0,False
8f6c05ab4224,AMZN,2022-09-13,-0.0705752837581286,0.5462962962962963,tenline_sec_annual_conservative,2021-12-31,2022-09-14,127.36000061035156,2022-09-28,118.01000213623048,-0.07341393239096083,-0.07441393239096084,-0.05,0,10,0.0,False
8f6c05ab4224,AMZN,2022-10-14,-0.05003107895219994,0.5462962962962963,tenline_sec_annual_conservative,2021-12-31,2022-10-17,110.11000061035156,2022-10-31,102.44000244140624,-0.06965759809671879,-0.07065759809671879,-0.05,0,10,0.0,False
8f6c05ab4224,AMZN,2022-10-28,-0.06804249715805744,0.5462962962962963,tenline_sec_annual_conservative,2021-12-31,2022-10-31,103.55999755859376,2022-11-14,98.48999786376952,-0.04895712451089684,-0.049957124510896844,-0.05,0,10,0.0,False
8f6c05ab4224,AMZN,2022-11-01,-0.05515425020719411,0.5462962962962963,tenline_sec_annual_conservative,2021-12-31,2022-11-02,97.31999969482422,2022-11-16,97.12000274658205,-0.002055044686285701,-0.003055044686285701,-0.05,0,10,0.0,False
8f6c05ab4224,AMZN,2026-02-06,-0.05554804877440456,0.2847222222222222,tenline_sec_annual_conservative,2025-12-31,2026-02-09,208.97000122070312,2026-02-24,208.55999755859372,-0.0019620216285320957,-0.0029620216285320957,-0.05,0,10,0.0,False
8f6c05ab4224,GOOGL,2026-07-23,-0.0713262420932762,0.5189814814814815,tenline_sec_annual_conservative,2025-12-31,2026-07-24,318.4200134277344,2026-08-07,354.29998779296875,0.11268127897801672,0.11168127897801672,-0.05,0,10,0.0,False
8f6c05ab4224,HD,2023-02-21,-0.07060844097676822,0.7053571428571429,tenline_sec_annual_conservative,2022-12-31,2023-02-22,271.82966318757144,2023-03-08,268.2218322753906,-0.013272395918363378,-0.014272395918363379,-0.05,0,10,0.0,False
8f6c05ab4224,META,2024-04-25,-0.10561289492370807,0.4708333333333334,tenline_sec_annual_conservative,2023-12-31,2024-04-26,438.0813276050655,2024-05-10,472.5554504394531,0.07869343124678063,0.07769343124678063,-0.05,0,10,0.0,False
8f6c05ab4224,META,2024-07-17,-0.05675907421834325,0.4708333333333334,tenline_sec_annual_conservative,2023-12-31,2024-07-18,471.8326942182321,2024-08-01,494.4210205078125,0.047873592835711465,0.046873592835711464,-0.05,0,10,0.0,False
8f6c05ab4224,META,2024-07-24,-0.056109168662901054,0.4708333333333334,tenline_sec_annual_conservative,2023-12-31,2024-07-25,460.1710149834866,2024-08-08,506.2317199707031,0.10009475496597586,0.09909475496597586,-0.05,0,10,0.0,False
8f6c05ab4224,META,2025-04-03,-0.08958280531351914,0.6324074074074074,tenline_sec_annual_conservative,2024-12-31,2025-04-04,504.5767586556749,2025-04-21,482.705322265625,-0.043346103471592956,-0.04434610347159296,-0.05,0,10,0.0,False
8f6c05ab4224,META,2025-04-04,-0.050581139935028885,0.6324074074074074,tenline_sec_annual_conservative,2024-12-31,2025-04-07,483.1435451248476,2025-04-22,498.2623291015625,0.03129253019991829,0.03029253019991829,-0.05,0,10,0.0,False
8f6c05ab4224,META,2025-04-10,-0.0673985211979895,0.6324074074074074,tenline_sec_annual_conservative,2024-12-31,2025-04-11,533.3502556297472,2025-04-28,547.5227661132812,0.026572614026030728,0.025572614026030727,-0.05,0,10,0.0,False
8f6c05ab4224,META,2025-10-30,-0.11334764097342975,0.6324074074074074,tenline_sec_annual_conservative,2024-12-31,2025-10-31,672.7602632515434,2025-11-14,607.8790283203125,-0.09644034952012615,-0.09744034952012615,-0.05,0,10,0.0,False
8f6c05ab4224,META,2026-03-26,-0.07959464154247431,0.7199074074074073,tenline_sec_annual_conservative,2025-12-31,2026-03-27,539.599843303006,2026-04-13,633.9425048828125,0.17483819306231618,0.17383819306231618,-0.05,0,10,0.0,False
8f6c05ab4224,META,2026-04-30,-0.08550038433407037,0.7199074074074073,tenline_sec_annual_conservative,2025-12-31,2026-05-01,614.120842749119,2026-05-15,613.6612548828125,-0.0007483671523818014,-0.0017483671523818014,-0.05,0,10,0.0,False
8f6c05ab4224,META,2026-06-01,-0.05065539518815376,0.7199074074074073,tenline_sec_annual_conservative,2025-12-31,2026-06-02,602.68138962268,2026-06-16,600.2100219726562,-0.004100620481364059,-0.005100620481364059,-0.05,0,10,0.0,False
8f6c05ab4224,META,2026-06-05,-0.055085447812264654,0.7199074074074073,tenline_sec_annual_conservative,2025-12-31,2026-06-08,591.4518261333767,2026-06-23,562.2000122070312,-0.04945764411208187,-0.05045764411208187,-0.05,0,10,0.0,False
8f6c05ab4224,META,2026-06-17,-0.05436431197128366,0.7199074074074073,tenline_sec_annual_conservative,2025-12-31,2026-06-18,572.8200073242188,2026-07-06,600.2899780273438,0.0479556760446338,0.0469556760446338,-0.05,0,10,0.0,False
8f6c05ab4224,META,2026-07-30,-0.07954091839250976,0.7199074074074073,tenline_sec_annual_conservative,2025-12-31,2026-07-31,543.5999755859375,2026-08-14,589.8499755859375,0.08508094569016111,0.08408094569016111,-0.05,0,10,0.0,False
8f6c05ab4224,MSFT,2020-02-27,-0.07045898111696802,0.6050925925925926,tenline_sec_annual_conservative,2019-12-31,2020-02-28,144.1909495095758,2020-03-13,150.26473999023438,0.04212324352753649,0.04112324352753649,-0.05,0,10,0.0,False
8f6c05ab4224,MSFT,2020-03-09,-0.0677726761084152,0.6050925925925926,tenline_sec_annual_conservative,2019-12-31,2020-03-10,149.63086415534653,2020-03-24,140.3404083251953,-0.06208916778363238,-0.06308916778363238,-0.05,0,10,0.0,False
8f6c05ab4224,MSFT,2020-03-12,-0.09483829448607606,0.6050925925925926,tenline_sec_annual_conservative,2019-12-31,2020-03-13,139.5457337596405,2020-03-27,141.62705993652344,0.014915011163780134,0.013915011163780133,-0.05,0,10,0.0,False
8f6c05ab4224,MSFT,2020-03-16,-0.147390723769389,0.6050925925925926,tenline_sec_annual_conservative,2019-12-31,2020-03-17,132.4501739191631,2020-03-31,149.20510864257812,0.12649990730582883,0.12549990730582883,-0.05,0,10,0.0,False
8f6c05ab4224,MSFT,2020-06-11,-0.053697922731070324,0.6050925925925926,tenline_sec_annual_conservative,2019-12-31,2020-06-12,180.7667054997271,2020-06-26,186.259765625,0.030387565619937718,0.029387565619937717,-0.05,0,10,0.0,False
8f6c05ab4224,MSFT,2020-09-03,-0.06194671570365484,0.6050925925925926,tenline_sec_annual_conservative,2019-12-31,2020-09-04,204.5602944159865,2020-09-21,192.6156768798828,-0.058391671610589,-0.059391671610589,-0.05,0,10,0.0,False
8f6c05ab4224,MSFT,2020-09-08,-0.054095880600493196,0.6050925925925926,tenline_sec_annual_conservative,2019-12-31,2020-09-09,197.4278299244589,2020-09-23,190.7613067626953,-0.033766886686210196,-0.0347668866862102,-0.05,0,10,0.0,False
8f6c05ab4224,MSFT,2022-09-13,-0.054978051494992464,0.6050925925925926,tenline_sec_annual_conservative,2019-12-31,2022-09-14,245.35746095813147,2022-09-28,233.2991485595703,-0.049145896568512426,-0.05014589656851243,-0.05,0,10,0.0,False
8f6c05ab4224,MSFT,2022-10-07,-0.05085299426779777,0.6050925925925926,tenline_sec_annual_conservative,2019-12-31,2022-10-10,225.53763257488384,2022-10-24,239.27993774414065,0.06093131781319916,0.05993131781319916,-0.05,0,10,0.0,False
8f6c05ab4224,MSFT,2022-10-26,-0.07715615824155908,0.6050925925925926,tenline_sec_annual_conservative,2019-12-31,2022-10-27,223.592440615288,2022-11-10,235.1475372314453,0.05167928121523091,0.05067928121523091,-0.05,0,10,0.0,False
8f6c05ab4224,MSFT,2024-10-31,-0.06052750099407056,0.7583333333333334,tenline_sec_annual_conservative,2022-12-31,2024-11-01,402.64935394726,2024-11-15,408.5462341308594,0.014645199665145325,0.013645199665145324,-0.05,0,10,0.0,False
8f6c05ab4224,MSFT,2025-01-30,-0.06180903636906887,0.5064814814814814,tenline_sec_annual_conservative,2024-12-31,2025-01-31,413.2899641100712,2025-02-14,402.8832092285156,-0.02518027483189489,-0.02618027483189489,-0.05,0,10,0.0,False
8f6c05ab4224,MSFT,2026-01-29,-0.09993140149712809,0.5416666666666666,tenline_sec_annual_conservative,2025-12-31,2026-01-30,436.4013853645445,2026-02-13,398.7900085449219,-0.0861852828175701,-0.0871852828175701,-0.05,0,10,0.0,False
8f6c05ab4224,NKE,2020-03-12,-0.11666682124311178,0.7069444444444444,tenline_sec_annual_conservative,2019-12-31,2020-03-13,71.2206406173902,2020-03-27,75.80172729492188,0.06432245817812943,0.06332245817812943,-0.05,0,10,0.0,False
8f6c05ab4224,NKE,2020-03-16,-0.11630090333112286,0.7069444444444444,tenline_sec_annual_conservative,2019-12-31,2020-03-17,61.48472020471045,2020-03-31,75.3554458618164,0.22559630443017453,0.22459630443017453,-0.05,0,10,0.0,False
8f6c05ab4224,NKE,2020-03-23,-0.06893999488062419,0.7069444444444444,tenline_sec_annual_conservative,2019-12-31,2020-03-24,59.83627285471199,2020-04-07,76.6487045288086,0.2809739121772965,0.2799739121772965,-0.05,0,10,0.0,False
8f6c05ab4224,NKE,2020-06-11,-0.06805730495465023,0.7069444444444444,tenline_sec_annual_conservative,2019-12-31,2020-06-12,89.29352875098706,2020-06-26,85.52275085449219,-0.042229016472296044,-0.043229016472296045,-0.05,0,10,0.0,False
8f6c05ab4224,NKE,2020-06-26,-0.0762325585879895,0.7069444444444444,tenline_sec_annual_conservative,2019-12-31,2020-06-29,85.550139985295,2020-07-14,88.34396362304688,0.032657148640926836,0.031657148640926835,-0.05,0,10,0.0,False
8f6c05ab4224,NKE,2022-03-07,-0.05137986890110058,0.6763888888888889,tenline_sec_annual_conservative,2021-12-31,2022-03-08,115.95816312279383,2022-03-22,123.22639465332033,0.06267977462552432,0.06167977462552432,-0.05,0,10,0.0,False
8f6c05ab4224,NKE,2022-04-26,-0.05799593676271375,0.6763888888888889,tenline_sec_annual_conservative,2021-12-31,2022-04-27,112.11573884449788,2022-05-11,99.92181396484376,-0.1087619365963135,-0.1097619365963135,-0.05,0,10,0.0,False
8f6c05ab4224,NKE,2022-05-05,-0.05894014688087312,0.6763888888888889,tenline_sec_annual_conservative,2021-12-31,2022-05-06,105.3104594448684,2022-05-20,99.99586486816406,-0.05046597085151461,-0.05146597085151461,-0.05,0,10,0.0,False
8f6c05ab4224,NKE,2022-05-18,-0.056341638069280386,0.6763888888888889,tenline_sec_annual_conservative,2021-12-31,2022-05-19,100.87547948416848,2022-06-03,112.2635726928711,0.11289258070381591,0.11189258070381591,-0.05,0,10,0.0,False
8f6c05ab4224,NKE,2022-06-16,-0.05571237238927518,0.6763888888888889,tenline_sec_annual_conservative,2021-12-31,2022-06-17,98.52649573710626,2022-07-05,96.82791137695312,-0.017239873878041823,-0.018239873878041823,-0.05,0,10,0.0,False
8f6c05ab4224,NKE,2022-06-28,-0.06986427419498809,0.6763888888888889,tenline_sec_annual_conservative,2021-12-31,2022-06-29,95.5934105127273,2022-07-14,95.80691528320312,0.0022334674464554727,0.0012334674464554727,-0.05,0,10,0.0,False
8f6c05ab4224,NKE,2022-09-13,-0.0592632278794345,0.6763888888888889,tenline_sec_annual_conservative,2021-12-31,2022-09-14,98.79086791876286,2022-09-28,91.87466430664062,-0.07000853173807042,-0.07100853173807042,-0.05,0,10,0.0,False
8f6c05ab4224,NKE,2022-09-30,-0.12808135892361716,0.6763888888888889,tenline_sec_annual_conservative,2021-12-31,2022-10-03,77.38136420826127,2022-10-17,83.74835968017578,0.08228073434811267,0.08128073434811267,-0.05,0,10,0.0,False
8f6c05ab4224,NKE,2023-12-22,-0.1182568042499732,0.5326388888888889,tenline_sec_annual_conservative,2022-12-31,2023-12-26,102.42730594183745,2024-01-10,98.1429443359375,-0.041828314886391604,-0.042828314886391605,-0.05,0,10,0.0,False
8f6c05ab4224,NKE,2024-03-22,-0.0690338188169407,0.63125,tenline_sec_annual_conservative,2023-12-31,2024-03-25,89.28681427495741,2024-04-09,86.3729248046875,-0.03263516000578348,-0.03363516000578348,-0.05,0,10,0.0,False
8f6c05ab4224,NKE,2024-06-28,-0.19980885303062645,0.63125,tenline_sec_annual_conservative,2023-12-31,2024-07-01,71.9410735788205,2024-07-16,69.37788391113281,-0.0356290160846624,-0.0366290160846624,-0.05,0,10,0.0,False
8f6c05ab4224,NKE,2024-10-02,-0.06765405520267831,0.63125,tenline_sec_annual_conservative,2023-12-31,2024-10-03,78.86604741095258,2024-10-17,79.82318115234375,0.01213619514115849,0.01113619514115849,-0.05,0,10,0.0,False
8f6c05ab4224,NKE,2025-03-21,-0.05455060556696645,0.6555555555555554,tenline_sec_annual_conservative,2024-12-31,2025-03-24,66.28836708196621,2025-04-07,53.76744079589844,-0.1888857251617848,-0.1898857251617848,-0.05,0,10,0.0,False
8f6c05ab4224,NKE,2025-04-03,-0.14439642370689287,0.6555555555555554,tenline_sec_annual_conservative,2024-12-31,2025-04-04,51.45663306843408,2025-04-21,54.26054382324219,0.05449075440048867,0.05349075440048867,-0.05,0,10,0.0,False
8f6c05ab4224,NKE,2025-04-10,-0.08294001041825738,0.6555555555555554,tenline_sec_annual_conservative,2024-12-31,2025-04-11,52.597538467154266,2025-04-28,55.41111755371094,0.053492600006627145,0.052492600006627144,-0.05,0,10,0.0,False
8f6c05ab4224,NKE,2025-12-19,-0.10543952557727221,0.6555555555555554,tenline_sec_annual_conservative,2024-12-31,2025-12-22,58.08132028849413,2026-01-07,62.24615859985352,0.07170701855041073,0.07070701855041073,-0.05,0,10,0.0,False
8f6c05ab4224,NKE,2026-04-01,-0.15505485932819896,0.4305555555555555,tenline_sec_annual_conservative,2025-12-31,2026-04-02,43.37190511622997,2026-04-17,45.62177276611328,0.05187384883956603,0.05087384883956603,-0.05,0,10,0.0,False
8f6c05ab4224,NVDA,2025-01-07,-0.06216953442159834,0.7699074074074074,tenline_sec_annual_conservative,2024-12-31,2025-01-08,142.36737985085435,2025-01-24,142.4073028564453,0.00028042242283854435,-0.0007195775771614557,-0.05,0,10,0.0,False
8f6c05ab4224,NVDA,2025-01-27,-0.16968167662348033,0.7699074074074074,tenline_sec_annual_conservative,2024-12-31,2025-01-28,121.62833781559046,2025-02-11,132.6019744873047,0.09022269701944086,0.08922269701944086,-0.05,0,10,0.0,False
8f6c05ab4224,NVDA,2025-02-27,-0.08478062880758996,0.7699074074074074,tenline_sec_annual_conservative,2024-12-31,2025-02-28,117.84399213493025,2025-03-14,121.49972534179688,0.03102180383265396,0.03002180383265396,-0.05,0,10,0.0,False
8f6c05ab4224,NVDA,2025-03-03,-0.08693563240438495,0.7699074074074074,tenline_sec_annual_conservative,2024-12-31,2025-03-04,110.48499132597254,2025-03-18,115.26846313476562,0.043295218213667,0.042295218213666996,-0.05,0,10,0.0,False
8f6c05ab4224,NVDA,2025-03-06,-0.05737431228014822,0.7699074074074074,tenline_sec_annual_conservative,2024-12-31,2025-03-07,111.0841023095759,2025-03-21,117.5352783203125,0.05807470084925459,0.05707470084925459,-0.05,0,10,0.0,False
8f6c05ab4224,NVDA,2025-03-10,-0.050670109824213716,0.7699074074074074,tenline_sec_annual_conservative,2024-12-31,2025-03-11,106.83043665954976,2025-03-25,120.52110290527344,0.1281532367910605,0.1271532367910605,-0.05,0,10,0.0,False
8f6c05ab4224,NVDA,2025-03-26,-0.057419847461616325,0.7699074074074074,tenline_sec_annual_conservative,2024-12-31,2025-03-27,111.19417323533278,2025-04-10,107.4194564819336,-0.0339470733363908,-0.0349470733363908,-0.05,0,10,0.0,False
8f6c05ab4224,NVDA,2025-04-03,-0.07806547074373227,0.7699074074074074,tenline_sec_annual_conservative,2024-12-31,2025-04-04,98.7715853475697,2025-04-21,96.77438354492188,-0.02022040848711526,-0.02122040848711526,-0.05,0,10,0.0,False
8f6c05ab4224,NVDA,2025-04-04,-0.07357568117034718,0.7699074074074074,tenline_sec_annual_conservative,2024-12-31,2025-04-07,87.33759621246332,2025-04-22,98.75160217285156,0.13068834563092113,0.12968834563092113,-0.05,0,10,0.0,False
8f6c05ab4224,NVDA,2025-04-10,-0.059127169778110056,0.7699074074074074,tenline_sec_annual_conservative,2024-12-31,2025-04-11,108.34816524857224,2025-04-28,108.57784271240234,0.002119809443041021,0.0011198094430410208,-0.05,0,10,0.0,False
8f6c05ab4224,NVDA,2025-04-16,-0.06871652057100175,0.7699074074074074,tenline_sec_annual_conservative,2024-12-31,2025-04-17,104.30381795694564,2025-05-02,114.33976745605467,0.09621842896730448,0.09521842896730448,-0.05,0,10,0.0,False
8f6c05ab4224,NVDA,2026-02-26,-0.0545612407286622,0.7907407407407407,tenline_sec_annual_conservative,2025-12-31,2026-02-27,181.0292033274304,2026-03-13,180.0401611328125,-0.005463440022044352,-0.0064634400220443524,-0.05,0,10,0.0,False
8f6c05ab4224,NVDA,2026-06-05,-0.062014073591381336,0.7907407407407407,tenline_sec_annual_conservative,2025-12-31,2026-06-08,210.17999267578125,2026-06-23,200.0399932861328,-0.04824436075269145,-0.04924436075269145,-0.05,0,10,0.0,False
8370d41eb12a,AAPL,2019-01-03,-0.09960735139594357,0.7777777777777778,tenline_sec_annual_conservative,2018-12-31,2019-01-07,35.25120757867321,2019-04-03,46.50878143310547,0.3193528570420672,0.31835285704206717,-0.05,1,60,0.7,False
8370d41eb12a,AAPL,2019-05-13,-0.05811956707039778,0.7777777777777778,tenline_sec_annual_conservative,2018-12-31,2019-05-15,44.51781960886782,2019-08-09,48.21834182739258,0.08312451622827521,0.08212451622827521,-0.05,1,60,0.7,False
8370d41eb12a,AAPL,2019-08-05,-0.05234805416340005,0.7777777777777778,tenline_sec_annual_conservative,2018-12-31,2019-08-07,46.702221401498505,2019-10-31,59.678558349609375,0.2778526707874007,0.2768526707874007,-0.05,1,60,0.7,False
8370d41eb12a,HD,2023-02-21,-0.07060844097676822,0.7053571428571429,tenline_sec_annual_conservative,2022-12-31,2023-02-23,271.1353702875478,2023-05-19,267.6605529785156,-0.012815802325410464,-0.013815802325410464,-0.05,1,60,0.7,False
8370d41eb12a,META,2026-03-26,-0.07959464154247431,0.7199074074074073,tenline_sec_annual_conservative,2025-12-31,2026-03-30,535.8833618164062,2026-06-25,542.8699951171875,0.01303760071426674,0.012037600714266738,-0.05,1,60,0.7,False
8370d41eb12a,META,2026-04-30,-0.08550038433407037,0.7199074074074073,tenline_sec_annual_conservative,2025-12-31,2026-05-04,607.3771038685389,2026-07-30,539.030029296875,-0.11252823680106494,-0.11352823680106494,-0.05,1,60,0.7,False
8370d41eb12a,MSFT,2024-10-31,-0.06052750099407056,0.7583333333333334,tenline_sec_annual_conservative,2022-12-31,2024-11-04,403.4270678175101,2025-02-03,405.3393859863281,0.004740183099670059,0.003740183099670059,-0.05,1,60,0.7,False
8370d41eb12a,NKE,2020-03-12,-0.11666682124311178,0.7069444444444444,tenline_sec_annual_conservative,2019-12-31,2020-03-16,59.45373417418861,2020-06-10,93.23778533935548,0.5682410303478291,0.5672410303478291,-0.05,1,60,0.7,False
8370d41eb12a,NKE,2020-03-16,-0.11630090333112286,0.7069444444444444,tenline_sec_annual_conservative,2019-12-31,2020-03-18,59.00747811915578,2020-06-12,88.04268646240234,0.492059807819863,0.491059807819863,-0.05,1,60,0.7,False
8370d41eb12a,NKE,2020-03-23,-0.06893999488062419,0.7069444444444444,tenline_sec_annual_conservative,2019-12-31,2020-03-25,72.96015142302218,2020-06-19,87.44921112060547,0.19858867361137822,0.19758867361137822,-0.05,1,60,0.7,False
8370d41eb12a,NKE,2020-06-11,-0.06805730495465023,0.7069444444444444,tenline_sec_annual_conservative,2019-12-31,2020-06-15,85.73273188681597,2020-09-09,105.13859558105467,0.22635303071711577,0.22535303071711577,-0.05,1,60,0.7,False
8370d41eb12a,NKE,2020-06-26,-0.0762325585879895,0.7069444444444444,tenline_sec_annual_conservative,2019-12-31,2020-06-30,87.65009208962924,2020-09-24,114.15178680419922,0.3023578650376073,0.3013578650376073,-0.05,1,60,0.7,False
8370d41eb12a,NVDA,2025-01-07,-0.06216953442159834,0.7699074074074074,tenline_sec_annual_conservative,2024-12-31,2025-01-10,137.24501786219508,2025-04-08,96.16522979736328,-0.2993171533999083,-0.3003171533999083,-0.05,1,60,0.7,False
8370d41eb12a,NVDA,2025-01-27,-0.16968167662348033,0.7699074074074074,tenline_sec_annual_conservative,2024-12-31,2025-01-29,126.31134548354018,2025-04-25,110.85465240478516,-0.1223697920371627,-0.1233697920371627,-0.05,1,60,0.7,False
8370d41eb12a,NVDA,2025-02-27,-0.08478062880758996,0.7699074074074074,tenline_sec_annual_conservative,2024-12-31,2025-03-03,123.32581202011416,2025-05-28,134.621337890625,0.09159093044259525,0.09059093044259525,-0.05,1,60,0.7,False
8370d41eb12a,NVDA,2025-03-03,-0.08693563240438495,0.7699074074074074,tenline_sec_annual_conservative,2024-12-31,2025-03-05,117.40465751759533,2025-05-30,134.94090270996094,0.14936583916815627,0.14836583916815627,-0.05,1,60,0.7,False
8370d41eb12a,NVDA,2025-03-06,-0.05737431228014822,0.7699074074074074,tenline_sec_annual_conservative,2024-12-31,2025-03-10,109.73610085349598,2025-06-04,141.7213897705078,0.29147462565408655,0.29047462565408655,-0.05,1,60,0.7,False
8370d41eb12a,NVDA,2025-03-10,-0.050670109824213716,0.7699074074074074,tenline_sec_annual_conservative,2024-12-31,2025-03-12,113.9602977987337,2025-06-06,141.5216522216797,0.24185049491202926,0.24085049491202926,-0.05,1,60,0.7,False
8370d41eb12a,NVDA,2025-03-26,-0.057419847461616325,0.7699074074074074,tenline_sec_annual_conservative,2024-12-31,2025-03-28,111.33397804410713,2025-06-25,154.10475158691406,0.3841663999993108,0.3831663999993108,-0.05,1,60,0.7,False
8370d41eb12a,NVDA,2025-04-03,-0.07806547074373227,0.7699074074074074,tenline_sec_annual_conservative,2024-12-31,2025-04-07,87.33759621246332,2025-07-03,159.1280517578125,0.8219879943879709,0.8209879943879709,-0.05,1,60,0.7,False
8370d41eb12a,NVDA,2025-04-04,-0.07357568117034718,0.7699074074074074,tenline_sec_annual_conservative,2024-12-31,2025-04-08,103.6647139576977,2025-07-07,158.02952575683594,0.5244292847933079,0.5234292847933079,-0.05,1,60,0.7,False
8370d41eb12a,NVDA,2025-04-10,-0.059127169778110056,0.7699074074074074,tenline_sec_annual_conservative,2024-12-31,2025-04-14,113.95031245540224,2025-07-11,164.7006378173828,0.4453724107324688,0.4443724107324688,-0.05,1,60,0.7,False
8370d41eb12a,NVDA,2025-04-16,-0.06871652057100175,0.7699074074074074,tenline_sec_annual_conservative,2024-12-31,2025-04-21,98.6317735699764,2025-07-17,172.7698974609375,0.7516657280664454,0.7506657280664454,-0.05,1,60,0.7,False
8370d41eb12a,NVDA,2026-02-26,-0.0545612407286622,0.7907407407407407,tenline_sec_annual_conservative,2025-12-31,2026-03-02,174.79680413295333,2026-05-27,212.35250854492188,0.21485349573899004,0.21385349573899004,-0.05,1,60,0.7,False
de616963c744,AAPL,2019-01-03,-0.09960735139594357,0.7777777777777778,tenline_sec_annual_conservative,2018-12-31,2019-01-04,34.26264652552224,2019-04-02,46.19214630126953,0.34817800098603024,0.34717800098603024,-0.05,0,60,0.7,False
de616963c744,AAPL,2019-05-13,-0.05811956707039778,0.7777777777777778,tenline_sec_annual_conservative,2018-12-31,2019-05-14,44.55126706777633,2019-08-08,48.61896514892578,0.09130375742088814,0.09030375742088814,-0.05,0,60,0.7,False
de616963c744,AAPL,2019-08-05,-0.05234805416340005,0.7777777777777778,tenline_sec_annual_conservative,2018-12-31,2019-08-06,46.917325530412754,2019-10-30,58.35909271240234,0.24387083135360732,0.24287083135360732,-0.05,0,60,0.7,False
de616963c744,HD,2023-02-21,-0.07060844097676822,0.7053571428571429,tenline_sec_annual_conservative,2022-12-31,2023-02-22,271.82966318757144,2023-05-18,271.59893798828125,-0.0008487859514102469,-0.001848785951410247,-0.05,0,60,0.7,False
de616963c744,META,2026-03-26,-0.07959464154247431,0.7199074074074073,tenline_sec_annual_conservative,2025-12-31,2026-03-27,539.599843303006,2026-06-24,557.6699829101562,0.03348803716572468,0.03248803716572468,-0.05,0,60,0.7,False
de616963c744,META,2026-04-30,-0.08550038433407037,0.7199074074074073,tenline_sec_annual_conservative,2025-12-31,2026-05-01,614.120842749119,2026-07-29,585.6099853515625,-0.046425484062594724,-0.047425484062594725,-0.05,0,60,0.7,False
de616963c744,META,2026-06-01,-0.05065539518815376,0.7199074074074073,tenline_sec_annual_conservative,2025-12-31,2026-06-02,602.68138962268,2026-08-27,571.0999755859375,-0.05240150862550208,-0.05340150862550208,-0.05,0,60,0.7,False
de616963c744,MSFT,2024-10-31,-0.06052750099407056,0.7583333333333334,tenline_sec_annual_conservative,2022-12-31,2024-11-01,402.64935394726,2025-01-31,409.4231872558594,0.0168231570278059,0.0158231570278059,-0.05,0,60,0.7,False
de616963c744,NKE,2020-03-12,-0.11666682124311178,0.7069444444444444,tenline_sec_annual_conservative,2019-12-31,2020-03-13,71.2206406173902,2020-06-09,93.70342254638672,0.3156778952576118,0.3146778952576118,-0.05,0,60,0.7,False
de616963c744,NKE,2020-03-16,-0.11630090333112286,0.7069444444444444,tenline_sec_annual_conservative,2019-12-31,2020-03-17,61.48472020471045,2020-06-11,86.89227294921875,0.41323360763316574,0.41223360763316574,-0.05,0,60,0.7,False
de616963c744,NKE,2020-03-23,-0.06893999488062419,0.7069444444444444,tenline_sec_annual_conservative,2019-12-31,2020-03-24,59.83627285471199,2020-06-18,89.8869857788086,0.5022156543249696,0.5012156543249696,-0.05,0,60,0.7,False
de616963c744,NKE,2020-06-11,-0.06805730495465023,0.7069444444444444,tenline_sec_annual_conservative,2019-12-31,2020-06-12,89.29352875098706,2020-09-08,103.143798828125,0.15510944937300208,0.15410944937300208,-0.05,0,60,0.7,False
de616963c744,NKE,2020-06-26,-0.0762325585879895,0.7069444444444444,tenline_sec_annual_conservative,2019-12-31,2020-06-29,85.550139985295,2020-09-23,116.31127166748048,0.3595684552646312,0.3585684552646312,-0.05,0,60,0.7,False
de616963c744,NVDA,2025-01-07,-0.06216953442159834,0.7699074074074074,tenline_sec_annual_conservative,2024-12-31,2025-01-08,142.36737985085435,2025-04-07,97.50334930419922,-0.3151285820786699,-0.3161285820786699,-0.05,0,60,0.7,False
de616963c744,NVDA,2025-01-27,-0.16968167662348033,0.7699074074074074,tenline_sec_annual_conservative,2024-12-31,2025-01-28,121.62833781559046,2025-04-24,106.28104400634766,-0.12618189218792042,-0.12718189218792042,-0.05,0,60,0.7,False
de616963c744,NVDA,2025-02-27,-0.08478062880758996,0.7699074074074074,tenline_sec_annual_conservative,2024-12-31,2025-02-28,117.84399213493025,2025-05-27,135.31036376953125,0.14821605512652836,0.14721605512652836,-0.05,0,60,0.7,False
de616963c744,NVDA,2025-03-03,-0.08693563240438495,0.7699074074074074,tenline_sec_annual_conservative,2024-12-31,2025-03-04,110.48499132597254,2025-05-29,138.99520874023438,0.2580460664575326,0.2570460664575326,-0.05,0,60,0.7,False
de616963c744,NVDA,2025-03-06,-0.05737431228014822,0.7699074074074074,tenline_sec_annual_conservative,2024-12-31,2025-03-07,111.0841023095759,2025-06-03,141.02235412597656,0.2695097785726974,0.2685097785726974,-0.05,0,60,0.7,False
de616963c744,NVDA,2025-03-10,-0.050670109824213716,0.7699074074074074,tenline_sec_annual_conservative,2024-12-31,2025-03-11,106.83043665954976,2025-06-05,139.79409790039062,0.30856057759915734,0.30756057759915734,-0.05,0,60,0.7,False
de616963c744,NVDA,2025-03-26,-0.057419847461616325,0.7699074074074074,tenline_sec_annual_conservative,2024-12-31,2025-03-27,111.19417323533278,2025-06-24,147.7032470703125,0.328336213784435,0.327336213784435,-0.05,0,60,0.7,False
de616963c744,NVDA,2025-04-03,-0.07806547074373227,0.7699074074074074,tenline_sec_annual_conservative,2024-12-31,2025-04-04,98.7715853475697,2025-07-02,157.04083251953125,0.5899393734232017,0.5889393734232017,-0.05,0,60,0.7,False
de616963c744,NVDA,2025-04-04,-0.07357568117034718,0.7699074074074074,tenline_sec_annual_conservative,2024-12-31,2025-04-07,87.33759621246332,2025-07-03,159.1280517578125,0.8219879943879709,0.8209879943879709,-0.05,0,60,0.7,False
de616963c744,NVDA,2025-04-10,-0.059127169778110056,0.7699074074074074,tenline_sec_annual_conservative,2024-12-31,2025-04-11,108.34816524857224,2025-07-10,163.88172912597656,0.5125473398649556,0.5115473398649556,-0.05,0,60,0.7,False
de616963c744,NVDA,2025-04-16,-0.06871652057100175,0.7699074074074074,tenline_sec_annual_conservative,2024-12-31,2025-04-17,104.30381795694564,2025-07-16,171.14205932617188,0.6408034018161792,0.6398034018161792,-0.05,0,60,0.7,False
de616963c744,NVDA,2026-02-26,-0.0545612407286622,0.7907407407407407,tenline_sec_annual_conservative,2025-12-31,2026-02-27,181.0292033274304,2026-05-26,214.60987854003903,0.18549866317353647,0.18449866317353647,-0.05,0,60,0.7,False
ed4ac4e65bc9,AAPL,2019-01-03,-0.09960735139594357,0.7777777777777778,tenline_sec_annual_conservative,2018-12-31,2019-01-08,35.45507757862409,2019-04-04,46.5897331237793,0.3140496737163623,0.3130496737163623,-0.05,2,60,0.7,False
ed4ac4e65bc9,AAPL,2019-05-13,-0.05811956707039778,0.7777777777777778,tenline_sec_annual_conservative,2018-12-31,2019-05-16,45.38775015951254,2019-08-12,48.095985412597656,0.05966885874640582,0.058668858746405816,-0.05,2,60,0.7,False
ed4ac4e65bc9,AAPL,2019-08-05,-0.05234805416340005,0.7777777777777778,tenline_sec_annual_conservative,2018-12-31,2019-08-08,47.84700892141569,2019-11-01,61.37228393554688,0.2826775449296153,0.2816775449296153,-0.05,2,60,0.7,False
ed4ac4e65bc9,HD,2023-02-21,-0.07060844097676822,0.7053571428571429,tenline_sec_annual_conservative,2022-12-31,2023-02-24,267.1247684817687,2023-05-22,267.4580993652344,0.0012478471590642304,0.00024784715906423036,-0.05,2,60,0.7,False
ed4ac4e65bc9,META,2026-03-26,-0.07959464154247431,0.7199074074074073,tenline_sec_annual_conservative,2025-12-31,2026-03-31,549.4707059552647,2026-06-26,550.25,0.0014182631326640216,0.0004182631326640216,-0.05,2,60,0.7,False
ed4ac4e65bc9,META,2026-04-30,-0.08550038433407037,0.7199074074074073,tenline_sec_annual_conservative,2025-12-31,2026-05-05,612.7420849871345,2026-07-31,556.7100219726562,-0.09144477650111915,-0.09244477650111915,-0.05,2,60,0.7,False
ed4ac4e65bc9,MSFT,2024-10-31,-0.06052750099407056,0.7583333333333334,tenline_sec_annual_conservative,2022-12-31,2024-11-05,402.0192756499378,2025-02-04,406.7696838378906,0.011816369203374366,0.010816369203374365,-0.05,2,60,0.7,False
ed4ac4e65bc9,NKE,2020-03-12,-0.11666682124311178,0.7069444444444444,tenline_sec_annual_conservative,2019-12-31,2020-03-17,61.48472020471045,2020-06-11,86.89227294921875,0.41323360763316574,0.41223360763316574,-0.05,2,60,0.7,False
ed4ac4e65bc9,NKE,2020-03-16,-0.11630090333112286,0.7069444444444444,tenline_sec_annual_conservative,2019-12-31,2020-03-19,61.05667106824296,2020-06-15,89.33003234863281,0.46306752048091115,0.46206752048091115,-0.05,2,60,0.7,False
ed4ac4e65bc9,NKE,2020-03-23,-0.06893999488062419,0.7069444444444444,tenline_sec_annual_conservative,2019-12-31,2020-03-26,73.01482055390548,2020-06-22,90.85478973388672,0.24433353454330997,0.24333353454330997,-0.05,2,60,0.7,False
ed4ac4e65bc9,NKE,2020-06-11,-0.06805730495465023,0.7069444444444444,tenline_sec_annual_conservative,2019-12-31,2020-06-16,92.44343605925754,2020-09-10,105.03794860839844,0.1362402035885777,0.1352402035885777,-0.05,2,60,0.7,False
ed4ac4e65bc9,NKE,2020-06-26,-0.0762325585879895,0.7069444444444444,tenline_sec_annual_conservative,2019-12-31,2020-07-01,89.93264439275151,2020-09-25,113.67595672607422,0.26401216703504815,0.26301216703504815,-0.05,2,60,0.7,False
ed4ac4e65bc9,NVDA,2025-01-07,-0.06216953442159834,0.7699074074074074,tenline_sec_annual_conservative,2024-12-31,2025-01-13,129.7961674567433,2025-04-09,114.17000579833984,-0.12039000815344658,-0.12139000815344658,-0.05,2,60,0.7,False
ed4ac4e65bc9,NVDA,2025-01-27,-0.16968167662348033,0.7699074074074074,tenline_sec_annual_conservative,2024-12-31,2025-01-30,122.91641979157204,2025-04-28,108.57784271240234,-0.11665306476940551,-0.11765306476940551,-0.05,2,60,0.7,False
ed4ac4e65bc9,NVDA,2025-02-27,-0.08478062880758996,0.7699074074074074,tenline_sec_annual_conservative,2024-12-31,2025-03-04,110.48499132597254,2025-05-29,138.99520874023438,0.2580460664575326,0.2570460664575326,-0.05,2,60,0.7,False
ed4ac4e65bc9,NVDA,2025-03-03,-0.08693563240438495,0.7699074074074074,tenline_sec_annual_conservative,2024-12-31,2025-03-06,113.3606904001891,2025-06-02,137.187744140625,0.21018797306474557,0.20918797306474557,-0.05,2,60,0.7,False
ed4ac4e65bc9,NVDA,2025-03-06,-0.05737431228014822,0.7699074074074074,tenline_sec_annual_conservative,2024-12-31,2025-03-11,106.83043665954976,2025-06-05,139.79409790039062,0.30856057759915734,0.30756057759915734,-0.05,2,60,0.7,False
ed4ac4e65bc9,NVDA,2025-03-10,-0.050670109824213716,0.7699074074074074,tenline_sec_annual_conservative,2024-12-31,2025-03-13,116.86621875800482,2025-06-09,142.43040466308594,0.21874743768357008,0.21774743768357008,-0.05,2,60,0.7,False
ed4ac4e65bc9,NVDA,2025-03-26,-0.057419847461616325,0.7699074074074074,tenline_sec_annual_conservative,2024-12-31,2025-03-31,104.98287310192076,2025-06-26,154.8137969970703,0.47465765055574427,0.47365765055574427,-0.05,2,60,0.7,False
ed4ac4e65bc9,NVDA,2025-04-03,-0.07806547074373227,0.7699074074074074,tenline_sec_annual_conservative,2024-12-31,2025-04-08,103.6647139576977,2025-07-07,158.02952575683594,0.5244292847933079,0.5234292847933079,-0.05,2,60,0.7,False
ed4ac4e65bc9,NVDA,2025-04-04,-0.07357568117034718,0.7699074074074074,tenline_sec_annual_conservative,2024-12-31,2025-04-09,98.751610451276,2025-07-08,159.7871856689453,0.6180716946158995,0.6170716946158995,-0.05,2,60,0.7,False
ed4ac4e65bc9,NVDA,2025-04-10,-0.059127169778110056,0.7699074074074074,tenline_sec_annual_conservative,2024-12-31,2025-04-15,110.81470199440513,2025-07-14,163.85177612304688,0.478610447658105,0.477610447658105,-0.05,2,60,0.7,False
ed4ac4e65bc9,NVDA,2025-04-16,-0.06871652057100175,0.7699074074074074,tenline_sec_annual_conservative,2024-12-31,2025-04-22,98.6417555090913,2025-07-18,172.18069458007812,0.7455153113552315,0.7445153113552315,-0.05,2,60,0.7,False
ed4ac4e65bc9,NVDA,2026-02-26,-0.0545612407286622,0.7907407407407407,tenline_sec_annual_conservative,2025-12-31,2026-03-03,178.27256086028186,2026-05-28,214.0005798339844,0.20041232818607346,0.19941232818607346,-0.05,2,60,0.7,False
8392a90d93d4,AAPL,2019-01-03,-0.09960735139594357,0.7777777777777778,tenline_sec_annual_conservative,2018-12-31,2019-01-04,34.26264652552224,2019-01-18,37.17615509033203,0.08503454520477627,0.08403454520477627,-0.05,0,10,0.7,False
8392a90d93d4,AAPL,2019-05-13,-0.05811956707039778,0.7777777777777778,tenline_sec_annual_conservative,2018-12-31,2019-05-14,44.55126706777633,2019-05-29,42.39313125610352,-0.0484416258776571,-0.0494416258776571,-0.05,0,10,0.7,False
8392a90d93d4,AAPL,2019-08-05,-0.05234805416340005,0.7777777777777778,tenline_sec_annual_conservative,2018-12-31,2019-08-06,46.917325530412754,2019-08-20,50.46623229980469,0.0756417108023657,0.0746417108023657,-0.05,0,10,0.7,False
8392a90d93d4,HD,2023-02-21,-0.07060844097676822,0.7053571428571429,tenline_sec_annual_conservative,2022-12-31,2023-02-22,271.82966318757144,2023-03-08,268.2218322753906,-0.013272395918363378,-0.014272395918363379,-0.05,0,10,0.7,False
8392a90d93d4,META,2026-03-26,-0.07959464154247431,0.7199074074074073,tenline_sec_annual_conservative,2025-12-31,2026-03-27,539.599843303006,2026-04-13,633.9425048828125,0.17483819306231618,0.17383819306231618,-0.05,0,10,0.7,False
8392a90d93d4,META,2026-04-30,-0.08550038433407037,0.7199074074074073,tenline_sec_annual_conservative,2025-12-31,2026-05-01,614.120842749119,2026-05-15,613.6612548828125,-0.0007483671523818014,-0.0017483671523818014,-0.05,0,10,0.7,False
8392a90d93d4,META,2026-06-01,-0.05065539518815376,0.7199074074074073,tenline_sec_annual_conservative,2025-12-31,2026-06-02,602.68138962268,2026-06-16,600.2100219726562,-0.004100620481364059,-0.005100620481364059,-0.05,0,10,0.7,False
8392a90d93d4,META,2026-06-05,-0.055085447812264654,0.7199074074074073,tenline_sec_annual_conservative,2025-12-31,2026-06-08,591.4518261333767,2026-06-23,562.2000122070312,-0.04945764411208187,-0.05045764411208187,-0.05,0,10,0.7,False
8392a90d93d4,META,2026-06-17,-0.05436431197128366,0.7199074074074073,tenline_sec_annual_conservative,2025-12-31,2026-06-18,572.8200073242188,2026-07-06,600.2899780273438,0.0479556760446338,0.0469556760446338,-0.05,0,10,0.7,False
8392a90d93d4,META,2026-07-30,-0.07954091839250976,0.7199074074074073,tenline_sec_annual_conservative,2025-12-31,2026-07-31,543.5999755859375,2026-08-14,589.8499755859375,0.08508094569016111,0.08408094569016111,-0.05,0,10,0.7,False
8392a90d93d4,MSFT,2024-10-31,-0.06052750099407056,0.7583333333333334,tenline_sec_annual_conservative,2022-12-31,2024-11-01,402.64935394726,2024-11-15,408.5462341308594,0.014645199665145325,0.013645199665145324,-0.05,0,10,0.7,False
8392a90d93d4,NKE,2020-03-12,-0.11666682124311178,0.7069444444444444,tenline_sec_annual_conservative,2019-12-31,2020-03-13,71.2206406173902,2020-03-27,75.80172729492188,0.06432245817812943,0.06332245817812943,-0.05,0,10,0.7,False
8392a90d93d4,NKE,2020-03-16,-0.11630090333112286,0.7069444444444444,tenline_sec_annual_conservative,2019-12-31,2020-03-17,61.48472020471045,2020-03-31,75.3554458618164,0.22559630443017453,0.22459630443017453,-0.05,0,10,0.7,False
8392a90d93d4,NKE,2020-03-23,-0.06893999488062419,0.7069444444444444,tenline_sec_annual_conservative,2019-12-31,2020-03-24,59.83627285471199,2020-04-07,76.6487045288086,0.2809739121772965,0.2799739121772965,-0.05,0,10,0.7,False
8392a90d93d4,NKE,2020-06-11,-0.06805730495465023,0.7069444444444444,tenline_sec_annual_conservative,2019-12-31,2020-06-12,89.29352875098706,2020-06-26,85.52275085449219,-0.042229016472296044,-0.043229016472296045,-0.05,0,10,0.7,False
8392a90d93d4,NKE,2020-06-26,-0.0762325585879895,0.7069444444444444,tenline_sec_annual_conservative,2019-12-31,2020-06-29,85.550139985295,2020-07-14,88.34396362304688,0.032657148640926836,0.031657148640926835,-0.05,0,10,0.7,False
8392a90d93d4,NVDA,2025-01-07,-0.06216953442159834,0.7699074074074074,tenline_sec_annual_conservative,2024-12-31,2025-01-08,142.36737985085435,2025-01-24,142.4073028564453,0.00028042242283854435,-0.0007195775771614557,-0.05,0,10,0.7,False
8392a90d93d4,NVDA,2025-01-27,-0.16968167662348033,0.7699074074074074,tenline_sec_annual_conservative,2024-12-31,2025-01-28,121.62833781559046,2025-02-11,132.6019744873047,0.09022269701944086,0.08922269701944086,-0.05,0,10,0.7,False
8392a90d93d4,NVDA,2025-02-27,-0.08478062880758996,0.7699074074074074,tenline_sec_annual_conservative,2024-12-31,2025-02-28,117.84399213493025,2025-03-14,121.49972534179688,0.03102180383265396,0.03002180383265396,-0.05,0,10,0.7,False
8392a90d93d4,NVDA,2025-03-03,-0.08693563240438495,0.7699074074074074,tenline_sec_annual_conservative,2024-12-31,2025-03-04,110.48499132597254,2025-03-18,115.26846313476562,0.043295218213667,0.042295218213666996,-0.05,0,10,0.7,False
8392a90d93d4,NVDA,2025-03-06,-0.05737431228014822,0.7699074074074074,tenline_sec_annual_conservative,2024-12-31,2025-03-07,111.0841023095759,2025-03-21,117.5352783203125,0.05807470084925459,0.05707470084925459,-0.05,0,10,0.7,False
8392a90d93d4,NVDA,2025-03-10,-0.050670109824213716,0.7699074074074074,tenline_sec_annual_conservative,2024-12-31,2025-03-11,106.83043665954976,2025-03-25,120.52110290527344,0.1281532367910605,0.1271532367910605,-0.05,0,10,0.7,False
8392a90d93d4,NVDA,2025-03-26,-0.057419847461616325,0.7699074074074074,tenline_sec_annual_conservative,2024-12-31,2025-03-27,111.19417323533278,2025-04-10,107.4194564819336,-0.0339470733363908,-0.0349470733363908,-0.05,0,10,0.7,False
8392a90d93d4,NVDA,2025-04-03,-0.07806547074373227,0.7699074074074074,tenline_sec_annual_conservative,2024-12-31,2025-04-04,98.7715853475697,2025-04-21,96.77438354492188,-0.02022040848711526,-0.02122040848711526,-0.05,0,10,0.7,False
8392a90d93d4,NVDA,2025-04-04,-0.07357568117034718,0.7699074074074074,tenline_sec_annual_conservative,2024-12-31,2025-04-07,87.33759621246332,2025-04-22,98.75160217285156,0.13068834563092113,0.12968834563092113,-0.05,0,10,0.7,False
8392a90d93d4,NVDA,2025-04-10,-0.059127169778110056,0.7699074074074074,tenline_sec_annual_conservative,2024-12-31,2025-04-11,108.34816524857224,2025-04-28,108.57784271240234,0.002119809443041021,0.0011198094430410208,-0.05,0,10,0.7,False
8392a90d93d4,NVDA,2025-04-16,-0.06871652057100175,0.7699074074074074,tenline_sec_annual_conservative,2024-12-31,2025-04-17,104.30381795694564,2025-05-02,114.33976745605467,0.09621842896730448,0.09521842896730448,-0.05,0,10,0.7,False
8392a90d93d4,NVDA,2026-02-26,-0.0545612407286622,0.7907407407407407,tenline_sec_annual_conservative,2025-12-31,2026-02-27,181.0292033274304,2026-03-13,180.0401611328125,-0.005463440022044352,-0.0064634400220443524,-0.05,0,10,0.7,False
8392a90d93d4,NVDA,2026-06-05,-0.062014073591381336,0.7907407407407407,tenline_sec_annual_conservative,2025-12-31,2026-06-08,210.17999267578125,2026-06-23,200.0399932861328,-0.04824436075269145,-0.04924436075269145,-0.05,0,10,0.7,False
f719b9189bd6,AAPL,2019-01-03,-0.09960735139594357,0.7777777777777778,tenline_sec_annual_conservative,2018-12-31,2019-01-04,34.26264652552224,2019-01-18,37.17615509033203,0.08503454520477627,0.08403454520477627,-0.05,0,10,0.5,False
f719b9189bd6,AAPL,2019-05-13,-0.05811956707039778,0.7777777777777778,tenline_sec_annual_conservative,2018-12-31,2019-05-14,44.55126706777633,2019-05-29,42.39313125610352,-0.0484416258776571,-0.0494416258776571,-0.05,0,10,0.5,False
f719b9189bd6,AAPL,2019-08-05,-0.05234805416340005,0.7777777777777778,tenline_sec_annual_conservative,2018-12-31,2019-08-06,46.917325530412754,2019-08-20,50.46623229980469,0.0756417108023657,0.0746417108023657,-0.05,0,10,0.5,False
f719b9189bd6,AAPL,2020-02-27,-0.06536826394002737,0.6157407407407408,tenline_sec_annual_conservative,2020-01-26,2020-02-28,62.04995543810668,2020-03-13,67.04513549804688,0.08050255676529483,0.07950255676529483,-0.05,0,10,0.5,False
f719b9189bd6,AAPL,2020-03-09,-0.07909145549754726,0.6157407407407408,tenline_sec_annual_conservative,2020-01-26,2020-03-10,66.84490987612755,2020-03-24,59.54634094238281,-0.10918660743607767,-0.11018660743607767,-0.05,0,10,0.5,False
f719b9189bd6,AAPL,2020-03-12,-0.09875466225021212,0.6157407407407408,tenline_sec_annual_conservative,2020-01-26,2020-03-13,63.89030055830854,2020-03-27,59.75376510620117,-0.06474434172260968,-0.06574434172260968,-0.05,0,10,0.5,False
f719b9189bd6,AAPL,2020-03-16,-0.12864729725731527,0.6157407407407408,tenline_sec_annual_conservative,2020-01-26,2020-03-17,59.69829586216656,2020-03-31,61.33359909057617,0.027392795804175973,0.026392795804175972,-0.05,0,10,0.5,False
f719b9189bd6,AAPL,2020-03-20,-0.06348542176201633,0.6157407407407408,tenline_sec_annual_conservative,2020-01-26,2020-03-23,55.01187574325441,2020-04-06,63.30657577514648,0.1507801710053338,0.1497801710053338,-0.05,0,10,0.5,False
f719b9189bd6,AAPL,2020-04-01,-0.0526171560497779,0.6157407407407408,tenline_sec_annual_conservative,2020-01-26,2020-04-02,57.96892520332119,2020-04-17,68.21009826660156,0.17666660244881727,0.17566660244881727,-0.05,0,10,0.5,False
f719b9189bd6,AAPL,2020-09-03,-0.08006069500538127,0.6157407407407408,tenline_sec_annual_conservative,2020-01-26,2020-09-04,116.36437378387907,2020-09-21,106.68269348144533,-0.08320141283461302,-0.08420141283461302,-0.05,0,10,0.5,False
f719b9189bd6,AAPL,2020-09-08,-0.06729501440433605,0.6157407407407408,tenline_sec_annual_conservative,2020-01-26,2020-09-09,113.641095738678,2020-09-23,103.81404876708984,-0.08647441233922826,-0.08747441233922826,-0.05,0,10,0.5,False
f719b9189bd6,AAPL,2020-10-30,-0.05601795431850343,0.6157407407407408,tenline_sec_annual_conservative,2020-01-26,2020-11-02,105.74264246216924,2020-11-16,116.78843688964844,0.10445922449338219,0.10345922449338218,-0.05,0,10,0.5,False
f719b9189bd6,AAPL,2026-06-25,-0.06117774105404383,0.6347222222222222,tenline_sec_annual_conservative,2026-01-25,2026-06-26,274.7630284991681,2026-07-13,317.0365600585937,0.15385451161437302,0.15285451161437302,-0.05,0,10,0.5,False
f719b9189bd6,AAPL,2026-07-31,-0.07353858440208272,0.6347222222222222,tenline_sec_annual_conservative,2026-01-25,2026-08-03,309.313234694189,2026-08-17,305.5899963378906,-0.012037112993175003,-0.013037112993175004,-0.05,0,10,0.5,False
f719b9189bd6,AMZN,2020-03-09,-0.05285383245165354,0.6092592592592593,tenline_sec_annual_conservative,2019-12-31,2020-03-10,93.54399871826172,2020-03-24,97.00499725341795,0.036998616507512905,0.035998616507512904,-0.05,0,10,0.5,False
f719b9189bd6,AMZN,2020-03-12,-0.07922082514747941,0.6092592592592593,tenline_sec_annual_conservative,2019-12-31,2020-03-13,87.75,2020-03-27,95.00499725341795,0.08267803137798246,0.08167803137798246,-0.05,0,10,0.5,False
f719b9189bd6,AMZN,2020-03-16,-0.053697516604298,0.6092592592592593,tenline_sec_annual_conservative,2019-12-31,2020-03-17,88.77349853515625,2020-03-31,97.48600006103516,0.09814304572471655,0.09714304572471655,-0.05,0,10,0.5,False
f719b9189bd6,AMZN,2020-05-01,-0.07597409237648933,0.6092592592592593,tenline_sec_annual_conservative,2019-12-31,2020-05-04,112.81900024414062,2020-05-18,121.31300354003906,0.07528876587735578,0.07428876587735578,-0.05,0,10,0.5,False
f719b9189bd6,AMZN,2020-10-30,-0.0544564552314909,0.6092592592592593,tenline_sec_annual_conservative,2019-12-31,2020-11-02,153.08700561523438,2020-11-16,156.55299377441406,0.022640642458518156,0.021640642458518156,-0.05,0,10,0.5,False
f719b9189bd6,AMZN,2020-11-09,-0.05062255447737596,0.6092592592592593,tenline_sec_annual_conservative,2019-12-31,2020-11-10,154.75100708007812,2020-11-24,155.9029998779297,0.007444169957843583,0.006444169957843583,-0.05,0,10,0.5,False
f719b9189bd6,AMZN,2021-07-30,-0.07564890713277761,0.5671296296296297,tenline_sec_annual_conservative,2020-12-31,2021-08-02,167.65499877929688,2021-08-16,164.94949340820312,-0.016137337930826057,-0.017137337930826058,-0.05,0,10,0.5,False
f719b9189bd6,AMZN,2022-01-21,-0.05950180896147472,0.5254629629629629,tenline_sec_annual_conservative,2021-12-31,2022-01-24,139.0,2022-02-07,157.9355010986328,0.1362266266088692,0.1352266266088692,-0.05,0,10,0.5,False
f719b9189bd6,AMZN,2022-02-03,-0.0781276325178123,0.5462962962962963,tenline_sec_annual_conservative,2021-12-31,2022-02-04,155.60650634765625,2022-02-18,152.60150146484375,-0.019311563207381033,-0.020311563207381034,-0.05,0,10,0.5,False
f719b9189bd6,AMZN,2022-03-07,-0.05622045424233624,0.5462962962962963,tenline_sec_annual_conservative,2021-12-31,2022-03-08,136.68350219726562,2022-03-22,164.88900756835938,0.20635632624035893,0.20535632624035893,-0.05,0,10,0.5,False
f719b9189bd6,AMZN,2022-04-29,-0.14049437774923412,0.5462962962962963,tenline_sec_annual_conservative,2021-12-31,2022-05-02,122.4010009765625,2022-05-16,110.8105010986328,-0.09469285206375944,-0.09569285206375944,-0.05,0,10,0.5,False
f719b9189bd6,AMZN,2022-05-05,-0.07561036490424522,0.5462962962962963,tenline_sec_annual_conservative,2021-12-31,2022-05-06,114.8499984741211,2022-05-20,107.59100341796876,-0.06320413715798168,-0.06420413715798168,-0.05,0,10,0.5,False
f719b9189bd6,AMZN,2022-05-09,-0.05213354825727923,0.5462962962962963,tenline_sec_annual_conservative,2021-12-31,2022-05-10,111.25,2022-05-24,104.0999984741211,-0.0642696766371138,-0.0652696766371138,-0.05,0,10,0.5,False
f719b9189bd6,AMZN,2022-05-18,-0.07156196640827228,0.5462962962962963,tenline_sec_annual_conservative,2021-12-31,2022-05-19,106.28050231933594,2022-06-03,122.3499984741211,0.15119891046903322,0.15019891046903322,-0.05,0,10,0.5,False
f719b9189bd6,AMZN,2022-06-10,-0.05596211721574329,0.5462962962962963,tenline_sec_annual_conservative,2021-12-31,2022-06-13,104.19000244140624,2022-06-28,107.4000015258789,0.03080908925285697,0.02980908925285697,-0.05,0,10,0.5,False
f719b9189bd6,AMZN,2022-06-13,-0.05453719355874531,0.5462962962962963,tenline_sec_annual_conservative,2021-12-31,2022-06-14,104.19000244140624,2022-06-29,108.91999816894533,0.045397788815669804,0.0443977888156698,-0.05,0,10,0.5,False
f719b9189bd6,AMZN,2022-06-28,-0.05140434227234392,0.5462962962962963,tenline_sec_annual_conservative,2021-12-31,2022-06-29,107.37999725341795,2022-07-14,110.62999725341795,0.030266344599823025,0.029266344599823024,-0.05,0,10,0.5,False
f719b9189bd6,AMZN,2022-07-26,-0.052253606265046604,0.5462962962962963,tenline_sec_annual_conservative,2021-12-31,2022-07-27,117.30999755859376,2022-08-10,142.69000244140625,0.21634988842392344,0.21534988842392344,-0.05,0,10,0.5,False
f719b9189bd6,AMZN,2022-09-13,-0.0705752837581286,0.5462962962962963,tenline_sec_annual_conservative,2021-12-31,2022-09-14,127.36000061035156,2022-09-28,118.01000213623048,-0.07341393239096083,-0.07441393239096084,-0.05,0,10,0.5,False
f719b9189bd6,AMZN,2022-10-14,-0.05003107895219994,0.5462962962962963,tenline_sec_annual_conservative,2021-12-31,2022-10-17,110.11000061035156,2022-10-31,102.44000244140624,-0.06965759809671879,-0.07065759809671879,-0.05,0,10,0.5,False
f719b9189bd6,AMZN,2022-10-28,-0.06804249715805744,0.5462962962962963,tenline_sec_annual_conservative,2021-12-31,2022-10-31,103.55999755859376,2022-11-14,98.48999786376952,-0.04895712451089684,-0.049957124510896844,-0.05,0,10,0.5,False
f719b9189bd6,AMZN,2022-11-01,-0.05515425020719411,0.5462962962962963,tenline_sec_annual_conservative,2021-12-31,2022-11-02,97.31999969482422,2022-11-16,97.12000274658205,-0.002055044686285701,-0.003055044686285701,-0.05,0,10,0.5,False
f719b9189bd6,GOOGL,2026-07-23,-0.0713262420932762,0.5189814814814815,tenline_sec_annual_conservative,2025-12-31,2026-07-24,318.4200134277344,2026-08-07,354.29998779296875,0.11268127897801672,0.11168127897801672,-0.05,0,10,0.5,False
f719b9189bd6,HD,2023-02-21,-0.07060844097676822,0.7053571428571429,tenline_sec_annual_conservative,2022-12-31,2023-02-22,271.82966318757144,2023-03-08,268.2218322753906,-0.013272395918363378,-0.014272395918363379,-0.05,0,10,0.5,False
f719b9189bd6,META,2025-04-03,-0.08958280531351914,0.6324074074074074,tenline_sec_annual_conservative,2024-12-31,2025-04-04,504.5767586556749,2025-04-21,482.705322265625,-0.043346103471592956,-0.04434610347159296,-0.05,0,10,0.5,False
f719b9189bd6,META,2025-04-04,-0.050581139935028885,0.6324074074074074,tenline_sec_annual_conservative,2024-12-31,2025-04-07,483.1435451248476,2025-04-22,498.2623291015625,0.03129253019991829,0.03029253019991829,-0.05,0,10,0.5,False
f719b9189bd6,META,2025-04-10,-0.0673985211979895,0.6324074074074074,tenline_sec_annual_conservative,2024-12-31,2025-04-11,533.3502556297472,2025-04-28,547.5227661132812,0.026572614026030728,0.025572614026030727,-0.05,0,10,0.5,False
f719b9189bd6,META,2025-10-30,-0.11334764097342975,0.6324074074074074,tenline_sec_annual_conservative,2024-12-31,2025-10-31,672.7602632515434,2025-11-14,607.8790283203125,-0.09644034952012615,-0.09744034952012615,-0.05,0,10,0.5,False
f719b9189bd6,META,2026-03-26,-0.07959464154247431,0.7199074074074073,tenline_sec_annual_conservative,2025-12-31,2026-03-27,539.599843303006,2026-04-13,633.9425048828125,0.17483819306231618,0.17383819306231618,-0.05,0,10,0.5,False
f719b9189bd6,META,2026-04-30,-0.08550038433407037,0.7199074074074073,tenline_sec_annual_conservative,2025-12-31,2026-05-01,614.120842749119,2026-05-15,613.6612548828125,-0.0007483671523818014,-0.0017483671523818014,-0.05,0,10,0.5,False
f719b9189bd6,META,2026-06-01,-0.05065539518815376,0.7199074074074073,tenline_sec_annual_conservative,2025-12-31,2026-06-02,602.68138962268,2026-06-16,600.2100219726562,-0.004100620481364059,-0.005100620481364059,-0.05,0,10,0.5,False
f719b9189bd6,META,2026-06-05,-0.055085447812264654,0.7199074074074073,tenline_sec_annual_conservative,2025-12-31,2026-06-08,591.4518261333767,2026-06-23,562.2000122070312,-0.04945764411208187,-0.05045764411208187,-0.05,0,10,0.5,False
f719b9189bd6,META,2026-06-17,-0.05436431197128366,0.7199074074074073,tenline_sec_annual_conservative,2025-12-31,2026-06-18,572.8200073242188,2026-07-06,600.2899780273438,0.0479556760446338,0.0469556760446338,-0.05,0,10,0.5,False
f719b9189bd6,META,2026-07-30,-0.07954091839250976,0.7199074074074073,tenline_sec_annual_conservative,2025-12-31,2026-07-31,543.5999755859375,2026-08-14,589.8499755859375,0.08508094569016111,0.08408094569016111,-0.05,0,10,0.5,False
f719b9189bd6,MSFT,2020-02-27,-0.07045898111696802,0.6050925925925926,tenline_sec_annual_conservative,2019-12-31,2020-02-28,144.1909495095758,2020-03-13,150.26473999023438,0.04212324352753649,0.04112324352753649,-0.05,0,10,0.5,False
f719b9189bd6,MSFT,2020-03-09,-0.0677726761084152,0.6050925925925926,tenline_sec_annual_conservative,2019-12-31,2020-03-10,149.63086415534653,2020-03-24,140.3404083251953,-0.06208916778363238,-0.06308916778363238,-0.05,0,10,0.5,False
f719b9189bd6,MSFT,2020-03-12,-0.09483829448607606,0.6050925925925926,tenline_sec_annual_conservative,2019-12-31,2020-03-13,139.5457337596405,2020-03-27,141.62705993652344,0.014915011163780134,0.013915011163780133,-0.05,0,10,0.5,False
f719b9189bd6,MSFT,2020-03-16,-0.147390723769389,0.6050925925925926,tenline_sec_annual_conservative,2019-12-31,2020-03-17,132.4501739191631,2020-03-31,149.20510864257812,0.12649990730582883,0.12549990730582883,-0.05,0,10,0.5,False
f719b9189bd6,MSFT,2020-06-11,-0.053697922731070324,0.6050925925925926,tenline_sec_annual_conservative,2019-12-31,2020-06-12,180.7667054997271,2020-06-26,186.259765625,0.030387565619937718,0.029387565619937717,-0.05,0,10,0.5,False
f719b9189bd6,MSFT,2020-09-03,-0.06194671570365484,0.6050925925925926,tenline_sec_annual_conservative,2019-12-31,2020-09-04,204.5602944159865,2020-09-21,192.6156768798828,-0.058391671610589,-0.059391671610589,-0.05,0,10,0.5,False
f719b9189bd6,MSFT,2020-09-08,-0.054095880600493196,0.6050925925925926,tenline_sec_annual_conservative,2019-12-31,2020-09-09,197.4278299244589,2020-09-23,190.7613067626953,-0.033766886686210196,-0.0347668866862102,-0.05,0,10,0.5,False
f719b9189bd6,MSFT,2022-09-13,-0.054978051494992464,0.6050925925925926,tenline_sec_annual_conservative,2019-12-31,2022-09-14,245.35746095813147,2022-09-28,233.2991485595703,-0.049145896568512426,-0.05014589656851243,-0.05,0,10,0.5,False
f719b9189bd6,MSFT,2022-10-07,-0.05085299426779777,0.6050925925925926,tenline_sec_annual_conservative,2019-12-31,2022-10-10,225.53763257488384,2022-10-24,239.27993774414065,0.06093131781319916,0.05993131781319916,-0.05,0,10,0.5,False
f719b9189bd6,MSFT,2022-10-26,-0.07715615824155908,0.6050925925925926,tenline_sec_annual_conservative,2019-12-31,2022-10-27,223.592440615288,2022-11-10,235.1475372314453,0.05167928121523091,0.05067928121523091,-0.05,0,10,0.5,False
f719b9189bd6,MSFT,2024-10-31,-0.06052750099407056,0.7583333333333334,tenline_sec_annual_conservative,2022-12-31,2024-11-01,402.64935394726,2024-11-15,408.5462341308594,0.014645199665145325,0.013645199665145324,-0.05,0,10,0.5,False
f719b9189bd6,MSFT,2025-01-30,-0.06180903636906887,0.5064814814814814,tenline_sec_annual_conservative,2024-12-31,2025-01-31,413.2899641100712,2025-02-14,402.8832092285156,-0.02518027483189489,-0.02618027483189489,-0.05,0,10,0.5,False
f719b9189bd6,MSFT,2026-01-29,-0.09993140149712809,0.5416666666666666,tenline_sec_annual_conservative,2025-12-31,2026-01-30,436.4013853645445,2026-02-13,398.7900085449219,-0.0861852828175701,-0.0871852828175701,-0.05,0,10,0.5,False
f719b9189bd6,NKE,2020-03-12,-0.11666682124311178,0.7069444444444444,tenline_sec_annual_conservative,2019-12-31,2020-03-13,71.2206406173902,2020-03-27,75.80172729492188,0.06432245817812943,0.06332245817812943,-0.05,0,10,0.5,False
f719b9189bd6,NKE,2020-03-16,-0.11630090333112286,0.7069444444444444,tenline_sec_annual_conservative,2019-12-31,2020-03-17,61.48472020471045,2020-03-31,75.3554458618164,0.22559630443017453,0.22459630443017453,-0.05,0,10,0.5,False
f719b9189bd6,NKE,2020-03-23,-0.06893999488062419,0.7069444444444444,tenline_sec_annual_conservative,2019-12-31,2020-03-24,59.83627285471199,2020-04-07,76.6487045288086,0.2809739121772965,0.2799739121772965,-0.05,0,10,0.5,False
f719b9189bd6,NKE,2020-06-11,-0.06805730495465023,0.7069444444444444,tenline_sec_annual_conservative,2019-12-31,2020-06-12,89.29352875098706,2020-06-26,85.52275085449219,-0.042229016472296044,-0.043229016472296045,-0.05,0,10,0.5,False
f719b9189bd6,NKE,2020-06-26,-0.0762325585879895,0.7069444444444444,tenline_sec_annual_conservative,2019-12-31,2020-06-29,85.550139985295,2020-07-14,88.34396362304688,0.032657148640926836,0.031657148640926835,-0.05,0,10,0.5,False
f719b9189bd6,NKE,2022-03-07,-0.05137986890110058,0.6763888888888889,tenline_sec_annual_conservative,2021-12-31,2022-03-08,115.95816312279383,2022-03-22,123.22639465332033,0.06267977462552432,0.06167977462552432,-0.05,0,10,0.5,False
f719b9189bd6,NKE,2022-04-26,-0.05799593676271375,0.6763888888888889,tenline_sec_annual_conservative,2021-12-31,2022-04-27,112.11573884449788,2022-05-11,99.92181396484376,-0.1087619365963135,-0.1097619365963135,-0.05,0,10,0.5,False
f719b9189bd6,NKE,2022-05-05,-0.05894014688087312,0.6763888888888889,tenline_sec_annual_conservative,2021-12-31,2022-05-06,105.3104594448684,2022-05-20,99.99586486816406,-0.05046597085151461,-0.05146597085151461,-0.05,0,10,0.5,False
f719b9189bd6,NKE,2022-05-18,-0.056341638069280386,0.6763888888888889,tenline_sec_annual_conservative,2021-12-31,2022-05-19,100.87547948416848,2022-06-03,112.2635726928711,0.11289258070381591,0.11189258070381591,-0.05,0,10,0.5,False
f719b9189bd6,NKE,2022-06-16,-0.05571237238927518,0.6763888888888889,tenline_sec_annual_conservative,2021-12-31,2022-06-17,98.52649573710626,2022-07-05,96.82791137695312,-0.017239873878041823,-0.018239873878041823,-0.05,0,10,0.5,False
f719b9189bd6,NKE,2022-06-28,-0.06986427419498809,0.6763888888888889,tenline_sec_annual_conservative,2021-12-31,2022-06-29,95.5934105127273,2022-07-14,95.80691528320312,0.0022334674464554727,0.0012334674464554727,-0.05,0,10,0.5,False
f719b9189bd6,NKE,2022-09-13,-0.0592632278794345,0.6763888888888889,tenline_sec_annual_conservative,2021-12-31,2022-09-14,98.79086791876286,2022-09-28,91.87466430664062,-0.07000853173807042,-0.07100853173807042,-0.05,0,10,0.5,False
f719b9189bd6,NKE,2022-09-30,-0.12808135892361716,0.6763888888888889,tenline_sec_annual_conservative,2021-12-31,2022-10-03,77.38136420826127,2022-10-17,83.74835968017578,0.08228073434811267,0.08128073434811267,-0.05,0,10,0.5,False
f719b9189bd6,NKE,2023-12-22,-0.1182568042499732,0.5326388888888889,tenline_sec_annual_conservative,2022-12-31,2023-12-26,102.42730594183745,2024-01-10,98.1429443359375,-0.041828314886391604,-0.042828314886391605,-0.05,0,10,0.5,False
f719b9189bd6,NKE,2024-03-22,-0.0690338188169407,0.63125,tenline_sec_annual_conservative,2023-12-31,2024-03-25,89.28681427495741,2024-04-09,86.3729248046875,-0.03263516000578348,-0.03363516000578348,-0.05,0,10,0.5,False
f719b9189bd6,NKE,2024-06-28,-0.19980885303062645,0.63125,tenline_sec_annual_conservative,2023-12-31,2024-07-01,71.9410735788205,2024-07-16,69.37788391113281,-0.0356290160846624,-0.0366290160846624,-0.05,0,10,0.5,False
f719b9189bd6,NKE,2024-10-02,-0.06765405520267831,0.63125,tenline_sec_annual_conservative,2023-12-31,2024-10-03,78.86604741095258,2024-10-17,79.82318115234375,0.01213619514115849,0.01113619514115849,-0.05,0,10,0.5,False
f719b9189bd6,NKE,2025-03-21,-0.05455060556696645,0.6555555555555554,tenline_sec_annual_conservative,2024-12-31,2025-03-24,66.28836708196621,2025-04-07,53.76744079589844,-0.1888857251617848,-0.1898857251617848,-0.05,0,10,0.5,False
f719b9189bd6,NKE,2025-04-03,-0.14439642370689287,0.6555555555555554,tenline_sec_annual_conservative,2024-12-31,2025-04-04,51.45663306843408,2025-04-21,54.26054382324219,0.05449075440048867,0.05349075440048867,-0.05,0,10,0.5,False
f719b9189bd6,NKE,2025-04-10,-0.08294001041825738,0.6555555555555554,tenline_sec_annual_conservative,2024-12-31,2025-04-11,52.597538467154266,2025-04-28,55.41111755371094,0.053492600006627145,0.052492600006627144,-0.05,0,10,0.5,False
f719b9189bd6,NKE,2025-12-19,-0.10543952557727221,0.6555555555555554,tenline_sec_annual_conservative,2024-12-31,2025-12-22,58.08132028849413,2026-01-07,62.24615859985352,0.07170701855041073,0.07070701855041073,-0.05,0,10,0.5,False
f719b9189bd6,NVDA,2025-01-07,-0.06216953442159834,0.7699074074074074,tenline_sec_annual_conservative,2024-12-31,2025-01-08,142.36737985085435,2025-01-24,142.4073028564453,0.00028042242283854435,-0.0007195775771614557,-0.05,0,10,0.5,False
f719b9189bd6,NVDA,2025-01-27,-0.16968167662348033,0.7699074074074074,tenline_sec_annual_conservative,2024-12-31,2025-01-28,121.62833781559046,2025-02-11,132.6019744873047,0.09022269701944086,0.08922269701944086,-0.05,0,10,0.5,False
f719b9189bd6,NVDA,2025-02-27,-0.08478062880758996,0.7699074074074074,tenline_sec_annual_conservative,2024-12-31,2025-02-28,117.84399213493025,2025-03-14,121.49972534179688,0.03102180383265396,0.03002180383265396,-0.05,0,10,0.5,False
f719b9189bd6,NVDA,2025-03-03,-0.08693563240438495,0.7699074074074074,tenline_sec_annual_conservative,2024-12-31,2025-03-04,110.48499132597254,2025-03-18,115.26846313476562,0.043295218213667,0.042295218213666996,-0.05,0,10,0.5,False
f719b9189bd6,NVDA,2025-03-06,-0.05737431228014822,0.7699074074074074,tenline_sec_annual_conservative,2024-12-31,2025-03-07,111.0841023095759,2025-03-21,117.5352783203125,0.05807470084925459,0.05707470084925459,-0.05,0,10,0.5,False
f719b9189bd6,NVDA,2025-03-10,-0.050670109824213716,0.7699074074074074,tenline_sec_annual_conservative,2024-12-31,2025-03-11,106.83043665954976,2025-03-25,120.52110290527344,0.1281532367910605,0.1271532367910605,-0.05,0,10,0.5,False
f719b9189bd6,NVDA,2025-03-26,-0.057419847461616325,0.7699074074074074,tenline_sec_annual_conservative,2024-12-31,2025-03-27,111.19417323533278,2025-04-10,107.4194564819336,-0.0339470733363908,-0.0349470733363908,-0.05,0,10,0.5,False
f719b9189bd6,NVDA,2025-04-03,-0.07806547074373227,0.7699074074074074,tenline_sec_annual_conservative,2024-12-31,2025-04-04,98.7715853475697,2025-04-21,96.77438354492188,-0.02022040848711526,-0.02122040848711526,-0.05,0,10,0.5,False
f719b9189bd6,NVDA,2025-04-04,-0.07357568117034718,0.7699074074074074,tenline_sec_annual_conservative,2024-12-31,2025-04-07,87.33759621246332,2025-04-22,98.75160217285156,0.13068834563092113,0.12968834563092113,-0.05,0,10,0.5,False
f719b9189bd6,NVDA,2025-04-10,-0.059127169778110056,0.7699074074074074,tenline_sec_annual_conservative,2024-12-31,2025-04-11,108.34816524857224,2025-04-28,108.57784271240234,0.002119809443041021,0.0011198094430410208,-0.05,0,10,0.5,False
f719b9189bd6,NVDA,2025-04-16,-0.06871652057100175,0.7699074074074074,tenline_sec_annual_conservative,2024-12-31,2025-04-17,104.30381795694564,2025-05-02,114.33976745605467,0.09621842896730448,0.09521842896730448,-0.05,0,10,0.5,False
f719b9189bd6,NVDA,2026-02-26,-0.0545612407286622,0.7907407407407407,tenline_sec_annual_conservative,2025-12-31,2026-02-27,181.0292033274304,2026-03-13,180.0401611328125,-0.005463440022044352,-0.0064634400220443524,-0.05,0,10,0.5,False
f719b9189bd6,NVDA,2026-06-05,-0.062014073591381336,0.7907407407407407,tenline_sec_annual_conservative,2025-12-31,2026-06-08,210.17999267578125,2026-06-23,200.0399932861328,-0.04824436075269145,-0.04924436075269145,-0.05,0,10,0.5,False
40fa69c97a44,AAPL,2020-03-16,-0.12864729725731527,0.6157407407407408,tenline_sec_annual_conservative,2020-01-26,2020-03-19,59.669357314419855,2020-06-15,82.9515609741211,0.3901869352642551,0.3891869352642551,-0.1,2,60,0.0,False
40fa69c97a44,AMZN,2022-04-29,-0.14049437774923412,0.5462962962962963,tenline_sec_annual_conservative,2021-12-31,2022-05-04,123.5999984741211,2022-08-01,135.38999938964844,0.09538835809933999,0.09438835809933999,-0.1,2,60,0.0,False
40fa69c97a44,META,2024-04-25,-0.10561289492370807,0.4708333333333334,tenline_sec_annual_conservative,2023-12-31,2024-04-30,427.7510167239678,2024-07-26,462.59466552734375,0.08145778137532966,0.08045778137532966,-0.1,2,60,0.0,False
40fa69c97a44,META,2025-10-30,-0.11334764097342975,0.6324074074074074,tenline_sec_annual_conservative,2024-12-31,2025-11-04,626.410791028598,2026-02-02,705.152099609375,0.1257023501326977,0.1247023501326977,-0.1,2,60,0.0,False
40fa69c97a44,MSFT,2020-03-16,-0.147390723769389,0.6050925925925926,tenline_sec_annual_conservative,2019-12-31,2020-03-19,135.07078487160544,2020-06-15,179.24879455566406,0.32707302120183157,0.32607302120183157,-0.1,2,60,0.0,False
40fa69c97a44,NKE,2020-03-12,-0.11666682124311178,0.7069444444444444,tenline_sec_annual_conservative,2019-12-31,2020-03-17,61.48472020471045,2020-06-11,86.89227294921875,0.41323360763316574,0.41223360763316574,-0.1,2,60,0.0,False
40fa69c97a44,NKE,2020-03-16,-0.11630090333112286,0.7069444444444444,tenline_sec_annual_conservative,2019-12-31,2020-03-19,61.05667106824296,2020-06-15,89.33003234863281,0.46306752048091115,0.46206752048091115,-0.1,2,60,0.0,False
40fa69c97a44,NKE,2022-09-30,-0.12808135892361716,0.6763888888888889,tenline_sec_annual_conservative,2021-12-31,2022-10-05,81.43987818309968,2022-12-30,109.25279998779295,0.3415147766081137,0.3405147766081137,-0.1,2,60,0.0,False
40fa69c97a44,NKE,2023-12-22,-0.1182568042499732,0.5326388888888889,tenline_sec_annual_conservative,2022-12-31,2023-12-28,101.3964166376964,2024-03-26,87.87257385253906,-0.13337594397916375,-0.13437594397916375,-0.1,2,60,0.0,False
40fa69c97a44,NKE,2024-06-28,-0.19980885303062645,0.63125,tenline_sec_annual_conservative,2023-12-31,2024-07-03,71.94109030378355,2024-09-27,85.60413360595703,0.18991988089809242,0.18891988089809242,-0.1,2,60,0.0,False
40fa69c97a44,NKE,2025-04-03,-0.14439642370689287,0.6555555555555554,tenline_sec_annual_conservative,2024-12-31,2025-04-08,56.82274385583448,2025-07-07,74.48603057861328,0.3108488876847004,0.3098488876847004,-0.1,2,60,0.0,False
40fa69c97a44,NKE,2025-12-19,-0.10543952557727221,0.6555555555555554,tenline_sec_annual_conservative,2024-12-31,2025-12-24,57.97301716494331,2026-03-24,53.0156135559082,-0.08551225814123886,-0.08651225814123886,-0.1,2,60,0.0,False
40fa69c97a44,NKE,2026-04-01,-0.15505485932819896,0.4305555555555555,tenline_sec_annual_conservative,2025-12-31,2026-04-07,43.31243846575701,2026-07-02,44.09000015258789,0.017952387682942827,0.016952387682942827,-0.1,2,60,0.0,False
40fa69c97a44,NVDA,2025-01-27,-0.16968167662348033,0.7699074074074074,tenline_sec_annual_conservative,2024-12-31,2025-01-30,122.91641979157204,2025-04-28,108.57784271240234,-0.11665306476940551,-0.11765306476940551,-0.1,2,60,0.0,False
