policy_rank,variant_id,family,base_config_json,stop_loss,take_profit,leverage,max_positions,is_frozen_policy,train_final_equity,train_total_return,train_cagr,train_sharpe,train_max_drawdown,train_trades,train_traded_days,train_average_positions,train_max_positions_used,train_blown_up,train_worst_day,validation_final_equity,validation_total_return,validation_cagr,validation_sharpe,validation_max_drawdown,validation_trades,validation_traded_days,validation_average_positions,validation_max_positions_used,validation_blown_up,validation_worst_day,diagnostic_2025_final_equity,diagnostic_2025_total_return,diagnostic_2025_cagr,diagnostic_2025_sharpe,diagnostic_2025_max_drawdown,diagnostic_2025_trades,diagnostic_2025_traded_days,diagnostic_2025_average_positions,diagnostic_2025_max_positions_used,diagnostic_2025_blown_up,diagnostic_2025_worst_day,y2021_return,y2021_sharpe,y2021_max_drawdown,y2021_trades,y2022_return,y2022_sharpe,y2022_max_drawdown,y2022_trades,y2023_return,y2023_sharpe,y2023_max_drawdown,y2023_trades,y2024_return,y2024_sharpe,y2024_max_drawdown,y2024_trades,y2025_return,y2025_sharpe,y2025_max_drawdown,y2025_trades,all_2021_2025_final_equity,all_2021_2025_total_return,all_2021_2025_cagr,all_2021_2025_sharpe,all_2021_2025_max_drawdown,all_2021_2025_trades,all_2021_2025_traded_days,all_2021_2025_average_positions,all_2021_2025_max_positions_used,all_2021_2025_blown_up,all_2021_2025_worst_day,policy_sharpe_stability,policy_positive_year_share_2021_2024,policy_worst_year_return_2021_2024,policy_selection_score
1,be957829cf82,relative_weakness_reversal,"{""family"": ""relative_weakness_reversal"", ""gap_max"": -0.04, ""market_prev_return_max"": 0.0, ""min_adv20"": 50000000.0, ""mom3_max"": -0.06, ""prev_return_percentile_max"": 0.1}",,0.1,3.0,5,False,23620.414778310565,1.3620414778310566,0.3332908754397803,1.1376902166836014,-0.16858212926544558,70,34,0.09296148738379814,5,False,-0.12178819840126705,12665.104959344568,0.26651049593445686,0.26532831004180313,1.328749642175269,-0.054354161436575676,16,12,0.06324110671936758,5,False,-0.05361391026002334,17721.716614103887,0.7721716614103886,0.7803026316810915,1.987906230901425,-0.04361689733652707,28,13,0.112,5,False,-0.04361689733652705,0.30540614821822976,1.6304874170525379,-0.012575588919632064,17,0.4518027411432599,1.1275450752808323,-0.16858212926544525,33,0.24633345766170778,1.0154477530752817,-0.16721201570378763,20,0.26651049593445686,1.328749642175269,-0.054354161436575676,16,0.7721716614103886,1.987906230901425,-0.04361689733652707,28,53015.40706999653,4.301540706999653,0.3974678414884252,1.3432553319513216,-0.16858212926544558,114,59,0.09076433121019108,5,False,-0.12178819840126705,-0.19105942549166754,1.0,0.24633345766170778,0.7385282258064516
2,f8bee66f0432,relative_weakness_reversal,"{""family"": ""relative_weakness_reversal"", ""gap_max"": -0.04, ""market_prev_return_max"": 0.0, ""min_adv20"": 50000000.0, ""mom3_max"": -0.06, ""prev_return_percentile_max"": 0.125}",,0.1,3.0,5,False,24619.643747498765,1.4619643747498765,0.35190721319768037,1.1350076643812,-0.19243456045620344,74,35,0.09827357237715803,5,False,-0.12178819840126705,12665.104959344568,0.26651049593445686,0.26532831004180313,1.328749642175269,-0.054354161436575676,16,12,0.06324110671936758,5,False,-0.05361391026002334,18670.10857459437,0.8670108574594371,0.8763593613091434,2.0279083085643776,-0.04361689733652707,29,13,0.116,5,False,-0.04361689733652705,0.30540614821822976,1.6304874170525379,-0.012575588919632064,17,0.5132192475895936,1.1603647585132821,-0.19243456045620344,37,0.24633345766170778,1.0154477530752817,-0.16721201570378763,20,0.26651049593445686,1.328749642175269,-0.054354161436575676,16,0.8670108574594371,2.0279083085643776,-0.04361689733652707,29,58215.33502234957,4.821533502234957,0.4239500828313836,1.3489013816507347,-0.19243456045620344,119,60,0.09474522292993631,5,False,-0.12178819840126705,-0.193741977794069,1.0,0.24633345766170778,0.737013888888889
3,3ab676842d5e,gap_down_reversal,"{""family"": ""gap_down_reversal"", ""gap_max"": -0.04, ""market_prev_return_max"": null, ""min_adv20"": 50000000.0, ""mom3_max"": -0.06, ""prev_return_max"": -0.015}",,0.08,2.75,5,False,22652.46274876278,1.265246274876278,0.3147506952023522,1.1110110924848435,-0.2255077439472838,103,53,0.13678618857901725,5,False,-0.16412364393977832,12839.07985811802,0.2839079858118021,0.28264039231910987,1.4334240879131623,-0.0877969860012856,29,21,0.11462450592885376,5,False,-0.04914608440502139,16904.009646155406,0.6904009646155407,0.6975151138873725,1.8372521955699133,-0.0584105206763571,37,17,0.148,5,False,-0.03998215589181646,0.31462426720450987,1.7365276213992296,-0.03182571208826701,27,0.2646827267729652,0.7790818977171566,-0.22550774394728368,50,0.36248645383636435,1.514391348661738,-0.1463885600569833,26,0.2839079858118021,1.4334240879131623,-0.0877969860012856,29,0.6904009646155407,1.8372521955699133,-0.0584105206763571,37,49163.07704393131,3.916307704393131,0.3764750564614978,1.3084448314845998,-0.2255077439472838,169,91,0.13455414012738853,5,False,-0.16412364393977832,-0.3224129954283188,1.0,0.2646827267729652,0.7341442652329748
4,3ab676842d5e,gap_down_reversal,"{""family"": ""gap_down_reversal"", ""gap_max"": -0.04, ""market_prev_return_max"": null, ""min_adv20"": 50000000.0, ""mom3_max"": -0.06, ""prev_return_max"": -0.015}",,0.08,3.0,5,False,24141.11078382911,1.414111078382911,0.34305580847801154,1.1110110924848435,-0.24471265077804882,103,53,0.13678618857901725,5,False,-0.1790439752070309,13113.299450819814,0.3113299450819813,0.309925854278406,1.4334240879131617,-0.09558040913016541,29,21,0.11462450592885376,5,False,-0.05361391026002334,17660.741619006607,0.7660741619006608,0.7741282372641578,1.837252195569914,-0.06363339303948079,37,17,0.148,5,False,-0.04361689733652705,0.34610772656528455,1.7365276213992298,-0.03471895864174579,27,0.28279020561802093,0.7790818977171571,-0.2447126507780486,50,0.398047079539134,1.514391348661738,-0.1592629167612417,26,0.3113299450819813,1.4334240879131617,-0.09558040913016541,29,0.7660741619006608,1.837252195569914,-0.06363339303948079,37,55908.541711245554,4.590854171124556,0.4124456116260822,1.3084448314845998,-0.24471265077804882,169,91,0.13455414012738853,5,False,-0.1790439752070309,-0.32241299542831814,1.0,0.28279020561802093,0.7335035842293908
5,eca474687407,relative_weakness_reversal,"{""family"": ""relative_weakness_reversal"", ""gap_max"": -0.04, ""market_prev_return_max"": 0.0, ""min_adv20"": 100000000.0, ""mom3_max"": -0.06, ""prev_return_percentile_max"": 0.1}",,0.1,3.0,5,False,22874.082383196623,1.2874082383196623,0.31904144952583446,1.1263888588735995,-0.16721201570378763,65,32,0.08632138114209828,5,False,-0.12178819840126705,12665.104959344568,0.26651049593445686,0.26532831004180313,1.328749642175269,-0.054354161436575676,16,12,0.06324110671936758,5,False,-0.05361391026002334,17721.716614103887,0.7721716614103886,0.7803026316810915,1.987906230901425,-0.04361689733652707,28,13,0.112,5,False,-0.04361689733652705,0.29330447269309645,1.5778599420441608,-0.012575588919632064,16,0.44204768501764624,1.1058223576070987,-0.1521632744786774,31,0.2264879331118761,1.0763108622146895,-0.16721201570378774,18,0.26651049593445686,1.328749642175269,-0.054354161436575676,16,0.7721716614103886,1.987906230901425,-0.04361689733652707,28,51340.28340651103,4.134028340651103,0.38849453112104104,1.340968186485431,-0.16721201570378763,109,57,0.08678343949044585,5,False,-0.12178819840126705,-0.2023607833016694,1.0,0.2264879331118761,0.7330846774193548
6,3ab676842d5e,gap_down_reversal,"{""family"": ""gap_down_reversal"", ""gap_max"": -0.04, ""market_prev_return_max"": null, ""min_adv20"": 50000000.0, ""mom3_max"": -0.06, ""prev_return_max"": -0.015}",,0.08,2.5,5,False,21218.764745883956,1.1218764745883956,0.2862950266816162,1.1110110924848435,-0.20611715855589274,103,53,0.13678618857901725,5,False,-0.14920331267252573,12567.374972976975,0.25673749729769746,0.25560287741679644,1.433424087913162,-0.07998054269689625,29,21,0.11462450592885376,5,False,-0.044678258550019445,16169.989215531128,0.6169989215531129,0.6232275612471299,1.8372521955699135,-0.05317312431973131,37,17,0.148,5,False,-0.036347414447105875,0.2836331667088354,1.7365276213992293,-0.02893246553478812,27,0.24539045185128305,0.7790818977171573,-0.20611715855589263,50,0.3273138804808575,1.5143913486617382,-0.13344192098438945,26,0.25673749729769746,1.433424087913162,-0.07998054269689625,29,0.6169989215531129,1.8372521955699135,-0.05317312431973131,37,43119.56801981291,3.3119568019812915,0.340723221500018,1.3084448314845998,-0.20611715855589274,169,91,0.13455414012738853,5,False,-0.14920331267252573,-0.32241299542831836,1.0,0.24539045185128305,0.7303270609318996
7,be957829cf82,relative_weakness_reversal,"{""family"": ""relative_weakness_reversal"", ""gap_max"": -0.04, ""market_prev_return_max"": 0.0, ""min_adv20"": 50000000.0, ""mom3_max"": -0.06, ""prev_return_percentile_max"": 0.1}",,0.1,2.75,5,False,22164.93968299512,1.216493968299512,0.3052125383514688,1.1376902166836007,-0.1550186619688213,70,34,0.09296148738379814,5,False,-0.11163918186782813,12434.121713964303,0.24341217139643034,0.24234192487033424,1.3287496421752685,-0.04987839279894757,16,12,0.06324110671936758,5,False,-0.04914608440502139,16948.061473328074,0.6948061473328075,0.7019742722876035,1.987906230901425,-0.03998215589181642,28,13,0.112,5,False,-0.03998215589181646,0.27799203981897724,1.6304874170525383,-0.011527623176329382,17,0.41424350931574283,1.1275450752808325,-0.1550186619688213,33,0.22634936580635157,1.0154477530752817,-0.1537593772086866,20,0.24341217139643034,1.3287496421752685,-0.04987839279894757,16,0.6948061473328075,1.987906230901425,-0.03998215589181642,28,46709.12143756981,3.670912143756981,0.3624065102509888,1.3432553319513216,-0.1550186619688213,114,59,0.09076433121019108,5,False,-0.11163918186782813,-0.19105942549166777,1.0,0.22634936580635157,0.7282616487455198
8,6335ea5e30c2,gap_down_reversal,"{""family"": ""gap_down_reversal"", ""gap_max"": -0.04, ""market_prev_return_max"": null, ""min_adv20"": 50000000.0, ""mom3_max"": -0.06, ""prev_return_max"": -0.015}",,0.06,3.0,7,False,19071.717627158214,0.9071717627158213,0.24118246948182986,1.08000334201651,-0.192986687214028,114,53,0.15139442231075698,7,False,-0.14375014778418485,12504.782371720423,0.2504782371720422,0.24937392474576803,1.4855995424769548,-0.06747779564146217,31,21,0.1225296442687747,7,False,-0.03829565018573095,15878.602161526902,0.5878602161526902,0.5937447447837996,2.029339036391861,-0.04566593176806044,42,17,0.168,7,False,-0.031154926668947893,0.25510117209033667,1.9157708892619458,-0.02479925617267542,29,0.2312436692357971,0.8027283467197203,-0.19298668721402779,57,0.2341474846138647,1.3166273838593399,-0.1148213345274488,28,0.2504782371720422,1.4855995424769548,-0.06747779564146217,31,0.5878602161526902,2.029339036391861,-0.04566593176806044,42,37868.50965462179,2.786850965462179,0.3062429898742125,1.3438154613104758,-0.192986687214028,187,91,0.14888535031847133,7,False,-0.14375014778418485,-0.40559620046044476,1.0,0.2312436692357971,0.7275313620071684
9,f8bee66f0432,relative_weakness_reversal,"{""family"": ""relative_weakness_reversal"", ""gap_max"": -0.04, ""market_prev_return_max"": 0.0, ""min_adv20"": 50000000.0, ""mom3_max"": -0.06, ""prev_return_percentile_max"": 0.125}",,0.1,2.75,5,False,23042.60421566626,1.3042604215666258,0.32228570558240643,1.1350076643811997,-0.17720248606916011,74,35,0.09827357237715803,5,False,-0.11163918186782813,12434.121713964303,0.24341217139643034,0.24234192487033424,1.3287496421752685,-0.04987839279894757,16,12,0.06324110671936758,5,False,-0.04914608440502139,17785.741555676923,0.7785741555676924,0.7867860499103403,2.027908308564378,-0.03998215589181642,29,13,0.116,5,False,-0.03998215589181646,0.27799203981897724,1.6304874170525383,-0.011527623176329382,17,0.470243272294528,1.160364758513282,-0.17720248606916011,37,0.22634936580635157,1.0154477530752817,-0.1537593772086866,20,0.24341217139643034,1.3287496421752685,-0.04987839279894757,16,0.7785741555676924,2.027908308564378,-0.03998215589181642,29,50958.736568588734,4.095873656858873,0.38641799964893986,1.3489013816507347,-0.17720248606916011,119,60,0.09474522292993631,5,False,-0.11163918186782813,-0.19374197779406876,1.0,0.22634936580635157,0.7274014336917562
10,be957829cf82,relative_weakness_reversal,"{""family"": ""relative_weakness_reversal"", ""gap_max"": -0.04, ""market_prev_return_max"": 0.0, ""min_adv20"": 50000000.0, ""mom3_max"": -0.06, ""prev_return_percentile_max"": 0.1}",,0.1,2.5,5,False,20770.513885169035,1.0770513885169035,0.2771365201678999,1.1376902166836012,-0.14136644898089357,70,34,0.09296148738379814,5,False,-0.10149016533438919,12204.59674619442,0.22045967461944205,0.2194989888271046,1.3287496421752687,-0.04539285237669788,16,12,0.06324110671936758,5,False,-0.044678258550019445,16199.93606578652,0.619993606578652,0.6262578539233794,1.987906230901425,-0.036347414447105875,28,13,0.112,5,False,-0.036347414447105875,0.2509427859878639,1.6304874170525379,-0.010479657433026812,17,0.3765281225190782,1.1275450752808325,-0.14136644898089334,33,0.20621494803942841,1.0154477530752817,-0.1402191575959708,20,0.22045967461944205,1.3287496421752687,-0.04539285237669788,16,0.619993606578652,1.987906230901425,-0.036347414447105875,28,41066.14881060313,3.106614881060313,0.3276620741927383,1.3432553319513216,-0.14136644898089357,114,59,0.09076433121019108,5,False,-0.10149016533438919,-0.19105942549166754,1.0,0.20621494803942841,0.7266957885304659
11,3ab676842d5e,gap_down_reversal,"{""family"": ""gap_down_reversal"", ""gap_max"": -0.04, ""market_prev_return_max"": null, ""min_adv20"": 50000000.0, ""mom3_max"": -0.06, ""prev_return_max"": -0.015}",,0.08,2.25,5,False,19841.156917861994,0.9841156917861993,0.25772059522554813,1.1110110924848438,-0.18650817866849434,103,53,0.13678618857901725,5,False,-0.13428298140527314,12298.241738670384,0.22982417386703835,0.22881899113809334,1.433424087913162,-0.07213107921699802,29,21,0.11462450592885376,5,False,-0.0402104326950175,15458.328290578625,0.5458328290578625,0.5512286828956023,1.8372521955699141,-0.04792120241909947,37,17,0.148,5,False,-0.03271267300239529,0.2531308414936022,1.7365276213992296,-0.02603921898130923,27,0.2249678630645433,0.7790818977171571,-0.18650817866849434,50,0.29254561273156376,1.5143913486617382,-0.12042299954345992,26,0.22982417386703835,1.433424087913162,-0.07213107921699802,29,0.5458328290578625,1.8372521955699141,-0.04792120241909947,37,37720.07464507794,2.772007464507794,0.3052140868059725,1.3084448314845998,-0.18650817866849434,169,91,0.13455414012738853,5,False,-0.13428298140527314,-0.32241299542831814,1.0,0.2249678630645433,0.7260259856630825
12,f8bee66f0432,relative_weakness_reversal,"{""family"": ""relative_weakness_reversal"", ""gap_max"": -0.04, ""market_prev_return_max"": 0.0, ""min_adv20"": 50000000.0, ""mom3_max"": -0.06, ""prev_return_percentile_max"": 0.125}",,0.1,2.5,5,False,21533.922555220288,1.1533922555220286,0.2926574203815284,1.1350076643812002,-0.16182454126019818,74,35,0.09827357237715803,5,False,-0.10149016533438919,12204.59674619442,0.22045967461944205,0.2194989888271046,1.3287496421752687,-0.04539285237669788,16,12,0.06324110671936758,5,False,-0.044678258550019445,16933.382065271497,0.6933382065271496,0.7004883348305633,2.027908308564378,-0.036347414447105875,29,13,0.116,5,False,-0.036347414447105875,0.2509427859878639,1.6304874170525379,-0.010479657433026812,17,0.42712164702743394,1.1603647585132821,-0.16182454126019818,37,0.20621494803942841,1.0154477530752817,-0.1402191575959708,20,0.22045967461944205,1.3287496421752687,-0.04539285237669788,16,0.6933382065271496,2.027908308564378,-0.036347414447105875,29,44503.10250856591,3.4503102508565915,0.3492457078079476,1.3489013816507347,-0.16182454126019818,119,60,0.09474522292993631,5,False,-0.10149016533438919,-0.19374197779406854,1.0,0.20621494803942841,0.7258445340501791
13,eca474687407,relative_weakness_reversal,"{""family"": ""relative_weakness_reversal"", ""gap_max"": -0.04, ""market_prev_return_max"": 0.0, ""min_adv20"": 100000000.0, ""mom3_max"": -0.06, ""prev_return_percentile_max"": 0.1}",,0.1,2.75,5,False,21513.705317703567,1.1513705317703566,0.2922511423246663,1.1263888588735993,-0.1537593772086866,65,32,0.08632138114209828,5,False,-0.11163918186782813,12434.121713964303,0.24341217139643034,0.24234192487033424,1.3287496421752685,-0.04987839279894757,16,12,0.06324110671936758,5,False,-0.04914608440502139,16948.061473328074,0.6948061473328075,0.7019742722876035,1.987906230901425,-0.03998215589181642,28,13,0.112,5,False,-0.03998215589181646,0.2671234030200107,1.5778599420441608,-0.011527623176329271,16,0.40564995754413524,1.1058223576070985,-0.1397476454805946,31,0.2078670098081159,1.0763108622146895,-0.1537593772086865,18,0.24341217139643034,1.3287496421752685,-0.04987839279894757,16,0.6948061473328075,1.987906230901425,-0.03998215589181642,28,45336.74752237892,3.533674752237892,0.35427915331414406,1.3409681864854308,-0.1537593772086866,109,57,0.08678343949044585,5,False,-0.11163918186782813,-0.20236078330166918,1.0,0.2078670098081159,0.7228808243727599
14,3ab676842d5e,gap_down_reversal,"{""family"": ""gap_down_reversal"", ""gap_max"": -0.04, ""market_prev_return_max"": null, ""min_adv20"": 50000000.0, ""mom3_max"": -0.06, ""prev_return_max"": -0.015}",,0.08,3.0,7,False,20827.326212555083,1.0827326212555084,0.2783045218542677,1.0945977056312348,-0.19298668721402779,114,53,0.15139442231075698,7,False,-0.14375014778418485,12465.547929029066,0.2465547929029066,0.24546941507145248,1.4268775490620753,-0.06875691522290617,31,21,0.1225296442687747,7,False,-0.03829565018573095,16450.818839152307,0.6450818839152308,0.651646190428165,1.995425630209151,-0.04566593176806044,42,17,0.168,7,False,-0.031154926668947893,0.25166386706005484,1.803327594234974,-0.024799256172675643,29,0.3300497420827051,0.9258368138048997,-0.19298668721402779,57,0.25105937234342823,1.4485378281636452,-0.11482133452744869,28,0.2465547929029066,1.4268775490620753,-0.06875691522290617,31,0.6450818839152308,1.995425630209151,-0.04566593176806044,42,42710.279354125305,3.2710279354125307,0.33816015870546345,1.3270594290700686,-0.19298668721402779,187,91,0.14888535031847133,7,False,-0.14375014778418485,-0.3322798434308405,1.0,0.2465547929029066,0.7213709677419355
15,6335ea5e30c2,gap_down_reversal,"{""family"": ""gap_down_reversal"", ""gap_max"": -0.04, ""market_prev_return_max"": null, ""min_adv20"": 50000000.0, ""mom3_max"": -0.06, ""prev_return_max"": -0.015}",,0.06,2.75,7,False,18169.280345188476,0.8169280345188477,0.2212098952904218,1.0800033420165098,-0.1776012410733745,114,53,0.15139442231075698,7,False,-0.13177096880216946,12284.846919958716,0.22848469199587162,0.22748589127401675,1.4855995424769544,-0.06194341376815882,31,21,0.1225296442687747,7,False,-0.03510434600358671,15308.15348415057,0.5308153484150571,0.5360388155211602,2.029339036391861,-0.04190121759183418,42,17,0.168,7,False,-0.0285586827798689,0.2322212772462906,1.915770889261946,-0.022732651491619182,29,0.2145726532770853,0.8027283467197199,-0.1776012410733746,57,0.2140191119952406,1.3166273838593392,-0.10545572315994611,28,0.22848469199587162,1.4855995424769544,-0.06194341376815882,31,0.5308153484150571,2.029339036391861,-0.04190121759183418,42,34168.84376934603,2.416884376934603,0.279575595601691,1.3438154613104754,-0.1776012410733745,187,91,0.14888535031847133,7,False,-0.13177096880216946,-0.40559620046044453,1.0,0.2140191119952406,0.7210080645161292
16,eca474687407,relative_weakness_reversal,"{""family"": ""relative_weakness_reversal"", ""gap_max"": -0.04, ""market_prev_return_max"": 0.0, ""min_adv20"": 100000000.0, ""mom3_max"": -0.06, ""prev_return_percentile_max"": 0.1}",,0.1,2.5,5,False,20207.59698956111,1.0207596989561107,0.265446980742422,1.1263888588735995,-0.1402191575959708,65,32,0.08632138114209828,5,False,-0.10149016533438919,12204.59674619442,0.22045967461944205,0.2194989888271046,1.3287496421752687,-0.04539285237669788,16,12,0.06324110671936758,5,False,-0.044678258550019445,16199.93606578652,0.619993606578652,0.6262578539233794,1.987906230901425,-0.036347414447105875,28,13,0.112,5,False,-0.036347414447105875,0.24126385069756595,1.577859942044161,-0.01047965743302659,16,0.36902700074246275,1.1058223576070987,-0.12728254507686232,31,0.18915523114548138,1.0763108622146897,-0.1402191575959707,18,0.22045967461944205,1.3287496421752687,-0.04539285237669788,16,0.619993606578652,1.987906230901425,-0.036347414447105875,28,39953.18506156731,2.995318506156731,0.3203632717258249,1.340968186485431,-0.1402191575959708,109,57,0.08678343949044585,5,False,-0.10149016533438919,-0.20236078330166918,1.0,0.18915523114548138,0.7199350358422939
17,88ea55f398f3,gap_down_reversal,"{""family"": ""gap_down_reversal"", ""gap_max"": -0.04, ""market_prev_return_max"": null, ""min_adv20"": 50000000.0, ""mom3_max"": -0.06, ""prev_return_max"": -0.015}",,,3.0,7,False,26402.368866736033,1.6402368866736032,0.3839091544114228,1.0597652545968306,-0.24504333760666475,114,53,0.15139442231075698,7,False,-0.14711380669087534,12856.932089562799,0.2856932089562798,0.28441679879448034,1.4439191522288313,-0.06875691522290606,31,21,0.1225296442687747,7,False,-0.03829565018573095,18501.10157324307,0.8501101573243071,0.859238775128863,1.79730382255194,-0.04566593176806033,42,17,0.168,7,False,-0.031154926668947893,0.27449721995864573,1.792856723631814,-0.024799256172675532,29,0.4454603713493652,0.9911780802626977,-0.1997529509975281,57,0.4331703416948396,1.1062259020619045,-0.24504333760666486,28,0.2856932089562798,1.4439191522288313,-0.06875691522290606,31,0.8501101573243071,1.79730382255194,-0.04566593176806033,42,62802.630080321105,5.280263008032111,0.4457853923090689,1.2424206021103303,-0.24504333760666475,187,91,0.14888535031847133,7,False,-0.14711380669087534,-0.3841538976320007,1.0,0.27449721995864573,0.718138440860215
18,be957829cf82,relative_weakness_reversal,"{""family"": ""relative_weakness_reversal"", ""gap_max"": -0.04, ""market_prev_return_max"": 0.0, ""min_adv20"": 50000000.0, ""mom3_max"": -0.06, ""prev_return_percentile_max"": 0.1}",,0.1,3.0,7,False,19946.400156227795,0.9946400156227795,0.25994929812965384,1.0826888937569579,-0.15747778086946784,78,34,0.10358565737051793,7,False,-0.12417358397278476,12134.156525631322,0.21341565256313233,0.21248825142594385,1.3357398056273495,-0.03896798643281307,18,12,0.07114624505928854,7,False,-0.03829565018573095,14637.379759579988,0.4637379759579987,0.468206178236926,1.6436385606057502,-0.031154926668947924,32,13,0.128,7,False,-0.031154926668947893,0.24535833288493492,1.8042835659964134,-0.008982563514023045,19,0.3605407716249178,1.041657612275833,-0.15747778086946806,39,0.17722272064088163,1.0154477530752817,-0.120724060292147,20,0.21341565256313233,1.3357398056273495,-0.03896798643281307,18,0.4637379759579987,1.6436385606057502,-0.031154926668947924,32,35427.25153322945,2.542725153322945,0.28889455393705754,1.2280885093596836,-0.15747778086946784,128,59,0.10191082802547771,7,False,-0.12417358397278476,-0.25305091187039164,1.0,0.17722272064088163,0.7181227598566309
19,3ab676842d5e,gap_down_reversal,"{""family"": ""gap_down_reversal"", ""gap_max"": -0.04, ""market_prev_return_max"": null, ""min_adv20"": 50000000.0, ""mom3_max"": -0.06, ""prev_return_max"": -0.015}",,0.08,2.75,7,False,19719.33005404777,0.9719330054047768,0.255130861957223,1.0945977056312348,-0.1776012410733746,114,53,0.15139442231075698,7,False,-0.13177096880216946,12250.144850561399,0.22501448505613997,0.22403219151553633,1.4268775490620758,-0.06311983094342921,31,21,0.1225296442687747,7,False,-0.03510434600358671,15819.117410695244,0.5819117410695245,0.5877265510932463,1.995425630209152,-0.04190121759183418,42,17,0.168,7,False,-0.0285586827798689,0.2291873601470491,1.8033275942349738,-0.022732651491619404,29,0.3051494587137116,0.9258368138048997,-0.17760124107337438,57,0.2291752948203718,1.448537828163645,-0.10545572315994622,28,0.22501448505613997,1.4268775490620758,-0.06311983094342921,31,0.5819117410695245,1.995425630209152,-0.04190121759183418,42,38213.3955300049,2.82133955300049,0.3086212367183554,1.327059429070069,-0.1776012410733746,187,91,0.14888535031847133,7,False,-0.13177096880216946,-0.33227984343084094,1.0,0.22501448505613997,0.7178718637992831
20,be957829cf82,relative_weakness_reversal,"{""family"": ""relative_weakness_reversal"", ""gap_max"": -0.04, ""market_prev_return_max"": 0.0, ""min_adv20"": 50000000.0, ""mom3_max"": -0.06, ""prev_return_percentile_max"": 0.1}",,0.1,2.25,5,False,19436.608222640447,0.9436608222640448,0.2490796160039659,1.1376902166836012,-0.127625646357291,70,34,0.09296148738379814,5,False,-0.09134114880095028,11976.5805272417,0.19765805272417003,0.19680452609734167,1.3287496421752687,-0.04089754016982605,16,12,0.06324110671936758,5,False,-0.0402104326950175,15476.770253061977,0.5476770253061978,0.5530941304262493,1.9879062309014255,-0.03271267300239533,28,13,0.112,5,False,-0.03271267300239529,0.2242560296988323,1.6304874170525379,-0.009431691689724242,17,0.3386997306598891,1.127545075280833,-0.1276256463572909,33,0.18594637820896787,1.0154477530752817,-0.12659135686564027,20,0.19765805272417003,1.3287496421752687,-0.04089754016982605,16,0.5476770253061978,1.9879062309014255,-0.03271267300239533,28,36027.460892841984,2.6027460892841985,0.2932463900994642,1.3432553319513212,-0.127625646357291,114,59,0.09076433121019108,5,False,-0.09134114880095028,-0.19105942549166754,1.0,0.18594637820896787,0.7175873655913979
21,3fb3e6fd7fd3,relative_weakness_reversal,"{""family"": ""relative_weakness_reversal"", ""gap_max"": -0.04, ""market_prev_return_max"": 0.0, ""min_adv20"": 20000000.0, ""mom3_max"": -0.06, ""prev_return_percentile_max"": 0.125}",,0.1,3.0,5,False,23697.504534137443,1.3697504534137441,0.33474555954195173,1.0886907134629757,-0.222682266994783,75,35,0.099601593625498,5,False,-0.12178819840126705,12665.104959344568,0.26651049593445686,0.26532831004180313,1.328749642175269,-0.054354161436575676,16,12,0.06324110671936758,5,False,-0.05361391026002334,18670.10857459437,0.8670108574594371,0.8763593613091434,2.0279083085643776,-0.04361689733652707,29,13,0.116,5,False,-0.04361689733652705,0.30540614821822976,1.6304874170525379,-0.012575588919632064,17,0.45654097795552295,1.0660809089142147,-0.22268226699478277,38,0.24633345766170778,1.0154477530752817,-0.16721201570378763,20,0.26651049593445686,1.328749642175269,-0.054354161436575676,16,0.8670108574594371,2.0279083085643776,-0.04361689733652707,29,56034.8549230578,4.60348549230578,0.4130852896598356,1.319048839025047,-0.222682266994783,120,60,0.09554140127388536,5,False,-0.12178819840126705,-0.24005892871229317,1.0,0.24633345766170778,0.7171796594982079
22,f8bee66f0432,relative_weakness_reversal,"{""family"": ""relative_weakness_reversal"", ""gap_max"": -0.04, ""market_prev_return_max"": 0.0, ""min_adv20"": 50000000.0, ""mom3_max"": -0.06, ""prev_return_percentile_max"": 0.125}",,0.1,2.25,5,False,20093.030403135126,1.0093030403135126,0.2630414343461287,1.1350076643812002,-0.14630059526561467,74,35,0.09827357237715803,5,False,-0.09134114880095028,11976.5805272417,0.19765805272417003,0.19680452609734167,1.3287496421752687,-0.04089754016982605,16,12,0.06324110671936758,5,False,-0.0402104326950175,16112.236024487736,0.6112236024487736,0.6173836988214774,2.0279083085643785,-0.03271267300239533,29,13,0.116,5,False,-0.03271267300239529,0.2242560296988323,1.6304874170525379,-0.009431691689724242,17,0.38391092111871616,1.1603647585132817,-0.14630059526561456,37,0.18594637820896787,1.0154477530752817,-0.12659135686564027,20,0.19765805272417003,1.3287496421752687,-0.04089754016982605,16,0.6112236024487736,2.0279083085643785,-0.03271267300239533,29,38773.418740781606,2.8773418740781604,0.31244671915817634,1.3489013816507345,-0.14630059526561467,119,60,0.09474522292993631,5,False,-0.09134114880095028,-0.19374197779406854,1.0,0.18594637820896787,0.7167361111111111
23,b589ede4382e,relative_weakness_reversal,"{""family"": ""relative_weakness_reversal"", ""gap_max"": -0.04, ""market_prev_return_max"": 0.0, ""min_adv20"": 20000000.0, ""mom3_max"": -0.06, ""prev_return_percentile_max"": 0.1}",,0.1,3.0,5,False,22735.702110396665,1.2735702110396665,0.3163655450596583,1.0883426591125223,-0.19972323874521203,71,34,0.09428950863213811,5,False,-0.12178819840126705,12665.104959344568,0.26651049593445686,0.26532831004180313,1.328749642175269,-0.054354161436575676,16,12,0.06324110671936758,5,False,-0.05361391026002334,17721.716614103887,0.7721716614103886,0.7803026316810915,1.987906230901425,-0.04361689733652707,28,13,0.112,5,False,-0.04361689733652705,0.30540614821822976,1.6304874170525379,-0.012575588919632064,17,0.3974248528438127,1.0243300860954245,-0.19972323874521203,34,0.24633345766170778,1.0154477530752817,-0.16721201570378763,20,0.26651049593445686,1.328749642175269,-0.054354161436575676,16,0.7721716614103886,1.987906230901425,-0.04361689733652707,28,51029.69248074607,4.102969248074607,0.38680510882333685,1.3114751832498348,-0.19972323874521203,115,59,0.09156050955414012,5,False,-0.12178819840126705,-0.24040698306274666,1.0,0.24633345766170778,0.7163597670250896
24,9654c0e2efca,relative_weakness_reversal,"{""family"": ""relative_weakness_reversal"", ""gap_max"": -0.04, ""market_prev_return_max"": 0.0, ""min_adv20"": 100000000.0, ""mom3_max"": -0.06, ""prev_return_percentile_max"": 0.125}",,0.1,3.0,5,False,23261.69779493769,1.3261697794937688,0.32648001338140653,1.095531575176431,-0.176486743901614,70,33,0.09296148738379814,5,False,-0.12178819840126705,12665.104959344568,0.26651049593445686,0.26532831004180313,1.328749642175269,-0.054354161436575676,16,12,0.06324110671936758,5,False,-0.05361391026002334,17721.716614103887,0.7721716614103886,0.7803026316810915,1.987906230901425,-0.04361689733652707,28,13,0.112,5,False,-0.04361689733652705,0.29330447269309645,1.5778599420441608,-0.012575588919632064,16,0.5030515173103611,1.1407962718189644,-0.1764867439016139,35,0.1966489481732654,0.965458115558764,-0.16721201570378774,19,0.26651049593445686,1.328749642175269,-0.054354161436575676,16,0.7721716614103886,1.987906230901425,-0.04361689733652707,28,52210.27612395162,4.2210276123951616,0.39318364477668166,1.3120415715907396,-0.176486743901614,114,58,0.09076433121019108,5,False,-0.12178819840126705,-0.23321806699883796,1.0,0.1966489481732654,0.7162253584229391
25,88ea55f398f3,gap_down_reversal,"{""family"": ""gap_down_reversal"", ""gap_max"": -0.04, ""market_prev_return_max"": null, ""min_adv20"": 50000000.0, ""mom3_max"": -0.06, ""prev_return_max"": -0.015}",,,2.75,7,False,24648.459112873676,1.4648459112873677,0.35243654232781396,1.0597652545968306,-0.22608888582779973,114,53,0.15139442231075698,7,False,-0.1348543227999691,12605.234240153959,0.26052342401539597,0.25937041305260244,1.4439191522288313,-0.06311983094342932,31,21,0.1225296442687747,7,False,-0.03510434600358671,17650.35260160743,0.7650352601607429,0.7730762510342422,1.7973038225519407,-0.041901217591834405,42,17,0.168,7,False,-0.0285586827798689,0.2498541155089289,1.792856723631814,-0.022732651491619293,29,0.4110182294050322,0.9911780802626976,-0.18386383515331872,57,0.3976480585295534,1.1062259020619043,-0.22608888582779973,28,0.26052342401539597,1.4439191522288313,-0.06311983094342932,31,0.7650352601607429,1.7973038225519407,-0.041901217591834405,42,54839.575068861806,4.48395750688618,0.4069853542470565,1.2424206021103303,-0.22608888582779973,187,91,0.14888535031847133,7,False,-0.1348543227999691,-0.3841538976320007,1.0,0.2498541155089289,0.7160864695340503
26,4eb7508c4970,relative_weakness_reversal,"{""family"": ""relative_weakness_reversal"", ""gap_max"": -0.04, ""market_prev_return_max"": 0.0, ""min_adv20"": 50000000.0, ""mom3_max"": -0.06, ""prev_return_percentile_max"": 0.15}",,0.1,3.0,5,False,23873.805215758875,1.3873805215758876,0.3380605605891145,1.0860853217104982,-0.19243456045620344,77,36,0.10225763612217796,5,False,-0.12178819840126705,12665.104959344568,0.26651049593445686,0.26532831004180313,1.328749642175269,-0.054354161436575676,16,12,0.06324110671936758,5,False,-0.05361391026002334,18550.799659802226,0.8550799659802226,0.8642731139750093,2.024902329484645,-0.04361689733652707,31,14,0.124,5,False,-0.04361689733652705,0.30540614821822976,1.6304874170525379,-0.012575588919632064,17,0.372783506661577,0.9219711554045156,-0.19243456045620344,38,0.33221383558276774,1.2662003839251195,-0.1592629167612417,22,0.26651049593445686,1.328749642175269,-0.054354161436575676,16,0.8550799659802226,2.024902329484645,-0.04361689733652707,31,56090.9860445313,4.609098604453131,0.41336918020979163,1.3131028926788288,-0.19243456045620344,124,62,0.09872611464968153,5,False,-0.12178819840126705,-0.2426643204647707,1.0,0.26651049593445686,0.7158176523297491
27,3ab676842d5e,gap_down_reversal,"{""family"": ""gap_down_reversal"", ""gap_max"": -0.04, ""market_prev_return_max"": null, ""min_adv20"": 50000000.0, ""mom3_max"": -0.06, ""prev_return_max"": -0.015}",,0.08,2.0,5,False,18520.43043273887,0.852043043273887,0.22905826494294135,1.1110110924848433,-0.1666795951500163,103,53,0.13678618857901725,5,False,-0.11936265013802058,12031.73472977338,0.203173472977338,0.20229418128472232,1.433424087913162,-0.06424859556159046,29,21,0.11462450592885376,5,False,-0.03574260684001555,14768.671434498763,0.47686714344987635,0.48148125261753605,1.8372521955699137,-0.04265475342395775,37,17,0.148,5,False,-0.0290779315576847,0.22311367916117297,1.7365276213992296,-0.023145972427830563,27,0.2034710983015664,0.7790818977171569,-0.1666795951500163,50,0.2581968326168651,1.514391348661738,-0.10733179573419505,26,0.203173472977338,1.433424087913162,-0.06424859556159046,29,0.47686714344987635,1.8372521955699137,-0.04265475342395775,37,32909.45974216503,2.2909459742165033,0.2699705623454507,1.3084448314845998,-0.1666795951500163,169,91,0.13455414012738853,5,False,-0.11936265013802058,-0.3224129954283186,1.0,0.203173472977338,0.7148297491039427
28,6335ea5e30c2,gap_down_reversal,"{""family"": ""gap_down_reversal"", ""gap_max"": -0.04, ""market_prev_return_max"": null, ""min_adv20"": 50000000.0, ""mom3_max"": -0.06, ""prev_return_max"": -0.015}",,0.06,2.5,7,False,17293.097747653323,0.7293097747653323,0.20117651443491424,1.0800033420165098,-0.16209075889313262,114,53,0.15139442231075698,7,False,-0.11979178982015405,12066.909523185634,0.20669095231856338,0.20579517688760696,1.4855995424769548,-0.05639289230149469,31,21,0.1225296442687747,7,False,-0.03191304182144246,14753.30814670978,0.47533081467097804,0.47992780139311964,2.029339036391861,-0.038129090728610815,42,17,0.168,7,False,-0.02596243889078991,0.20964406998862528,1.9157708892619456,-0.020666046810562944,29,0.1973361906812916,0.8027283467197199,-0.16209075889313285,57,0.193985591261004,1.3166273838593394,-0.09605323303308888,28,0.20669095231856338,1.4855995424769548,-0.05639289230149469,31,0.47533081467097804,2.029339036391861,-0.038129090728610815,42,30786.354519939097,2.0786354519939096,0.2530912846912452,1.3438154613104758,-0.16209075889313262,187,91,0.14888535031847133,7,False,-0.11979178982015405,-0.405596200460445,1.0,0.193985591261004,0.7132034050179211
29,88ea55f398f3,gap_down_reversal,"{""family"": ""gap_down_reversal"", ""gap_max"": -0.04, ""market_prev_return_max"": null, ""min_adv20"": 50000000.0, ""mom3_max"": -0.06, ""prev_return_max"": -0.015}",,,2.5,7,False,22963.863674350912,1.2963863674350913,0.32077182345631927,1.0597652545968304,-0.20687244131176552,114,53,0.15139442231075698,7,False,-0.12259483890906282,12355.953761013658,0.23559537610136583,0.23456263073035455,1.4439191522288315,-0.05746589963563198,31,21,0.1225296442687747,7,False,-0.03191304182144246,16827.28501109912,0.682728501109912,0.6897488635654121,1.7973038225519404,-0.038129090728610704,42,17,0.168,7,False,-0.02596243889078991,0.22554074453710737,1.7928567236318143,-0.020666046810562833,29,0.3758916808595809,0.9911780802626975,-0.16783761919800277,57,0.36186155736085457,1.1062259020619045,-0.2068724413117654,28,0.23559537610136583,1.4439191522288315,-0.05746589963563198,31,0.682728501109912,1.7973038225519404,-0.038129090728610704,42,47745.81214932474,3.774581214932474,0.36842027386593124,1.24242060211033,-0.20687244131176552,187,91,0.14888535031847133,7,False,-0.12259483890906282,-0.38415389763200114,1.0,0.22554074453710737,0.7123700716845879
30,eca474687407,relative_weakness_reversal,"{""family"": ""relative_weakness_reversal"", ""gap_max"": -0.04, ""market_prev_return_max"": 0.0, ""min_adv20"": 100000000.0, ""mom3_max"": -0.06, ""prev_return_percentile_max"": 0.1}",,0.1,2.25,5,False,18955.45392020929,0.8955453920209289,0.23864513104965335,1.1263888588735995,-0.12659135686564016,65,32,0.08632138114209828,5,False,-0.09134114880095028,11976.5805272417,0.19765805272417003,0.19680452609734167,1.3287496421752687,-0.04089754016982605,16,12,0.06324110671936758,5,False,-0.0402104326950175,15476.770253061977,0.5476770253061978,0.5530941304262493,1.9879062309014255,-0.03271267300239533,28,13,0.112,5,False,-0.03271267300239529,0.21572422200770935,1.5778599420441612,-0.00943169168972402,16,0.33222350651013755,1.1058223576070987,-0.114768374663752,31,0.17036688960110413,1.0763108622146895,-0.12659135686564027,18,0.19765805272417003,1.3287496421752687,-0.04089754016982605,16,0.5476770253061978,1.9879062309014255,-0.03271267300239533,28,35135.59912273802,2.513559912273802,0.28675860872707015,1.3409681864854306,-0.12659135686564016,109,57,0.08678343949044585,5,False,-0.09134114880095028,-0.20236078330166918,1.0,0.17036688960110413,0.7102172939068101
31,3ab676842d5e,gap_down_reversal,"{""family"": ""gap_down_reversal"", ""gap_max"": -0.04, ""market_prev_return_max"": null, ""min_adv20"": 50000000.0, ""mom3_max"": -0.06, ""prev_return_max"": -0.015}",,0.08,2.5,7,False,18649.172614722953,0.8649172614722953,0.2319109000413302,1.0945977056312348,-0.16209075889313262,114,53,0.15139442231075698,7,False,-0.11979178982015405,12036.490813061471,0.20364908130614712,0.20276756316326638,1.4268775490620758,-0.05746589963563187,31,21,0.1225296442687747,7,False,-0.03191304182144246,15205.684762115563,0.5205684762115563,0.525675002233847,1.995425630209151,-0.038129090728610704,42,17,0.168,7,False,-0.02596243889078991,0.20699075778399156,1.803327594234974,-0.020666046810563055,29,0.27963438365036364,0.9258368138048996,-0.16209075889313296,57,0.20745157718147222,1.4485378281636452,-0.09605323303308899,28,0.20364908130614712,1.4268775490620758,-0.05746589963563187,31,0.5205684762115563,1.995425630209151,-0.038129090728610704,42,34132.29103627973,2.4132291036279727,0.27930083643470716,1.327059429070069,-0.16209075889313262,187,91,0.14888535031847133,7,False,-0.11979178982015405,-0.33227984343084094,1.0,0.20364908130614712,0.7089784946236559
32,3fb3e6fd7fd3,relative_weakness_reversal,"{""family"": ""relative_weakness_reversal"", ""gap_max"": -0.04, ""market_prev_return_max"": 0.0, ""min_adv20"": 20000000.0, ""mom3_max"": -0.06, ""prev_return_percentile_max"": 0.125}",,0.1,2.75,5,False,22252.756059725267,1.2252756059725267,0.30694085866143395,1.0886907134629755,-0.20540611674425835,75,35,0.099601593625498,5,False,-0.11163918186782813,12434.121713964303,0.24341217139643034,0.24234192487033424,1.3287496421752685,-0.04987839279894757,16,12,0.06324110671936758,5,False,-0.04914608440502139,17785.741555676923,0.7785741555676924,0.7867860499103403,2.027908308564378,-0.03998215589181642,29,13,0.116,5,False,-0.03998215589181646,0.27799203981897724,1.6304874170525383,-0.011527623176329382,17,0.4198466710016513,1.0660809089142147,-0.20540611674425835,38,0.22634936580635157,1.0154477530752817,-0.1537593772086866,20,0.24341217139643034,1.3287496421752685,-0.04987839279894757,16,0.7785741555676924,2.027908308564378,-0.03998215589181642,29,49211.986777155995,3.9211986777155996,0.37674969587814067,1.3190488390250468,-0.20540611674425835,120,60,0.09554140127388536,5,False,-0.11163918186782813,-0.24005892871229295,1.0,0.22634936580635157,0.7075
33,88ea55f398f3,gap_down_reversal,"{""family"": ""gap_down_reversal"", ""gap_max"": -0.04, ""market_prev_return_max"": null, ""min_adv20"": 50000000.0, ""mom3_max"": -0.06, ""prev_return_max"": -0.015}",,,2.25,7,False,21349.692882243577,1.1349692882243576,0.2889457823446404,1.0597652545968304,-0.18739264771489328,114,53,0.15139442231075698,7,False,-0.11033535501815653,12109.110491254069,0.21091104912540692,0.20999544410735016,1.4439191522288315,-0.051795121299513136,31,21,0.1225296442687747,7,False,-0.028721737639298216,16031.348076065966,0.6031348076065965,0.6091991854350427,1.7973038225519402,-0.034349550613337776,42,17,0.168,7,False,-0.02336619500171092,0.2015546445226606,1.7928567236318138,-0.018599442129506594,29,0.34013934704250115,0.9911780802626977,-0.15167412591669194,57,0.32586146093432977,1.106225902061904,-0.18739264771489328,28,0.21091104912540692,1.4439191522288315,-0.051795121299513136,31,0.6031348076065965,1.7973038225519402,-0.034349550613337776,42,41445.169271788356,3.1445169271788354,0.3301115940154291,1.2424206021103301,-0.18739264771489328,187,91,0.14888535031847133,7,False,-0.11033535501815653,-0.38415389763200114,1.0,0.2015546445226606,0.7073879928315413
34,4eb7508c4970,relative_weakness_reversal,"{""family"": ""relative_weakness_reversal"", ""gap_max"": -0.04, ""market_prev_return_max"": 0.0, ""min_adv20"": 50000000.0, ""mom3_max"": -0.06, ""prev_return_percentile_max"": 0.15}",,0.1,2.75,5,False,22411.52579054706,1.241152579054706,0.3100541332984017,1.0860853217104982,-0.17720248606916011,77,36,0.10225763612217796,5,False,-0.11163918186782813,12434.121713964303,0.24341217139643034,0.24234192487033424,1.3287496421752685,-0.04987839279894757,16,12,0.06324110671936758,5,False,-0.04914608440502139,17680.29970188215,0.7680299701882152,0.7761086914888853,2.024902329484645,-0.03998215589181642,31,14,0.124,5,False,-0.03998215589181646,0.27799203981897724,1.6304874170525383,-0.011527623176329382,17,0.3451270398164705,0.9219711554045152,-0.17720248606916011,38,0.30370692627392826,1.2662003839251192,-0.1463885600569833,22,0.24341217139643034,1.3287496421752685,-0.04987839279894757,16,0.7680299701882152,2.024902329484645,-0.03998215589181642,31,49269.27383139562,3.926927383139562,0.3770710985740049,1.313102892678829,-0.17720248606916011,124,62,0.09872611464968153,5,False,-0.11163918186782813,-0.24266432046477027,1.0,0.24341217139643034,0.7069086021505376
35,9654c0e2efca,relative_weakness_reversal,"{""family"": ""relative_weakness_reversal"", ""gap_max"": -0.04, ""market_prev_return_max"": 0.0, ""min_adv20"": 100000000.0, ""mom3_max"": -0.06, ""prev_return_percentile_max"": 0.125}",,0.1,2.75,5,False,21865.663135942024,1.1865663135942026,0.299288006898335,1.0955315751764312,-0.1623323891378049,70,33,0.09296148738379814,5,False,-0.11163918186782813,12434.121713964303,0.24341217139643034,0.24234192487033424,1.3287496421752685,-0.04987839279894757,16,12,0.06324110671936758,5,False,-0.04914608440502139,16948.061473328074,0.6948061473328075,0.7019742722876035,1.987906230901425,-0.03998215589181642,28,13,0.112,5,False,-0.03998215589181646,0.2671234030200107,1.5778599420441608,-0.011527623176329271,16,0.4613094418798256,1.140796271818964,-0.162332389137805,35,0.18086853447537976,0.9654581155587638,-0.1537593772086866,19,0.24341217139643034,1.3287496421752685,-0.04987839279894757,16,0.6948061473328075,1.987906230901425,-0.03998215589181642,28,46078.443223252616,3.6078443223252616,0.35869560203462125,1.3120415715907399,-0.1623323891378049,114,58,0.09076433121019108,5,False,-0.11163918186782813,-0.2332180669988373,1.0,0.18086853447537976,0.7063306451612903
36,b589ede4382e,relative_weakness_reversal,"{""family"": ""relative_weakness_reversal"", ""gap_max"": -0.04, ""market_prev_return_max"": 0.0, ""min_adv20"": 20000000.0, ""mom3_max"": -0.06, ""prev_return_percentile_max"": 0.1}",,0.1,2.75,5,False,21405.17587456002,1.140517587456002,0.29006582193777497,1.0883426591125216,-0.18398270376730563,71,34,0.09428950863213811,5,False,-0.11163918186782813,12434.121713964303,0.24341217139643034,0.24234192487033424,1.3287496421752685,-0.04987839279894757,16,12,0.06324110671936758,5,False,-0.04914608440502139,16948.061473328074,0.6948061473328075,0.7019742722876035,1.987906230901425,-0.03998215589181642,28,13,0.112,5,False,-0.03998215589181646,0.27799203981897724,1.6304874170525383,-0.011527623176329382,17,0.36576645275435316,1.0243300860954243,-0.18398270376730563,34,0.22634936580635157,1.0154477530752817,-0.1537593772086866,20,0.24341217139643034,1.3287496421752685,-0.04987839279894757,16,0.6948061473328075,1.987906230901425,-0.03998215589181642,28,45108.038804383505,3.510803880438351,0.35290565264256424,1.311475183249835,-0.18398270376730563,115,59,0.09156050955414012,5,False,-0.11163918186782813,-0.24040698306274688,1.0,0.22634936580635157,0.706326164874552
37,3fb3e6fd7fd3,relative_weakness_reversal,"{""family"": ""relative_weakness_reversal"", ""gap_max"": -0.04, ""market_prev_return_max"": 0.0, ""min_adv20"": 20000000.0, ""mom3_max"": -0.06, ""prev_return_percentile_max"": 0.125}",,0.1,2.5,5,False,20863.992341257068,1.086399234125707,0.27905721377554116,1.0886907134629757,-0.1879005644729852,75,35,0.099601593625498,5,False,-0.10149016533438919,12204.59674619442,0.22045967461944205,0.2194989888271046,1.3287496421752687,-0.04539285237669788,16,12,0.06324110671936758,5,False,-0.044678258550019445,16933.382065271497,0.6933382065271496,0.7004883348305633,2.027908308564378,-0.036347414447105875,29,13,0.116,5,False,-0.036347414447105875,0.2509427859878639,1.6304874170525379,-0.010479657433026812,17,0.3827232375926011,1.0660809089142147,-0.18790056447298542,38,0.20621494803942841,1.0154477530752817,-0.1402191575959708,20,0.22045967461944205,1.3287496421752687,-0.04539285237669788,16,0.6933382065271496,2.027908308564378,-0.036347414447105875,29,43118.590564253966,3.311859056425397,0.3407171236521218,1.319048839025047,-0.1879005644729852,120,60,0.09554140127388536,5,False,-0.10149016533438919,-0.24005892871229295,1.0,0.20621494803942841,0.7057325268817204
38,eca474687407,relative_weakness_reversal,"{""family"": ""relative_weakness_reversal"", ""gap_max"": -0.04, ""market_prev_return_max"": 0.0, ""min_adv20"": 100000000.0, ""mom3_max"": -0.06, ""prev_return_percentile_max"": 0.1}",,0.1,3.0,7,False,19473.112786852387,0.9473112786852387,0.24986422128107177,1.0675597285371836,-0.1456600714969093,73,32,0.09694555112881806,7,False,-0.12417358397278476,12134.156525631322,0.21341565256313233,0.21248825142594385,1.3357398056273495,-0.03896798643281307,18,12,0.07114624505928854,7,False,-0.03829565018573095,14637.379759579988,0.4637379759579987,0.468206178236926,1.6436385606057502,-0.031154926668947924,32,13,0.128,7,False,-0.031154926668947893,0.23708999938945152,1.75298418222213,-0.008982563514022934,18,0.3543091123562292,1.0256734903199662,-0.1456600714969093,37,0.16229476727172631,1.0763108622146895,-0.120724060292147,18,0.21341565256313233,1.3357398056273495,-0.03896798643281307,18,0.4637379759579987,1.6436385606057502,-0.031154926668947924,32,34586.63515378078,2.458663515378078,0.28269947278209195,1.2214440867189416,-0.1456600714969093,123,57,0.09792993630573249,7,False,-0.12417358397278476,-0.2681800770901659,1.0,0.16229476727172631,0.705497311827957
39,be957829cf82,relative_weakness_reversal,"{""family"": ""relative_weakness_reversal"", ""gap_max"": -0.04, ""market_prev_return_max"": 0.0, ""min_adv20"": 50000000.0, ""mom3_max"": -0.06, ""prev_return_percentile_max"": 0.1}",,0.1,2.0,5,False,18162.538053622167,0.8162538053622168,0.22105821843962703,1.137690216683601,-0.113796414905879,70,34,0.09296148738379814,5,False,-0.08119213226751136,11750.12220864283,0.17501222086428303,0.1742634308370501,1.3287496421752687,-0.036392456178332644,16,12,0.06324110671936758,5,False,-0.03574260684001555,14777.99892516859,0.47779989251685895,0.48242440351808047,1.9879062309014255,-0.029077931557684566,28,13,0.112,5,False,-0.0290779315576847,0.19792941646084294,1.6304874170525376,-0.008383725946421228,17,0.30080098410271994,1.1275450752808325,-0.11379641490587922,33,0.16555950622521398,1.0154477530752812,-0.11287597501769497,20,0.17501222086428303,1.3287496421752687,-0.036392456178332644,16,0.47779989251685895,1.9879062309014255,-0.029077931557684566,28,31538.0292358751,2.15380292358751,0.25917078665732607,1.3432553319513216,-0.113796414905879,114,59,0.09076433121019108,5,False,-0.08119213226751136,-0.19105942549166777,1.0,0.16555950622521398,0.7054278673835126
40,be957829cf82,relative_weakness_reversal,"{""family"": ""relative_weakness_reversal"", ""gap_max"": -0.04, ""market_prev_return_max"": 0.0, ""min_adv20"": 50000000.0, ""mom3_max"": -0.06, ""prev_return_percentile_max"": 0.1}",,0.1,2.75,7,False,18936.555932758933,0.8936555932758932,0.23823172395432146,1.082688893756958,-0.14470929061783744,78,34,0.10358565737051793,7,False,-0.11382578530838604,11949.947249349165,0.19499472493491643,0.19415360418951955,1.3357398056273493,-0.03574807505427269,18,12,0.07114624505928854,7,False,-0.03510434600358671,14207.748782166167,0.42077487821661674,0.4247723277519351,1.6436385606057498,-0.02855868277986895,32,13,0.128,7,False,-0.0285586827798689,0.22346869502775757,1.8042835659964136,-0.00823401655452094,19,0.3312618605416453,1.0416576122758334,-0.14470929061783755,39,0.16263834793052268,1.0154477530752812,-0.11090948527471345,20,0.19499472493491643,1.3357398056273493,-0.03574807505427269,18,0.42077487821661674,1.6436385606057498,-0.02855868277986895,32,32150.834700877112,2.2150834700877113,0.26404199571249,1.2280885093596832,-0.14470929061783744,128,59,0.10191082802547771,7,False,-0.11382578530838604,-0.2530509118703912,1.0,0.16263834793052268,0.704733422939068
41,b589ede4382e,relative_weakness_reversal,"{""family"": ""relative_weakness_reversal"", ""gap_max"": -0.04, ""market_prev_return_max"": 0.0, ""min_adv20"": 20000000.0, ""mom3_max"": -0.06, ""prev_return_percentile_max"": 0.1}",,0.1,2.5,5,False,20124.333665307317,1.0124333665307317,0.26369961084879456,1.0883426591125218,-0.16807893283399378,71,34,0.09428950863213811,5,False,-0.10149016533438919,12204.59674619442,0.22045967461944205,0.2194989888271046,1.3287496421752687,-0.04539285237669788,16,12,0.06324110671936758,5,False,-0.044678258550019445,16199.93606578652,0.619993606578652,0.6262578539233794,1.987906230901425,-0.036347414447105875,28,13,0.112,5,False,-0.036347414447105875,0.2509427859878639,1.6304874170525379,-0.010479657433026812,17,0.3337037008522483,1.0243300860954248,-0.168078932833994,34,0.20621494803942841,1.0154477530752817,-0.1402191575959708,20,0.22045967461944205,1.3287496421752687,-0.04539285237669788,16,0.619993606578652,1.987906230901425,-0.036347414447105875,28,39788.562073268826,2.9788562073268827,0.31926992021757594,1.311475183249835,-0.16807893283399378,115,59,0.09156050955414012,5,False,-0.10149016533438919,-0.24040698306274688,1.0,0.20621494803942841,0.7043570788530465
42,f8bee66f0432,relative_weakness_reversal,"{""family"": ""relative_weakness_reversal"", ""gap_max"": -0.04, ""market_prev_return_max"": 0.0, ""min_adv20"": 50000000.0, ""mom3_max"": -0.06, ""prev_return_percentile_max"": 0.125}",,0.1,2.0,5,False,18719.171657394687,0.8719171657394686,0.23345642454988957,1.1350076643811997,-0.13063053036101813,74,35,0.09827357237715803,5,False,-0.08119213226751136,11750.12220864283,0.17501222086428303,0.1742634308370501,1.3287496421752687,-0.036392456178332644,16,12,0.06324110671936758,5,False,-0.03574260684001555,15321.518136890523,0.5321518136890524,0.5373905740223339,2.027908308564378,-0.029077931557684566,29,13,0.116,5,False,-0.0290779315576847,0.19792941646084294,1.6304874170525376,-0.008383725946421228,17,0.3406670830716112,1.1603647585132821,-0.13063053036101824,37,0.16555950622521398,1.0154477530752812,-0.11287597501769497,20,0.17501222086428303,1.3287496421752687,-0.036392456178332644,16,0.5321518136890524,2.027908308564378,-0.029077931557684566,29,33700.070548496566,2.3700070548496566,0.27603395958685106,1.3489013816507345,-0.13063053036101813,119,60,0.09474522292993631,5,False,-0.08119213226751136,-0.193741977794069,1.0,0.16555950622521398,0.7043570788530465
43,4eb7508c4970,relative_weakness_reversal,"{""family"": ""relative_weakness_reversal"", ""gap_max"": -0.04, ""market_prev_return_max"": 0.0, ""min_adv20"": 50000000.0, ""mom3_max"": -0.06, ""prev_return_percentile_max"": 0.15}",,0.1,2.5,5,False,21005.258472172827,1.1005258472172827,0.28194896224546406,1.086085321710498,-0.16182454126019818,77,36,0.10225763612217796,5,False,-0.10149016533438919,12204.59674619442,0.22045967461944205,0.2194989888271046,1.3287496421752687,-0.04539285237669788,16,12,0.06324110671936758,5,False,-0.044678258550019445,16841.016977036597,0.6841016977036598,0.6911388250915536,2.0249023294846444,-0.036347414447105875,31,14,0.124,5,False,-0.036347414447105875,0.2509427859878639,1.6304874170525379,-0.010479657433026812,17,0.31668072219202203,0.9219711554045158,-0.16182454126019818,38,0.2752933820803847,1.266200383925119,-0.13344192098438934,22,0.22045967461944205,1.3287496421752687,-0.04539285237669788,16,0.6841016977036598,2.0249023294846444,-0.036347414447105875,31,43173.75055923656,3.317375055923656,0.34106106610088105,1.313102892678829,-0.16182454126019818,124,62,0.09872611464968153,5,False,-0.10149016533438919,-0.2426643204647707,1.0,0.22045967461944205,0.7042943548387096
44,6335ea5e30c2,gap_down_reversal,"{""family"": ""gap_down_reversal"", ""gap_max"": -0.04, ""market_prev_return_max"": null, ""min_adv20"": 50000000.0, ""mom3_max"": -0.06, ""prev_return_max"": -0.015}",,0.06,2.25,7,False,16443.46110384618,0.644346110384618,0.18109434114050726,1.0800033420165098,-0.14645474561940208,114,53,0.15139442231075698,7,False,-0.10781261083813864,11850.983468048007,0.18509834680480064,0.18430311874246907,1.485599542476955,-0.050826231241469455,31,21,0.1225296442687747,7,False,-0.028721737639298216,14213.773866217958,0.4213773866217958,0.42538136601846266,2.0293390363918613,-0.034349550613337776,42,17,0.168,7,False,-0.02336619500171092,0.18736718699784793,1.9157708892619456,-0.018599442129506594,29,0.17956176257872625,0.80272834671972,-0.14645474561940175,57,0.17405247017485426,1.31662738385934,-0.08661386414687655,28,0.18509834680480064,1.485599542476955,-0.050826231241469455,31,0.4213773866217958,2.0293390363918613,-0.034349550613337776,42,27698.5496656979,1.76985496656979,0.2267984698958858,1.343815461310476,-0.14645474561940208,187,91,0.14888535031847133,7,False,-0.10781261083813864,-0.4055962004604452,1.0,0.17405247017485426,0.7040994623655914
45,9654c0e2efca,relative_weakness_reversal,"{""family"": ""relative_weakness_reversal"", ""gap_max"": -0.04, ""market_prev_return_max"": 0.0, ""min_adv20"": 100000000.0, ""mom3_max"": -0.06, ""prev_return_percentile_max"": 0.125}",,0.1,2.5,5,False,20523.63017337457,1.052363017337457,0.2720360130294299,1.0955315751764312,-0.1480762051957647,70,33,0.09296148738379814,5,False,-0.10149016533438919,12204.59674619442,0.22045967461944205,0.2194989888271046,1.3287496421752687,-0.04539285237669788,16,12,0.06324110671936758,5,False,-0.044678258550019445,16199.93606578652,0.619993606578652,0.6262578539233794,1.987906230901425,-0.036347414447105875,28,13,0.112,5,False,-0.036347414447105875,0.24126385069756595,1.577859942044161,-0.01047965743302659,16,0.41934482569754605,1.1407962718189641,-0.1480762051957647,35,0.1649362341984244,0.9654581155587638,-0.14021915759597092,19,0.22045967461944205,1.3287496421752687,-0.04539285237669788,16,0.619993606578652,1.987906230901425,-0.036347414447105875,28,40578.0259214191,3.0578025921419103,0.3244806854869573,1.31204157159074,-0.1480762051957647,114,58,0.09076433121019108,5,False,-0.10149016533438919,-0.23321806699883751,1.0,0.1649362341984244,0.7021975806451612
46,f8bee66f0432,relative_weakness_reversal,"{""family"": ""relative_weakness_reversal"", ""gap_max"": -0.04, ""market_prev_return_max"": 0.0, ""min_adv20"": 50000000.0, ""mom3_max"": -0.06, ""prev_return_percentile_max"": 0.125}",,0.1,3.0,7,False,20223.748715481302,1.0223748715481302,0.2657853869651048,1.0642352740072674,-0.1746421896709781,83,35,0.1102257636122178,7,False,-0.12417358397278476,12134.156525631322,0.21341565256313233,0.21248825142594385,1.3357398056273495,-0.03896798643281307,18,12,0.07114624505928854,7,False,-0.03829565018573095,15211.6471262735,0.52116471262735,0.5262780278465027,1.7115612123576074,-0.031154926668947924,33,13,0.132,7,False,-0.031154926668947893,0.24535833288493492,1.8042835659964134,-0.008982563514023045,19,0.40469151250561053,1.0879733111424488,-0.17464218967097822,43,0.1560759619486558,0.9058355305244737,-0.120724060292147,21,0.21341565256313233,1.3357398056273495,-0.03896798643281307,18,0.52116471262735,1.7115612123576074,-0.031154926668947924,33,37329.09796255933,2.732909796255933,0.30248838927886235,1.2293277127730826,-0.1746421896709781,134,60,0.10668789808917198,7,False,-0.12417358397278476,-0.27150453162008215,1.0,0.1560759619486558,0.7012589605734767
47,b9ef33ec7968,gap_down_reversal,"{""family"": ""gap_down_reversal"", ""gap_max"": -0.04, ""market_prev_return_max"": null, ""min_adv20"": 50000000.0, ""mom3_max"": -0.06, ""prev_return_max"": -0.015}",,0.07,3.0,5,False,21703.15624387007,1.170315624387007,0.2960483650599386,1.050273849802654,-0.25963040753897015,103,53,0.13678618857901725,5,False,-0.1790439752070309,13047.58305828956,0.304758305828956,0.3033871337078815,1.4632009723749617,-0.09558040913016552,29,21,0.11462450592885376,5,False,-0.05361391026002334,18120.11174482893,0.8120111744828931,0.8206487134303002,1.9574353913681148,-0.06363339303948079,37,17,0.148,5,False,-0.04361689733652705,0.34455267172588977,1.7620272097698058,-0.03471895864174579,27,0.23458795808389077,0.7169537156781387,-0.2596304075389704,50,0.30744383121047103,1.3455527818723916,-0.15926291676124182,26,0.304758305828956,1.4632009723749617,-0.09558040913016552,29,0.8120111744828931,1.9574353913681148,-0.06363339303948079,37,51311.396981874495,4.131139698187449,0.3883377519765663,1.309198990109525,-0.25963040753897015,169,91,0.13455414012738853,5,False,-0.1790439752070309,-0.4129271225723077,1.0,0.23458795808389077,0.7012567204301076
48,3ab676842d5e,gap_down_reversal,"{""family"": ""gap_down_reversal"", ""gap_max"": -0.04, ""market_prev_return_max"": null, ""min_adv20"": 50000000.0, ""mom3_max"": -0.06, ""prev_return_max"": -0.015}",,0.08,1.75,5,False,17257.049926693537,0.7257049926693537,0.20033798169037365,1.1110110924848438,-0.14663019851483017,103,53,0.13678618857901725,5,False,-0.10444231887076802,11767.906163142561,0.17679061631425608,0.17603366294020462,1.4334240879131621,-0.05633309173067369,29,21,0.11462450592885376,5,False,-0.031274780985013614,14100.660080094269,0.41006600800942694,0.4139477425670568,1.837252195569914,-0.037373775783801855,37,17,0.148,5,False,-0.025443190112974114,0.19357803945909202,1.7365276213992296,-0.020252725874351785,27,0.18095781578961234,0.7790818977171572,-0.1466301985148305,50,0.2242816810072683,1.5143913486617382,-0.09416830955659483,26,0.17679061631425608,1.4334240879131621,-0.05633309173067369,29,0.41006600800942694,1.837252195569914,-0.037373775783801855,37,28635.528017115987,1.8635528017115988,0.23501451411531082,1.3084448314845998,-0.14663019851483017,169,91,0.13455414012738853,5,False,-0.10444231887076802,-0.32241299542831836,1.0,0.17679061631425608,0.7005062724014338
49,19d502c0e628,gap_down_reversal,"{""family"": ""gap_down_reversal"", ""gap_max"": -0.04, ""market_prev_return_max"": null, ""min_adv20"": 20000000.0, ""mom3_max"": -0.06, ""prev_return_max"": -0.015}",,0.08,3.0,5,False,23236.895225871238,1.3236895225871237,0.3260065181122207,1.065315299365325,-0.26459306280273776,104,53,0.13811420982735723,5,False,-0.1790439752070309,13113.299450819814,0.3113299450819813,0.309925854278406,1.4334240879131617,-0.09558040913016541,29,21,0.11462450592885376,5,False,-0.05361391026002334,17660.741619006607,0.7660741619006608,0.7741282372641578,1.837252195569914,-0.06363339303948079,37,17,0.148,5,False,-0.04361689733652705,0.34610772656528455,1.7365276213992298,-0.03471895864174579,27,0.23474275362203478,0.6892583363872147,-0.26459306280273776,51,0.398047079539134,1.514391348661738,-0.1592629167612417,26,0.3113299450819813,1.4334240879131617,-0.09558040913016541,29,0.7660741619006608,1.837252195569914,-0.06363339303948079,37,53814.46353519462,4.381446353519462,0.4016685980064303,1.2792538142971346,-0.26459306280273776,170,91,0.13535031847133758,5,False,-0.1790439752070309,-0.3681087885478367,1.0,0.23474275362203478,0.700421146953405
50,19d502c0e628,gap_down_reversal,"{""family"": ""gap_down_reversal"", ""gap_max"": -0.04, ""market_prev_return_max"": null, ""min_adv20"": 20000000.0, ""mom3_max"": -0.06, ""prev_return_max"": -0.015}",,0.08,2.75,5,False,21875.987756519156,1.1875987756519155,0.2994932904887191,1.065315299365325,-0.24396004150983797,104,53,0.13811420982735723,5,False,-0.16412364393977832,12839.07985811802,0.2839079858118021,0.28264039231910987,1.4334240879131623,-0.0877969860012856,29,21,0.11462450592885376,5,False,-0.04914608440502139,16904.009646155406,0.6904009646155407,0.6975151138873725,1.8372521955699133,-0.0584105206763571,37,17,0.148,5,False,-0.03998215589181646,0.31462426720450987,1.7365276213992296,-0.03182571208826701,27,0.22133227427016555,0.6892583363872148,-0.24396004150983785,51,0.36248645383636435,1.514391348661738,-0.1463885600569833,26,0.2839079858118021,1.4334240879131623,-0.0877969860012856,29,0.6904009646155407,1.8372521955699133,-0.0584105206763571,37,47477.87838408829,3.7477878384088292,0.3668760906502,1.2792538142971346,-0.24396004150983797,170,91,0.13535031847133758,5,False,-0.16412364393977832,-0.36810878854783735,1.0,0.22133227427016555,0.7003270609318997
51,b9ef33ec7968,gap_down_reversal,"{""family"": ""gap_down_reversal"", ""gap_max"": -0.04, ""market_prev_return_max"": null, ""min_adv20"": 50000000.0, ""mom3_max"": -0.06, ""prev_return_max"": -0.015}",,0.07,2.75,5,False,20524.317004660963,1.0524317004660961,0.27205025913066505,1.0502738498026543,-0.23825398562924038,103,53,0.13678618857901725,5,False,-0.16412364393977832,12778.786572642884,0.2778786572642884,0.2766407685272836,1.463200972374962,-0.0877969860012856,29,21,0.11462450592885376,5,False,-0.04914608440502139,17304.361667361296,0.7304361667361297,0.7380442454552607,1.9574353913681148,-0.0584105206763571,37,17,0.148,5,False,-0.03998215589181646,0.3131845573102372,1.7620272097698062,-0.0318257120882669,27,0.22021875773378796,0.7169537156781388,-0.23825398562924027,50,0.280870578568019,1.345552781872391,-0.1463885600569832,26,0.2778786572642884,1.463200972374962,-0.0877969860012856,29,0.7304361667361297,1.9574353913681148,-0.0584105206763571,37,45385.16451433411,3.538516451433411,0.3545692089075856,1.309198990109525,-0.23825398562924038,169,91,0.13455414012738853,5,False,-0.16412364393977832,-0.4129271225723077,1.0,0.22021875773378796,0.6999260752688172
52,3ab676842d5e,gap_down_reversal,"{""family"": ""gap_down_reversal"", ""gap_max"": -0.04, ""market_prev_return_max"": null, ""min_adv20"": 50000000.0, ""mom3_max"": -0.06, ""prev_return_max"": -0.015}",,0.08,2.25,7,False,17616.95289173305,0.7616952891733051,0.20865828214054694,1.0945977056312346,-0.14645474561940175,114,53,0.15139442231075698,7,False,-0.10781261083813864,11824.604957990348,0.18246049579903478,0.18167744552859832,1.4268775490620753,-0.051795121299513025,31,21,0.1225296442687747,7,False,-0.028721737639298216,14610.168235517225,0.46101682355172247,0.4654549040485334,1.995425630209151,-0.03434955061333789,42,17,0.168,7,False,-0.02336619500171092,0.18507215919638997,1.8033275942349738,-0.018599442129506594,29,0.25354653735024546,0.9258368138048996,-0.14645474561940197,57,0.185893083271633,1.448537828163645,-0.08661386414687655,28,0.18246049579903478,1.4268775490620753,-0.051795121299513025,31,0.46101682355172247,1.995425630209151,-0.03434955061333789,42,30434.95405036662,2.043495405036662,0.25020839482233903,1.3270594290700686,-0.14645474561940175,187,91,0.14888535031847133,7,False,-0.10781261083813864,-0.3322798434308407,1.0,0.18246049579903478,0.6988485663082438
53,eca474687407,relative_weakness_reversal,"{""family"": ""relative_weakness_reversal"", ""gap_max"": -0.04, ""market_prev_return_max"": 0.0, ""min_adv20"": 100000000.0, ""mom3_max"": -0.06, ""prev_return_percentile_max"": 0.1}",,0.1,2.0,5,False,17756.825326613336,0.7756825326613337,0.21186135539697526,1.1263888588735993,-0.11287597501769486,65,32,0.08632138114209828,5,False,-0.08119213226751136,11750.12220864283,0.17501222086428303,0.1742634308370501,1.3287496421752687,-0.036392456178332644,16,12,0.06324110671936758,5,False,-0.03574260684001555,14777.99892516859,0.47779989251685895,0.48242440351808047,1.9879062309014255,-0.029077931557684566,28,13,0.112,5,False,-0.0290779315576847,0.1905029208116087,1.5778599420441612,-0.00838372594642156,16,0.29528375312948363,1.1058223576070985,-0.10220553782694597,31,0.15151590033408135,1.0763108622146895,-0.11287597501769497,18,0.17501222086428303,1.3287496421752687,-0.036392456178332644,16,0.47779989251685895,1.9879062309014255,-0.029077931557684566,28,30833.53629507604,2.083353629507604,0.2534763583079409,1.340968186485431,-0.11287597501769486,109,57,0.08678343949044585,5,False,-0.08119213226751136,-0.2023607833016694,1.0,0.15151590033408135,0.698187724014337
54,3fb3e6fd7fd3,relative_weakness_reversal,"{""family"": ""relative_weakness_reversal"", ""gap_max"": -0.04, ""market_prev_return_max"": 0.0, ""min_adv20"": 20000000.0, ""mom3_max"": -0.06, ""prev_return_percentile_max"": 0.125}",,0.1,2.25,5,False,19531.358638161008,0.9531358638161007,0.2511140956959421,1.088690713462976,-0.1701645342431667,75,35,0.099601593625498,5,False,-0.09134114880095028,11976.5805272417,0.19765805272417003,0.19680452609734167,1.3287496421752687,-0.04089754016982605,16,12,0.06324110671936758,5,False,-0.0402104326950175,16112.236024487736,0.6112236024487736,0.6173836988214774,2.0279083085643785,-0.03271267300239533,29,13,0.116,5,False,-0.03271267300239529,0.2242560296988323,1.6304874170525379,-0.009431691689724242,17,0.34522568180755586,1.0660809089142147,-0.1701645342431667,38,0.18594637820896787,1.0154477530752817,-0.12659135686564027,20,0.19765805272417003,1.3287496421752687,-0.04089754016982605,16,0.6112236024487736,2.0279083085643785,-0.03271267300239533,29,37689.56358796117,2.7689563587961175,0.30500219321757993,1.3190488390250468,-0.1701645342431667,120,60,0.09554140127388536,5,False,-0.09134114880095028,-0.24005892871229273,1.0,0.18594637820896787,0.6970721326164875
55,19d502c0e628,gap_down_reversal,"{""family"": ""gap_down_reversal"", ""gap_max"": -0.04, ""market_prev_return_max"": null, ""min_adv20"": 20000000.0, ""mom3_max"": -0.06, ""prev_return_max"": -0.015}",,0.08,2.5,5,False,20558.639236014904,1.0558639236014904,0.272761759596853,1.065315299365325,-0.2230924480474069,104,53,0.13811420982735723,5,False,-0.14920331267252573,12567.374972976975,0.25673749729769746,0.25560287741679644,1.433424087913162,-0.07998054269689625,29,21,0.11462450592885376,5,False,-0.044678258550019445,16169.989215531128,0.6169989215531129,0.6232275612471299,1.8372521955699135,-0.05317312431973131,37,17,0.148,5,False,-0.036347414447105875,0.2836331667088354,1.7365276213992293,-0.02893246553478812,27,0.20664578330624672,0.6892583363872152,-0.2230924480474068,51,0.3273138804808575,1.5143913486617382,-0.13344192098438945,26,0.25673749729769746,1.433424087913162,-0.07998054269689625,29,0.6169989215531129,1.8372521955699135,-0.05317312431973131,37,41778.09846843699,3.177809846843699,0.33224850799301,1.2792538142971346,-0.2230924480474069,170,91,0.13535031847133758,5,False,-0.14920331267252573,-0.3681087885478369,1.0,0.20664578330624672,0.6960439068100359
56,b9ef33ec7968,gap_down_reversal,"{""family"": ""gap_down_reversal"", ""gap_max"": -0.04, ""market_prev_return_max"": null, ""min_adv20"": 50000000.0, ""mom3_max"": -0.06, ""prev_return_max"": -0.015}",,0.07,2.5,5,False,19379.17291825504,0.9379172918255041,0.2478431517883739,1.0502738498026543,-0.21676151625768159,103,53,0.13678618857901725,5,False,-0.14920331267252573,12512.530062993565,0.25125300629935654,0.25014494909703,1.4632009723749617,-0.07998054269689625,29,21,0.11462450592885376,5,False,-0.044678258550019445,16515.720103361007,0.6515720103361007,0.6582144458537731,1.9574353913681146,-0.053173124319731424,37,17,0.148,5,False,-0.036347414447105875,0.28231190155738073,1.7620272097698058,-0.028932465534788232,27,0.20475062121388388,0.7169537156781388,-0.2167615162576817,50,0.2544241484834804,1.345552781872391,-0.13344192098438945,26,0.25125300629935654,1.4632009723749617,-0.07998054269689625,29,0.6515720103361007,1.9574353913681146,-0.053173124319731424,37,40047.72831345236,3.004772831345236,0.32098955830320186,1.309198990109525,-0.21676151625768159,169,91,0.13455414012738853,5,False,-0.14920331267252573,-0.41292712257230746,1.0,0.20475062121388388,0.6959520609318997
57,4eb7508c4970,relative_weakness_reversal,"{""family"": ""relative_weakness_reversal"", ""gap_max"": -0.04, ""market_prev_return_max"": 0.0, ""min_adv20"": 50000000.0, ""mom3_max"": -0.06, ""prev_return_percentile_max"": 0.15}",,0.1,2.25,5,False,19655.346924843656,0.9655346924843655,0.2537664759179905,1.0860853217104982,-0.14630059526561467,77,36,0.10225763612217796,5,False,-0.09134114880095028,11976.5805272417,0.19765805272417003,0.19680452609734167,1.3287496421752687,-0.04089754016982605,16,12,0.06324110671936758,5,False,-0.0402104326950175,16032.180581280449,0.6032180581280449,0.609283419419659,2.024902329484644,-0.03271267300239533,31,14,0.124,5,False,-0.03271267300239529,0.2242560296988323,1.6304874170525379,-0.009431691689724242,17,0.28749316966476335,0.9219711554045155,-0.14630059526561456,38,0.2469916008716253,1.2662003839251192,-0.12042299954345981,22,0.19765805272417003,1.3287496421752687,-0.04089754016982605,16,0.6032180581280449,2.024902329484644,-0.03271267300239533,31,37740.369563555556,2.774036956355556,0.3053549553574053,1.3131028926788286,-0.14630059526561467,124,62,0.09872611464968153,5,False,-0.09134114880095028,-0.2426643204647705,1.0,0.19765805272417003,0.6958355734767026
58,b589ede4382e,relative_weakness_reversal,"{""family"": ""relative_weakness_reversal"", ""gap_max"": -0.04, ""market_prev_return_max"": 0.0, ""min_adv20"": 20000000.0, ""mom3_max"": -0.06, ""prev_return_percentile_max"": 0.1}",,0.1,2.25,5,False,18893.28579558547,0.889328579558547,0.23728412365035423,1.0883426591125223,-0.15201161667126606,71,34,0.09428950863213811,5,False,-0.09134114880095028,11976.5805272417,0.19765805272417003,0.19680452609734167,1.3287496421752687,-0.04089754016982605,16,12,0.06324110671936758,5,False,-0.0402104326950175,15476.770253061977,0.5476770253061978,0.5530941304262493,1.9879062309014255,-0.03271267300239533,28,13,0.112,5,False,-0.03271267300239529,0.2242560296988323,1.6304874170525379,-0.009431691689724242,17,0.3012783051504353,1.0243300860954248,-0.15201161667126595,34,0.18594637820896787,1.0154477530752817,-0.12659135686564027,20,0.19765805272417003,1.3287496421752687,-0.04089754016982605,16,0.5476770253061978,1.9879062309014255,-0.03271267300239533,28,35020.36504213043,2.502036504213043,0.28591077322592495,1.3114751832498346,-0.15201161667126606,115,59,0.09156050955414012,5,False,-0.09134114880095028,-0.24040698306274644,1.0,0.18594637820896787,0.6957683691756273
59,19d502c0e628,gap_down_reversal,"{""family"": ""gap_down_reversal"", ""gap_max"": -0.04, ""market_prev_return_max"": null, ""min_adv20"": 20000000.0, ""mom3_max"": -0.06, ""prev_return_max"": -0.015}",,0.08,3.0,7,False,20273.240845185122,1.0273240845185123,0.2668212131685257,1.0555936197026128,-0.2075032848647521,115,53,0.15272244355909695,7,False,-0.14375014778418485,12465.547929029066,0.2465547929029066,0.24546941507145248,1.4268775490620753,-0.06875691522290617,31,21,0.1225296442687747,7,False,-0.03829565018573095,16450.818839152307,0.6450818839152308,0.651646190428165,1.995425630209151,-0.04566593176806044,42,17,0.168,7,False,-0.031154926668947893,0.25166386706005484,1.803327594234974,-0.024799256172675643,29,0.294665406501599,0.8526591564427707,-0.207503284864752,58,0.25105937234342823,1.4485378281636452,-0.11482133452744869,28,0.2465547929029066,1.4268775490620753,-0.06875691522290617,31,0.6450818839152308,1.995425630209151,-0.04566593176806044,42,41574.024964825054,3.157402496482505,0.3309402793895908,1.3017606199310319,-0.2075032848647521,188,91,0.14968152866242038,7,False,-0.14375014778418485,-0.37128392935946253,1.0,0.2465547929029066,0.6950224014336918
60,88ea55f398f3,gap_down_reversal,"{""family"": ""gap_down_reversal"", ""gap_max"": -0.04, ""market_prev_return_max"": null, ""min_adv20"": 50000000.0, ""mom3_max"": -0.06, ""prev_return_max"": -0.015}",,,2.0,7,False,19806.669111932828,0.9806669111932829,0.2569885471395723,1.0597652545968304,-0.1676481486935142,114,53,0.15139442231075698,7,False,-0.09807587112725025,11864.72331211144,0.18647233121114404,0.18567075091724328,1.4439191522288315,-0.04610749593507357,31,21,0.1225296442687747,7,False,-0.02553043345715397,15261.995111056776,0.5261995111056776,0.5313702316595503,1.7973038225519402,-0.03056259668096284,42,17,0.168,7,False,-0.02076995111263193,0.1778933512943035,1.792856723631814,-0.016532837448450355,29,0.3038202248040591,0.9911780802626975,-0.13537318614799254,57,0.2896972163527527,1.106225902061905,-0.1676481486935142,28,0.18647233121114404,1.4439191522288315,-0.04610749593507357,31,0.5261995111056776,1.7973038225519402,-0.03056259668096284,42,35865.78752281455,2.5865787522814547,0.29207990995113775,1.2424206021103303,-0.1676481486935142,187,91,0.14888535031847133,7,False,-0.09807587112725025,-0.38415389763200114,1.0,0.1778933512943035,0.6942786738351255
61,88ea55f398f3,gap_down_reversal,"{""family"": ""gap_down_reversal"", ""gap_max"": -0.04, ""market_prev_return_max"": null, ""min_adv20"": 50000000.0, ""mom3_max"": -0.06, ""prev_return_max"": -0.015}",,,2.5,5,False,25720.305487460326,1.5720305487460324,0.371840319307011,1.0357481092266678,-0.28217168832756134,103,53,0.13678618857901725,5,False,-0.17163277447268793,13028.747231610785,0.30287472316107844,0.3015129623165873,1.4592514088546773,-0.07998054269689603,29,21,0.11462450592885376,5,False,-0.044678258550019445,18228.89570244234,0.822889570244234,0.8316666706573939,1.6781751554326303,-0.053173124319731424,37,17,0.148,5,False,-0.036347414447105875,0.31066024086546973,1.731136817438743,-0.028932465534788232,27,0.27692006757023946,0.8070963341052114,-0.21982047358080659,50,0.5368174568823123,1.138435610348404,-0.28217168832756145,26,0.30287472316107844,1.4592514088546773,-0.07998054269689603,29,0.822889570244234,1.6781751554326303,-0.053173124319731424,37,61085.64179216636,5.108564179216636,0.43776671877592177,1.208977712681408,-0.28217168832756134,169,91,0.13455414012738853,5,False,-0.17163277447268793,-0.4235032996280095,1.0,0.27692006757023946,0.6935707885304659
62,105819caefc2,gap_down_reversal,"{""family"": ""gap_down_reversal"", ""gap_max"": -0.04, ""market_prev_return_max"": null, ""min_adv20"": 20000000.0, ""mom3_max"": -0.06, ""prev_return_max"": -0.015}",,,3.0,7,False,25699.966354591008,1.5699966354591006,0.37147717459641094,1.0335251210591079,-0.24504333760666475,115,53,0.15272244355909695,7,False,-0.14711380669087534,12856.932089562799,0.2856932089562798,0.28441679879448034,1.4439191522288313,-0.06875691522290606,31,21,0.1225296442687747,7,False,-0.03829565018573095,18501.10157324307,0.8501101573243071,0.859238775128863,1.79730382255194,-0.04566593176806033,42,17,0.168,7,False,-0.031154926668947893,0.27449721995864573,1.792856723631814,-0.024799256172675532,29,0.4070056780918585,0.9320471922493955,-0.22104253832179854,58,0.4331703416948396,1.1062259020619045,-0.24504333760666486,28,0.2856932089562798,1.4439191522288313,-0.06875691522290606,31,0.8501101573243071,1.79730382255194,-0.04566593176806033,42,61131.84344142567,5.113184344142567,0.4379848342209989,1.225213803935548,-0.24504333760666475,188,91,0.14968152866242038,7,False,-0.14711380669087534,-0.4103940311697234,1.0,0.27449721995864573,0.6929009856630824
63,be957829cf82,relative_weakness_reversal,"{""family"": ""relative_weakness_reversal"", ""gap_max"": -0.04, ""market_prev_return_max"": 0.0, ""min_adv20"": 50000000.0, ""mom3_max"": -0.06, ""prev_return_percentile_max"": 0.1}",,0.1,1.75,5,False,16947.475371742763,0.6947475371742764,0.19308831827340645,1.1376902166836012,-0.09987892019865863,70,34,0.09296148738379814,5,False,-0.07104311573407245,11525.269617998343,0.15252696179983438,0.1518804667349969,1.3287496421752687,-0.0318776004022171,16,12,0.06324110671936758,5,False,-0.031274780985013614,14103.06216490726,0.4103062164907261,0.4141905394355203,1.987906230901426,-0.025443190112974134,28,13,0.112,5,False,-0.025443190112974114,0.17196059437115396,1.6304874170525379,-0.0073357602031185465,17,0.2628739931954127,1.1275450752808325,-0.09987892019865863,33,0.14506985690943064,1.0154477530752817,-0.09907301205213448,20,0.15252696179983438,1.3287496421752687,-0.0318776004022171,16,0.4103062164907261,1.987906230901426,-0.025443190112974134,28,27546.696593337012,1.7546696593337012,0.22544607227805202,1.3432553319513216,-0.09987892019865863,114,59,0.09076433121019108,5,False,-0.07104311573407245,-0.19105942549166754,1.0,0.14506985690943064,0.6927755376344087
64,9654c0e2efca,relative_weakness_reversal,"{""family"": ""relative_weakness_reversal"", ""gap_max"": -0.04, ""market_prev_return_max"": 0.0, ""min_adv20"": 100000000.0, ""mom3_max"": -0.06, ""prev_return_percentile_max"": 0.125}",,0.1,2.25,5,False,19235.61871581407,0.9235618715814071,0.24474202470336803,1.0955315751764312,-0.1337185596458722,70,33,0.09296148738379814,5,False,-0.09134114880095028,11976.5805272417,0.19765805272417003,0.19680452609734167,1.3287496421752687,-0.04089754016982605,16,12,0.06324110671936758,5,False,-0.0402104326950175,15476.770253061977,0.5476770253061978,0.5530941304262493,1.9879062309014255,-0.03271267300239533,28,13,0.112,5,False,-0.03271267300239529,0.21572422200770935,1.5778599420441612,-0.00943169168972402,16,0.3772159789123435,1.1407962718189644,-0.13371855964587231,35,0.14886510197153324,0.9654581155587638,-0.12659135686564038,19,0.19765805272417003,1.3287496421752687,-0.04089754016982605,16,0.5476770253061978,1.9879062309014255,-0.03271267300239533,28,35654.90918453391,2.565490918453391,0.2905520805270003,1.3120415715907396,-0.1337185596458722,114,58,0.09076433121019108,5,False,-0.09134114880095028,-0.23321806699883751,1.0,0.14886510197153324,0.6926232078853047
65,f8bee66f0432,relative_weakness_reversal,"{""family"": ""relative_weakness_reversal"", ""gap_max"": -0.04, ""market_prev_return_max"": 0.0, ""min_adv20"": 50000000.0, ""mom3_max"": -0.06, ""prev_return_percentile_max"": 0.125}",,0.1,1.75,5,False,17411.416777707716,0.7411416777707716,0.20392066739536951,1.1350076643812002,-0.11481424197948031,74,35,0.09827357237715803,5,False,-0.07104311573407245,11525.269617998343,0.15252696179983438,0.1518804667349969,1.3287496421752687,-0.0318776004022171,16,12,0.06324110671936758,5,False,-0.031274780985013614,14560.452087735148,0.45604520877351473,0.4604283619284919,2.0279083085643785,-0.025443190112974134,29,13,0.116,5,False,-0.025443190112974114,0.17196059437115396,1.6304874170525379,-0.0073357602031185465,17,0.2974454867723595,1.1603647585132821,-0.1148142419794802,37,0.14506985690943064,1.0154477530752817,-0.09907301205213448,20,0.15252696179983438,1.3287496421752687,-0.0318776004022171,16,0.45604520877351473,2.0279083085643785,-0.025443190112974134,29,29218.644529080044,1.9218644529080042,0.24001977696886123,1.348901381650735,-0.11481424197948031,119,60,0.09474522292993631,5,False,-0.07104311573407245,-0.19374197779406854,1.0,0.14506985690943064,0.6919242831541219
66,19d502c0e628,gap_down_reversal,"{""family"": ""gap_down_reversal"", ""gap_max"": -0.04, ""market_prev_return_max"": null, ""min_adv20"": 20000000.0, ""mom3_max"": -0.06, ""prev_return_max"": -0.015}",,0.08,2.75,7,False,19239.00038333659,0.9239000383336591,0.24481525389936531,1.0555936197026128,-0.19103325586626774,115,53,0.15272244355909695,7,False,-0.13177096880216946,12250.144850561399,0.22501448505613997,0.22403219151553633,1.4268775490620758,-0.06311983094342921,31,21,0.1225296442687747,7,False,-0.03510434600358671,15819.117410695244,0.5819117410695245,0.5877265510932463,1.995425630209152,-0.04190121759183418,42,17,0.168,7,False,-0.0285586827798689,0.2291873601470491,1.8033275942349738,-0.022732651491619404,29,0.2733582159070542,0.8526591564427711,-0.19103325586626796,58,0.2291752948203718,1.448537828163645,-0.10545572315994622,28,0.22501448505613997,1.4268775490620758,-0.06311983094342921,31,0.5819117410695245,1.995425630209152,-0.04190121759183418,42,37282.58157023169,2.728258157023169,0.3021625828127692,1.3017606199310319,-0.19103325586626774,188,91,0.14968152866242038,7,False,-0.13177096880216946,-0.37128392935946297,1.0,0.22501448505613997,0.6915412186379929
67,88ea55f398f3,gap_down_reversal,"{""family"": ""gap_down_reversal"", ""gap_max"": -0.04, ""market_prev_return_max"": null, ""min_adv20"": 50000000.0, ""mom3_max"": -0.06, ""prev_return_max"": -0.015}",,,2.25,5,False,23759.522869775028,1.375952286977503,0.3359135621663458,1.0357481092266678,-0.25629081639910845,103,53,0.13678618857901725,5,False,-0.15446949702541915,12708.010407750466,0.2708010407750465,0.26959787860469486,1.4592514088546773,-0.07213107921699768,29,21,0.11462450592885376,5,False,-0.0402104326950175,17260.871622595263,0.7260871622595264,0.7336412193347444,1.6781751554326296,-0.04792120241909936,37,17,0.148,5,False,-0.03271267300239529,0.2770562532114098,1.7311368174387434,-0.026039218981309342,27,0.25368345194334085,0.8070963341052113,-0.19784334615694799,50,0.4840201357777214,1.1384356103484037,-0.25629081639910845,26,0.2708010407750465,1.4592514088546773,-0.07213107921699768,29,0.7260871622595264,1.6781751554326296,-0.04792120241909936,37,52116.83089596018,4.211683089596018,0.392682998143983,1.208977712681408,-0.25629081639910845,169,91,0.13455414012738853,5,False,-0.15446949702541915,-0.4235032996280095,1.0,0.25368345194334085,0.6914068100358424
68,eca474687407,relative_weakness_reversal,"{""family"": ""relative_weakness_reversal"", ""gap_max"": -0.04, ""market_prev_return_max"": 0.0, ""min_adv20"": 100000000.0, ""mom3_max"": -0.06, ""prev_return_percentile_max"": 0.1}",,0.1,2.75,7,False,18520.205079367406,0.8520205079367407,0.22905326007320848,1.0675597285371832,-0.1337250561820409,73,32,0.09694555112881806,7,False,-0.11382578530838604,11949.947249349165,0.19499472493491643,0.19415360418951955,1.3357398056273493,-0.03574807505427269,18,12,0.07114624505928854,7,False,-0.03510434600358671,14207.748782166167,0.42077487821661674,0.4247723277519351,1.6436385606057498,-0.02855868277986895,32,13,0.128,7,False,-0.0285586827798689,0.2160184885984855,1.7529841822221297,-0.00823401655452094,18,0.32572718454564753,1.0256734903199662,-0.13372505618204122,37,0.1488185819506418,1.0763108622146895,-0.11090948527471356,18,0.19499472493491643,1.3357398056273493,-0.03574807505427269,18,0.42077487821661674,1.6436385606057498,-0.02855868277986895,32,31443.946525831354,2.144394652583135,0.258416234542441,1.221444086718941,-0.1337250561820409,123,57,0.09792993630573249,7,False,-0.11382578530838604,-0.2681800770901661,1.0,0.1488185819506418,0.6909520609318996
69,88ea55f398f3,gap_down_reversal,"{""family"": ""gap_down_reversal"", ""gap_max"": -0.04, ""market_prev_return_max"": null, ""min_adv20"": 50000000.0, ""mom3_max"": -0.06, ""prev_return_max"": -0.015}",,,2.75,5,False,27755.233868600117,1.7755233868600118,0.4072472278135064,1.0357481092266678,-0.30754702979193405,103,53,0.13678618857901725,5,False,-0.18879605191995671,13353.259831837842,0.33532598318378426,0.33380059626634995,1.4592514088546769,-0.08779698600128549,29,21,0.11462450592885376,5,False,-0.04914608440502139,19231.15654424393,0.9231156544243933,0.9332029372594888,1.6781751554326296,-0.058410520676357325,37,17,0.148,5,False,-0.03998215589181646,0.34484621785683833,1.7311368174387434,-0.03182571208826701,27,0.2989240076089923,0.8070963341052114,-0.24170638988025284,50,0.5888705718379788,1.1384356103484041,-0.30754702979193416,26,0.33532598318378426,1.4592514088546769,-0.08779698600128549,29,0.9231156544243933,1.6781751554326296,-0.058410520676357325,37,71275.06038393725,6.127506038393725,0.4829646241471415,1.208977712681408,-0.30754702979193405,169,91,0.13455414012738853,5,False,-0.18879605191995671,-0.42350329962800903,1.0,0.2989240076089923,0.6909027777777778
70,105819caefc2,gap_down_reversal,"{""family"": ""gap_down_reversal"", ""gap_max"": -0.04, ""market_prev_return_max"": null, ""min_adv20"": 20000000.0, ""mom3_max"": -0.06, ""prev_return_max"": -0.015}",,,2.75,7,False,24048.06415945616,1.404806415945616,0.34132120310970016,1.0335251210591079,-0.22608888582779985,115,53,0.15272244355909695,7,False,-0.1348543227999691,12605.234240153959,0.26052342401539597,0.25937041305260244,1.4439191522288313,-0.06311983094342932,31,21,0.1225296442687747,7,False,-0.03510434600358671,17650.35260160743,0.7650352601607429,0.7730762510342422,1.7973038225519407,-0.041901217591834405,42,17,0.168,7,False,-0.0285586827798689,0.2498541155089289,1.792856723631814,-0.022732651491619293,29,0.3766482016383701,0.9320471922493954,-0.2037435376706883,58,0.3976480585295534,1.1062259020619043,-0.22608888582779973,28,0.26052342401539597,1.4439191522288313,-0.06311983094342932,31,0.7650352601607429,1.7973038225519407,-0.041901217591834405,42,53503.77537573989,4.350377537573989,0.40004122771270634,1.225213803935548,-0.22608888582779985,188,91,0.14968152866242038,7,False,-0.1348543227999691,-0.4103940311697234,1.0,0.2498541155089289,0.6908490143369175
71,be957829cf82,relative_weakness_reversal,"{""family"": ""relative_weakness_reversal"", ""gap_max"": -0.04, ""market_prev_return_max"": 0.0, ""min_adv20"": 50000000.0, ""mom3_max"": -0.06, ""prev_return_percentile_max"": 0.1}",,0.1,2.5,7,False,17960.557020932527,0.7960557020932526,0.21649690765277474,1.0826888937569583,-0.13187606661050855,78,34,0.10358565737051793,7,False,-0.1034779866439873,11766.835891115988,0.17668358911159876,0.17592712732239502,1.335739805627349,-0.03252317807133298,18,12,0.07114624505928854,7,False,-0.03191304182144246,13786.219586294841,0.3786219586294841,0.3821677429151684,1.6436385606057502,-0.025962438890789974,32,13,0.128,7,False,-0.02596243889078991,0.2018482583937906,1.8042835659964132,-0.007485469595018945,19,0.30174904509904343,1.041657612275833,-0.13187606661050844,39,0.14800266257594963,1.0154477530752815,-0.10105022601359925,20,0.17668358911159876,1.335739805627349,-0.03252317807133298,18,0.3786219586294841,1.6436385606057502,-0.025962438890789974,32,29135.64854455382,1.913564854455382,0.23931227093927587,1.2280885093596834,-0.13187606661050855,128,59,0.10191082802547771,7,False,-0.1034779866439873,-0.25305091187039075,1.0,0.14800266257594963,0.6904995519713263
72,b9ef33ec7968,gap_down_reversal,"{""family"": ""gap_down_reversal"", ""gap_max"": -0.04, ""market_prev_return_max"": null, ""min_adv20"": 50000000.0, ""mom3_max"": -0.06, ""prev_return_max"": -0.015}",,0.07,2.25,5,False,18269.25881925492,0.8269258819254919,0.22345466273392045,1.0502738498026543,-0.19517159184997013,103,53,0.13678618857901725,5,False,-0.13428298140527314,12248.865693252585,0.2248865693252584,0.2239048835196038,1.4632009723749624,-0.0721310792169978,29,21,0.11462450592885376,5,False,-0.0402104326950175,15753.637451669036,0.5753637451669036,0.5811020193042113,1.957435391368115,-0.04792120241909947,37,17,0.148,5,False,-0.03271267300239529,0.25193096454299035,1.7620272097698062,-0.026039218981309342,27,0.1882279092061987,0.7169537156781389,-0.19517159184997002,50,0.22811998433397984,1.3455527818723914,-0.12042299954346025,26,0.2248865693252584,1.4632009723749624,-0.0721310792169978,29,0.5753637451669036,1.957435391368115,-0.04792120241909947,37,35253.127176387,2.5253127176387005,0.2876210356761979,1.309198990109525,-0.19517159184997013,169,91,0.13455414012738853,5,False,-0.13428298140527314,-0.4129271225723081,1.0,0.1882279092061987,0.6900716845878136
73,19d502c0e628,gap_down_reversal,"{""family"": ""gap_down_reversal"", ""gap_max"": -0.04, ""market_prev_return_max"": null, ""min_adv20"": 20000000.0, ""mom3_max"": -0.06, ""prev_return_max"": -0.015}",,0.08,2.25,5,False,19286.5259138973,0.9286525913897301,0.24584350310597292,1.065315299365325,-0.2019602078676801,104,53,0.13811420982735723,5,False,-0.13428298140527314,12298.241738670384,0.22982417386703835,0.22881899113809334,1.433424087913162,-0.07213107921699802,29,21,0.11462450592885376,5,False,-0.0402104326950175,15458.328290578625,0.5458328290578625,0.5512286828956023,1.8372521955699141,-0.04792120241909947,37,17,0.148,5,False,-0.03271267300239529,0.2531308414936022,1.7365276213992296,-0.02603921898130923,27,0.19072564833238048,0.6892583363872151,-0.2019602078676801,51,0.29254561273156376,1.5143913486617382,-0.12042299954345992,26,0.22982417386703835,1.433424087913162,-0.07213107921699802,29,0.5458328290578625,1.8372521955699141,-0.04792120241909947,37,36665.66421142075,2.666566421142075,0.29781058616444445,1.2792538142971346,-0.2019602078676801,170,91,0.13535031847133758,5,False,-0.13428298140527314,-0.3681087885478369,1.0,0.19072564833238048,0.690062724014337
74,6335ea5e30c2,gap_down_reversal,"{""family"": ""gap_down_reversal"", ""gap_max"": -0.04, ""market_prev_return_max"": null, ""min_adv20"": 50000000.0, ""mom3_max"": -0.06, ""prev_return_max"": -0.015}",,0.06,2.0,7,False,15620.574829626506,0.5620574829626506,0.16097509729727477,1.0800033420165096,-0.13069270609998884,114,53,0.15139442231075698,7,False,-0.09583343185612324,11637.081319601004,0.16370813196010037,0.1630109826867474,1.4855995424769548,-0.045243430588083444,31,21,0.1225296442687747,7,False,-0.02553043345715397,13689.260852620842,0.36892608526208415,0.37236944179239084,2.029339036391861,-0.030562596680962728,42,17,0.168,7,False,-0.02076995111263193,0.16538826481900304,1.915770889261946,-0.016532837448450466,29,0.1612770708775768,0.8027283467197202,-0.13069270609998918,57,0.1542251151852232,1.3166273838593399,-0.07713761650130968,28,0.16370813196010037,1.4855995424769548,-0.045243430588083444,31,0.36892608526208415,2.029339036391861,-0.030562596680962728,42,24884.05084198928,1.488405084198928,0.2007052098345068,1.3438154613104756,-0.13069270609998884,187,91,0.14888535031847133,7,False,-0.09583343185612324,-0.4055962004604452,1.0,0.1542251151852232,0.6897670250896057
75,88ea55f398f3,gap_down_reversal,"{""family"": ""gap_down_reversal"", ""gap_max"": -0.04, ""market_prev_return_max"": null, ""min_adv20"": 50000000.0, ""mom3_max"": -0.06, ""prev_return_max"": -0.015}",,,3.0,5,False,29857.998826823008,1.9857998826823007,0.4420637379606578,1.035748109226668,-0.33242056259925357,103,53,0.13678618857901725,5,False,-0.2059593293672255,13681.485913395687,0.3681485913395688,0.36645455121017223,1.4592514088546769,-0.09558040913016541,29,21,0.11462450592885376,5,False,-0.05361391026002334,20268.17736288432,1.0268177362884319,1.038305205661545,1.6781751554326299,-0.0636333930394809,37,17,0.148,5,False,-0.04361689733652705,0.37961900952906347,1.7311368174387434,-0.03471895864174579,27,0.3196345517357282,0.8070963341052114,-0.2634797119632406,50,0.6400151077290823,1.138435610348404,-0.33242056259925357,26,0.3681485913395688,1.4592514088546769,-0.09558040913016541,29,1.0268177362884319,1.6781751554326299,-0.0636333930394809,37,82795.8673989723,7.27958673989723,0.5282220124660255,1.2089777126814076,-0.33242056259925357,169,91,0.13455414012738853,5,False,-0.2059593293672255,-0.4235032996280088,1.0,0.3196345517357282,0.6892719534050179
76,6335ea5e30c2,gap_down_reversal,"{""family"": ""gap_down_reversal"", ""gap_max"": -0.04, ""market_prev_return_max"": null, ""min_adv20"": 50000000.0, ""mom3_max"": -0.06, ""prev_return_max"": -0.015}",,0.06,3.0,5,False,20942.07444733591,1.0942074447335908,0.28065717601024853,1.0405600606044232,-0.26126120361480787,103,53,0.13678618857901725,5,False,-0.1790439752070309,13059.392136110064,0.3059392136110064,0.3045621356569119,1.5034075637915223,-0.09381816549373301,29,21,0.11462450592885376,5,False,-0.05361391026002334,16730.934880697416,0.6730934880697417,0.6799964752490175,1.9267616405059302,-0.06363339303948079,37,17,0.148,5,False,-0.04361689733652705,0.3517403929571681,1.8460345879236908,-0.0347189586417459,27,0.18790020070741975,0.6434787328393905,-0.26126120361480754,50,0.3042067745602348,1.275501218518542,-0.1592629167612416,26,0.3059392136110064,1.5034075637915223,-0.09381816549373301,29,0.6730934880697417,1.9267616405059302,-0.06363339303948079,37,45757.561353730656,3.575756135373066,0.3567919279022991,1.2933921302281257,-0.26126120361480787,169,91,0.13455414012738853,5,False,-0.1790439752070309,-0.4628475031870991,1.0,0.18790020070741975,0.6887410394265232
77,dcfadc640c21,relative_weakness_reversal,"{""family"": ""relative_weakness_reversal"", ""gap_max"": -0.04, ""market_prev_return_max"": 0.0, ""min_adv20"": 100000000.0, ""mom3_max"": -0.06, ""prev_return_percentile_max"": 0.15}",,0.1,3.0,5,False,22556.99748704163,1.255699748704163,0.31289379403277673,1.045450179274007,-0.19238090816087738,73,34,0.09694555112881806,5,False,-0.12178819840126705,12665.104959344568,0.26651049593445686,0.26532831004180313,1.328749642175269,-0.054354161436575676,16,12,0.06324110671936758,5,False,-0.05361391026002334,17608.46827550773,0.7608468275507729,0.7688351173126844,1.9858259092048363,-0.04361689733652707,30,14,0.12,5,False,-0.04361689733652705,0.29330447269309645,1.5778599420441608,-0.012575588919632064,16,0.36355940219043226,0.9042231789621827,-0.19238090816087705,36,0.2791057443670919,1.2555561534785165,-0.1592629167612415,21,0.26651049593445686,1.328749642175269,-0.054354161436575676,16,0.7608468275507729,1.9858259092048363,-0.04361689733652707,30,50305.05911072049,4.030505911072049,0.38283135739167307,1.2748223110269166,-0.19238090816087738,119,60,0.09474522292993631,5,False,-0.12178819840126705,-0.28329946290126196,1.0,0.26651049593445686,0.6887253584229391
78,9654c0e2efca,relative_weakness_reversal,"{""family"": ""relative_weakness_reversal"", ""gap_max"": -0.04, ""market_prev_return_max"": 0.0, ""min_adv20"": 100000000.0, ""mom3_max"": -0.06, ""prev_return_percentile_max"": 0.125}",,0.1,3.0,7,False,19752.909655106076,0.9752909655106077,0.25584574021081274,1.0511088483117474,-0.163065238334424,78,33,0.10358565737051793,7,False,-0.12417358397278476,12134.156525631322,0.21341565256313233,0.21248825142594385,1.3357398056273495,-0.03896798643281307,18,12,0.07114624505928854,7,False,-0.03829565018573095,14637.379759579988,0.4637379759579987,0.468206178236926,1.6436385606057502,-0.031154926668947924,32,13,0.128,7,False,-0.031154926668947893,0.23708999938945152,1.75298418222213,-0.008982563514022934,18,0.3982576304301033,1.0729305980447439,-0.16306523833442377,41,0.14193815301544466,0.9654581155587639,-0.1207240602921471,19,0.21341565256313233,1.3357398056273495,-0.03896798643281307,18,0.4637379759579987,1.6436385606057502,-0.031154926668947924,32,35083.588686859184,2.5083588686859186,0.28637621724296847,1.2051921260197682,-0.163065238334424,128,58,0.10191082802547771,7,False,-0.12417358397278476,-0.28463095731560206,1.0,0.14193815301544466,0.6876299283154121
79,105819caefc2,gap_down_reversal,"{""family"": ""gap_down_reversal"", ""gap_max"": -0.04, ""market_prev_return_max"": null, ""min_adv20"": 20000000.0, ""mom3_max"": -0.06, ""prev_return_max"": -0.015}",,,2.5,7,False,22455.94663489472,1.245594663489472,0.3109225417697701,1.0335251210591079,-0.20687244131176552,115,53,0.15272244355909695,7,False,-0.12259483890906282,12355.953761013658,0.23559537610136583,0.23456263073035455,1.4439191522288315,-0.05746589963563198,31,21,0.1225296442687747,7,False,-0.03191304182144246,16827.28501109912,0.682728501109912,0.6897488635654121,1.7973038225519404,-0.038129090728610704,42,17,0.168,7,False,-0.02596243889078991,0.22554074453710737,1.7928567236318143,-0.020666046810562833,29,0.345459570694463,0.9320471922493949,-0.18624347018186205,58,0.36186155736085457,1.1062259020619045,-0.2068724413117654,28,0.23559537610136583,1.4439191522288315,-0.05746589963563198,31,0.682728501109912,1.7973038225519404,-0.038129090728610704,42,46689.76548848328,3.6689765488483284,0.36229321744687204,1.2252138039355478,-0.20687244131176552,188,91,0.14968152866242038,7,False,-0.12259483890906282,-0.4103940311697236,1.0,0.22554074453710737,0.687513440860215
80,f8bee66f0432,relative_weakness_reversal,"{""family"": ""relative_weakness_reversal"", ""gap_max"": -0.04, ""market_prev_return_max"": 0.0, ""min_adv20"": 50000000.0, ""mom3_max"": -0.06, ""prev_return_percentile_max"": 0.125}",,0.1,2.75,7,False,19187.150124747277,0.9187150124747276,0.2436915065748564,1.0642352740072671,-0.160662135650806,83,35,0.1102257636122178,7,False,-0.11382578530838604,11949.947249349165,0.19499472493491643,0.19415360418951955,1.3357398056273493,-0.03574807505427269,18,12,0.07114624505928854,7,False,-0.03510434600358671,14721.530258643856,0.47215302586438557,0.47671463708705186,1.7115612123576074,-0.02855868277986895,33,13,0.132,7,False,-0.0285586827798689,0.22346869502775757,1.8042835659964136,-0.00823401655452094,19,0.3714513175952514,1.0879733111424483,-0.160662135650806,43,0.143502756952683,0.905835530524474,-0.11090948527471378,21,0.19499472493491643,1.3357398056273493,-0.03574807505427269,18,0.47215302586438557,1.7115612123576074,-0.02855868277986895,33,33754.32422935407,2.3754324229354067,0.2764458600371782,1.2293277127730822,-0.160662135650806,134,60,0.10668789808917198,7,False,-0.11382578530838604,-0.27150453162008215,1.0,0.143502756952683,0.6865165770609318
81,b589ede4382e,relative_weakness_reversal,"{""family"": ""relative_weakness_reversal"", ""gap_max"": -0.04, ""market_prev_return_max"": 0.0, ""min_adv20"": 20000000.0, ""mom3_max"": -0.06, ""prev_return_percentile_max"": 0.1}",,0.1,3.0,7,False,19415.75074182483,0.9415750741824831,0.24863087871436473,1.04120633436691,-0.17989204703786743,79,34,0.1049136786188579,7,False,-0.12417358397278476,12134.156525631322,0.21341565256313233,0.21248825142594385,1.3357398056273495,-0.03896798643281307,18,12,0.07114624505928854,7,False,-0.03829565018573095,14637.379759579988,0.4637379759579987,0.468206178236926,1.6436385606057502,-0.031154926668947924,32,13,0.128,7,False,-0.031154926668947893,0.24535833288493492,1.8042835659964134,-0.008982563514023045,19,0.32434525974912276,0.960577258932686,-0.17989204703786743,40,0.17722272064088163,1.0154477530752817,-0.120724060292147,20,0.21341565256313233,1.3357398056273495,-0.03896798643281307,18,0.4637379759579987,1.6436385606057502,-0.031154926668947924,32,34484.75313087263,2.4484753130872634,0.2819404811605122,1.201308203714941,-0.17989204703786743,129,59,0.10270700636942676,7,False,-0.12417358397278476,-0.2945334712604395,1.0,0.17722272064088163,0.6864784946236561
82,88ea55f398f3,gap_down_reversal,"{""family"": ""gap_down_reversal"", ""gap_max"": -0.04, ""market_prev_return_max"": null, ""min_adv20"": 50000000.0, ""mom3_max"": -0.06, ""prev_return_max"": -0.015}",,,2.0,5,False,21878.1308969356,1.18781308969356,0.2995358942956077,1.0357481092266676,-0.2299006921995489,103,53,0.13678618857901725,5,False,-0.13730621957815034,12391.108452006834,0.23911084520068338,0.2380612583272137,1.459251408854677,-0.06424859556159024,29,21,0.11462450592885376,5,False,-0.03574260684001555,16326.554438407707,0.6326554438407708,0.6390707383412204,1.6781751554326296,-0.042654753423957414,37,17,0.148,5,False,-0.0290779315576847,0.2440293999555685,1.7311368174387431,-0.023145972427830563,27,0.22927693852346476,0.8070963341052115,-0.1757974235138834,50,0.4306382689465782,1.138435610348404,-0.22990069219954878,26,0.23911084520068338,1.459251408854677,-0.06424859556159024,29,0.6326554438407708,1.6781751554326296,-0.042654753423957414,37,44260.35727236843,3.426035727236843,0.3477658797854577,1.2089777126814076,-0.2299006921995489,169,91,0.13455414012738853,5,False,-0.13730621957815034,-0.4235032996280095,1.0,0.22927693852346476,0.6863866487455197
83,a44d390955fb,gap_down_reversal,"{""family"": ""gap_down_reversal"", ""gap_max"": -0.04, ""market_prev_return_max"": null, ""min_adv20"": 20000000.0, ""mom3_max"": -0.06, ""prev_return_max"": -0.015}",,0.06,3.0,7,False,18564.33806436779,0.8564338064367789,0.23003263688034892,1.03536811914337,-0.20473800310087797,115,53,0.15272244355909695,7,False,-0.14375014778418485,12504.782371720423,0.2504782371720422,0.24937392474576803,1.4855995424769548,-0.06747779564146217,31,21,0.1225296442687747,7,False,-0.03829565018573095,15878.602161526902,0.5878602161526902,0.5937447447837996,2.029339036391861,-0.04566593176806044,42,17,0.168,7,False,-0.031154926668947893,0.25510117209033667,1.9157708892619458,-0.02479925617267542,29,0.19848794755419252,0.7159854338075314,-0.2047380031008783,58,0.2341474846138647,1.3166273838593399,-0.1148213345274488,28,0.2504782371720422,1.4855995424769548,-0.06747779564146217,31,0.5878602161526902,2.029339036391861,-0.04566593176806044,42,36861.0645860808,2.68610645860808,0.29919531573540104,1.315186023505074,-0.20473800310087797,188,91,0.14968152866242038,7,False,-0.14375014778418485,-0.4502314233335849,1.0,0.19848794755419252,0.6858198924731183
84,be957829cf82,relative_weakness_reversal,"{""family"": ""relative_weakness_reversal"", ""gap_max"": -0.04, ""market_prev_return_max"": 0.0, ""min_adv20"": 50000000.0, ""mom3_max"": -0.06, ""prev_return_percentile_max"": 0.1}",,0.1,2.25,7,False,17018.252975625117,0.7018252975625117,0.19475351904700888,1.0826888937569579,-0.11897818003625671,78,34,0.10358565737051793,7,False,-0.09313018797958857,11584.841102884293,0.15848411028842935,0.15781068033170942,1.3357398056273495,-0.02929329548399484,18,12,0.07114624505928854,7,False,-0.028721737639298216,13372.718261768901,0.3372718261768901,0.3403846710140015,1.64363856060575,-0.023366195001710888,32,13,0.128,7,False,-0.02336619500171092,0.18049496016232625,1.8042835659964136,-0.006736922635517173,19,0.2720313757728401,1.041657612275833,-0.11897818003625671,39,0.1333212035039708,1.0154477530752817,-0.09114628250880386,20,0.15848411028842935,1.3357398056273495,-0.02929329548399484,18,0.3372718261768901,1.64363856060575,-0.023366195001710888,32,26364.816408774306,1.6364816408774305,0.21471143241308677,1.2280885093596832,-0.11897818003625671,128,59,0.10191082802547771,7,False,-0.09313018797958857,-0.25305091187039164,1.0,0.1333212035039708,0.6850224014336918
85,3fb3e6fd7fd3,relative_weakness_reversal,"{""family"": ""relative_weakness_reversal"", ""gap_max"": -0.04, ""market_prev_return_max"": 0.0, ""min_adv20"": 20000000.0, ""mom3_max"": -0.06, ""prev_return_percentile_max"": 0.125}",,0.1,2.0,5,False,18254.805411603782,0.8254805411603783,0.22313065371160357,1.0886907134629757,-0.1521969673920076,75,35,0.099601593625498,5,False,-0.08119213226751136,11750.12220864283,0.17501222086428303,0.1742634308370501,1.3287496421752687,-0.036392456178332644,16,12,0.06324110671936758,5,False,-0.03574260684001555,15321.518136890523,0.5321518136890524,0.5373905740223339,2.027908308564378,-0.029077931557684566,29,13,0.116,5,False,-0.0290779315576847,0.19792941646084294,1.6304874170525376,-0.008383725946421228,17,0.3074091723255721,1.066080908914215,-0.15219696739200772,38,0.16555950622521398,1.0154477530752812,-0.11287597501769497,20,0.17501222086428303,1.3287496421752687,-0.036392456178332644,16,0.5321518136890524,2.027908308564378,-0.029077931557684566,29,32864.0733403983,2.28640733403983,0.26961896217512327,1.3190488390250468,-0.1521969673920076,120,60,0.09554140127388536,5,False,-0.08119213226751136,-0.24005892871229295,1.0,0.16555950622521398,0.6848678315412187
86,4eb7508c4970,relative_weakness_reversal,"{""family"": ""relative_weakness_reversal"", ""gap_max"": -0.04, ""market_prev_return_max"": 0.0, ""min_adv20"": 50000000.0, ""mom3_max"": -0.06, ""prev_return_percentile_max"": 0.15}",,0.1,2.0,5,False,18361.91534103013,0.8361915341030131,0.22552774819884136,1.0860853217104982,-0.13063053036101813,77,36,0.10225763612217796,5,False,-0.08119213226751136,11750.12220864283,0.17501222086428303,0.1742634308370501,1.3287496421752687,-0.036392456178332644,16,12,0.06324110671936758,5,False,-0.03574260684001555,15253.02835519501,0.5253028355195011,0.5304633225857345,2.024902329484645,-0.029077931557684566,31,14,0.124,5,False,-0.0290779315576847,0.19792941646084294,1.6304874170525376,-0.008383725946421228,17,0.25761421357336034,0.9219711554045156,-0.13063053036101824,38,0.21881927561925463,1.2662003839251192,-0.10733179573419505,22,0.17501222086428303,1.3287496421752687,-0.036392456178332644,16,0.5253028355195011,2.024902329484645,-0.029077931557684566,31,32909.133079540436,2.2909133079540434,0.2699680331349692,1.3131028926788293,-0.13063053036101813,124,62,0.09872611464968153,5,False,-0.08119213226751136,-0.2426643204647705,1.0,0.17501222086428303,0.6848319892473118
87,eca474687407,relative_weakness_reversal,"{""family"": ""relative_weakness_reversal"", ""gap_max"": -0.04, ""market_prev_return_max"": 0.0, ""min_adv20"": 100000000.0, ""mom3_max"": -0.06, ""prev_return_percentile_max"": 0.1}",,0.1,1.75,5,False,16611.123882820386,0.6611123882820387,0.18511101209683956,1.1263888588735993,-0.09907301205213459,65,32,0.08632138114209828,5,False,-0.07104311573407245,11525.269617998343,0.15252696179983438,0.1518804667349969,1.3287496421752687,-0.0318776004022171,16,12,0.06324110671936758,5,False,-0.031274780985013614,14103.06216490726,0.4103062164907261,0.4141905394355203,1.987906230901426,-0.025443190112974134,28,13,0.112,5,False,-0.025443190112974114,0.1655983485932555,1.577859942044161,-0.0073357602031186575,16,0.2582515572316342,1.1058223576070987,-0.08959444033570496,31,0.13261580357982683,1.0763108622146897,-0.09907301205213448,18,0.15252696179983438,1.3287496421752687,-0.0318776004022171,16,0.4103062164907261,1.987906230901426,-0.025443190112974134,28,26999.98552217001,1.699998552217001,0.22052719378480745,1.340968186485431,-0.09907301205213459,109,57,0.08678343949044585,5,False,-0.07104311573407245,-0.2023607833016694,1.0,0.13261580357982683,0.6847020609318998
88,3ab676842d5e,gap_down_reversal,"{""family"": ""gap_down_reversal"", ""gap_max"": -0.04, ""market_prev_return_max"": null, ""min_adv20"": 50000000.0, ""mom3_max"": -0.06, ""prev_return_max"": -0.015}",,0.08,2.0,7,False,16622.656795332943,0.6622656795332944,0.1853863108835092,1.0945977056312348,-0.13069270609998884,114,53,0.15139442231075698,7,False,-0.09583343185612324,11614.505695177593,0.16145056951775927,0.16076368189969892,1.426877549062076,-0.04610749593507324,31,21,0.1225296442687747,7,False,-0.02553043345715397,14032.217999804983,0.40322179998049834,0.40702992342928135,1.995425630209151,-0.03056259668096284,42,17,0.168,7,False,-0.02076995111263193,0.16342966063289843,1.803327594234974,-0.016532837448450244,29,0.22692820567390748,0.9258368138048995,-0.13069270609998918,57,0.16450445974324213,1.4485378281636452,-0.07713761650130957,28,0.16145056951775927,1.426877549062076,-0.04610749593507324,31,0.40322179998049834,1.995425630209151,-0.03056259668096284,42,27091.15322303573,1.7091153223035729,0.22135294746352607,1.327059429070069,-0.13069270609998884,187,91,0.14888535031847133,7,False,-0.09583343185612324,-0.33227984343084116,1.0,0.16145056951775927,0.6846639784946236
89,b589ede4382e,relative_weakness_reversal,"{""family"": ""relative_weakness_reversal"", ""gap_max"": -0.04, ""market_prev_return_max"": 0.0, ""min_adv20"": 20000000.0, ""mom3_max"": -0.06, ""prev_return_percentile_max"": 0.1}",,0.1,2.0,5,False,17711.980210339425,0.7711980210339424,0.2108362380819384,1.0883426591125223,-0.13578045561817387,71,34,0.09428950863213811,5,False,-0.08119213226751136,11750.12220864283,0.17501222086428303,0.1742634308370501,1.3287496421752687,-0.036392456178332644,16,12,0.06324110671936758,5,False,-0.03574260684001555,14777.99892516859,0.47779989251685895,0.48242440351808047,1.9879062309014255,-0.029077931557684566,28,13,0.112,5,False,-0.0290779315576847,0.19792941646084294,1.6304874170525376,-0.008383725946421228,17,0.26853203115093294,1.0243300860954245,-0.13578045561817398,34,0.16555950622521398,1.0154477530752812,-0.11287597501769497,20,0.17501222086428303,1.3287496421752687,-0.036392456178332644,16,0.47779989251685895,1.9879062309014255,-0.029077931557684566,28,30755.66575826245,2.075566575826245,0.2528405653676471,1.3114751832498348,-0.13578045561817387,115,59,0.09156050955414012,5,False,-0.08119213226751136,-0.24040698306274644,1.0,0.16555950622521398,0.6840120967741936
90,6335ea5e30c2,gap_down_reversal,"{""family"": ""gap_down_reversal"", ""gap_max"": -0.04, ""market_prev_return_max"": null, ""min_adv20"": 50000000.0, ""mom3_max"": -0.06, ""prev_return_max"": -0.015}",,0.06,2.75,5,False,19853.053319488496,0.9853053319488496,0.257972915273025,1.040560060604423,-0.23993746885232636,103,53,0.13678618857901725,5,False,-0.16412364393977832,12788.508645004174,0.2788508645004175,0.27760819353232624,1.503407563791522,-0.08617396985235304,29,21,0.11462450592885376,5,False,-0.04914608440502139,16072.26051631232,0.607226051631232,0.6133388019038044,1.9267616405059291,-0.0584105206763571,37,17,0.148,5,False,-0.03998215589181646,0.31955140726687303,1.8460345879236904,-0.0318257120882669,27,0.17711027943531144,0.6434787328393903,-0.2399374688523268,50,0.2781559394065287,1.2755012185185415,-0.1463885600569832,26,0.2788508645004175,1.503407563791522,-0.08617396985235304,29,0.607226051631232,1.9267616405059291,-0.0584105206763571,37,40806.01394797016,3.080601394797016,0.32597040525719856,1.2933921302281257,-0.23993746885232636,169,91,0.13455414012738853,5,False,-0.16412364393977832,-0.4628475031870991,1.0,0.17711027943531144,0.6840008960573476
91,105819caefc2,gap_down_reversal,"{""family"": ""gap_down_reversal"", ""gap_max"": -0.04, ""market_prev_return_max"": null, ""min_adv20"": 20000000.0, ""mom3_max"": -0.06, ""prev_return_max"": -0.015}",,,2.25,7,False,20925.194730042618,1.0925194730042618,0.2803116343554297,1.033525121059108,-0.18739264771489317,115,53,0.15272244355909695,7,False,-0.11033535501815653,12109.110491254069,0.21091104912540692,0.20999544410735016,1.4439191522288315,-0.051795121299513136,31,21,0.1225296442687747,7,False,-0.028721737639298216,16031.348076065966,0.6031348076065965,0.6091991854350427,1.7973038225519402,-0.034349550613337776,42,17,0.168,7,False,-0.02336619500171092,0.2015546445226606,1.7928567236318138,-0.018599442129506594,29,0.31349321776799255,0.9320471922493951,-0.16854147703030542,58,0.32586146093432977,1.106225902061904,-0.18739264771489328,28,0.21091104912540692,1.4439191522288315,-0.051795121299513136,31,0.6031348076065965,1.7973038225519402,-0.034349550613337776,42,40621.110683659324,3.0621110683659323,0.32476272184115373,1.225213803935548,-0.18739264771489317,188,91,0.14968152866242038,7,False,-0.11033535501815653,-0.4103940311697234,1.0,0.2015546445226606,0.6830555555555556
92,b9ef33ec7968,gap_down_reversal,"{""family"": ""gap_down_reversal"", ""gap_max"": -0.04, ""market_prev_return_max"": null, ""min_adv20"": 50000000.0, ""mom3_max"": -0.06, ""prev_return_max"": -0.015}",,0.07,3.0,7,False,19065.25554341263,0.9065255543412629,0.2410417115325203,1.0414635391434357,-0.19298668721402779,114,53,0.15139442231075698,7,False,-0.14375014778418485,12419.639175844617,0.24196391758446167,0.24090063369626913,1.4591591634062924,-0.06875691522290617,31,21,0.1225296442687747,7,False,-0.03829565018573095,16616.972813330587,0.6616972813330586,0.6684620182777101,2.092423549979114,-0.04566593176806033,42,17,0.168,7,False,-0.031154926668947893,0.25050628063063507,1.8299883817118465,-0.02479925617267531,29,0.2799483544259629,0.8706545308083466,-0.19298668721402779,57,0.1911441087837078,1.2545716942795997,-0.1148213345274488,28,0.24196391758446167,1.4591591634062924,-0.06875691522290617,31,0.6616972813330586,2.092423549979114,-0.04566593176806033,42,39346.265548496194,2.9346265548496193,0.3163143722066599,1.3287751180387783,-0.19298668721402779,187,91,0.14888535031847133,7,False,-0.14375014778418485,-0.41769562426285667,1.0,0.1911441087837078,0.68290770609319
93,19d502c0e628,gap_down_reversal,"{""family"": ""gap_down_reversal"", ""gap_max"": -0.04, ""market_prev_return_max"": null, ""min_adv20"": 20000000.0, ""mom3_max"": -0.06, ""prev_return_max"": -0.015}",,0.08,2.5,7,False,18236.688344780287,0.8236688344780287,0.22272427351602664,1.0555936197026128,-0.17441263736104984,115,53,0.15272244355909695,7,False,-0.11979178982015405,12036.490813061471,0.20364908130614712,0.20276756316326638,1.4268775490620758,-0.05746589963563187,31,21,0.1225296442687747,7,False,-0.03191304182144246,15205.684762115563,0.5205684762115563,0.525675002233847,1.995425630209151,-0.038129090728610704,42,17,0.168,7,False,-0.02596243889078991,0.20699075778399156,1.803327594234974,-0.020666046810563055,29,0.2513313020371424,0.852659156442771,-0.17441263736104984,58,0.20745157718147222,1.4485378281636452,-0.09605323303308899,28,0.20364908130614712,1.4268775490620758,-0.05746589963563187,31,0.5205684762115563,1.995425630209151,-0.038129090728610704,42,33377.34960051565,2.3377349600515647,0.27357280934282446,1.3017606199310314,-0.17441263736104984,188,91,0.14968152866242038,7,False,-0.11979178982015405,-0.37128392935946297,1.0,0.20364908130614712,0.6826478494623657
94,3ab676842d5e,gap_down_reversal,"{""family"": ""gap_down_reversal"", ""gap_max"": -0.04, ""market_prev_return_max"": null, ""min_adv20"": 50000000.0, ""mom3_max"": -0.06, ""prev_return_max"": -0.015}",,0.08,1.5,5,False,16051.176189150252,0.6051176189150251,0.17158878235623565,1.1110110924848435,-0.1263587789603965,103,53,0.13678618857901725,5,False,-0.08952198760351544,11506.805910281333,0.15068059102813325,0.1500424196531298,1.4334240879131617,-0.04838456772424771,29,21,0.11462450592885376,5,False,-0.02680695513001167,13453.93279723835,0.34539327972383504,0.3485903511372552,1.837252195569914,-0.0320782679481284,37,17,0.148,5,False,-0.021808448668263525,0.16452025523052138,1.7365276213992298,-0.017359479320872784,27,0.15748705593399603,0.7790818977171571,-0.1263587789603966,50,0.1908132873695112,1.514391348661738,-0.08093254101065894,26,0.15068059102813325,1.4334240879131617,-0.04838456772424771,29,0.34539327972383504,1.837252195569914,-0.0320782679481284,37,24849.11372467793,1.484911372467793,0.20036678897316973,1.3084448314845998,-0.1263587789603965,169,91,0.13455414012738853,5,False,-0.08952198760351544,-0.32241299542831814,1.0,0.15068059102813325,0.6823879928315413
95,1ea704ab34a6,relative_weakness_reversal,"{""family"": ""relative_weakness_reversal"", ""gap_max"": -0.04, ""market_prev_return_max"": 0.0, ""min_adv20"": 20000000.0, ""mom3_max"": -0.06, ""prev_return_percentile_max"": 0.15}",,0.1,3.0,5,False,22979.60170138682,1.297960170138682,0.3210746819082062,1.0409945044094295,-0.222682266994783,78,36,0.10358565737051793,5,False,-0.12178819840126705,12665.104959344568,0.26651049593445686,0.26532831004180313,1.328749642175269,-0.054354161436575676,16,12,0.06324110671936758,5,False,-0.05361391026002334,18550.799659802226,0.8550799659802226,0.8642731139750093,2.024902329484645,-0.04361689733652707,31,14,0.124,5,False,-0.04361689733652705,0.30540614821822976,1.6304874170525379,-0.012575588919632064,17,0.3213653173517934,0.831769412537381,-0.22268226699478277,39,0.33221383558276774,1.2662003839251195,-0.1592629167612417,22,0.26651049593445686,1.328749642175269,-0.054354161436575676,16,0.8550799659802226,2.024902329484645,-0.04361689733652707,31,53990.07433848683,4.399007433848683,0.4025851197267962,1.2837139279289786,-0.222682266994783,125,62,0.09952229299363058,5,False,-0.12178819840126705,-0.2877551377658394,1.0,0.26651049593445686,0.6811447132616488
96,9654c0e2efca,relative_weakness_reversal,"{""family"": ""relative_weakness_reversal"", ""gap_max"": -0.04, ""market_prev_return_max"": 0.0, ""min_adv20"": 100000000.0, ""mom3_max"": -0.06, ""prev_return_percentile_max"": 0.125}",,0.1,2.0,5,False,18001.474352923997,0.8001474352923996,0.21742368461236627,1.095531575176431,-0.11925983086459002,70,33,0.09296148738379814,5,False,-0.08119213226751136,11750.12220864283,0.17501222086428303,0.1742634308370501,1.3287496421752687,-0.036392456178332644,16,12,0.06324110671936758,5,False,-0.03574260684001555,14777.99892516859,0.47779989251685895,0.48242440351808047,1.9879062309014255,-0.029077931557684566,28,13,0.112,5,False,-0.0290779315576847,0.1905029208116087,1.5778599420441612,-0.00838372594642156,16,0.3349807636069748,1.1407962718189641,-0.11925983086458991,35,0.13266792689751683,0.9654581155587639,-0.11287597501769464,19,0.17501222086428303,1.3287496421752687,-0.036392456178332644,16,0.47779989251685895,1.9879062309014255,-0.029077931557684566,28,31258.352921559337,2.1258352921559336,0.2569224494300384,1.3120415715907399,-0.11925983086459002,114,58,0.09076433121019108,5,False,-0.08119213226751136,-0.23321806699883774,1.0,0.13266792689751683,0.680024641577061
97,dcfadc640c21,relative_weakness_reversal,"{""family"": ""relative_weakness_reversal"", ""gap_max"": -0.04, ""market_prev_return_max"": 0.0, ""min_adv20"": 100000000.0, ""mom3_max"": -0.06, ""prev_return_percentile_max"": 0.15}",,0.1,2.75,5,False,21266.81813878517,1.126681813878517,0.28726917079731407,1.0454501792740072,-0.17560881117415805,73,34,0.09694555112881806,5,False,-0.11163918186782813,12434.121713964303,0.24341217139643034,0.24234192487033424,1.3287496421752685,-0.04987839279894757,16,12,0.06324110671936758,5,False,-0.04914608440502139,16847.585762805607,0.6847585762805608,0.6918037265022126,1.9858259092048363,-0.03998215589181642,30,14,0.12,5,False,-0.03998215589181646,0.2671234030200107,1.5778599420441608,-0.011527623176329271,16,0.33695346943774207,0.9042231789621827,-0.17560881117415816,36,0.2553571847792633,1.255556153478516,-0.1463885600569832,21,0.24341217139643034,1.3287496421752685,-0.04987839279894757,16,0.6847585762805608,1.9858259092048363,-0.03998215589181642,30,44550.779508341366,3.455077950834137,0.34953559878424323,1.2748223110269166,-0.17560881117415805,119,60,0.09474522292993631,5,False,-0.11163918186782813,-0.2832994629012613,1.0,0.24341217139643034,0.6799820788530466
98,a44d390955fb,gap_down_reversal,"{""family"": ""gap_down_reversal"", ""gap_max"": -0.04, ""market_prev_return_max"": null, ""min_adv20"": 20000000.0, ""mom3_max"": -0.06, ""prev_return_max"": -0.015}",,0.06,2.75,7,False,17726.707274939967,0.7726707274939966,0.2111730752121157,1.03536811914337,-0.18845064540731138,115,53,0.15272244355909695,7,False,-0.13177096880216946,12284.846919958716,0.22848469199587162,0.22748589127401675,1.4855995424769544,-0.06194341376815882,31,21,0.1225296442687747,7,False,-0.03510434600358671,15308.15348415057,0.5308153484150571,0.5360388155211602,2.029339036391861,-0.04190121759183418,42,17,0.168,7,False,-0.0285586827798689,0.2322212772462906,1.915770889261946,-0.022732651491619182,29,0.18498770891009175,0.7159854338075311,-0.18845064540731105,58,0.2140191119952406,1.3166273838593392,-0.10545572315994611,28,0.22848469199587162,1.4855995424769544,-0.06194341376815882,31,0.5308153484150571,2.029339036391861,-0.04190121759183418,42,33336.54827901609,2.333654827901609,0.2732602954322163,1.3151860235050743,-0.18845064540731138,188,91,0.14968152866242038,7,False,-0.13177096880216946,-0.45023142333358446,1.0,0.18498770891009175,0.6793055555555557
99,6335ea5e30c2,gap_down_reversal,"{""family"": ""gap_down_reversal"", ""gap_max"": -0.04, ""market_prev_return_max"": null, ""min_adv20"": 50000000.0, ""mom3_max"": -0.06, ""prev_return_max"": -0.015}",,0.06,2.5,5,False,18792.824393721326,0.8792824393721326,0.23507847382707747,1.0405600606044227,-0.2184742373160221,103,53,0.13678618857901725,5,False,-0.14920331267252573,12520.394739946953,0.2520394739946952,0.25092761354239435,1.503407563791522,-0.07849814060798566,29,21,0.11462450592885376,5,False,-0.044678258550019445,15432.375331183286,0.5432375331183286,0.5486035106660954,1.9267616405059294,-0.0531731243197312,37,17,0.148,5,False,-0.036347414447105875,0.2879014703826528,1.8460345879236906,-0.02893246553478812,27,0.16531057887594947,0.6434787328393903,-0.218474237316022,50,0.25218278119718995,1.2755012185185417,-0.13344192098438934,26,0.2520394739946952,1.503407563791522,-0.07849814060798566,29,0.5432375331183286,1.9267616405059294,-0.0531731243197312,37,36311.38834761287,2.6311388347612867,0.2952848503444172,1.2933921302281255,-0.2184742373160221,169,91,0.13455414012738853,5,False,-0.14920331267252573,-0.46284750318709933,1.0,0.16531057887594947,0.6792383512544803
100,b9ef33ec7968,gap_down_reversal,"{""family"": ""gap_down_reversal"", ""gap_max"": -0.04, ""market_prev_return_max"": null, ""min_adv20"": 50000000.0, ""mom3_max"": -0.06, ""prev_return_max"": -0.015}",,0.07,2.0,5,False,17195.849601224512,0.7195849601224513,0.1989116866640217,1.0502738498026545,-0.1735036934307983,103,53,0.13678618857901725,5,False,-0.11936265013802058,11987.84329877878,0.19878432987787797,0.1979255499963819,1.463200972374962,-0.06424859556159035,29,21,0.11462450592885376,5,False,-0.03574260684001555,15017.564907867873,0.5017564907867873,0.50664978463138,1.957435391368115,-0.04265475342395775,37,17,0.148,5,False,-0.0290779315576847,0.22203797895406452,1.7620272097698062,-0.023145972427830452,27,0.1706963989066057,0.7169537156781387,-0.17350369343079852,50,0.20197283420722223,1.3455527818723911,-0.10733179573419527,26,0.19878432987787797,1.463200972374962,-0.06424859556159035,29,0.5017564907867873,1.957435391368115,-0.04265475342395775,37,30957.38106447414,2.095738106447414,0.2544848801431938,1.309198990109525,-0.1735036934307983,169,91,0.13455414012738853,5,False,-0.11936265013802058,-0.41292712257230746,1.0,0.1706963989066057,0.6788687275985663
101,be957829cf82,relative_weakness_reversal,"{""family"": ""relative_weakness_reversal"", ""gap_max"": -0.04, ""market_prev_return_max"": 0.0, ""min_adv20"": 50000000.0, ""mom3_max"": -0.06, ""prev_return_percentile_max"": 0.1}",,0.1,1.5,5,False,15790.460754371112,0.5790460754371112,0.16518550512691332,1.1376902166836014,-0.08587333258356034,70,34,0.09296148738379814,5,False,-0.060894099200633524,11302.069255375602,0.1302069255375602,0.12966026664037855,1.328749642175269,-0.027352972841480194,16,12,0.06324110671936758,5,False,-0.02680695513001167,13451.40540555413,0.3451405405554129,0.3483349848560964,1.987906230901425,-0.02180844866826359,28,13,0.112,5,False,-0.021808448668263525,0.14634721416836105,1.6304874170525379,-0.006287794459815976,17,0.22496028843727123,1.1275450752808323,-0.08587333258355978,33,0.12449262902889502,1.0154477530752817,-0.08518246796895979,20,0.1302069255375602,1.328749642175269,-0.027352972841480194,16,0.3451405405554129,1.987906230901425,-0.02180844866826359,28,24006.03465256596,1.4006034652565957,0.19208254267422498,1.3432553319513216,-0.08587333258356034,114,59,0.09076433121019108,5,False,-0.060894099200633524,-0.19105942549166754,1.0,0.12449262902889502,0.678711917562724
102,19d502c0e628,gap_down_reversal,"{""family"": ""gap_down_reversal"", ""gap_max"": -0.04, ""market_prev_return_max"": null, ""min_adv20"": 20000000.0, ""mom3_max"": -0.06, ""prev_return_max"": -0.015}",,0.08,2.0,5,False,18060.99435790138,0.8060994357901381,0.21876931290693125,1.0653152993653248,-0.18056400256361183,104,53,0.13811420982735723,5,False,-0.11936265013802058,12031.73472977338,0.203173472977338,0.20229418128472232,1.433424087913162,-0.06424859556159046,29,21,0.11462450592885376,5,False,-0.03574260684001555,14768.671434498763,0.47686714344987635,0.48148125261753605,1.8372521955699137,-0.04265475342395775,37,17,0.148,5,False,-0.0290779315576847,0.22311367916117297,1.7365276213992296,-0.023145972427830563,27,0.17361660655030398,0.6892583363872149,-0.18056400256361171,51,0.2581968326168651,1.514391348661738,-0.10733179573419505,26,0.203173472977338,1.433424087913162,-0.06424859556159046,29,0.47686714344987635,1.8372521955699137,-0.04265475342395775,37,32093.075205970035,2.2093075205970036,0.2635860474121221,1.2792538142971344,-0.18056400256361183,170,91,0.13535031847133758,5,False,-0.11936265013802058,-0.36810878854783713,1.0,0.17361660655030398,0.6783691756272402
103,dcfadc640c21,relative_weakness_reversal,"{""family"": ""relative_weakness_reversal"", ""gap_max"": -0.04, ""market_prev_return_max"": 0.0, ""min_adv20"": 100000000.0, ""mom3_max"": -0.06, ""prev_return_percentile_max"": 0.15}",,0.1,2.5,5,False,20019.769063138432,1.001976906313843,0.2614983839729459,1.0454501792740074,-0.15890151146542286,73,34,0.09694555112881806,5,False,-0.10149016533438919,12204.59674619442,0.22045967461944205,0.2194989888271046,1.3287496421752687,-0.04539285237669788,16,12,0.06324110671936758,5,False,-0.044678258550019445,16111.571643466837,0.6111571643466838,0.6173164731847023,1.9858259092048363,-0.036347414447105875,30,14,0.12,5,False,-0.036347414447105875,0.24126385069756595,1.577859942044161,-0.01047965743302659,16,0.3095057271617643,0.9042231789621827,-0.15890151146542286,36,0.23165068749449347,1.2555561534785162,-0.13344192098438923,21,0.22045967461944205,1.3287496421752687,-0.04539285237669788,16,0.6111571643466838,1.9858259092048363,-0.036347414447105875,30,39365.91991491781,2.936591991491781,0.31644627055726127,1.2748223110269166,-0.15890151146542286,119,60,0.09474522292993631,5,False,-0.10149016533438919,-0.2832994629012613,1.0,0.22045967461944205,0.6781653225806452
104,f8bee66f0432,relative_weakness_reversal,"{""family"": ""relative_weakness_reversal"", ""gap_max"": -0.04, ""market_prev_return_max"": 0.0, ""min_adv20"": 50000000.0, ""mom3_max"": -0.06, ""prev_return_percentile_max"": 0.125}",,0.1,1.5,5,False,16168.676976540772,0.6168676976540772,0.17445203755940386,1.1350076643812,-0.0988516388297056,74,35,0.09827357237715803,5,False,-0.060894099200633524,11302.069255375602,0.1302069255375602,0.12966026664037855,1.328749642175269,-0.027352972841480194,16,12,0.06324110671936758,5,False,-0.02680695513001167,13828.27073338511,0.38282707333851107,0.3864174523223447,2.0279083085643776,-0.02180844866826359,29,13,0.116,5,False,-0.021808448668263525,0.14634721416836105,1.6304874170525379,-0.006287794459815976,17,0.2543007782309179,1.1603647585132821,-0.09885163882970494,37,0.12449262902889502,1.0154477530752817,-0.08518246796895979,20,0.1302069255375602,1.328749642175269,-0.027352972841480194,16,0.38282707333851107,2.0279083085643776,-0.02180844866826359,29,25269.713758820173,1.5269713758820171,0.2044159489333428,1.3489013816507347,-0.0988516388297056,119,60,0.09474522292993631,5,False,-0.060894099200633524,-0.193741977794069,1.0,0.12449262902889502,0.6771975806451612
105,eca474687407,relative_weakness_reversal,"{""family"": ""relative_weakness_reversal"", ""gap_max"": -0.04, ""market_prev_return_max"": 0.0, ""min_adv20"": 100000000.0, ""mom3_max"": -0.06, ""prev_return_percentile_max"": 0.1}",,0.1,2.5,7,False,17597.623458220587,0.7597623458220588,0.20821430969373367,1.0675597285371836,-0.12175238839134828,73,32,0.09694555112881806,7,False,-0.1034779866439873,11766.835891115988,0.17668358911159876,0.17592712732239502,1.335739805627349,-0.03252317807133298,18,12,0.07114624505928854,7,False,-0.03191304182144246,13786.219586294841,0.3786219586294841,0.3821677429151684,1.6436385606057502,-0.025962438890789974,32,13,0.128,7,False,-0.02596243889078991,0.19519134536987215,1.7529841822221297,-0.007485469595018834,18,0.296877438062328,1.0256734903199662,-0.12175238839134805,37,0.13531832089340345,1.0763108622146895,-0.10105022601359925,18,0.17668358911159876,1.335739805627349,-0.03252317807133298,18,0.3786219586294841,1.6436385606057502,-0.025962438890789974,32,28546.897053390498,1.8546897053390499,0.23424662032080912,1.2214440867189413,-0.12175238839134828,123,57,0.09792993630573249,7,False,-0.1034779866439873,-0.26818007709016545,1.0,0.13531832089340345,0.6770497311827957
106,88ea55f398f3,gap_down_reversal,"{""family"": ""gap_down_reversal"", ""gap_max"": -0.04, ""market_prev_return_max"": null, ""min_adv20"": 50000000.0, ""mom3_max"": -0.06, ""prev_return_max"": -0.015}",,,1.75,7,False,18335.14829588352,0.8335148295883519,0.2249295819646746,1.0597652545968304,-0.14763758790395987,114,53,0.15139442231075698,7,False,-0.08581638723634397,11622.810153226466,0.1622810153226466,0.16159035495370433,1.4439191522288313,-0.040403023542312955,31,21,0.1225296442687747,7,False,-0.022339129275009723,14518.683568439903,0.4518683568439903,0.4562054694611717,1.7973038225519404,-0.026768228366433555,42,17,0.168,7,False,-0.018173707223552937,0.1545543992796694,1.7928567236318145,-0.014466232767394227,29,0.266993603418348,0.9911780802626976,-0.11893463884391908,57,0.25341706773103745,1.1062259020619043,-0.14763758790395987,28,0.1622810153226466,1.4439191522288313,-0.040403023542312955,31,0.4518683568439903,1.7973038225519404,-0.026768228366433555,42,30940.17822287657,2.094017822287657,0.25434498301848363,1.2424206021103303,-0.14763758790395987,187,91,0.14888535031847133,7,False,-0.08581638723634397,-0.3841538976320009,1.0,0.1545543992796694,0.6770183691756272
107,b9ef33ec7968,gap_down_reversal,"{""family"": ""gap_down_reversal"", ""gap_max"": -0.04, ""market_prev_return_max"": null, ""min_adv20"": 50000000.0, ""mom3_max"": -0.06, ""prev_return_max"": -0.015}",,0.07,2.75,7,False,18169.93299525281,0.8169932995252809,0.22122457553695019,1.041463539143436,-0.1776012410733746,114,53,0.15139442231075698,7,False,-0.13177096880216946,12207.969099450147,0.22079690994501466,0.21983462661763475,1.4591591634062924,-0.06311983094342943,31,21,0.1225296442687747,7,False,-0.03510434600358671,15963.576165829729,0.5963576165829729,0.6023420509802231,2.092423549979114,-0.04190121759183418,42,17,0.168,7,False,-0.0285586827798689,0.22812066022516575,1.829988381711846,-0.022732651491619293,29,0.25924396775549385,0.8706545308083464,-0.1776012410733746,57,0.17490407275362996,1.2545716942795997,-0.10545572315994611,28,0.22079690994501466,1.4591591634062924,-0.06311983094342943,31,0.5963576165829729,2.092423549979114,-0.04190121759183418,42,35410.08227382653,2.541008227382653,0.28876920330437605,1.3287751180387783,-0.1776012410733746,187,91,0.14888535031847133,7,False,-0.13177096880216946,-0.41769562426285645,1.0,0.17490407275362996,0.6765546594982079
108,88ea55f398f3,gap_down_reversal,"{""family"": ""gap_down_reversal"", ""gap_max"": -0.04, ""market_prev_return_max"": null, ""min_adv20"": 50000000.0, ""mom3_max"": -0.06, ""prev_return_max"": -0.015}",,,1.75,5,False,20080.34952278269,1.008034952278269,0.2627746143775589,1.035748109226668,-0.20299759392185523,103,53,0.13678618857901725,5,False,-0.12014294213088154,12078.09727350185,0.20780972735018488,0.20690870061461508,1.4592514088546769,-0.05633309173067369,29,21,0.11462450592885376,5,False,-0.031274780985013614,15425.408030973578,0.5425408030973577,0.5478987661033108,1.6781751554326296,-0.03737377578380163,37,17,0.148,5,False,-0.025443190112974114,0.2115747977712341,1.731136817438743,-0.020252725874351563,27,0.20376521473017428,0.8070963341052116,-0.1537061745078282,50,0.37682659949664243,1.1384356103484037,-0.20299759392185523,26,0.20780972735018488,1.4592514088546769,-0.05633309173067369,29,0.5425408030973577,1.6781751554326296,-0.03737377578380163,37,37411.61459368018,2.741161459368018,0.30306554817422104,1.208977712681408,-0.20299759392185523,169,91,0.13455414012738853,5,False,-0.12014294213088154,-0.4235032996280088,1.0,0.20376521473017428,0.6763328853046595
109,e2bcffd2c8ea,relative_weakness_reversal,"{""family"": ""relative_weakness_reversal"", ""gap_max"": -0.04, ""market_prev_return_max"": 0.0, ""min_adv20"": 50000000.0, ""mom3_max"": -0.06, ""prev_return_percentile_max"": 0.1}",,0.09,3.0,5,False,22005.218945268527,1.2005218945268528,0.30205734787342897,1.098309170049995,-0.16858212926544558,70,34,0.09296148738379814,5,False,-0.12178819840126705,12384.847236703166,0.2384847236703167,0.2374381392221261,1.2653976850782702,-0.054354161436575676,16,12,0.06324110671936758,5,False,-0.05361391026002334,17190.154132095133,0.7190154132095132,0.7264818173502814,2.0151081903960226,-0.04361689733652707,28,13,0.112,5,False,-0.04361689733652705,0.2915969876715403,1.6485677054212022,-0.012575588919632175,17,0.4219526801975868,1.1096295176475994,-0.16858212926544525,33,0.1981564399944984,0.9006242031613244,-0.16721201570378763,20,0.2384847236703167,1.2653976850782702,-0.054354161436575676,16,0.7190154132095132,2.0151081903960226,-0.04361689733652707,28,46848.54623880483,3.684854623880483,0.3632214742737858,1.3133999828095344,-0.16858212926544558,114,59,0.09076433121019108,5,False,-0.12178819840126705,-0.16708851502827526,1.0,0.1981564399944984,0.6741151433691757
110,6335ea5e30c2,gap_down_reversal,"{""family"": ""gap_down_reversal"", ""gap_max"": -0.04, ""market_prev_return_max"": null, ""min_adv20"": 50000000.0, ""mom3_max"": -0.06, ""prev_return_max"": -0.015}",,0.06,1.75,7,False,14824.561102590145,0.4824561102590146,0.14083021679778196,1.0800033420165096,-0.11480414509145442,114,53,0.15139442231075698,7,False,-0.08385425287410783,11425.214928144487,0.1425214928144487,0.14191996392660866,1.4855995424769546,-0.039644490341336436,31,21,0.1225296442687747,7,False,-0.022339129275009723,13179.481848193744,0.31794818481937437,0.3208622338211782,2.0293390363918613,-0.026768228366433666,42,17,0.168,7,False,-0.018173707223552937,0.14370494009512647,1.9157708892619456,-0.014466232767394116,29,0.14251000395645397,0.80272834671972,-0.11480414509145465,57,0.13450871396083364,1.3166273838593396,-0.06762449009638771,28,0.1425214928144487,1.4855995424769546,-0.039644490341336436,31,0.31794818481937437,2.0293390363918613,-0.026768228366433666,42,22322.5888065004,1.2322588806500399,0.1748192178970185,1.3438154613104758,-0.11480414509145442,187,91,0.14888535031847133,7,False,-0.08385425287410783,-0.405596200460445,1.0,0.13450871396083364,0.6737500000000001
111,19d502c0e628,gap_down_reversal,"{""family"": ""gap_down_reversal"", ""gap_max"": -0.04, ""market_prev_return_max"": null, ""min_adv20"": 20000000.0, ""mom3_max"": -0.06, ""prev_return_max"": -0.015}",,0.08,2.25,7,False,17266.673194914933,0.7266673194914932,0.2005619489826045,1.0555936197026128,-0.15764172155932477,115,53,0.15272244355909695,7,False,-0.10781261083813864,11824.604957990348,0.18246049579903478,0.18167744552859832,1.4268775490620753,-0.051795121299513025,31,21,0.1225296442687747,7,False,-0.028721737639298216,14610.168235517225,0.46101682355172247,0.4654549040485334,1.995425630209151,-0.03434955061333789,42,17,0.168,7,False,-0.02336619500171092,0.18507215919638997,1.8033275942349738,-0.018599442129506594,29,0.2286221418688632,0.8526591564427707,-0.15764172155932477,58,0.185893083271633,1.448537828163645,-0.08661386414687655,28,0.18246049579903478,1.4268775490620753,-0.051795121299513025,31,0.46101682355172247,1.995425630209151,-0.03434955061333789,42,29829.812710490594,1.9829812710490593,0.24518084305510457,1.3017606199310314,-0.15764172155932477,188,91,0.14968152866242038,7,False,-0.10781261083813864,-0.37128392935946253,1.0,0.18246049579903478,0.6728942652329748
112,9654c0e2efca,relative_weakness_reversal,"{""family"": ""relative_weakness_reversal"", ""gap_max"": -0.04, ""market_prev_return_max"": 0.0, ""min_adv20"": 100000000.0, ""mom3_max"": -0.06, ""prev_return_percentile_max"": 0.125}",,0.1,2.75,7,False,18772.49801777283,0.877249801777283,0.23463125060395296,1.051108848311747,-0.14988277867695077,78,33,0.10358565737051793,7,False,-0.11382578530838604,11949.947249349165,0.19499472493491643,0.19415360418951955,1.3357398056273493,-0.03574807505427269,18,12,0.07114624505928854,7,False,-0.03510434600358671,14207.748782166167,0.42077487821661674,0.4247723277519351,1.6436385606057498,-0.02855868277986895,32,13,0.128,7,False,-0.0285586827798689,0.2160184885984855,1.7529841822221297,-0.00823401655452094,18,0.36574955529577036,1.072930598044744,-0.14988277867695066,41,0.13034448907820329,0.9654581155587638,-0.11090948527471345,19,0.19499472493491643,1.3357398056273493,-0.03574807505427269,18,0.42077487821661674,1.6436385606057498,-0.02855868277986895,32,31872.294140237802,2.18722941402378,0.261837152815553,1.2051921260197678,-0.14988277867695077,128,58,0.10191082802547771,7,False,-0.11382578530838604,-0.2846309573156023,1.0,0.13034448907820329,0.6725963261648744
113,b589ede4382e,relative_weakness_reversal,"{""family"": ""relative_weakness_reversal"", ""gap_max"": -0.04, ""market_prev_return_max"": 0.0, ""min_adv20"": 20000000.0, ""mom3_max"": -0.06, ""prev_return_percentile_max"": 0.1}",,0.1,2.75,7,False,18475.2933213692,0.8475293321369202,0.22805500570424164,1.0412063343669098,-0.16554273189976088,79,34,0.1049136786188579,7,False,-0.11382578530838604,11949.947249349165,0.19499472493491643,0.19415360418951955,1.3357398056273493,-0.03574807505427269,18,12,0.07114624505928854,7,False,-0.03510434600358671,14207.748782166167,0.42077487821661674,0.4247723277519351,1.6436385606057498,-0.02855868277986895,32,13,0.128,7,False,-0.0285586827798689,0.22346869502775757,1.8042835659964136,-0.00823401655452094,19,0.29883456360246363,0.9605772589326856,-0.16554273189976088,40,0.16263834793052268,1.0154477530752812,-0.11090948527471345,20,0.19499472493491643,1.3357398056273493,-0.03574807505427269,18,0.42077487821661674,1.6436385606057498,-0.02855868277986895,32,31367.694512917642,2.136769451291764,0.25780336107676716,1.2013082037149405,-0.16554273189976088,129,59,0.10270700636942676,7,False,-0.11382578530838604,-0.2945334712604395,1.0,0.16263834793052268,0.6723409498207886
114,1ea704ab34a6,relative_weakness_reversal,"{""family"": ""relative_weakness_reversal"", ""gap_max"": -0.04, ""market_prev_return_max"": 0.0, ""min_adv20"": 20000000.0, ""mom3_max"": -0.06, ""prev_return_percentile_max"": 0.15}",,0.1,2.75,5,False,21643.309570201058,1.164330957020106,0.29485123119579026,1.0409945044094298,-0.20540611674425835,78,36,0.10358565737051793,5,False,-0.11163918186782813,12434.121713964303,0.24341217139643034,0.24234192487033424,1.3287496421752685,-0.04987839279894757,16,12,0.06324110671936758,5,False,-0.04914608440502139,17680.29970188215,0.7680299701882152,0.7761086914888853,2.024902329484645,-0.03998215589181642,31,14,0.124,5,False,-0.03998215589181646,0.27799203981897724,1.6304874170525383,-0.011527623176329382,17,0.29901913890555365,0.8317694125373812,-0.20540611674425835,39,0.30370692627392826,1.2662003839251192,-0.1463885600569833,22,0.24341217139643034,1.3287496421752685,-0.04987839279894757,16,0.7680299701882152,2.024902329484645,-0.03998215589181642,31,47580.43498679045,3.7580434986790454,0.3674679762123698,1.2837139279289789,-0.20540611674425835,125,62,0.09952229299363058,5,False,-0.11163918186782813,-0.2877551377658387,1.0,0.24341217139643034,0.6722849462365592
115,f8bee66f0432,relative_weakness_reversal,"{""family"": ""relative_weakness_reversal"", ""gap_max"": -0.04, ""market_prev_return_max"": 0.0, ""min_adv20"": 50000000.0, ""mom3_max"": -0.06, ""prev_return_percentile_max"": 0.125}",,0.1,2.5,7,False,18184.69849439372,0.8184698494393721,0.22155660646358855,1.0642352740072674,-0.14657808172909426,83,35,0.1102257636122178,7,False,-0.1034779866439873,11766.835891115988,0.17668358911159876,0.17592712732239502,1.335739805627349,-0.03252317807133298,18,12,0.07114624505928854,7,False,-0.03191304182144246,14241.951930110099,0.42419519301100994,0.4282297386121683,1.7115612123576076,-0.025962438890789974,33,13,0.132,7,False,-0.02596243889078991,0.2018482583937906,1.8042835659964132,-0.007485469595018945,19,0.3380051536413209,1.0879733111424483,-0.14657808172909437,43,0.13083353765946848,0.9058355305244734,-0.10105022601359936,21,0.17668358911159876,1.335739805627349,-0.03252317807133298,18,0.42419519301100994,1.7115612123576076,-0.025962438890789974,33,30474.410747860962,2.047441074786096,0.2505334196056237,1.2293277127730824,-0.14657808172909426,134,60,0.10668789808917198,7,False,-0.1034779866439873,-0.2715045316200817,1.0,0.13083353765946848,0.6722379032258065
116,6335ea5e30c2,gap_down_reversal,"{""family"": ""gap_down_reversal"", ""gap_max"": -0.04, ""market_prev_return_max"": null, ""min_adv20"": 50000000.0, ""mom3_max"": -0.06, ""prev_return_max"": -0.015}",,0.06,2.25,5,False,17762.8978856904,0.7762897885690399,0.21200003593729178,1.040560060604423,-0.19688722841417095,103,53,0.13678618857901725,5,False,-0.13428298140527314,12255.093696036703,0.2255093696036703,0.22452472434347248,1.5034075637915219,-0.07079067776063064,29,21,0.11462450592885376,5,False,-0.0402104326950175,14810.97790924489,0.4810977909244889,0.48575911760404167,1.9267616405059294,-0.04792120241909947,37,17,0.148,5,False,-0.03271267300239529,0.25678585872416404,1.8460345879236908,-0.026039218981309342,27,0.15253608788544892,0.6434787328393904,-0.19688722841417072,50,0.2263035937146307,1.275501218518542,-0.12042299954346003,26,0.2255093696036703,1.5034075637915219,-0.07079067776063064,29,0.4810977909244889,1.9267616405059294,-0.04792120241909947,37,32241.422098628627,2.2241422098628627,0.2647557675570831,1.293392130228126,-0.19688722841417095,169,91,0.13455414012738853,5,False,-0.13428298140527314,-0.4628475031870989,1.0,0.15253608788544892,0.6721639784946236
117,4eb7508c4970,relative_weakness_reversal,"{""family"": ""relative_weakness_reversal"", ""gap_max"": -0.04, ""market_prev_return_max"": 0.0, ""min_adv20"": 50000000.0, ""mom3_max"": -0.06, ""prev_return_percentile_max"": 0.15}",,0.1,1.75,5,False,17124.88051540006,0.7124880515400058,0.19725349182278484,1.0860853217104982,-0.11481424197948031,77,36,0.10225763612217796,5,False,-0.07104311573407245,11525.269617998343,0.15252696179983438,0.1518804667349969,1.3287496421752687,-0.0318776004022171,16,12,0.06324110671936758,5,False,-0.031274780985013614,14502.80706234209,0.4502807062342089,0.4546003439982893,2.024902329484644,-0.025443190112974134,31,14,0.124,5,False,-0.025443190112974114,0.17196059437115396,1.6304874170525379,-0.0073357602031185465,17,0.22709481201912762,0.9219711554045157,-0.1148142419794802,38,0.1907934048622697,1.2662003839251192,-0.09416830955659472,22,0.15252696179983438,1.3287496421752687,-0.0318776004022171,16,0.4502807062342089,2.024902329484644,-0.025443190112974134,31,28624.025708906538,1.8624025708906538,0.23491496612372598,1.313102892678829,-0.11481424197948031,124,62,0.09872611464968153,5,False,-0.07104311573407245,-0.2426643204647705,1.0,0.15252696179983438,0.672027329749104
118,a44d390955fb,gap_down_reversal,"{""family"": ""gap_down_reversal"", ""gap_max"": -0.04, ""market_prev_return_max"": null, ""min_adv20"": 20000000.0, ""mom3_max"": -0.06, ""prev_return_max"": -0.015}",,0.06,2.5,7,False,16910.607277601233,0.6910607277601233,0.19221908088293493,1.0353681191433701,-0.1720211853096406,115,53,0.15272244355909695,7,False,-0.11979178982015405,12066.909523185634,0.20669095231856338,0.20579517688760696,1.4855995424769548,-0.05639289230149469,31,21,0.1225296442687747,7,False,-0.03191304182144246,14753.30814670978,0.47533081467097804,0.47992780139311964,2.029339036391861,-0.038129090728610815,42,17,0.168,7,False,-0.02596243889078991,0.20964406998862528,1.9157708892619456,-0.020666046810562944,29,0.17085338875263134,0.7159854338075313,-0.1720211853096406,58,0.193985591261004,1.3166273838593394,-0.09605323303308888,28,0.20669095231856338,1.4855995424769548,-0.05639289230149469,31,0.47533081467097804,2.029339036391861,-0.038129090728610815,42,30105.418843558065,2.0105418843558067,0.2474806099985618,1.3151860235050743,-0.1720211853096406,188,91,0.14968152866242038,7,False,-0.11979178982015405,-0.4502314233335847,1.0,0.17085338875263134,0.6718996415770608
119,3fb3e6fd7fd3,relative_weakness_reversal,"{""family"": ""relative_weakness_reversal"", ""gap_max"": -0.04, ""market_prev_return_max"": 0.0, ""min_adv20"": 20000000.0, ""mom3_max"": -0.06, ""prev_return_percentile_max"": 0.125}",,0.1,1.75,5,False,17034.099466888365,0.7034099466888366,0.19512571148339108,1.0886907134629757,-0.13399682281457492,75,35,0.099601593625498,5,False,-0.07104311573407245,11525.269617998343,0.15252696179983438,0.1518804667349969,1.3287496421752687,-0.0318776004022171,16,12,0.06324110671936758,5,False,-0.031274780985013614,14560.452087735148,0.45604520877351473,0.4604283619284919,2.0279083085643785,-0.025443190112974134,29,13,0.116,5,False,-0.025443190112974114,0.17196059437115396,1.6304874170525379,-0.0073357602031185465,17,0.2693289556334093,1.0660809089142147,-0.1339968228145748,38,0.14506985690943064,1.0154477530752817,-0.09907301205213448,20,0.15252696179983438,1.3287496421752687,-0.0318776004022171,16,0.45604520877351473,2.0279083085643785,-0.025443190112974134,29,28585.456516854956,1.8585456516854957,0.234580931259599,1.3190488390250472,-0.13399682281457492,120,60,0.09554140127388536,5,False,-0.07104311573407245,-0.24005892871229295,1.0,0.14506985690943064,0.6718122759856632
120,105819caefc2,gap_down_reversal,"{""family"": ""gap_down_reversal"", ""gap_max"": -0.04, ""market_prev_return_max"": null, ""min_adv20"": 20000000.0, ""mom3_max"": -0.06, ""prev_return_max"": -0.015}",,,2.5,5,False,24920.13497908088,1.4920134979080881,0.357407019749969,1.0050201960679968,-0.28217168832756134,104,53,0.13811420982735723,5,False,-0.17163277447268793,13028.747231610785,0.30287472316107844,0.3015129623165873,1.4592514088546773,-0.07998054269689603,29,21,0.11462450592885376,5,False,-0.044678258550019445,18228.89570244234,0.822889570244234,0.8316666706573939,1.6781751554326303,-0.053173124319731424,37,17,0.148,5,False,-0.036347414447105875,0.31066024086546973,1.731136817438743,-0.028932465534788232,27,0.23719449820926353,0.7241893948749428,-0.2440922167211219,51,0.5368174568823123,1.138435610348404,-0.28217168832756145,26,0.30287472316107844,1.4592514088546773,-0.07998054269689603,29,0.822889570244234,1.6781751554326303,-0.053173124319731424,37,59185.23943997217,4.918523943997217,0.428678593176139,1.1891372322907912,-0.28217168832756134,170,91,0.13535031847133758,5,False,-0.17163277447268793,-0.45423121278668055,1.0,0.23719449820926353,0.6717204301075268
121,b589ede4382e,relative_weakness_reversal,"{""family"": ""relative_weakness_reversal"", ""gap_max"": -0.04, ""market_prev_return_max"": 0.0, ""min_adv20"": 20000000.0, ""mom3_max"": -0.06, ""prev_return_percentile_max"": 0.1}",,0.1,1.75,5,False,16580.211988522246,0.6580211988522247,0.18437249550992396,1.0883426591125223,-0.11938515967236452,71,34,0.09428950863213811,5,False,-0.07104311573407245,11525.269617998343,0.15252696179983438,0.1518804667349969,1.3287496421752687,-0.0318776004022171,16,12,0.06324110671936758,5,False,-0.031274780985013614,14103.06216490726,0.4103062164907261,0.4141905394355203,1.987906230901426,-0.025443190112974134,28,13,0.112,5,False,-0.025443190112974114,0.17196059437115396,1.6304874170525379,-0.0073357602031185465,17,0.23550664996885273,1.0243300860954248,-0.11938515967236452,34,0.14506985690943064,1.0154477530752817,-0.09907301205213448,20,0.15252696179983438,1.3287496421752687,-0.0318776004022171,16,0.4103062164907261,1.987906230901426,-0.025443190112974134,28,26949.740836476234,1.6949740836476233,0.22007114823576468,1.3114751832498348,-0.11938515967236452,115,59,0.09156050955414012,5,False,-0.07104311573407245,-0.24040698306274644,1.0,0.14506985690943064,0.670956541218638
122,07295788b5ee,relative_weakness_reversal,"{""family"": ""relative_weakness_reversal"", ""gap_max"": -0.04, ""market_prev_return_max"": 0.0, ""min_adv20"": 50000000.0, ""mom3_max"": -0.06, ""prev_return_percentile_max"": 0.125}",,0.09,3.0,5,False,23115.16519808354,1.3115165198083543,0.3236777338745207,1.0964221615280352,-0.19243456045620344,74,35,0.09827357237715803,5,False,-0.12178819840126705,12384.847236703166,0.2384847236703167,0.2374381392221261,1.2653976850782702,-0.054354161436575676,16,12,0.06324110671936758,5,False,-0.05361391026002334,18020.76294810402,0.8020762948104021,0.8105868391063724,2.05179935217054,-0.04361689733652707,29,13,0.116,5,False,-0.04361689733652705,0.2915969876715403,1.6485677054212022,-0.012575588919632175,17,0.49367616783890966,1.1502245708484429,-0.19243456045620333,37,0.1981564399944984,0.9006242031613244,-0.16721201570378763,20,0.2384847236703167,1.2653976850782702,-0.054354161436575676,16,0.8020762948104021,2.05179935217054,-0.04361689733652707,29,51589.44187823162,4.158944187823162,0.3898439031609835,1.3164531641074275,-0.19243456045620344,119,60,0.09474522292993631,5,False,-0.12178819840126705,-0.16897552355023504,1.0,0.1981564399944984,0.6708355734767026
123,88ea55f398f3,gap_down_reversal,"{""family"": ""gap_down_reversal"", ""gap_max"": -0.04, ""market_prev_return_max"": null, ""min_adv20"": 50000000.0, ""mom3_max"": -0.06, ""prev_return_max"": -0.015}",,,3.0,10,False,21303.646711221772,1.130364671122177,0.28801477315622503,1.006622115427573,-0.17557779975900145,129,53,0.17131474103585656,10,False,-0.1204072889115863,12402.305557351401,0.24023055573514007,0.23917559643866992,1.3918432769044393,-0.04838456772424771,34,21,0.13438735177865613,10,False,-0.02680695513001167,15190.32436104979,0.519032436104979,0.5241214803335725,1.4702813728991162,-0.050675004826893466,48,17,0.192,10,False,-0.05067500482689337,0.1969356818709591,1.8588690054155361,-0.017359479320872784,32,0.42511250021269587,1.0369370048698017,-0.16078416888159386,66,0.24891818136663502,0.982616027644987,-0.17557779975900123,31,0.24023055573514007,1.3918432769044393,-0.04838456772424771,34,0.519032436104979,1.4702813728991162,-0.050675004826893466,48,40135.01464655647,3.013501464655647,0.3215667241871729,1.1401144279095292,-0.17557779975900145,211,91,0.1679936305732484,10,False,-0.1204072889115863,-0.38522116147686636,1.0,0.1969356818709591,0.6706518817204301
124,1ea704ab34a6,relative_weakness_reversal,"{""family"": ""relative_weakness_reversal"", ""gap_max"": -0.04, ""market_prev_return_max"": 0.0, ""min_adv20"": 20000000.0, ""mom3_max"": -0.06, ""prev_return_percentile_max"": 0.15}",,0.1,2.5,5,False,20351.775240470382,1.0351775240470382,0.2684614206354654,1.04099450440943,-0.1879005644729852,78,36,0.10358565737051793,5,False,-0.10149016533438919,12204.59674619442,0.22045967461944205,0.2194989888271046,1.3287496421752687,-0.04539285237669788,16,12,0.06324110671936758,5,False,-0.044678258550019445,16841.016977036597,0.6841016977036598,0.6911388250915536,2.0249023294846444,-0.036347414447105875,31,14,0.124,5,False,-0.036347414447105875,0.2509427859878639,1.6304874170525379,-0.010479657433026812,17,0.27571818061709985,0.8317694125373811,-0.18790056447298542,39,0.2752933820803847,1.266200383925119,-0.13344192098438934,22,0.22045967461944205,1.3287496421752687,-0.04539285237669788,16,0.6841016977036598,2.0249023294846444,-0.036347414447105875,31,41830.595364191424,3.183059536419142,0.33258421707764096,1.283713927928979,-0.1879005644729852,125,62,0.09952229299363058,5,False,-0.10149016533438919,-0.2877551377658387,1.0,0.22045967461944205,0.670548835125448
125,eca474687407,relative_weakness_reversal,"{""family"": ""relative_weakness_reversal"", ""gap_max"": -0.04, ""market_prev_return_max"": 0.0, ""min_adv20"": 100000000.0, ""mom3_max"": -0.06, ""prev_return_percentile_max"": 0.1}",,0.1,1.5,5,False,15517.636365231949,0.5517636365231948,0.15840905577020403,1.1263888588735995,-0.08518246796895967,65,32,0.08632138114209828,5,False,-0.060894099200633524,11302.069255375602,0.1302069255375602,0.12966026664037855,1.328749642175269,-0.027352972841480194,16,12,0.06324110671936758,5,False,-0.02680695513001167,13451.40540555413,0.3451405405554129,0.3483349848560964,1.987906230901425,-0.02180844866826359,28,13,0.112,5,False,-0.021808448668263525,0.14100890450303138,1.5778599420441608,-0.006287794459815865,16,0.2211702265357729,1.1058223576070987,-0.07693549013698464,31,0.1136797671911578,1.0763108622146895,-0.08518246796895956,18,0.1302069255375602,1.328749642175269,-0.027352972841480194,16,0.3451405405554129,1.987906230901425,-0.02180844866826359,28,23591.263238253225,1.3591263238253224,0.18792127526541824,1.340968186485431,-0.08518246796895967,109,57,0.08678343949044585,5,False,-0.060894099200633524,-0.2023607833016694,1.0,0.1136797671911578,0.6703113799283155
126,eca474687407,relative_weakness_reversal,"{""family"": ""relative_weakness_reversal"", ""gap_max"": -0.04, ""market_prev_return_max"": 0.0, ""min_adv20"": 100000000.0, ""mom3_max"": -0.06, ""prev_return_percentile_max"": 0.1}",,0.1,2.25,7,False,16705.312523739463,0.6705312523739464,0.18735565210263072,1.0675597285371832,-0.109742271632424,73,32,0.09694555112881806,7,False,-0.09313018797958857,11584.841102884293,0.15848411028842935,0.15781068033170942,1.3357398056273495,-0.02929329548399484,18,12,0.07114624505928854,7,False,-0.028721737639298216,13372.718261768901,0.3372718261768901,0.3403846710140015,1.64363856060575,-0.023366195001710888,32,13,0.128,7,False,-0.02336619500171092,0.17460692345479756,1.7529841822221297,-0.006736922635517284,18,0.2677893057738321,1.0256734903199662,-0.10974227163242378,37,0.12179878282032752,1.0763108622146897,-0.09114628250880374,18,0.15848411028842935,1.3357398056273495,-0.02929329548399484,18,0.3372718261768901,1.64363856060575,-0.023366195001710888,32,25880.00650656745,1.588000650656745,0.21019655098324352,1.2214440867189411,-0.109742271632424,123,57,0.09792993630573249,7,False,-0.09313018797958857,-0.26818007709016634,1.0,0.12179878282032752,0.6697132616487456
127,105819caefc2,gap_down_reversal,"{""family"": ""gap_down_reversal"", ""gap_max"": -0.04, ""market_prev_return_max"": null, ""min_adv20"": 20000000.0, ""mom3_max"": -0.06, ""prev_return_max"": -0.015}",,,2.75,5,False,26803.84746784251,1.680384746784251,0.3909164203340061,1.0050201960679968,-0.30754702979193405,104,53,0.13811420982735723,5,False,-0.18879605191995671,13353.259831837842,0.33532598318378426,0.33380059626634995,1.4592514088546769,-0.08779698600128549,29,21,0.11462450592885376,5,False,-0.04914608440502139,19231.15654424393,0.9231156544243933,0.9332029372594888,1.6781751554326296,-0.058410520676357325,37,17,0.148,5,False,-0.03998215589181646,0.34484621785683833,1.7311368174387434,-0.03182571208826701,27,0.25439984174149255,0.7241893948749429,-0.2676989731841717,51,0.5888705718379788,1.1384356103484041,-0.30754702979193416,26,0.33532598318378426,1.4592514088546769,-0.08779698600128549,29,0.9231156544243933,1.6781751554326296,-0.058410520676357325,37,68831.91313886322,5.883191313886322,0.4726230442836121,1.1891372322907918,-0.30754702979193405,170,91,0.13535031847133758,5,False,-0.18879605191995671,-0.4542312127866801,1.0,0.25439984174149255,0.669679659498208
128,3ab676842d5e,gap_down_reversal,"{""family"": ""gap_down_reversal"", ""gap_max"": -0.04, ""market_prev_return_max"": null, ""min_adv20"": 50000000.0, ""mom3_max"": -0.06, ""prev_return_max"": -0.015}",,0.08,1.75,7,False,15666.164148781878,0.5666164148781878,0.16210794983143328,1.094597705631235,-0.11480414509145453,114,53,0.15139442231075698,7,False,-0.08385425287410783,11406.21070681456,0.1406210706814559,0.14002804372389877,1.4268775490620755,-0.04040302354231273,31,21,0.1225296442687747,7,False,-0.022339129275009723,13471.487108873964,0.3471487108873963,0.3503640398232186,1.995425630209151,-0.026768228366433777,42,17,0.168,7,False,-0.018173707223552937,0.14206135556886612,1.8033275942349736,-0.014466232767394338,29,0.1998218820518476,0.9258368138048996,-0.11480414509145465,57,0.14329014021920816,1.4485378281636452,-0.06762449009638771,28,0.1406210706814559,1.4268775490620755,-0.04040302354231273,31,0.3471487108873963,1.995425630209151,-0.026768228366433777,42,24072.411715963037,1.4072411715963038,0.1927431378768596,1.327059429070069,-0.11480414509145453,187,91,0.14888535031847133,7,False,-0.08385425287410783,-0.3322798434308405,1.0,0.1406210706814559,0.6695206093189964
129,105819caefc2,gap_down_reversal,"{""family"": ""gap_down_reversal"", ""gap_max"": -0.04, ""market_prev_return_max"": null, ""min_adv20"": 20000000.0, ""mom3_max"": -0.06, ""prev_return_max"": -0.015}",,,2.0,7,False,19457.015897401936,0.9457015897401937,0.2495183659705491,1.0335251210591079,-0.1676481486935143,115,53,0.15272244355909695,7,False,-0.09807587112725025,11864.72331211144,0.18647233121114404,0.18567075091724328,1.4439191522288315,-0.04610749593507357,31,21,0.1225296442687747,7,False,-0.02553043345715397,15261.995111056776,0.5261995111056776,0.5313702316595503,1.7973038225519402,-0.03056259668096284,42,17,0.168,7,False,-0.02076995111263193,0.1778933512943035,1.792856723631814,-0.016532837448450355,29,0.2808034858361492,0.9320471922493954,-0.15063670891017245,58,0.2896972163527527,1.106225902061905,-0.1676481486935142,28,0.18647233121114404,1.4439191522288315,-0.04610749593507357,31,0.5261995111056776,1.7973038225519402,-0.03056259668096284,42,35232.63775754286,2.523263775754286,0.2874708488407558,1.2252138039355482,-0.1676481486935143,188,91,0.14968152866242038,7,False,-0.09807587112725025,-0.4103940311697236,1.0,0.1778933512943035,0.6694220430107528
130,dcfadc640c21,relative_weakness_reversal,"{""family"": ""relative_weakness_reversal"", ""gap_max"": -0.04, ""market_prev_return_max"": 0.0, ""min_adv20"": 100000000.0, ""mom3_max"": -0.06, ""prev_return_percentile_max"": 0.15}",,0.1,2.25,5,False,18816.612108164063,0.8816612108164064,0.23560144529010651,1.0454501792740074,-0.1432410039832147,73,34,0.09694555112881806,5,False,-0.09134114880095028,11976.5805272417,0.19765805272417003,0.19680452609734167,1.3287496421752687,-0.04089754016982605,16,12,0.06324110671936758,5,False,-0.0402104326950175,15399.87219247354,0.539987219247354,0.5453158299506455,1.9858259092048358,-0.03271267300239533,30,14,0.12,5,False,-0.03271267300239529,0.21572422200770935,1.5778599420441612,-0.00943169168972402,16,0.281264667359834,0.9042231789621827,-0.14324100398321482,36,0.2080016086870593,1.255556153478516,-0.12042299954346003,21,0.19765805272417003,1.3287496421752687,-0.04089754016982605,16,0.539987219247354,1.9858259092048358,-0.03271267300239533,30,34704.94717980591,2.470494717980591,0.28357862370464537,1.2748223110269168,-0.1432410039832147,119,60,0.09474522292993631,5,False,-0.09134114880095028,-0.2832994629012613,1.0,0.19765805272417003,0.6692002688172044
131,105819caefc2,gap_down_reversal,"{""family"": ""gap_down_reversal"", ""gap_max"": -0.04, ""market_prev_return_max"": null, ""min_adv20"": 20000000.0, ""mom3_max"": -0.06, ""prev_return_max"": -0.015}",,,3.0,5,False,28739.654799058295,1.8739654799058294,0.4237576011350177,1.0050201960679968,-0.33242056259925357,104,53,0.13811420982735723,5,False,-0.2059593293672255,13681.485913395687,0.3681485913395688,0.36645455121017223,1.4592514088546769,-0.09558040913016541,29,21,0.11462450592885376,5,False,-0.05361391026002334,20268.17736288432,1.0268177362884319,1.038305205661545,1.6781751554326299,-0.0636333930394809,37,17,0.148,5,False,-0.04361689733652705,0.37961900952906347,1.7311368174387434,-0.03471895864174579,27,0.2702070791068585,0.7241893948749429,-0.2910663921768354,51,0.6400151077290823,1.138435610348404,-0.33242056259925357,26,0.3681485913395688,1.4592514088546769,-0.09558040913016541,29,1.0268177362884319,1.6781751554326299,-0.0636333930394809,37,79694.7130193272,6.96947130193272,0.5165616205141983,1.1891372322907914,-0.33242056259925357,170,91,0.13535031847133758,5,False,-0.2059593293672255,-0.4542312127866801,1.0,0.2702070791068585,0.6684834229390679
132,105819caefc2,gap_down_reversal,"{""family"": ""gap_down_reversal"", ""gap_max"": -0.04, ""market_prev_return_max"": null, ""min_adv20"": 20000000.0, ""mom3_max"": -0.06, ""prev_return_max"": -0.015}",,,2.25,5,False,23095.359581437628,1.309535958143763,0.3232980667201617,1.0050201960679965,-0.25629081639910856,104,53,0.13811420982735723,5,False,-0.15446949702541915,12708.010407750466,0.2708010407750465,0.26959787860469486,1.4592514088546773,-0.07213107921699768,29,21,0.11462450592885376,5,False,-0.0402104326950175,17260.871622595263,0.7260871622595264,0.7336412193347444,1.6781751554326296,-0.04792120241909936,37,17,0.148,5,False,-0.03271267300239529,0.2770562532114098,1.7311368174387434,-0.026039218981309342,27,0.21863853422590274,0.7241893948749427,-0.22026648166763008,51,0.4840201357777214,1.1384356103484037,-0.25629081639910845,26,0.2708010407750465,1.4592514088546773,-0.07213107921699768,29,0.7260871622595264,1.6781751554326296,-0.04792120241909936,37,50659.97984826433,4.065997984826433,0.38478335196759517,1.1891372322907914,-0.25629081639910856,170,91,0.13535031847133758,5,False,-0.15446949702541915,-0.45423121278668077,1.0,0.21863853422590274,0.6682795698924732
133,b9ef33ec7968,gap_down_reversal,"{""family"": ""gap_down_reversal"", ""gap_max"": -0.04, ""market_prev_return_max"": null, ""min_adv20"": 50000000.0, ""mom3_max"": -0.06, ""prev_return_max"": -0.015}",,0.07,2.5,7,False,17299.28976776865,0.7299289767768649,0.2013204341314332,1.041463539143436,-0.1620907588931325,114,53,0.15139442231075698,7,False,-0.11979178982015405,11998.071879133005,0.19980718791330054,0.19894363354408107,1.4591591634062926,-0.05746589963563187,31,21,0.1225296442687747,7,False,-0.03191304182144246,15330.127259071636,0.5330127259071635,0.5382613426902663,2.092423549979114,-0.038129090728610704,42,17,0.168,7,False,-0.02596243889078991,0.2060161508416707,1.8299883817118463,-0.020666046810562833,29,0.23794638358394038,0.8706545308083463,-0.16209075889313296,57,0.158706155081636,1.2545716942796,-0.09605323303308877,28,0.19980718791330054,1.4591591634062926,-0.05746589963563187,31,0.5330127259071635,2.092423549979114,-0.038129090728610704,42,31818.92425318742,2.181892425318742,0.2614129358599486,1.3287751180387781,-0.1620907588931325,187,91,0.14888535031847133,7,False,-0.11979178982015405,-0.41769562426285667,1.0,0.158706155081636,0.6673543906810036
134,be957829cf82,relative_weakness_reversal,"{""family"": ""relative_weakness_reversal"", ""gap_max"": -0.04, ""market_prev_return_max"": 0.0, ""min_adv20"": 50000000.0, ""mom3_max"": -0.06, ""prev_return_percentile_max"": 0.1}",,0.1,2.0,7,False,16109.428471501977,0.6109428471501976,0.17301000874762362,1.082688893756958,-0.1060157038332954,78,34,0.10358565737051793,7,False,-0.08278238931518984,11403.981109983335,0.14039811099833344,0.13980608068068134,1.3357398056273493,-0.02605842729225749,18,12,0.07114624505928854,7,False,-0.02553043345715397,12967.170324540235,0.2967170324540236,0.29941530304447905,1.6436385606057504,-0.020769951112631913,32,13,0.128,7,False,-0.02076995111263193,0.15940674530347465,1.8042835659964136,-0.0059883756760152895,19,0.24213762941344097,1.0416576122758332,-0.10601570383329528,39,0.1185994245855917,1.0154477530752812,-0.08119765476032736,20,0.14039811099833344,1.3357398056273493,-0.02605842729225749,18,0.2967170324540236,1.6436385606057504,-0.020769951112631913,32,23822.198409647444,1.3822198409647446,0.19024532217136048,1.2280885093596836,-0.1060157038332954,128,59,0.10191082802547771,7,False,-0.08278238931518984,-0.2530509118703912,1.0,0.1185994245855917,0.666861559139785
135,3fb3e6fd7fd3,relative_weakness_reversal,"{""family"": ""relative_weakness_reversal"", ""gap_max"": -0.04, ""market_prev_return_max"": 0.0, ""min_adv20"": 20000000.0, ""mom3_max"": -0.06, ""prev_return_percentile_max"": 0.125}",,0.1,3.0,7,False,19685.720784183046,0.9685720784183045,0.25441454059796786,1.0247815914428404,-0.19659981787925662,84,35,0.11155378486055777,7,False,-0.12417358397278476,12134.156525631322,0.21341565256313233,0.21248825142594385,1.3357398056273495,-0.03896798643281307,18,12,0.07114624505928854,7,False,-0.03829565018573095,15211.6471262735,0.52116471262735,0.5262780278465027,1.7115612123576074,-0.031154926668947924,33,13,0.132,7,False,-0.031154926668947893,0.24535833288493492,1.8042835659964134,-0.008982563514023045,19,0.3673214245353673,1.0114386985987338,-0.19659981787925684,44,0.1560759619486558,0.9058355305244737,-0.120724060292147,21,0.21341565256313233,1.3357398056273495,-0.03896798643281307,18,0.52116471262735,1.7115612123576074,-0.031154926668947924,33,36336.00327786067,2.633600327786067,0.2954609726279167,1.2038141601416483,-0.19659981787925662,135,60,0.10748407643312102,7,False,-0.12417358397278476,-0.3109582141845091,1.0,0.1560759619486558,0.6663575268817206
136,f8bee66f0432,relative_weakness_reversal,"{""family"": ""relative_weakness_reversal"", ""gap_max"": -0.04, ""market_prev_return_max"": 0.0, ""min_adv20"": 50000000.0, ""mom3_max"": -0.06, ""prev_return_percentile_max"": 0.125}",,0.1,2.25,7,False,17216.37632798493,0.721637632798493,0.19939044509999526,1.0642352740072671,-0.13238993742389327,83,35,0.1102257636122178,7,False,-0.09313018797958857,11584.841102884293,0.15848411028842935,0.15781068033170942,1.3357398056273495,-0.02929329548399484,18,12,0.07114624505928854,7,False,-0.028721737639298216,13772.79603139943,0.377279603139943,0.38081117373914997,1.7115612123576078,-0.023366195001710888,33,13,0.132,7,False,-0.02336619500171092,0.18049496016232625,1.8042835659964136,-0.006736922635517173,19,0.3043892680185152,1.087973311142448,-0.1323899374238935,43,0.11807359985171395,0.9058355305244734,-0.09114628250880386,21,0.15848411028842935,1.3357398056273495,-0.02929329548399484,18,0.377279603139943,1.7115612123576078,-0.023366195001710888,33,27469.70177053253,1.746970177053253,0.22475808118927154,1.2293277127730826,-0.13238993742389327,134,60,0.10668789808917198,7,False,-0.09313018797958857,-0.27150453162008237,1.0,0.11807359985171395,0.6662813620071685
137,9654c0e2efca,relative_weakness_reversal,"{""family"": ""relative_weakness_reversal"", ""gap_max"": -0.04, ""market_prev_return_max"": 0.0, ""min_adv20"": 100000000.0, ""mom3_max"": -0.06, ""prev_return_percentile_max"": 0.125}",,0.1,1.75,5,False,16820.87913432503,0.6820879134325031,0.19009828294612396,1.0955315751764307,-0.1047004080657753,70,33,0.09296148738379814,5,False,-0.07104311573407245,11525.269617998343,0.15252696179983438,0.1518804667349969,1.3287496421752687,-0.0318776004022171,16,12,0.06324110671936758,5,False,-0.031274780985013614,14103.06216490726,0.4103062164907261,0.4141905394355203,1.987906230901426,-0.025443190112974134,28,13,0.112,5,False,-0.025443190112974114,0.1655983485932555,1.577859942044161,-0.0073357602031186575,16,0.2926965104600645,1.1407962718189644,-0.1047004080657753,35,0.11635723232866413,0.9654581155587639,-0.09907301205213448,19,0.15252696179983438,1.3287496421752687,-0.0318776004022171,16,0.4103062164907261,1.987906230901426,-0.025443190112974134,28,27340.925051233524,1.7340925051233524,0.22360393747639118,1.3120415715907399,-0.1047004080657753,114,58,0.09076433121019108,5,False,-0.07104311573407245,-0.23321806699883796,1.0,0.11635723232866413,0.665459229390681
138,88ea55f398f3,gap_down_reversal,"{""family"": ""gap_down_reversal"", ""gap_max"": -0.04, ""market_prev_return_max"": null, ""min_adv20"": 50000000.0, ""mom3_max"": -0.06, ""prev_return_max"": -0.015}",,,2.75,10,False,20157.2240686051,1.01572240686051,0.2643904248467557,1.0066221154275727,-0.16167297865594332,129,53,0.17131474103585656,10,False,-0.1103733481689541,12192.696369356923,0.21926963693569235,0.2183145856030746,1.3918432769044395,-0.044397923155218844,34,21,0.13438735177865613,10,False,-0.024573042202510696,14714.377368989562,0.4714377368989562,0.4759913930912718,1.4702813728991164,-0.04645208775798548,48,17,0.192,10,False,-0.04645208775798558,0.17955631697229846,1.858869005415536,-0.015912856044133505,32,0.3907236357686914,1.0369370048698012,-0.1478263265521116,66,0.2287717184528033,0.9826160276449866,-0.16167297865594343,31,0.21926963693569235,1.3918432769044395,-0.044397923155218844,34,0.4714377368989562,1.4702813728991164,-0.04645208775798548,48,36163.659560476925,2.6163659560476926,0.2942258263361319,1.1401144279095292,-0.16167297865594332,211,91,0.1679936305732484,10,False,-0.1103733481689541,-0.3852211614768668,1.0,0.17955631697229846,0.6649417562724015
139,e2bcffd2c8ea,relative_weakness_reversal,"{""family"": ""relative_weakness_reversal"", ""gap_max"": -0.04, ""market_prev_return_max"": 0.0, ""min_adv20"": 50000000.0, ""mom3_max"": -0.06, ""prev_return_percentile_max"": 0.1}",,0.09,2.75,5,False,20757.949950058588,1.0757949950058587,0.27687793194300236,1.0983091700499952,-0.1550186619688213,70,34,0.09296148738379814,5,False,-0.11163918186782813,12180.267273016185,0.21802672730161854,0.21707755588272892,1.26539768507827,-0.04987839279894768,16,12,0.06324110671936758,5,False,-0.04914608440502139,16475.607081473332,0.6475607081473331,0.6541548306522293,2.015108190396022,-0.03998215589181642,28,13,0.112,5,False,-0.03998215589181646,0.26547591612671995,1.6485677054212031,-0.011527623176329493,17,0.38711381346175444,1.1096295176475997,-0.15501866196882141,33,0.18254718751694488,0.9006242031613245,-0.1537593772086865,20,0.21802672730161854,1.26539768507827,-0.04987839279894768,16,0.6475607081473331,2.015108190396022,-0.03998215589181642,28,41656.493025489304,3.16564930254893,0.33146956383635096,1.3133999828095344,-0.1550186619688213,114,59,0.09076433121019108,5,False,-0.11163918186782813,-0.16708851502827482,1.0,0.18254718751694488,0.6645340501792114
140,19d502c0e628,gap_down_reversal,"{""family"": ""gap_down_reversal"", ""gap_max"": -0.04, ""market_prev_return_max"": null, ""min_adv20"": 20000000.0, ""mom3_max"": -0.06, ""prev_return_max"": -0.015}",,0.08,1.75,5,False,16883.07785112113,0.6883077851121129,0.19156919823616136,1.065315299365325,-0.1589045929710191,104,53,0.13811420982735723,5,False,-0.10444231887076802,11767.906163142561,0.17679061631425608,0.17603366294020462,1.4334240879131621,-0.05633309173067369,29,21,0.11462450592885376,5,False,-0.031274780985013614,14100.660080094269,0.41006600800942694,0.4139477425670568,1.837252195569914,-0.037373775783801855,37,17,0.148,5,False,-0.025443190112974114,0.19357803945909202,1.7365276213992296,-0.020252725874351785,27,0.15536565215733633,0.6892583363872148,-0.15890459297101922,51,0.2242816810072683,1.5143913486617382,-0.09416830955659483,26,0.17679061631425608,1.4334240879131621,-0.05633309173067369,29,0.41006600800942694,1.837252195569914,-0.037373775783801855,37,28014.97653855138,1.801497653855138,0.22959762196912892,1.2792538142971348,-0.1589045929710191,170,91,0.13535031847133758,5,False,-0.10444231887076802,-0.36810878854783713,1.0,0.15536565215733633,0.6643279569892474
141,cbda221d6d0a,gap_down_reversal,"{""family"": ""gap_down_reversal"", ""gap_max"": -0.04, ""market_prev_return_max"": null, ""min_adv20"": 50000000.0, ""mom3_max"": -0.06, ""prev_return_max"": -0.03}",,0.06,2.75,5,False,18017.17136683483,0.8017171366834832,0.2177788497581834,0.9837657505154561,-0.2611883973572843,84,44,0.11155378486055777,5,False,-0.16412364393977832,12945.479627972509,0.29454796279725093,0.2932276778839149,1.68144990096021,-0.04987839279894746,22,17,0.08695652173913043,5,False,-0.04181787993157447,15287.287568066782,0.5287287568066783,0.5339283658389373,1.8466736702636224,-0.058410520676357214,33,15,0.132,5,False,-0.03998215589181646,0.3274155618836716,2.135378034397282,-0.011527623176329493,22,0.13274047421287505,0.5602626687504573,-0.2505026918670652,41,0.19825509927715812,1.0050424286913942,-0.1538221935968449,21,0.29454796279725093,1.68144990096021,-0.04987839279894746,22,0.5287287568066783,1.8466736702636224,-0.058410520676357214,33,35656.21091329048,2.565621091329048,0.2905615337796239,1.27192776025136,-0.2611883973572843,139,76,0.1106687898089172,5,False,-0.16412364393977832,-0.6976841504447538,1.0,0.13274047421287505,0.6634946236559139
142,cbda221d6d0a,gap_down_reversal,"{""family"": ""gap_down_reversal"", ""gap_max"": -0.04, ""market_prev_return_max"": null, ""min_adv20"": 50000000.0, ""mom3_max"": -0.06, ""prev_return_max"": -0.03}",,0.06,3.0,5,False,18865.274268506666,0.8865274268506667,0.23666991118915992,0.9837657505154561,-0.28307441158818825,84,44,0.11155378486055777,5,False,-0.1790439752070309,13237.101021351733,0.32371010213517337,0.3222436452886257,1.6814499009602097,-0.054354161436575565,22,17,0.08695652173913043,5,False,-0.04561950537989943,15847.104496497055,0.5847104496497055,0.5905580391945726,1.8466736702636226,-0.06363339303948079,33,15,0.132,5,False,-0.04361689733652705,0.3608753449225006,2.135378034397283,-0.012575588919631953,22,0.14026742717824137,0.5602626687504577,-0.27175137602332977,41,0.21573259020030267,1.005042428691394,-0.16727976038859094,21,0.32371010213517337,1.6814499009602097,-0.054354161436575565,22,0.5847104496497055,1.8466736702636226,-0.06363339303948079,33,39573.633598129636,2.9573633598129634,0.3178370068219183,1.27192776025136,-0.28307441158818825,139,76,0.1106687898089172,5,False,-0.1790439752070309,-0.6976841504447536,1.0,0.14026742717824137,0.6630645161290323
143,a44d390955fb,gap_down_reversal,"{""family"": ""gap_down_reversal"", ""gap_max"": -0.04, ""market_prev_return_max"": null, ""min_adv20"": 20000000.0, ""mom3_max"": -0.06, ""prev_return_max"": -0.015}",,0.06,2.25,7,False,16116.514065644214,0.6116514065644214,0.1731826481350216,1.03536811914337,-0.1554499811384633,115,53,0.15272244355909695,7,False,-0.10781261083813864,11850.983468048007,0.18509834680480064,0.18430311874246907,1.485599542476955,-0.050826231241469455,31,21,0.1225296442687747,7,False,-0.028721737639298216,14213.773866217958,0.4213773866217958,0.42538136601846266,2.0293390363918613,-0.034349550613337776,42,17,0.168,7,False,-0.02336619500171092,0.18736718699784793,1.9157708892619456,-0.018599442129506594,29,0.15610841402784192,0.7159854338075318,-0.1554499811384633,58,0.17405247017485426,1.31662738385934,-0.08661386414687655,28,0.18509834680480064,1.485599542476955,-0.050826231241469455,31,0.4213773866217958,2.0293390363918613,-0.034349550613337776,42,27147.81653728299,1.714781653728299,0.22186505812156976,1.3151860235050747,-0.1554499811384633,188,91,0.14968152866242038,7,False,-0.10781261083813864,-0.4502314233335851,1.0,0.15610841402784192,0.6628808243727599
144,3ab676842d5e,gap_down_reversal,"{""family"": ""gap_down_reversal"", ""gap_max"": -0.04, ""market_prev_return_max"": null, ""min_adv20"": 50000000.0, ""mom3_max"": -0.06, ""prev_return_max"": -0.015}",,0.08,1.25,5,False,14902.68892616736,0.490268892616736,0.14283880359320245,1.1110110924848435,-0.10586412640104814,103,53,0.13678618857901725,5,False,-0.07460165633626287,11248.48151105558,0.12484815110555791,0.12432520475357989,1.433424087913162,-0.040403023542312844,29,21,0.11462450592885376,5,False,-0.022339129275009723,12828.125557850773,0.28281255578507736,0.2853710305505335,1.8372521955699135,-0.026768228366433777,37,17,0.148,5,False,-0.018173707223552937,0.13593663335694028,1.7365276213992293,-0.014466232767394338,27,0.13311910062384724,0.7790818977171573,-0.10586412640104848,50,0.15780379919288268,1.5143913486617382,-0.06762449009638793,26,0.12484815110555791,1.433424087913162,-0.040403023542312844,29,0.28281255578507736,1.8372521955699135,-0.026768228366433777,37,21504.123078683017,1.1504123078683017,0.16604723831426593,1.3084448314845998,-0.10586412640104814,169,91,0.13455414012738853,5,False,-0.07460165633626287,-0.32241299542831836,1.0,0.12484815110555791,0.6627374551971327
145,105819caefc2,gap_down_reversal,"{""family"": ""gap_down_reversal"", ""gap_max"": -0.04, ""market_prev_return_max"": null, ""min_adv20"": 20000000.0, ""mom3_max"": -0.06, ""prev_return_max"": -0.015}",,,2.0,5,False,21335.400390721206,1.1335400390721206,0.2886569450489651,1.0050201960679965,-0.2299006921995489,104,53,0.13811420982735723,5,False,-0.13730621957815034,12391.108452006834,0.23911084520068338,0.2380612583272137,1.459251408854677,-0.06424859556159024,29,21,0.11462450592885376,5,False,-0.03574260684001555,16326.554438407707,0.6326554438407708,0.6390707383412204,1.6781751554326296,-0.042654753423957414,37,17,0.148,5,False,-0.0290779315576847,0.2440293999555685,1.7311368174387431,-0.023145972427830563,27,0.1987822816322784,0.7241893948749429,-0.1962434060188225,51,0.4306382689465782,1.138435610348404,-0.22990069219954878,26,0.23911084520068338,1.459251408854677,-0.06424859556159024,29,0.6326554438407708,1.6781751554326296,-0.042654753423957414,37,43162.39117001613,3.3162391170016132,0.34099026494740325,1.1891372322907912,-0.2299006921995489,170,91,0.13535031847133758,5,False,-0.13730621957815034,-0.45423121278668055,1.0,0.1987822816322784,0.6626948924731183
146,88ea55f398f3,gap_down_reversal,"{""family"": ""gap_down_reversal"", ""gap_max"": -0.04, ""market_prev_return_max"": null, ""min_adv20"": 50000000.0, ""mom3_max"": -0.06, ""prev_return_max"": -0.015}",,,1.5,7,False,16935.142162145403,0.6935142162145402,0.19279767891334987,1.0597652545968306,-0.1273596090025616,114,53,0.15139442231075698,7,False,-0.07355690334543767,11383.38799918458,0.138338799918458,0.1377559667020165,1.4439191522288313,-0.03468170412123117,31,21,0.1225296442687747,7,False,-0.019147825092865476,13800.875133155796,0.38008751331557966,0.38364882786269594,1.79730382255194,-0.022966445104697475,42,17,0.168,7,False,-0.015577463334473947,0.13153532175259497,1.792856723631814,-0.012399628086337655,29,0.22971898076863573,0.9911780802626977,-0.10235833112960446,57,0.21706803110108108,1.1062259020619045,-0.12735960900256138,28,0.138338799918458,1.4439191522288313,-0.03468170412123117,31,0.38008751331557966,1.79730382255194,-0.022966445104697475,42,26605.22965484078,1.6605229654840779,0.21692575342635867,1.2424206021103303,-0.1273596090025616,187,91,0.14888535031847133,7,False,-0.07355690334543767,-0.3841538976320007,1.0,0.13153532175259497,0.6623633512544804
147,6335ea5e30c2,gap_down_reversal,"{""family"": ""gap_down_reversal"", ""gap_max"": -0.04, ""market_prev_return_max"": null, ""min_adv20"": 50000000.0, ""mom3_max"": -0.06, ""prev_return_max"": -0.015}",,0.06,2.0,5,False,16764.552046697787,0.6764552046697787,0.18876309798945456,1.040560060604423,-0.17519289003786287,103,53,0.13678618857901725,5,False,-0.11936265013802058,11992.646521491957,0.19926465214919564,0.19840363065105593,1.503407563791522,-0.06305158131028821,29,21,0.11462450592885376,5,False,-0.03574260684001555,14207.765269582122,0.4207765269582122,0.42477399435943175,1.9267616405059291,-0.042654753423957525,37,17,0.148,5,False,-0.0290779315576847,0.22619982547182893,1.8460345879236908,-0.023145972427830563,27,0.13882299652057517,0.6434787328393904,-0.17519289003786265,50,0.20053403040820417,1.2755012185185415,-0.10733179573419516,26,0.19926465214919564,1.503407563791522,-0.06305158131028821,29,0.4207765269582122,1.9267616405059291,-0.042654753423957525,37,28564.90342285906,1.8564903422859063,0.23440278062133602,1.2933921302281257,-0.17519289003786287,169,91,0.13455414012738853,5,False,-0.11936265013802058,-0.4628475031870991,1.0,0.13882299652057517,0.662293906810036
148,88ea55f398f3,gap_down_reversal,"{""family"": ""gap_down_reversal"", ""gap_max"": -0.04, ""market_prev_return_max"": null, ""min_adv20"": 50000000.0, ""mom3_max"": -0.06, ""prev_return_max"": -0.015}",,,1.5,5,False,18369.420094924033,0.8369420094924034,0.2256953536531614,1.035748109226668,-0.17557779975900112,103,53,0.13678618857901725,5,False,-0.10297966468361275,11769.029621221352,0.1769029621221352,0.17614549269324042,1.4592514088546769,-0.04838456772424782,29,21,0.11462450592885376,5,False,-0.02680695513001167,14556.89042540816,0.455689042540816,0.4600682659687514,1.6781751554326299,-0.03207826794812829,37,17,0.148,5,False,-0.021808448668263525,0.17968753614150335,1.7311368174387434,-0.017359479320872784,27,0.1772147254878329,0.8070963341052114,-0.1315941409874205,50,0.3227347688103963,1.138435610348404,-0.17557779975900123,26,0.1769029621221352,1.4592514088546769,-0.04838456772424782,29,0.455689042540816,1.6781751554326299,-0.03207826794812829,37,31470.5776896371,2.14705776896371,0.25863000188032337,1.2089777126814076,-0.17557779975900112,169,91,0.13455414012738853,5,False,-0.10297966468361275,-0.4235032996280088,1.0,0.1769029621221352,0.6619870071684587
149,1ea704ab34a6,relative_weakness_reversal,"{""family"": ""relative_weakness_reversal"", ""gap_max"": -0.04, ""market_prev_return_max"": 0.0, ""min_adv20"": 20000000.0, ""mom3_max"": -0.06, ""prev_return_percentile_max"": 0.15}",,0.1,2.25,5,False,19105.90997198198,0.9105909971981978,0.2419267239194609,1.04099450440943,-0.1701645342431667,78,36,0.10358565737051793,5,False,-0.09134114880095028,11976.5805272417,0.19765805272417003,0.19680452609734167,1.3287496421752687,-0.04089754016982605,16,12,0.06324110671936758,5,False,-0.0402104326950175,16032.180581280449,0.6032180581280449,0.609283419419659,2.024902329484644,-0.03271267300239533,31,14,0.124,5,False,-0.03271267300239529,0.2242560296988323,1.6304874170525379,-0.009431691689724242,17,0.25150314991717515,0.8317694125373812,-0.1701645342431667,39,0.2469916008716253,1.2662003839251192,-0.12042299954345981,22,0.19765805272417003,1.3287496421752687,-0.04089754016982605,16,0.6032180581280449,2.024902329484644,-0.03271267300239533,31,36685.39181464268,2.668539181464268,0.2979506556742324,1.2837139279289789,-0.1701645342431667,125,62,0.09952229299363058,5,False,-0.09134114880095028,-0.2877551377658387,1.0,0.19765805272417003,0.6615837813620071
150,07295788b5ee,relative_weakness_reversal,"{""family"": ""relative_weakness_reversal"", ""gap_max"": -0.04, ""market_prev_return_max"": 0.0, ""min_adv20"": 50000000.0, ""mom3_max"": -0.06, ""prev_return_percentile_max"": 0.125}",,0.09,2.75,5,False,21736.663946055305,1.1736663946055303,0.29671767241606894,1.0964221615280352,-0.17720248606916,74,35,0.09827357237715803,5,False,-0.11163918186782813,12180.267273016185,0.21802672730161854,0.21707755588272892,1.26539768507827,-0.04987839279894768,16,12,0.06324110671936758,5,False,-0.04914608440502139,17210.547424939577,0.7210547424939577,0.7285463995850385,2.051799352170541,-0.03998215589181642,29,13,0.116,5,False,-0.03998215589181646,0.26547591612671995,1.6485677054212031,-0.011527623176329493,17,0.452514669834452,1.1502245708484429,-0.17720248606916023,37,0.18254718751694488,0.9006242031613245,-0.1537593772086865,20,0.21802672730161854,1.26539768507827,-0.04987839279894768,16,0.7210547424939577,2.051799352170541,-0.03998215589181642,29,45566.36594674156,3.5566365946741554,0.3556525566849451,1.3164531641074275,-0.17720248606916,119,60,0.09474522292993631,5,False,-0.11163918186782813,-0.16897552355023482,1.0,0.18254718751694488,0.6610170250896057
151,cbda221d6d0a,gap_down_reversal,"{""family"": ""gap_down_reversal"", ""gap_max"": -0.04, ""market_prev_return_max"": null, ""min_adv20"": 50000000.0, ""mom3_max"": -0.06, ""prev_return_max"": -0.03}",,0.06,2.5,5,False,17185.50344412726,0.7185503444127259,0.1986702322575471,0.9837657505154563,-0.238985387419405,84,44,0.11155378486055777,5,False,-0.14920331267252573,12657.845545965076,0.2657845545965076,0.26460591214841744,1.6814499009602102,-0.04539285237669788,22,17,0.08695652173913043,5,False,-0.03801625448324952,14741.194066489776,0.47411940664897756,0.478702901305047,1.8466736702636226,-0.053173124319731424,33,15,0.132,5,False,-0.036347414447105875,0.29460171829489346,2.135378034397282,-0.01047965743302659,22,0.12436561983653971,0.5602626687504576,-0.2289890845632705,41,0.18064279879253609,1.0050424286913942,-0.14027691530680142,21,0.2657845545965076,1.6814499009602102,-0.04539285237669788,22,0.47411940664897756,1.8466736702636226,-0.053173124319731424,33,32066.732938553978,2.2066732938553977,0.2633778860764784,1.27192776025136,-0.238985387419405,139,76,0.1106687898089172,5,False,-0.14920331267252573,-0.6976841504447538,1.0,0.12436561983653971,0.6607706093189963
152,b9ef33ec7968,gap_down_reversal,"{""family"": ""gap_down_reversal"", ""gap_max"": -0.04, ""market_prev_return_max"": null, ""min_adv20"": 50000000.0, ""mom3_max"": -0.06, ""prev_return_max"": -0.015}",,0.07,1.75,5,False,16159.972418621936,0.6159972418621935,0.17424040090790882,1.0502738498026545,-0.15177821016969484,103,53,0.13678618857901725,5,False,-0.10444231887076802,11729.510401231633,0.1729510401231633,0.1722116982577191,1.463200972374962,-0.05633309173067369,29,21,0.11462450592885376,5,False,-0.031274780985013614,14306.954782305895,0.4306954782305894,0.4348007076082583,1.9574353913681148,-0.037373775783801744,37,17,0.148,5,False,-0.025443190112974114,0.1926291510710989,1.7620272097698058,-0.020252725874351674,27,0.15220317458047217,0.7169537156781388,-0.15177821016969484,50,0.17599676554030053,1.3455527818723914,-0.09416830955659461,26,0.1729510401231633,1.463200972374962,-0.05633309173067369,29,0.4306954782305894,1.9574353913681148,-0.037373775783801744,37,27118.627423231104,1.7118627423231105,0.22160136010317788,1.309198990109525,-0.15177821016969484,169,91,0.13455414012738853,5,False,-0.10444231887076802,-0.41292712257230746,1.0,0.15220317458047217,0.6605443548387098
153,6335ea5e30c2,gap_down_reversal,"{""family"": ""gap_down_reversal"", ""gap_max"": -0.04, ""market_prev_return_max"": null, ""min_adv20"": 50000000.0, ""mom3_max"": -0.06, ""prev_return_max"": -0.015}",,0.06,1.5,7,False,14055.464466292373,0.40554644662923733,0.12067084964234187,1.08000334201651,-0.09878856726617946,114,53,0.15139442231075698,7,False,-0.07187507389209243,11215.39543620566,0.12153954362056596,0.12103118770653798,1.4855995424769548,-0.03402941050122821,31,21,0.1225296442687747,7,False,-0.019147825092865476,12684.152165394427,0.26841521653944267,0.27083022369398524,2.029339036391861,-0.022966445104697475,42,17,0.168,7,False,-0.015577463334473947,0.12231484979828666,1.9157708892619458,-0.012399628086337766,29,0.12328860236648698,0.8027283467197203,-0.09878856726617902,57,0.11490827792388902,1.3166273838593399,-0.058074484932111314,28,0.12153954362056596,1.4855995424769548,-0.03402941050122821,31,0.26841521653944267,2.029339036391861,-0.022966445104697475,42,19994.99204282283,0.9994992042822828,0.14914787077741276,1.3438154613104758,-0.09878856726617946,187,91,0.14888535031847133,7,False,-0.07187507389209243,-0.40559620046044476,1.0,0.11490827792388902,0.6594220430107526
154,88558e766dff,relative_weakness_reversal,"{""family"": ""relative_weakness_reversal"", ""gap_max"": -0.04, ""market_prev_return_max"": 0.0, ""min_adv20"": 100000000.0, ""mom3_max"": -0.06, ""prev_return_percentile_max"": 0.1}",,0.09,3.0,5,False,21413.410792749037,1.1413410792749037,0.29023189620634615,1.0871443538758243,-0.16721201570378752,65,32,0.08632138114209828,5,False,-0.12178819840126705,12384.847236703166,0.2384847236703167,0.2374381392221261,1.2653976850782702,-0.054354161436575676,16,12,0.06324110671936758,5,False,-0.05361391026002334,17190.154132095133,0.7190154132095132,0.7264818173502814,2.0151081903960226,-0.04361689733652707,28,13,0.112,5,False,-0.04361689733652705,0.2796233289942198,1.5931303893594042,-0.012575588919632064,16,0.41239819472225947,1.0867127192422046,-0.15216327447867728,31,0.18480409234686812,0.9551720527101998,-0.16721201570378763,18,0.2384847236703167,1.2653976850782702,-0.054354161436575676,16,0.7190154132095132,2.0151081903960226,-0.04361689733652707,28,45588.60187438973,3.558860187438973,0.3557852611296024,1.3109027960556563,-0.16721201570378752,109,57,0.08678343949044585,5,False,-0.12178819840126705,-0.1782533312024459,1.0,0.18480409234686812,0.6583938172043011
155,19d502c0e628,gap_down_reversal,"{""family"": ""gap_down_reversal"", ""gap_max"": -0.04, ""market_prev_return_max"": null, ""min_adv20"": 20000000.0, ""mom3_max"": -0.06, ""prev_return_max"": -0.015}",,0.08,2.0,7,False,16329.211928369918,0.6329211928369918,0.17834165600759122,1.0555936197026128,-0.14072082395615249,115,53,0.15272244355909695,7,False,-0.09583343185612324,11614.505695177593,0.16145056951775927,0.16076368189969892,1.426877549062076,-0.04610749593507324,31,21,0.1225296442687747,7,False,-0.02553043345715397,14032.217999804983,0.40322179998049834,0.40702992342928135,1.995425630209151,-0.03056259668096284,42,17,0.168,7,False,-0.02076995111263193,0.16342966063289843,1.803327594234974,-0.016532837448450244,29,0.20526886514127685,0.8526591564427706,-0.14072082395615249,58,0.16450445974324213,1.4485378281636452,-0.07713761650130957,28,0.16145056951775927,1.426877549062076,-0.04610749593507324,31,0.40322179998049834,1.995425630209151,-0.03056259668096284,42,26612.904772665242,1.6612904772665242,0.21699618103689167,1.3017606199310316,-0.14072082395615249,188,91,0.14968152866242038,7,False,-0.09583343185612324,-0.3712839293594632,1.0,0.16145056951775927,0.6583333333333333
156,9654c0e2efca,relative_weakness_reversal,"{""family"": ""relative_weakness_reversal"", ""gap_max"": -0.04, ""market_prev_return_max"": 0.0, ""min_adv20"": 100000000.0, ""mom3_max"": -0.06, ""prev_return_percentile_max"": 0.125}",,0.1,2.5,7,False,17822.890120879736,0.7822890120879735,0.21336840141040803,1.0511088483117472,-0.13662585192243493,78,33,0.10358565737051793,7,False,-0.1034779866439873,11766.835891115988,0.17668358911159876,0.17592712732239502,1.335739805627349,-0.03252317807133298,18,12,0.07114624505928854,7,False,-0.03191304182144246,13786.219586294841,0.3786219586294841,0.3821677429151684,1.6436385606057502,-0.025962438890789974,32,13,0.128,7,False,-0.02596243889078991,0.19519134536987215,1.7529841822221297,-0.007485469595018834,18,0.3329978633758266,1.0729305980447437,-0.13662585192243504,41,0.11869381427668158,0.9654581155587639,-0.10105022601359914,19,0.17668358911159876,1.335739805627349,-0.03252317807133298,18,0.3786219586294841,1.6436385606057502,-0.025962438890789974,32,28912.325046764665,1.8912325046764664,0.23740049954422782,1.205192126019768,-0.13662585192243493,128,58,0.10191082802547771,7,False,-0.1034779866439873,-0.28463095731560184,1.0,0.11869381427668158,0.6581205197132616
157,b589ede4382e,relative_weakness_reversal,"{""family"": ""relative_weakness_reversal"", ""gap_max"": -0.04, ""market_prev_return_max"": 0.0, ""min_adv20"": 20000000.0, ""mom3_max"": -0.06, ""prev_return_percentile_max"": 0.1}",,0.1,2.5,7,False,17563.30361974441,0.7563303619744408,0.20742522660878238,1.0412063343669098,-0.15107731882055142,79,34,0.1049136786188579,7,False,-0.1034779866439873,11766.835891115988,0.17668358911159876,0.17592712732239502,1.335739805627349,-0.03252317807133298,18,12,0.07114624505928854,7,False,-0.03191304182144246,13786.219586294841,0.3786219586294841,0.3821677429151684,1.6436385606057502,-0.025962438890789974,32,13,0.128,7,False,-0.02596243889078991,0.2018482583937906,1.8042835659964132,-0.007485469595018945,19,0.27295682918634734,0.9605772589326858,-0.1510773188205513,40,0.14800266257594963,1.0154477530752815,-0.10105022601359925,20,0.17668358911159876,1.335739805627349,-0.03252317807133298,18,0.3786219586294841,1.6436385606057502,-0.025962438890789974,32,28491.223348461284,1.8491223348461285,0.23376329132395246,1.2013082037149407,-0.15107731882055142,129,59,0.10270700636942676,7,False,-0.1034779866439873,-0.2945334712604393,1.0,0.14800266257594963,0.657959229390681
158,dcfadc640c21,relative_weakness_reversal,"{""family"": ""relative_weakness_reversal"", ""gap_max"": -0.04, ""market_prev_return_max"": 0.0, ""min_adv20"": 100000000.0, ""mom3_max"": -0.06, ""prev_return_percentile_max"": 0.15}",,0.1,2.0,5,False,17657.915325090828,0.7657915325090827,0.20959806695350602,1.045450179274007,-0.12802674792611035,73,34,0.09694555112881806,5,False,-0.08119213226751136,11750.12220864283,0.17501222086428303,0.1742634308370501,1.3287496421752687,-0.036392456178332644,16,12,0.06324110671936758,5,False,-0.03574260684001555,14711.938766427253,0.4711938766427253,0.4757448214050899,1.9858259092048363,-0.029077931557684566,30,14,0.12,5,False,-0.0290779315576847,0.1905029208116087,1.5778599420441612,-0.00838372594642156,16,0.25228015542280047,0.9042231789621825,-0.12802674792611035,36,0.18442472890066575,1.255556153478516,-0.10733179573419516,21,0.17501222086428303,1.3287496421752687,-0.036392456178332644,16,0.4711938766427253,1.9858259092048363,-0.029077931557684566,30,30524.72233440855,2.052472233440855,0.2509473740202661,1.2748223110269166,-0.12802674792611035,119,60,0.09474522292993631,5,False,-0.08119213226751136,-0.28329946290126173,1.0,0.17501222086428303,0.6576680107526881
159,3fb3e6fd7fd3,relative_weakness_reversal,"{""family"": ""relative_weakness_reversal"", ""gap_max"": -0.04, ""market_prev_return_max"": 0.0, ""min_adv20"": 20000000.0, ""mom3_max"": -0.06, ""prev_return_percentile_max"": 0.125}",,0.1,1.5,5,False,15868.835284285127,0.5868835284285128,0.16711776292346237,1.0886907134629757,-0.11556307724725456,75,35,0.099601593625498,5,False,-0.060894099200633524,11302.069255375602,0.1302069255375602,0.12966026664037855,1.328749642175269,-0.027352972841480194,16,12,0.06324110671936758,5,False,-0.02680695513001167,13828.27073338511,0.38282707333851107,0.3864174523223447,2.0279083085643776,-0.02180844866826359,29,13,0.116,5,False,-0.021808448668263525,0.14634721416836105,1.6304874170525379,-0.006287794459815976,17,0.2310402685127746,1.0660809089142147,-0.11556307724725468,38,0.12449262902889502,1.0154477530752817,-0.08518246796895979,20,0.1302069255375602,1.328749642175269,-0.027352972841480194,16,0.38282707333851107,2.0279083085643776,-0.02180844866826359,29,24801.096954411638,1.4801096954411639,0.1999010499942857,1.319048839025047,-0.11556307724725456,120,60,0.09554140127388536,5,False,-0.060894099200633524,-0.24005892871229317,1.0,0.12449262902889502,0.6573633512544802
160,4eb7508c4970,relative_weakness_reversal,"{""family"": ""relative_weakness_reversal"", ""gap_max"": -0.04, ""market_prev_return_max"": 0.0, ""min_adv20"": 50000000.0, ""mom3_max"": -0.06, ""prev_return_percentile_max"": 0.15}",,0.1,1.5,5,False,15943.964221637214,0.5943964221637215,0.1689640519474982,1.0860853217104982,-0.0988516388297056,77,36,0.10225763612217796,5,False,-0.060894099200633524,11302.069255375602,0.1302069255375602,0.12966026664037855,1.328749642175269,-0.027352972841480194,16,12,0.06324110671936758,5,False,-0.02680695513001167,13780.77255833818,0.3780772558338179,0.3816172711963395,2.024902329484645,-0.02180844866826359,31,14,0.124,5,False,-0.021808448668263525,0.14634721416836105,1.6304874170525379,-0.006287794459815976,17,0.19598695821352896,0.9219711554045156,-0.09885163882970494,38,0.16293030326862978,1.2662003839251195,-0.08093254101065894,22,0.1302069255375602,1.328749642175269,-0.027352972841480194,16,0.3780772558338179,2.024902329484645,-0.02180844866826359,31,24832.92291258677,1.4832922912586772,0.20020982653757669,1.3131028926788288,-0.0988516388297056,124,62,0.09872611464968153,5,False,-0.060894099200633524,-0.2426643204647707,1.0,0.1302069255375602,0.6569690860215053
161,be957829cf82,relative_weakness_reversal,"{""family"": ""relative_weakness_reversal"", ""gap_max"": -0.04, ""market_prev_return_max"": 0.0, ""min_adv20"": 50000000.0, ""mom3_max"": -0.06, ""prev_return_percentile_max"": 0.1}",,0.1,1.25,5,False,14690.415103997015,0.46904151039970143,0.1373649678926534,1.1376902166836012,-0.07177982719612441,70,34,0.09296148738379814,5,False,-0.050745082667194595,11080.566290374325,0.10805662903743252,0.10760733225554442,1.3287496421752687,-0.022818573496121264,16,12,0.06324110671936758,5,False,-0.022339129275009723,12822.479581945281,0.2822479581945281,0.2848007821268079,1.987906230901425,-0.01817370722355305,28,13,0.112,5,False,-0.018173707223552937,0.12108692928519704,1.6304874170525379,-0.005239828716513295,17,0.18710078132136765,1.1275450752808325,-0.07177982719612452,33,0.1038426945144284,1.0154477530752817,-0.07120434276817,20,0.10805662903743252,1.3287496421752687,-0.022818573496121264,16,0.2822479581945281,1.987906230901425,-0.01817370722355305,28,20872.190994811383,1.0872190994811382,0.15908998818812425,1.3432553319513216,-0.07177982719612441,114,59,0.09076433121019108,5,False,-0.050745082667194595,-0.19105942549166754,1.0,0.1038426945144284,0.6568839605734768
162,4eb7508c4970,relative_weakness_reversal,"{""family"": ""relative_weakness_reversal"", ""gap_max"": -0.04, ""market_prev_return_max"": 0.0, ""min_adv20"": 50000000.0, ""mom3_max"": -0.06, ""prev_return_percentile_max"": 0.15}",,0.1,3.0,7,False,19446.19596676053,0.9446195966760529,0.24928578358990827,0.9981036652934017,-0.1746421896709781,87,36,0.11553784860557768,7,False,-0.12417358397278476,12134.156525631322,0.21341565256313233,0.21248825142594385,1.3357398056273495,-0.03896798643281307,18,12,0.07114624505928854,7,False,-0.03829565018573095,15139.292432789189,0.5139292432789189,0.5189602979704522,1.7046826515710207,-0.031154926668947924,35,14,0.14,7,False,-0.031154926668947893,0.24535833288493492,1.8042835659964134,-0.008982563514023045,19,0.31147359787824613,0.894022503592802,-0.17464218967097822,44,0.19064083961943257,1.03972619616948,-0.11482133452744869,24,0.21341565256313233,1.3357398056273495,-0.03896798643281307,18,0.5139292432789189,1.7046826515710207,-0.031154926668947924,35,35723.15671514868,2.5723156715148683,0.2910473277481498,1.1825693997097748,-0.1746421896709781,140,62,0.11146496815286625,7,False,-0.12417358397278476,-0.33763614033394784,1.0,0.19064083961943257,0.656594982078853
163,b589ede4382e,relative_weakness_reversal,"{""family"": ""relative_weakness_reversal"", ""gap_max"": -0.04, ""market_prev_return_max"": 0.0, ""min_adv20"": 20000000.0, ""mom3_max"": -0.06, ""prev_return_percentile_max"": 0.1}",,0.1,1.5,5,False,15497.632931726348,0.5497632931726348,0.1579090985789049,1.0883426591125223,-0.10282544853539999,71,34,0.09428950863213811,5,False,-0.060894099200633524,11302.069255375602,0.1302069255375602,0.12966026664037855,1.328749642175269,-0.027352972841480194,16,12,0.06324110671936758,5,False,-0.02680695513001167,13451.40540555413,0.3451405405554129,0.3483349848560964,1.987906230901425,-0.02180844866826359,28,13,0.112,5,False,-0.021808448668263525,0.14634721416836105,1.6304874170525379,-0.006287794459815976,17,0.20224388644817104,1.0243300860954245,-0.1028254485354001,34,0.12449262902889502,1.0154477530752817,-0.08518246796895979,20,0.1302069255375602,1.328749642175269,-0.027352972841480194,16,0.3451405405554129,1.987906230901425,-0.02180844866826359,28,23560.852275243637,1.3560852275243636,0.18761387700107868,1.3114751832498348,-0.10282544853539999,115,59,0.09156050955414012,5,False,-0.060894099200633524,-0.24040698306274666,1.0,0.12449262902889502,0.6565434587813619
164,f8bee66f0432,relative_weakness_reversal,"{""family"": ""relative_weakness_reversal"", ""gap_max"": -0.04, ""market_prev_return_max"": 0.0, ""min_adv20"": 50000000.0, ""mom3_max"": -0.06, ""prev_return_percentile_max"": 0.125}",,0.1,1.25,5,False,14989.71824367637,0.4989718243676371,0.14506800687552968,1.1350076643812002,-0.08274264301421741,74,35,0.09827357237715803,5,False,-0.050745082667194595,11080.566290374325,0.10805662903743252,0.10760733225554442,1.3287496421752687,-0.022818573496121264,16,12,0.06324110671936758,5,False,-0.022339129275009723,13124.216281022542,0.31242162810225427,0.31527924117897355,2.027908308564378,-0.01817370722355305,29,13,0.116,5,False,-0.018173707223552937,0.12108692928519704,1.6304874170525379,-0.005239828716513295,17,0.21128682293081402,1.1603647585132821,-0.08274264301421708,37,0.1038426945144284,1.0154477530752817,-0.07120434276817,20,0.10805662903743252,1.3287496421752687,-0.022818573496121264,16,0.31242162810225427,2.027908308564378,-0.01817370722355305,29,21798.610161203444,1.1798610161203444,0.1692336904537215,1.3489013816507347,-0.08274264301421741,119,60,0.09474522292993631,5,False,-0.050745082667194595,-0.19374197779406854,1.0,0.1038426945144284,0.65603270609319
165,b9ef33ec7968,gap_down_reversal,"{""family"": ""gap_down_reversal"", ""gap_max"": -0.04, ""market_prev_return_max"": null, ""min_adv20"": 50000000.0, ""mom3_max"": -0.06, ""prev_return_max"": -0.015}",,0.07,2.25,7,False,16453.735909750958,0.6453735909750957,0.18134127479820705,1.041463539143436,-0.14645474561940175,114,53,0.15139442231075698,7,False,-0.10781261083813864,11789.964540132762,0.17899645401327624,0.1782293605196703,1.4591591634062924,-0.051795121299513025,31,21,0.1225296442687747,7,False,-0.028721737639298216,14716.192837097977,0.47161928370979767,0.47617495869449855,2.0924235499791135,-0.034349550613337776,42,17,0.168,7,False,-0.02336619500171092,0.18419079280552042,1.829988381711846,-0.018599442129506594,29,0.21609002251159914,0.8706545308083464,-0.14645474561940186,57,0.14255500481065564,1.2545716942795995,-0.08661386414687666,28,0.17899645401327624,1.4591591634062924,-0.051795121299513025,31,0.47161928370979767,2.0924235499791135,-0.034349550613337776,42,28547.78986727001,1.854778986727001,0.23425436510719355,1.3287751180387781,-0.14645474561940175,187,91,0.14888535031847133,7,False,-0.10781261083813864,-0.41769562426285645,1.0,0.14255500481065564,0.6558826164874552
166,cbda221d6d0a,gap_down_reversal,"{""family"": ""gap_down_reversal"", ""gap_max"": -0.04, ""market_prev_return_max"": null, ""min_adv20"": 50000000.0, ""mom3_max"": -0.06, ""prev_return_max"": -0.03}",,0.06,2.25,5,False,16371.633295981192,0.6371633295981192,0.17936523480471633,0.9837657505154563,-0.2164672124254573,84,44,0.11155378486055777,5,False,-0.13428298140527314,12374.198330280324,0.23741983302803238,0.23637835216386582,1.6814499009602102,-0.040897540169826274,22,17,0.08695652173913043,5,False,-0.034214629034924574,14208.671149613077,0.4208671149613077,0.4248655640054462,1.8466736702636226,-0.047921202419099584,33,15,0.132,5,False,-0.03271267300239529,0.26242457158056554,2.135378034397282,-0.00943169168972402,22,0.11516886448750419,0.5602626687504578,-0.20721349930148725,41,0.16290954199492447,1.0050424286913942,-0.12664392551846038,21,0.23741983302803238,1.6814499009602102,-0.040897540169826274,22,0.4208671149613077,1.8466736702636226,-0.047921202419099584,33,28784.75543115852,1.8784755431158517,0.23630313062412034,1.2719277602513601,-0.2164672124254573,139,76,0.1106687898089172,5,False,-0.13428298140527314,-0.6976841504447538,1.0,0.11516886448750419,0.6558691756272401
167,e2bcffd2c8ea,relative_weakness_reversal,"{""family"": ""relative_weakness_reversal"", ""gap_max"": -0.04, ""market_prev_return_max"": 0.0, ""min_adv20"": 50000000.0, ""mom3_max"": -0.06, ""prev_return_percentile_max"": 0.1}",,0.09,2.5,5,False,19556.421443607098,0.9556421443607097,0.25165114531004407,1.0983091700499947,-0.14136644898089346,70,34,0.09296148738379814,5,False,-0.10149016533438919,11976.598330626379,0.1976598330626378,0.19680629813512684,1.26539768507827,-0.04539285237669777,16,12,0.06324110671936758,5,False,-0.044678258550019445,15783.603591558087,0.5783603591558086,0.5841336317671713,2.015108190396022,-0.036347414447105875,28,13,0.112,5,False,-0.036347414447105875,0.23969315523684376,1.6485677054212031,-0.010479657433026701,17,0.35208679233297624,1.1096295176475992,-0.14136644898089357,33,0.16673066901747013,0.9006242031613241,-0.1402191575959707,20,0.1976598330626378,1.26539768507827,-0.04539285237669777,16,0.5783603591558086,2.015108190396022,-0.036347414447105875,28,36968.26232729782,2.6968262327297823,0.2999524953232746,1.3133999828095346,-0.14136644898089346,114,59,0.09076433121019108,5,False,-0.10149016533438919,-0.16708851502827526,1.0,0.16673066901747013,0.6556362007168459
168,7723507cb914,gap_down_reversal,"{""family"": ""gap_down_reversal"", ""gap_max"": -0.04, ""market_prev_return_max"": null, ""min_adv20"": 50000000.0, ""mom3_max"": -0.05, ""prev_return_max"": -0.03}",,0.06,3.0,5,False,19634.149585202595,0.9634149585202594,0.25331380901830514,0.9954682367741622,-0.24717972599298565,104,55,0.13811420982735723,5,False,-0.1790439752070309,12874.538516241031,0.2874538516241032,0.28616873663964015,1.4871643197627598,-0.08266245174949827,28,19,0.11067193675889328,5,False,-0.04561950537989943,16961.525055362083,0.6961525055362083,0.7033371456173978,1.8411581934848036,-0.0693470652976741,42,20,0.168,5,False,-0.04361689733652705,0.23329019623545832,1.163985721335592,-0.1028587677725118,26,0.19365815532807207,0.6993601503084054,-0.24717972599298532,50,0.3337267036488931,1.3528235093219751,-0.16727976038859083,28,0.2874538516241032,1.4871643197627598,-0.08266245174949827,28,0.6961525055362083,1.8411581934848036,-0.0693470652976741,42,42875.44735991295,3.287544735991295,0.33919683289078284,1.2552245457388471,-0.24717972599298565,174,94,0.13853503184713375,5,False,-0.1790439752070309,-0.49169608298859757,1.0,0.19365815532807207,0.6549148745519713
169,3ab676842d5e,gap_down_reversal,"{""family"": ""gap_down_reversal"", ""gap_max"": -0.04, ""market_prev_return_max"": null, ""min_adv20"": 50000000.0, ""mom3_max"": -0.06, ""prev_return_max"": -0.015}",,0.08,1.5,7,False,14747.255626284006,0.4747255626284006,0.13883582753267953,1.0945977056312348,-0.09878856726617935,114,53,0.15139442231075698,7,False,-0.07187507389209243,11199.736951648596,0.11997369516485956,0.11947223101246007,1.4268775490620753,-0.03468170412123117,31,21,0.1225296442687747,7,False,-0.019147825092865476,12927.631557857749,0.29276315578577483,0.2954215508884688,1.995425630209151,-0.022966445104697475,42,17,0.168,7,False,-0.015577463334473947,0.12096533490806238,1.803327594234974,-0.012399628086337766,29,0.17227020942112747,0.9258368138048997,-0.09878856726617913,57,0.12225434942717617,1.4485378281636452,-0.058074484932111314,28,0.11997369516485956,1.4268775490620753,-0.03468170412123117,31,0.29276315578577483,1.995425630209151,-0.022966445104697475,42,21351.97227530821,1.135197227530821,0.16438722643003412,1.3270594290700686,-0.09878856726617935,187,91,0.14888535031847133,7,False,-0.07187507389209243,-0.3322798434308405,1.0,0.11997369516485956,0.6547132616487455
170,88ea55f398f3,gap_down_reversal,"{""family"": ""gap_down_reversal"", ""gap_max"": -0.04, ""market_prev_return_max"": null, ""min_adv20"": 50000000.0, ""mom3_max"": -0.06, ""prev_return_max"": -0.015}",,,2.5,10,False,19047.808682342467,0.9047808682342466,0.24066152312161604,1.0066221154275725,-0.14763758790395987,129,53,0.17131474103585656,10,False,-0.10033940742632193,11984.781876928611,0.19847818769286119,0.19762083615167803,1.3918432769044389,-0.04040302354231262,34,21,0.13438735177865613,10,False,-0.022339129275009723,14246.298170297645,0.42462981702976443,0.4286690812381495,1.4702813728991164,-0.04222917068907783,48,17,0.192,10,False,-0.042229170689077805,0.16235671825468412,1.8588690054155366,-0.014466232767394227,32,0.3560248284987828,1.0369370048698017,-0.13478855585966298,66,0.20847577438688414,0.9826160276449869,-0.14763758790395987,31,0.19847818769286119,1.3918432769044389,-0.04040302354231262,34,0.42462981702976443,1.4702813728991164,-0.04222917068907783,48,32521.99542280673,2.252199542280673,0.26695638451234327,1.140114427909529,-0.14763758790395987,211,91,0.1679936305732484,10,False,-0.10033940742632193,-0.38522116147686636,1.0,0.16235671825468412,0.6542271505376345
171,b589ede4382e,relative_weakness_reversal,"{""family"": ""relative_weakness_reversal"", ""gap_max"": -0.04, ""market_prev_return_max"": 0.0, ""min_adv20"": 20000000.0, ""mom3_max"": -0.06, ""prev_return_percentile_max"": 0.1}",,0.1,2.25,7,False,16679.877291174413,0.6679877291174412,0.1867503285052643,1.04120633436691,-0.13649562802420379,79,34,0.1049136786188579,7,False,-0.09313018797958857,11584.841102884293,0.15848411028842935,0.15781068033170942,1.3357398056273495,-0.02929329548399484,18,12,0.07114624505928854,7,False,-0.028721737639298216,13372.718261768901,0.3372718261768901,0.3403846710140015,1.64363856060575,-0.023366195001710888,32,13,0.128,7,False,-0.02336619500171092,0.18049496016232625,1.8042835659964136,-0.006736922635517173,19,0.24673944433684603,0.9605772589326858,-0.13649562802420379,40,0.1333212035039708,1.0154477530752817,-0.09114628250880386,20,0.15848411028842935,1.3357398056273495,-0.02929329548399484,18,0.3372718261768901,1.64363856060575,-0.023366195001710888,32,25840.60203668135,1.5840602036681348,0.20982662710062838,1.2013082037149405,-0.13649562802420379,129,59,0.10270700636942676,7,False,-0.09313018797958857,-0.2945334712604395,1.0,0.1333212035039708,0.6533781362007169
172,be957829cf82,relative_weakness_reversal,"{""family"": ""relative_weakness_reversal"", ""gap_max"": -0.04, ""market_prev_return_max"": 0.0, ""min_adv20"": 50000000.0, ""mom3_max"": -0.06, ""prev_return_percentile_max"": 0.1}",,0.1,1.75,7,False,15233.807364632821,0.5233807364632821,0.15127460941181803,1.0826888937569579,-0.09298871269248088,78,34,0.10358565737051793,7,False,-0.07243459065079112,11224.273710931697,0.12242737109316959,0.12191510376561965,1.3357398056273493,-0.022818573496121264,18,12,0.07114624505928854,7,False,-0.022339129275009723,12569.500740462408,0.25695007404624093,0.25925177619758544,1.6436385606057498,-0.01817370722355305,32,13,0.128,7,False,-0.018173707223552937,0.1385815665843808,1.8042835659964134,-0.005239828716513517,19,0.21209629410572606,1.0416576122758332,-0.09298871269248088,39,0.1038426945144284,1.0154477530752817,-0.07120434276817,20,0.12242737109316959,1.3357398056273493,-0.022818573496121264,18,0.25695007404624093,1.6436385606057498,-0.01817370722355305,32,21492.39116048231,1.1492391160482311,0.16591957413575287,1.2280885093596832,-0.09298871269248088,128,59,0.10191082802547771,7,False,-0.07243459065079112,-0.2530509118703914,1.0,0.1038426945144284,0.6529368279569893
173,07295788b5ee,relative_weakness_reversal,"{""family"": ""relative_weakness_reversal"", ""gap_max"": -0.04, ""market_prev_return_max"": 0.0, ""min_adv20"": 50000000.0, ""mom3_max"": -0.06, ""prev_return_percentile_max"": 0.125}",,0.09,2.5,5,False,20411.16208857224,1.0411162088572241,0.26969893343219997,1.0964221615280352,-0.16182454126019807,74,35,0.09827357237715803,5,False,-0.10149016533438919,11976.598330626379,0.1976598330626378,0.19680629813512684,1.26539768507827,-0.04539285237669777,16,12,0.06324110671936758,5,False,-0.044678258550019445,16428.26048849761,0.642826048849761,0.6493632478277103,2.051799352170541,-0.036347414447105875,29,13,0.116,5,False,-0.036347414447105875,0.23969315523684376,1.6485677054212031,-0.010479657433026701,17,0.4111816293030255,1.1502245708484429,-0.1618245412601984,37,0.16673066901747013,0.9006242031613241,-0.1402191575959707,20,0.1976598330626378,1.26539768507827,-0.04539285237669777,16,0.642826048849761,2.051799352170541,-0.036347414447105875,29,40159.91606822628,3.0159916068226282,0.32173119659253513,1.3164531641074277,-0.16182454126019807,119,60,0.09474522292993631,5,False,-0.10149016533438919,-0.16897552355023482,1.0,0.16673066901747013,0.6527822580645162
174,eca474687407,relative_weakness_reversal,"{""family"": ""relative_weakness_reversal"", ""gap_max"": -0.04, ""market_prev_return_max"": 0.0, ""min_adv20"": 100000000.0, ""mom3_max"": -0.06, ""prev_return_percentile_max"": 0.1}",,0.1,2.0,7,False,15843.155541510265,0.5843155541510265,0.16648535135364062,1.0675597285371834,-0.09769491023150456,73,32,0.09694555112881806,7,False,-0.08278238931518984,11403.981109983335,0.14039811099833344,0.13980608068068134,1.3357398056273493,-0.02605842729225749,18,12,0.07114624505928854,7,False,-0.02553043345715397,12967.170324540235,0.2967170324540236,0.29941530304447905,1.6436385606057504,-0.020769951112631913,32,13,0.128,7,False,-0.02076995111263193,0.15426358070930268,1.7529841822221297,-0.0059883756760152895,18,0.23849199581963032,1.0256734903199662,-0.09769491023150434,37,0.10826467011088359,1.0763108622146895,-0.08119765476032736,18,0.14039811099833344,1.3357398056273493,-0.02605842729225749,18,0.2967170324540236,1.6436385606057504,-0.020769951112631913,32,23428.441015919798,1.3428441015919796,0.18627173707532085,1.2214440867189413,-0.09769491023150456,123,57,0.09792993630573249,7,False,-0.08278238931518984,-0.2681800770901659,1.0,0.10826467011088359,0.6522782258064517
175,105819caefc2,gap_down_reversal,"{""family"": ""gap_down_reversal"", ""gap_max"": -0.04, ""market_prev_return_max"": null, ""min_adv20"": 20000000.0, ""mom3_max"": -0.06, ""prev_return_max"": -0.015}",,,1.75,7,False,18052.260914227794,0.8052260914227793,0.2185720520946861,1.0335251210591079,-0.14763758790395987,115,53,0.15272244355909695,7,False,-0.08581638723634397,11622.810153226466,0.1622810153226466,0.16159035495370433,1.4439191522288313,-0.040403023542312955,31,21,0.1225296442687747,7,False,-0.022339129275009723,14518.683568439903,0.4518683568439903,0.4562054694611717,1.7973038225519404,-0.026768228366433555,42,17,0.168,7,False,-0.018173707223552937,0.1545543992796694,1.7928567236318145,-0.014466232767394227,29,0.24744554756073378,0.9320471922493951,-0.1325283261740049,58,0.25341706773103745,1.1062259020619043,-0.14763758790395987,28,0.1622810153226466,1.4439191522288313,-0.040403023542312955,31,0.4518683568439903,1.7973038225519404,-0.026768228366433555,42,30462.81169907289,2.0462811699072887,0.2504379072977039,1.2252138039355482,-0.14763758790395987,188,91,0.14968152866242038,7,False,-0.08581638723634397,-0.4103940311697234,1.0,0.1545543992796694,0.6522155017921146
176,7723507cb914,gap_down_reversal,"{""family"": ""gap_down_reversal"", ""gap_max"": -0.04, ""market_prev_return_max"": null, ""min_adv20"": 50000000.0, ""mom3_max"": -0.05, ""prev_return_max"": -0.03}",,0.06,2.75,5,False,18704.015281908396,0.8704015281908395,0.2331221101214611,0.995468236774162,-0.22750948831788942,104,55,0.13811420982735723,5,False,-0.16412364393977832,12620.908691183286,0.2620908691183286,0.2609302308010131,1.4871643197627598,-0.07590917265557418,28,19,0.11067193675889328,5,False,-0.04181787993157447,16283.551116280038,0.6283551116280037,0.6347190166169652,1.8411581934848034,-0.06367726752822123,42,20,0.168,5,False,-0.03998215589181646,0.2136527602112379,1.163985721335592,-0.09428720379146927,26,0.18115363618432268,0.6993601503084053,-0.22750948831788953,50,0.30477014070141606,1.3528235093219758,-0.153822193596845,28,0.2620908691183286,1.4871643197627598,-0.07590917265557418,28,0.6283551116280037,1.8411581934848034,-0.06367726752822123,42,38439.222542682015,2.8439222542682017,0.3101692039072208,1.255224545738847,-0.22750948831788942,174,94,0.13853503184713375,5,False,-0.16412364393977832,-0.4916960829885978,1.0,0.18115363618432268,0.6520564516129032
177,3fb3e6fd7fd3,relative_weakness_reversal,"{""family"": ""relative_weakness_reversal"", ""gap_max"": -0.04, ""market_prev_return_max"": 0.0, ""min_adv20"": 20000000.0, ""mom3_max"": -0.06, ""prev_return_percentile_max"": 0.125}",,0.1,2.75,7,False,18719.78346086743,0.8719783460867432,0.23346991573076936,1.0247815914428404,-0.18110699249397855,84,35,0.11155378486055777,7,False,-0.11382578530838604,11949.947249349165,0.19499472493491643,0.19415360418951955,1.3357398056273493,-0.03574807505427269,18,12,0.07114624505928854,7,False,-0.03510434600358671,14721.530258643856,0.47215302586438557,0.47671463708705186,1.7115612123576074,-0.02855868277986895,33,13,0.132,7,False,-0.0285586827798689,0.22346869502775757,1.8042835659964136,-0.00823401655452094,19,0.3380450731654756,1.011438698598734,-0.18110699249397844,44,0.143502756952683,0.905835530524474,-0.11090948527471378,21,0.19499472493491643,1.3357398056273493,-0.03574807505427269,18,0.47215302586438557,1.7115612123576074,-0.02855868277986895,33,32932.125736924245,2.2932125736924247,0.27014600656706933,1.2038141601416483,-0.18110699249397855,135,60,0.10748407643312102,7,False,-0.11382578530838604,-0.31095821418450886,1.0,0.143502756952683,0.6519870071684588
178,9654c0e2efca,relative_weakness_reversal,"{""family"": ""relative_weakness_reversal"", ""gap_max"": -0.04, ""market_prev_return_max"": 0.0, ""min_adv20"": 100000000.0, ""mom3_max"": -0.06, ""prev_return_percentile_max"": 0.125}",,0.1,2.25,7,False,16904.135490327684,0.6904135490327685,0.19206636578928848,1.0511088483117472,-0.1232946268576619,78,33,0.10358565737051793,7,False,-0.09313018797958857,11584.841102884293,0.15848411028842935,0.15781068033170942,1.3357398056273495,-0.02929329548399484,18,12,0.07114624505928854,7,False,-0.028721737639298216,13372.718261768901,0.3372718261768901,0.3403846710140015,1.64363856060575,-0.023366195001710888,32,13,0.128,7,False,-0.02336619500171092,0.17460692345479756,1.7529841822221297,-0.006736922635517284,18,0.3000392883825751,1.0729305980447443,-0.1232946268576618,41,0.10699059563449698,0.9654581155587638,-0.09114628250880374,19,0.15848411028842935,1.3357398056273495,-0.02929329548399484,18,0.3372718261768901,1.64363856060575,-0.023366195001710888,32,26188.024669151728,1.6188024669151728,0.213072774402423,1.205192126019768,-0.1232946268576619,128,58,0.10191082802547771,7,False,-0.09313018797958857,-0.2846309573156023,1.0,0.10699059563449698,0.6518727598566308
179,105819caefc2,gap_down_reversal,"{""family"": ""gap_down_reversal"", ""gap_max"": -0.04, ""market_prev_return_max"": null, ""min_adv20"": 20000000.0, ""mom3_max"": -0.06, ""prev_return_max"": -0.015}",,,1.75,5,False,19645.194613852476,0.9645194613852477,0.2535497149626793,1.0050201960679965,-0.20299759392185535,104,53,0.13811420982735723,5,False,-0.12014294213088154,12078.09727350185,0.20780972735018488,0.20690870061461508,1.4592514088546769,-0.05633309173067369,29,21,0.11462450592885376,5,False,-0.031274780985013614,15425.408030973578,0.5425408030973577,0.5478987661033108,1.6781751554326296,-0.03737377578380163,37,17,0.148,5,False,-0.025443190112974114,0.2115747977712341,1.731136817438743,-0.020252725874351563,27,0.1776787991628077,0.724189394874943,-0.1720459405633158,51,0.37682659949664243,1.1384356103484037,-0.20299759392185523,26,0.20780972735018488,1.4592514088546769,-0.05633309173067369,29,0.5425408030973577,1.6781751554326296,-0.03737377578380163,37,36600.87931624017,2.660087931624017,0.29735017766384164,1.1891372322907918,-0.20299759392185535,170,91,0.13535031847133758,5,False,-0.12014294213088154,-0.4542312127866803,1.0,0.1776787991628077,0.6510595878136199
180,1ea704ab34a6,relative_weakness_reversal,"{""family"": ""relative_weakness_reversal"", ""gap_max"": -0.04, ""market_prev_return_max"": 0.0, ""min_adv20"": 20000000.0, ""mom3_max"": -0.06, ""prev_return_percentile_max"": 0.15}",,0.1,2.0,5,False,17906.411547993626,0.7906411547993626,0.21526835156999002,1.04099450440943,-0.1521969673920076,78,36,0.10358565737051793,5,False,-0.08119213226751136,11750.12220864283,0.17501222086428303,0.1742634308370501,1.3287496421752687,-0.036392456178332644,16,12,0.06324110671936758,5,False,-0.03574260684001555,15253.02835519501,0.5253028355195011,0.5304633225857345,2.024902329484645,-0.029077931557684566,31,14,0.124,5,False,-0.0290779315576847,0.19792941646084294,1.6304874170525376,-0.008383725946421228,17,0.22641659427167227,0.8317694125373812,-0.15219696739200772,39,0.21881927561925463,1.2662003839251192,-0.10733179573419505,22,0.17501222086428303,1.3287496421752687,-0.036392456178332644,16,0.5253028355195011,2.024902329484645,-0.029077931557684566,31,32092.756646860922,2.2092756646860923,0.2635835309167247,1.2837139279289793,-0.1521969673920076,125,62,0.09952229299363058,5,False,-0.08119213226751136,-0.2877551377658387,1.0,0.17501222086428303,0.6505801971326165
181,9654c0e2efca,relative_weakness_reversal,"{""family"": ""relative_weakness_reversal"", ""gap_max"": -0.04, ""market_prev_return_max"": 0.0, ""min_adv20"": 100000000.0, ""mom3_max"": -0.06, ""prev_return_percentile_max"": 0.125}",,0.1,1.5,5,False,15693.362322572342,0.5693362322572342,0.16278275507826634,1.095531575176431,-0.09004069133170323,70,33,0.09296148738379814,5,False,-0.060894099200633524,11302.069255375602,0.1302069255375602,0.12966026664037855,1.328749642175269,-0.027352972841480194,16,12,0.06324110671936758,5,False,-0.02680695513001167,13451.40540555413,0.3451405405554129,0.3483349848560964,1.987906230901425,-0.02180844866826359,28,13,0.112,5,False,-0.021808448668263525,0.14100890450303138,1.5778599420441608,-0.006287794459815865,16,0.25041993602120227,1.1407962718189644,-0.09004069133170345,35,0.0999452757807997,0.965458115558764,-0.08518246796895945,19,0.1302069255375602,1.328749642175269,-0.027352972841480194,16,0.3451405405554129,1.987906230901425,-0.02180844866826359,28,23858.417153955226,1.3858417153955225,0.1906081789081051,1.3120415715907396,-0.09004069133170323,114,58,0.09076433121019108,5,False,-0.060894099200633524,-0.23321806699883796,1.0,0.0999452757807997,0.6502262544802867
182,e2bcffd2c8ea,relative_weakness_reversal,"{""family"": ""relative_weakness_reversal"", ""gap_max"": -0.04, ""market_prev_return_max"": 0.0, ""min_adv20"": 50000000.0, ""mom3_max"": -0.06, ""prev_return_percentile_max"": 0.1}",,0.09,2.25,5,False,18400.65167502556,0.8400651675025561,0.22639236707232424,1.098309170049995,-0.1276256463572909,70,34,0.09296148738379814,5,False,-0.09134114880095028,11773.888067853035,0.17738880678530355,0.1766291051675395,1.2653976850782702,-0.04089754016982583,16,12,0.06324110671936758,5,False,-0.0402104326950175,15113.6644763193,0.51136644763193,0.5163684327621041,2.015108190396022,-0.03271267300239533,28,13,0.112,5,False,-0.03271267300239529,0.21424655148096816,1.648567705421203,-0.009431691689724131,17,0.3169114758787488,1.1096295176475992,-0.1276256463572908,33,0.1507202168938564,0.9006242031613244,-0.12659135686564027,20,0.17738880678530355,1.2653976850782702,-0.04089754016982583,16,0.51136644763193,2.015108190396022,-0.03271267300239533,28,32743.332899936562,2.274333289993656,0.26868171460128165,1.3133999828095344,-0.1276256463572909,114,59,0.09076433121019108,5,False,-0.09134114880095028,-0.16708851502827526,1.0,0.1507202168938564,0.6500156810035843
183,cbda221d6d0a,gap_down_reversal,"{""family"": ""gap_down_reversal"", ""gap_max"": -0.04, ""market_prev_return_max"": null, ""min_adv20"": 50000000.0, ""mom3_max"": -0.06, ""prev_return_max"": -0.03}",,0.06,2.0,5,False,15576.767735169227,0.5576767735169228,0.15988445703631693,0.9837657505154562,-0.19363585515936432,84,44,0.11155378486055777,5,False,-0.11936265013802058,12094.536053257445,0.20945360532574453,0.2085448551631024,1.6814499009602102,-0.03639245617833253,22,17,0.08695652173913043,5,False,-0.030413003586599617,13689.5628780874,0.36895628780874,0.37239996254047836,1.8466736702636224,-0.042654753423957636,33,15,0.132,5,False,-0.0290779315576847,0.23087496753615966,2.1353780343972817,-0.00838372594642145,22,0.10517689288451781,0.5602626687504574,-0.18517902092751892,41,0.14506887158939352,1.005042428691394,-0.11292322423182166,21,0.20945360532574453,1.6814499009602102,-0.03639245617833253,22,0.36895628780874,1.8466736702636224,-0.042654753423957636,33,25790.284829985907,1.5790284829985906,0.2093535998113738,1.2719277602513601,-0.19363585515936432,139,76,0.1106687898089172,5,False,-0.11936265013802058,-0.697684150444754,1.0,0.10517689288451781,0.649923835125448
184,105819caefc2,gap_down_reversal,"{""family"": ""gap_down_reversal"", ""gap_max"": -0.04, ""market_prev_return_max"": null, ""min_adv20"": 20000000.0, ""mom3_max"": -0.06, ""prev_return_max"": -0.015}",,,3.0,10,False,20908.579044870516,1.0908579044870517,0.27997131648079643,0.983852693335781,-0.1763470931292218,130,53,0.17264276228419656,10,False,-0.1204072889115863,12402.305557351401,0.24023055573514007,0.23917559643866992,1.3918432769044393,-0.04838456772424771,34,21,0.13438735177865613,10,False,-0.02680695513001167,15190.32436104979,0.519032436104979,0.5241214803335725,1.4702813728991162,-0.050675004826893466,48,17,0.192,10,False,-0.05067500482689337,0.1969356818709591,1.8588690054155361,-0.017359479320872784,32,0.398684354957618,0.990389110768078,-0.1763470931292218,67,0.24891818136663502,0.982616027644987,-0.17557779975900123,31,0.24023055573514007,1.3918432769044393,-0.04838456772424771,34,0.519032436104979,1.4702813728991162,-0.050675004826893466,48,39390.72674175204,2.939072674175204,0.3166126713898727,1.1255588347760461,-0.1763470931292218,212,91,0.16878980891719744,10,False,-0.1204072889115863,-0.40799058356865836,1.0,0.1969356818709591,0.649769265232975
185,eca474687407,relative_weakness_reversal,"{""family"": ""relative_weakness_reversal"", ""gap_max"": -0.04, ""market_prev_return_max"": 0.0, ""min_adv20"": 100000000.0, ""mom3_max"": -0.06, ""prev_return_percentile_max"": 0.1}",,0.1,1.25,5,False,14475.534143093659,0.4475534143093658,0.1317700373446582,1.1263888588735995,-0.07120434276816989,65,32,0.08632138114209828,5,False,-0.050745082667194595,11080.566290374325,0.10805662903743252,0.10760733225554442,1.3287496421752687,-0.022818573496121264,16,12,0.06324110671936758,5,False,-0.022339129275009723,12822.479581945281,0.2822479581945281,0.2848007821268079,1.987906230901425,-0.01817370722355305,28,13,0.112,5,False,-0.018173707223552937,0.11673298540124133,1.577859942044161,-0.005239828716513517,16,0.18408251340276127,1.1058223576070987,-0.06422909734949922,31,0.09472058932071525,1.0763108622146897,-0.07120434276817,18,0.10805662903743252,1.3287496421752687,-0.022818573496121264,16,0.2822479581945281,1.987906230901425,-0.01817370722355305,28,20566.887405677066,1.0566887405677066,0.15566825687205177,1.340968186485431,-0.07120434276816989,109,57,0.08678343949044585,5,False,-0.050745082667194595,-0.20236078330166918,1.0,0.09472058932071525,0.6485819892473118
186,a44d390955fb,gap_down_reversal,"{""family"": ""gap_down_reversal"", ""gap_max"": -0.04, ""market_prev_return_max"": null, ""min_adv20"": 20000000.0, ""mom3_max"": -0.06, ""prev_return_max"": -0.015}",,0.06,2.0,7,False,15344.820023448181,0.534482002344818,0.1540755162873515,1.03536811914337,-0.138737411688152,115,53,0.15272244355909695,7,False,-0.09583343185612324,11637.081319601004,0.16370813196010037,0.1630109826867474,1.4855995424769548,-0.045243430588083444,31,21,0.1225296442687747,7,False,-0.02553043345715397,13689.260852620842,0.36892608526208415,0.37236944179239084,2.029339036391861,-0.030562596680962728,42,17,0.168,7,False,-0.02076995111263193,0.16538826481900304,1.915770889261946,-0.016532837448450466,29,0.14077668999583026,0.7159854338075313,-0.138737411688152,58,0.1542251151852232,1.3166273838593399,-0.07713761650130968,28,0.16370813196010037,1.4855995424769548,-0.045243430588083444,31,0.36892608526208415,2.029339036391861,-0.030562596680962728,42,24444.76504798317,1.4444765047983168,0.19642209727694815,1.3151860235050743,-0.138737411688152,188,91,0.14968152866242038,7,False,-0.09583343185612324,-0.4502314233335849,1.0,0.14077668999583026,0.6482750896057347
187,88558e766dff,relative_weakness_reversal,"{""family"": ""relative_weakness_reversal"", ""gap_max"": -0.04, ""market_prev_return_max"": 0.0, ""min_adv20"": 100000000.0, ""mom3_max"": -0.06, ""prev_return_percentile_max"": 0.1}",,0.09,2.75,5,False,20239.168706086726,1.0239168706086725,0.26610829434046535,1.0871443538758248,-0.1537593772086866,65,32,0.08632138114209828,5,False,-0.11163918186782813,12180.267273016185,0.21802672730161854,0.21707755588272892,1.26539768507827,-0.04987839279894768,16,12,0.06324110671936758,5,False,-0.04914608440502139,16475.607081473332,0.6475607081473331,0.6541548306522293,2.015108190396022,-0.03998215589181642,28,13,0.112,5,False,-0.03998215589181646,0.2547137222462563,1.5931303893594035,-0.011527623176329493,16,0.37868511338954214,1.0867127192422048,-0.1397476454805946,31,0.1699921195769023,0.9551720527101997,-0.1537593772086865,18,0.21802672730161854,1.26539768507827,-0.04987839279894768,16,0.6475607081473331,2.015108190396022,-0.03998215589181642,28,40615.41684391735,3.0615416843917354,0.3247254632201033,1.3109027960556563,-0.1537593772086866,109,57,0.08678343949044585,5,False,-0.11163918186782813,-0.17825333120244524,1.0,0.1699921195769023,0.648073476702509
188,f8bee66f0432,relative_weakness_reversal,"{""family"": ""relative_weakness_reversal"", ""gap_max"": -0.04, ""market_prev_return_max"": 0.0, ""min_adv20"": 50000000.0, ""mom3_max"": -0.06, ""prev_return_percentile_max"": 0.125}",,0.1,2.0,7,False,16282.090005719903,0.6282090005719903,0.17720258194586824,1.064235274007267,-0.11809761696704768,83,35,0.1102257636122178,7,False,-0.08278238931518984,11403.981109983335,0.14039811099833344,0.13980608068068134,1.3357398056273493,-0.02605842729225749,18,12,0.07114624505928854,7,False,-0.02553043345715397,13313.94590478085,0.33139459047808506,0.3344467317440356,1.7115612123576072,-0.020769951112631913,33,13,0.132,7,False,-0.02076995111263193,0.15940674530347465,1.8042835659964136,-0.0059883756760152895,19,0.27063956838863423,1.0879733111424479,-0.11809761696704746,43,0.10522818882373741,0.9058355305244736,-0.08119765476032748,21,0.14039811099833344,1.3357398056273493,-0.02605842729225749,18,0.33139459047808506,1.7115612123576072,-0.020769951112631913,33,24721.420878092038,1.4721420878092037,0.19912663858391388,1.2293277127730824,-0.11809761696704768,134,60,0.10668789808917198,7,False,-0.08278238931518984,-0.27150453162008237,1.0,0.10522818882373741,0.6478517025089606
189,19d502c0e628,gap_down_reversal,"{""family"": ""gap_down_reversal"", ""gap_max"": -0.04, ""market_prev_return_max"": null, ""min_adv20"": 20000000.0, ""mom3_max"": -0.06, ""prev_return_max"": -0.015}",,0.08,1.5,5,False,15753.513502324893,0.5753513502324894,0.16427238831425717,1.065315299365325,-0.13698282013086327,104,53,0.13811420982735723,5,False,-0.08952198760351544,11506.805910281333,0.15068059102813325,0.1500424196531298,1.4334240879131617,-0.04838456772424771,29,21,0.11462450592885376,5,False,-0.02680695513001167,13453.93279723835,0.34539327972383504,0.3485903511372552,1.837252195569914,-0.0320782679481284,37,17,0.148,5,False,-0.021808448668263525,0.16452025523052138,1.7365276213992298,-0.017359479320872784,27,0.13602191824098564,0.6892583363872147,-0.13698282013086305,51,0.1908132873695112,1.514391348661738,-0.08093254101065894,26,0.15068059102813325,1.4334240879131617,-0.04838456772424771,29,0.34539327972383504,1.837252195569914,-0.0320782679481284,37,24388.296780838242,1.4388296780838243,0.1958670688002393,1.2792538142971346,-0.13698282013086327,170,91,0.13535031847133758,5,False,-0.08952198760351544,-0.3681087885478367,1.0,0.13602191824098564,0.6474417562724015
190,07295788b5ee,relative_weakness_reversal,"{""family"": ""relative_weakness_reversal"", ""gap_max"": -0.04, ""market_prev_return_max"": 0.0, ""min_adv20"": 50000000.0, ""mom3_max"": -0.06, ""prev_return_percentile_max"": 0.125}",,0.09,2.25,5,False,19138.677521083508,0.9138677521083507,0.24263913415389848,1.096422161528035,-0.14630059526561445,74,35,0.09827357237715803,5,False,-0.09134114880095028,11773.888067853035,0.17738880678530355,0.1766291051675395,1.2653976850782702,-0.04089754016982583,16,12,0.06324110671936758,5,False,-0.0402104326950175,15673.24372142063,0.5673243721420629,0.5729689798533264,2.0517993521705407,-0.03271267300239533,29,13,0.116,5,False,-0.03271267300239529,0.21424655148096816,1.648567705421203,-0.009431691689724131,17,0.36973105658348904,1.1502245708484429,-0.14630059526561456,37,0.1507202168938564,0.9006242031613244,-0.12659135686564027,20,0.17738880678530355,1.2653976850782702,-0.04089754016982583,16,0.5673243721420629,2.0517993521705407,-0.03271267300239533,29,35317.56186230965,2.5317561862309654,0.288092885720999,1.3164531641074275,-0.14630059526561445,119,60,0.09474522292993631,5,False,-0.09134114880095028,-0.16897552355023526,1.0,0.1507202168938564,0.6463597670250897
191,7723507cb914,gap_down_reversal,"{""family"": ""gap_down_reversal"", ""gap_max"": -0.04, ""market_prev_return_max"": null, ""min_adv20"": 50000000.0, ""mom3_max"": -0.05, ""prev_return_max"": -0.03}",,0.06,2.5,5,False,17792.930658913756,0.7792930658913755,0.2126854384630319,0.995468236774162,-0.20765916903700699,104,55,0.13811420982735723,5,False,-0.14920331267252573,12369.742552359345,0.2369742552359344,0.23593490877377676,1.48716431976276,-0.06913130109767462,28,19,0.11067193675889328,5,False,-0.03801625448324952,15624.050347511442,0.5624050347511442,0.567992491929189,1.841158193484803,-0.057987707992294024,42,20,0.168,5,False,-0.036347414447105875,0.19402243355351478,1.1639857213355924,-0.08571563981042662,26,0.16787128391869954,0.6993601503084055,-0.2076591690370071,50,0.27596869618364384,1.3528235093219756,-0.14027691530680142,28,0.2369742552359344,1.48716431976276,-0.06913130109767462,28,0.5624050347511442,1.841158193484803,-0.057987707992294024,42,34387.592919426315,2.4387592919426315,0.28121499404724015,1.2552245457388471,-0.20765916903700699,174,94,0.13853503184713375,5,False,-0.14920331267252573,-0.491696082988598,1.0,0.16787128391869954,0.6459632616487455
192,dcfadc640c21,relative_weakness_reversal,"{""family"": ""relative_weakness_reversal"", ""gap_max"": -0.04, ""market_prev_return_max"": 0.0, ""min_adv20"": 100000000.0, ""mom3_max"": -0.06, ""prev_return_percentile_max"": 0.15}",,0.1,1.75,5,False,16544.061233897224,0.6544061233897225,0.18350765416474446,1.0454501792740074,-0.11263936508777417,73,34,0.09694555112881806,5,False,-0.07104311573407245,11525.269617998343,0.15252696179983438,0.1518804667349969,1.3287496421752687,-0.0318776004022171,16,12,0.06324110671936758,5,False,-0.031274780985013614,14047.227952362393,0.40472279523623933,0.4085470391890107,1.9858259092048363,-0.025443190112974134,30,14,0.12,5,False,-0.025443190112974114,0.1655983485932555,1.577859942044161,-0.0073357602031186575,16,0.2226033368437692,0.9042231789621828,-0.11263936508777406,36,0.16093426239969122,1.2555561534785162,-0.09416830955659483,21,0.15252696179983438,1.3287496421752687,-0.0318776004022171,16,0.40472279523623933,1.9858259092048363,-0.025443190112974134,30,26784.51906942159,1.678451906942159,0.21856670600138317,1.2748223110269166,-0.11263936508777417,119,60,0.09474522292993631,5,False,-0.07104311573407245,-0.2832994629012613,1.0,0.15252696179983438,0.6453920250896058
193,3ab676842d5e,gap_down_reversal,"{""family"": ""gap_down_reversal"", ""gap_max"": -0.04, ""market_prev_return_max"": null, ""min_adv20"": 50000000.0, ""mom3_max"": -0.06, ""prev_return_max"": -0.015}",,0.08,1.0,5,False,13811.209449925385,0.38112094499253857,0.11411529009847454,1.1110110924848433,-0.08514503050192257,103,53,0.13678618857901725,5,False,-0.05968132506901029,10992.978188723588,0.09929781887235878,0.09888654279919451,1.433424087913162,-0.03238845918486832,29,21,0.11462450592885376,5,False,-0.017871303420007777,12222.871998268225,0.22228719982682255,0.22425151415793398,1.8372521955699137,-0.021443655488213254,37,17,0.148,5,False,-0.01453896577884235,0.1078234556930997,1.7365276213992296,-0.011572986213915226,27,0.1079153302968403,0.7790818977171569,-0.08514503050192279,50,0.12526441107899777,1.514391348661738,-0.05424415681378136,26,0.09929781887235878,1.433424087913162,-0.03238845918486832,29,0.22228719982682255,1.8372521955699137,-0.021443655488213254,37,18557.537271888137,0.8557537271888138,0.1320747407240297,1.3084448314845998,-0.08514503050192257,169,91,0.13455414012738853,5,False,-0.05968132506901029,-0.3224129954283186,1.0,0.09929781887235878,0.6446326164874553
194,b9ef33ec7968,gap_down_reversal,"{""family"": ""gap_down_reversal"", ""gap_max"": -0.04, ""market_prev_return_max"": null, ""min_adv20"": 50000000.0, ""mom3_max"": -0.06, ""prev_return_max"": -0.015}",,0.07,1.5,5,False,15162.419390907422,0.5162419390907422,0.14946627243583288,1.050273849802654,-0.13001645905792225,103,53,0.13678618857901725,5,False,-0.08952198760351544,11473.912224715417,0.14739122247154168,0.14676785112046198,1.4632009723749617,-0.04838456772424782,29,21,0.11462450592885376,5,False,-0.02680695513001167,13621.260810912083,0.36212608109120836,0.3654979329825112,1.9574353913681148,-0.0320782679481284,37,17,0.148,5,False,-0.021808448668263525,0.1637006617420247,1.7620272097698058,-0.017359479320872784,27,0.13279651617012367,0.7169537156781387,-0.13001645905792247,50,0.15020517970241154,1.3455527818723916,-0.08093254101065883,26,0.14739122247154168,1.4632009723749617,-0.04838456772424782,29,0.36212608109120836,1.9574353913681148,-0.0320782679481284,37,23697.216527156146,1.3697216527156146,0.18898979764444257,1.309198990109525,-0.13001645905792225,169,91,0.13455414012738853,5,False,-0.08952198760351544,-0.4129271225723077,1.0,0.13279651617012367,0.6442629928315412
195,105819caefc2,gap_down_reversal,"{""family"": ""gap_down_reversal"", ""gap_max"": -0.04, ""market_prev_return_max"": null, ""min_adv20"": 20000000.0, ""mom3_max"": -0.06, ""prev_return_max"": -0.015}",,,2.75,10,False,19814.845963472064,0.9814845963472063,0.25716218799491464,0.9838526933357807,-0.16230081999259327,130,53,0.17264276228419656,10,False,-0.1103733481689541,12192.696369356923,0.21926963693569235,0.2183145856030746,1.3918432769044395,-0.044397923155218844,34,21,0.13438735177865613,10,False,-0.024573042202510696,14714.377368989562,0.4714377368989562,0.4759913930912718,1.4702813728991164,-0.04645208775798548,48,17,0.192,10,False,-0.04645208775798558,0.17955631697229846,1.858869005415536,-0.015912856044133505,32,0.3671016667139433,0.9903891107680782,-0.16230081999259338,67,0.2287717184528033,0.9826160276449866,-0.16167297865594343,31,0.21926963693569235,1.3918432769044395,-0.044397923155218844,34,0.4714377368989562,1.4702813728991164,-0.04645208775798548,48,35549.406070370766,2.5549406070370764,0.2897849900119298,1.1255588347760463,-0.16230081999259327,212,91,0.16878980891719744,10,False,-0.1103733481689541,-0.4079905835686588,1.0,0.17955631697229846,0.643978494623656
196,4eb7508c4970,relative_weakness_reversal,"{""family"": ""relative_weakness_reversal"", ""gap_max"": -0.04, ""market_prev_return_max"": 0.0, ""min_adv20"": 50000000.0, ""mom3_max"": -0.06, ""prev_return_percentile_max"": 0.15}",,0.1,2.75,7,False,18514.673234463946,0.8514673234463945,0.22893039070346677,0.9981036652934019,-0.160662135650806,87,36,0.11553784860557768,7,False,-0.11382578530838604,11949.947249349165,0.19499472493491643,0.19415360418951955,1.3357398056273493,-0.03574807505427269,18,12,0.07114624505928854,7,False,-0.03510434600358671,14656.785968949107,0.46567859689491065,0.4701683058675452,1.70468265157102,-0.02855868277986895,35,14,0.14,7,False,-0.0285586827798689,0.22346869502775757,1.8042835659964136,-0.00823401655452094,19,0.28800476876262526,0.8940225035928018,-0.160662135650806,44,0.17491302693794908,1.03972619616948,-0.10545572315994622,24,0.19499472493491643,1.3357398056273493,-0.03574807505427269,18,0.46567859689491065,1.70468265157102,-0.02855868277986895,35,32428.046397345308,2.2428046397345307,0.2662212112988378,1.1825693997097746,-0.160662135650806,140,62,0.11146496815286625,7,False,-0.11382578530838604,-0.3376361403339474,1.0,0.17491302693794908,0.6436895161290322
197,19d502c0e628,gap_down_reversal,"{""family"": ""gap_down_reversal"", ""gap_max"": -0.04, ""market_prev_return_max"": null, ""min_adv20"": 20000000.0, ""mom3_max"": -0.06, ""prev_return_max"": -0.015}",,0.08,1.75,7,False,15424.455705243816,0.5424455705243816,0.1560764716860903,1.055593619702613,-0.12365028353191154,115,53,0.15272244355909695,7,False,-0.08385425287410783,11406.21070681456,0.1406210706814559,0.14002804372389877,1.4268775490620755,-0.04040302354231273,31,21,0.1225296442687747,7,False,-0.022339129275009723,13471.487108873964,0.3471487108873963,0.3503640398232186,1.995425630209151,-0.026768228366433777,42,17,0.168,7,False,-0.018173707223552937,0.14206135556886612,1.8033275942349736,-0.014466232767394338,29,0.18131019808891646,0.852659156442771,-0.12365028353191154,58,0.14329014021920816,1.4485378281636452,-0.06762449009638771,28,0.1406210706814559,1.4268775490620755,-0.04040302354231273,31,0.3471487108873963,1.995425630209151,-0.026768228366433777,42,23701.00585599538,1.370100585599538,0.18902794164439163,1.3017606199310319,-0.12365028353191154,188,91,0.14968152866242038,7,False,-0.08385425287410783,-0.37128392935946253,1.0,0.1406210706814559,0.6432123655913977
198,6335ea5e30c2,gap_down_reversal,"{""family"": ""gap_down_reversal"", ""gap_max"": -0.04, ""market_prev_return_max"": null, ""min_adv20"": 50000000.0, ""mom3_max"": -0.06, ""prev_return_max"": -0.015}",,0.06,1.75,5,False,15798.843401126294,0.5798843401126295,0.1653924765180146,1.0405600606044232,-0.15340841306752173,103,53,0.13678618857901725,5,False,-0.10444231887076802,11733.09198004651,0.17330919800465105,0.1725682154162793,1.503407563791522,-0.055280851256958474,29,21,0.11462450592885376,5,False,-0.031274780985013614,13622.433069323759,0.36224330693237583,0.3656163891773816,1.9267616405059291,-0.037373775783801744,37,17,0.148,5,False,-0.025443190112974114,0.19613860172244268,1.8460345879236908,-0.020252725874351674,27,0.12420861175425357,0.6434787328393904,-0.1534084130675214,50,0.17488911562337872,1.2755012185185421,-0.09416830955659494,26,0.17330919800465105,1.503407563791522,-0.055280851256958474,29,0.36224330693237583,1.9267616405059291,-0.037373775783801744,37,25251.80648102846,1.5251806481028458,0.20424465590449525,1.2933921302281257,-0.15340841306752173,169,91,0.13455414012738853,5,False,-0.10444231887076802,-0.4628475031870989,1.0,0.12420861175425357,0.6421729390681005
199,88ea55f398f3,gap_down_reversal,"{""family"": ""gap_down_reversal"", ""gap_max"": -0.04, ""market_prev_return_max"": null, ""min_adv20"": 50000000.0, ""mom3_max"": -0.06, ""prev_return_max"": -0.015}",,,1.25,7,False,15606.341016367607,0.5606341016367606,0.16062094960365902,1.0597652545968304,-0.10681285564565057,114,53,0.15139442231075698,7,False,-0.06129741945453141,11146.472896310062,0.11464728963100623,0.11416920399569608,1.4439191522288315,-0.028943537671828223,31,21,0.1225296442687747,7,False,-0.01595652091072123,13108.03581461613,0.310803581461613,0.31364470697621116,1.7973038225519404,-0.019157246330702038,42,17,0.168,7,False,-0.012981219445394956,0.10883365107802057,1.7928567236318143,-0.010333023405281305,29,0.19205597890068127,0.9911780802626975,-0.08564411836280217,57,0.18069587151865707,1.1062259020619045,-0.10681285564565046,28,0.11464728963100623,1.4439191522288315,-0.028943537671828223,31,0.310803581461613,1.7973038225519404,-0.019157246330702038,42,22802.16984070909,1.280216984070909,0.17984035211128946,1.24242060211033,-0.10681285564565057,187,91,0.14888535031847133,7,False,-0.06129741945453141,-0.38415389763200114,1.0,0.10883365107802057,0.6420564516129033
200,6335ea5e30c2,gap_down_reversal,"{""family"": ""gap_down_reversal"", ""gap_max"": -0.04, ""market_prev_return_max"": null, ""min_adv20"": 50000000.0, ""mom3_max"": -0.06, ""prev_return_max"": -0.015}",,0.06,1.25,7,False,13313.256408655234,0.3313256408655234,0.10050786583370641,1.0800033420165098,-0.08264547721944937,114,53,0.15139442231075698,7,False,-0.059895894910077026,11007.633285663254,0.10076332856632542,0.10034571000365666,1.4855995424769548,-0.028398191067759426,31,21,0.1225296442687747,7,False,-0.01595652091072123,12202.989723185623,0.22029897231856221,0.22224417309339128,2.029339036391861,-0.019157246330702038,42,17,0.168,7,False,-0.012981219445394956,0.10121563145824286,1.9157708892619456,-0.010333023405281527,29,0.10364102458007918,0.8027283467197199,-0.08264547721944937,57,0.09542864478027568,1.3166273838593394,-0.04848760100847982,28,0.10076332856632542,1.4855995424769548,-0.028398191067759426,31,0.22029897231856221,2.029339036391861,-0.019157246330702038,42,17883.169577829623,0.7883169577829623,0.12369821666301162,1.3438154613104758,-0.08264547721944937,187,91,0.14888535031847133,7,False,-0.059895894910077026,-0.405596200460445,1.0,0.09542864478027568,0.6420116487455196
