policy_rank,variant_id,family,base_config_json,stop_loss,take_profit,leverage,max_positions,is_frozen_policy,train_final_equity,train_total_return,train_cagr,train_sharpe,train_max_drawdown,train_trades,train_traded_days,train_average_positions,train_max_positions_used,train_blown_up,train_worst_day,validation_final_equity,validation_total_return,validation_cagr,validation_sharpe,validation_max_drawdown,validation_trades,validation_traded_days,validation_average_positions,validation_max_positions_used,validation_blown_up,validation_worst_day,diagnostic_2025_final_equity,diagnostic_2025_total_return,diagnostic_2025_cagr,diagnostic_2025_sharpe,diagnostic_2025_max_drawdown,diagnostic_2025_trades,diagnostic_2025_traded_days,diagnostic_2025_average_positions,diagnostic_2025_max_positions_used,diagnostic_2025_blown_up,diagnostic_2025_worst_day,y2021_return,y2021_sharpe,y2021_max_drawdown,y2021_trades,y2022_return,y2022_sharpe,y2022_max_drawdown,y2022_trades,y2023_return,y2023_sharpe,y2023_max_drawdown,y2023_trades,y2024_return,y2024_sharpe,y2024_max_drawdown,y2024_trades,y2025_return,y2025_sharpe,y2025_max_drawdown,y2025_trades,all_2021_2025_final_equity,all_2021_2025_total_return,all_2021_2025_cagr,all_2021_2025_sharpe,all_2021_2025_max_drawdown,all_2021_2025_trades,all_2021_2025_traded_days,all_2021_2025_average_positions,all_2021_2025_max_positions_used,all_2021_2025_blown_up,all_2021_2025_worst_day,policy_sharpe_stability,policy_positive_year_share_2021_2024,policy_worst_year_return_2021_2024,policy_selection_score
1,be957829cf82,relative_weakness_reversal,"{""family"": ""relative_weakness_reversal"", ""gap_max"": -0.04, ""market_prev_return_max"": 0.0, ""min_adv20"": 50000000.0, ""mom3_max"": -0.06, ""prev_return_percentile_max"": 0.1}",,0.1,3.0,5,False,23620.414778310565,1.3620414778310566,0.3332908754397803,1.1376902166836014,-0.16858212926544558,70,34,0.09296148738379814,5,False,-0.12178819840126705,12665.104959344568,0.26651049593445686,0.26532831004180313,1.328749642175269,-0.054354161436575676,16,12,0.06324110671936758,5,False,-0.05361391026002334,17721.716614103887,0.7721716614103886,0.7803026316810915,1.987906230901425,-0.04361689733652707,28,13,0.112,5,False,-0.04361689733652705,0.30540614821822976,1.6304874170525379,-0.012575588919632064,17,0.4518027411432599,1.1275450752808323,-0.16858212926544525,33,0.24633345766170778,1.0154477530752817,-0.16721201570378763,20,0.26651049593445686,1.328749642175269,-0.054354161436575676,16,0.7721716614103886,1.987906230901425,-0.04361689733652707,28,53015.40706999653,4.301540706999653,0.3974678414884252,1.3432553319513216,-0.16858212926544558,114,59,0.09076433121019108,5,False,-0.12178819840126705,-0.19105942549166754,1.0,0.24633345766170778,0.7385282258064516
2,f8bee66f0432,relative_weakness_reversal,"{""family"": ""relative_weakness_reversal"", ""gap_max"": -0.04, ""market_prev_return_max"": 0.0, ""min_adv20"": 50000000.0, ""mom3_max"": -0.06, ""prev_return_percentile_max"": 0.125}",,0.1,3.0,5,False,24619.643747498765,1.4619643747498765,0.35190721319768037,1.1350076643812,-0.19243456045620344,74,35,0.09827357237715803,5,False,-0.12178819840126705,12665.104959344568,0.26651049593445686,0.26532831004180313,1.328749642175269,-0.054354161436575676,16,12,0.06324110671936758,5,False,-0.05361391026002334,18670.10857459437,0.8670108574594371,0.8763593613091434,2.0279083085643776,-0.04361689733652707,29,13,0.116,5,False,-0.04361689733652705,0.30540614821822976,1.6304874170525379,-0.012575588919632064,17,0.5132192475895936,1.1603647585132821,-0.19243456045620344,37,0.24633345766170778,1.0154477530752817,-0.16721201570378763,20,0.26651049593445686,1.328749642175269,-0.054354161436575676,16,0.8670108574594371,2.0279083085643776,-0.04361689733652707,29,58215.33502234957,4.821533502234957,0.4239500828313836,1.3489013816507347,-0.19243456045620344,119,60,0.09474522292993631,5,False,-0.12178819840126705,-0.193741977794069,1.0,0.24633345766170778,0.737013888888889
3,3ab676842d5e,gap_down_reversal,"{""family"": ""gap_down_reversal"", ""gap_max"": -0.04, ""market_prev_return_max"": null, ""min_adv20"": 50000000.0, ""mom3_max"": -0.06, ""prev_return_max"": -0.015}",,0.08,2.75,5,False,22652.46274876278,1.265246274876278,0.3147506952023522,1.1110110924848435,-0.2255077439472838,103,53,0.13678618857901725,5,False,-0.16412364393977832,12839.07985811802,0.2839079858118021,0.28264039231910987,1.4334240879131623,-0.0877969860012856,29,21,0.11462450592885376,5,False,-0.04914608440502139,16904.009646155406,0.6904009646155407,0.6975151138873725,1.8372521955699133,-0.0584105206763571,37,17,0.148,5,False,-0.03998215589181646,0.31462426720450987,1.7365276213992296,-0.03182571208826701,27,0.2646827267729652,0.7790818977171566,-0.22550774394728368,50,0.36248645383636435,1.514391348661738,-0.1463885600569833,26,0.2839079858118021,1.4334240879131623,-0.0877969860012856,29,0.6904009646155407,1.8372521955699133,-0.0584105206763571,37,49163.07704393131,3.916307704393131,0.3764750564614978,1.3084448314845998,-0.2255077439472838,169,91,0.13455414012738853,5,False,-0.16412364393977832,-0.3224129954283188,1.0,0.2646827267729652,0.7341442652329748
4,3ab676842d5e,gap_down_reversal,"{""family"": ""gap_down_reversal"", ""gap_max"": -0.04, ""market_prev_return_max"": null, ""min_adv20"": 50000000.0, ""mom3_max"": -0.06, ""prev_return_max"": -0.015}",,0.08,3.0,5,False,24141.11078382911,1.414111078382911,0.34305580847801154,1.1110110924848435,-0.24471265077804882,103,53,0.13678618857901725,5,False,-0.1790439752070309,13113.299450819814,0.3113299450819813,0.309925854278406,1.4334240879131617,-0.09558040913016541,29,21,0.11462450592885376,5,False,-0.05361391026002334,17660.741619006607,0.7660741619006608,0.7741282372641578,1.837252195569914,-0.06363339303948079,37,17,0.148,5,False,-0.04361689733652705,0.34610772656528455,1.7365276213992298,-0.03471895864174579,27,0.28279020561802093,0.7790818977171571,-0.2447126507780486,50,0.398047079539134,1.514391348661738,-0.1592629167612417,26,0.3113299450819813,1.4334240879131617,-0.09558040913016541,29,0.7660741619006608,1.837252195569914,-0.06363339303948079,37,55908.541711245554,4.590854171124556,0.4124456116260822,1.3084448314845998,-0.24471265077804882,169,91,0.13455414012738853,5,False,-0.1790439752070309,-0.32241299542831814,1.0,0.28279020561802093,0.7335035842293908
5,eca474687407,relative_weakness_reversal,"{""family"": ""relative_weakness_reversal"", ""gap_max"": -0.04, ""market_prev_return_max"": 0.0, ""min_adv20"": 100000000.0, ""mom3_max"": -0.06, ""prev_return_percentile_max"": 0.1}",,0.1,3.0,5,False,22874.082383196623,1.2874082383196623,0.31904144952583446,1.1263888588735995,-0.16721201570378763,65,32,0.08632138114209828,5,False,-0.12178819840126705,12665.104959344568,0.26651049593445686,0.26532831004180313,1.328749642175269,-0.054354161436575676,16,12,0.06324110671936758,5,False,-0.05361391026002334,17721.716614103887,0.7721716614103886,0.7803026316810915,1.987906230901425,-0.04361689733652707,28,13,0.112,5,False,-0.04361689733652705,0.29330447269309645,1.5778599420441608,-0.012575588919632064,16,0.44204768501764624,1.1058223576070987,-0.1521632744786774,31,0.2264879331118761,1.0763108622146895,-0.16721201570378774,18,0.26651049593445686,1.328749642175269,-0.054354161436575676,16,0.7721716614103886,1.987906230901425,-0.04361689733652707,28,51340.28340651103,4.134028340651103,0.38849453112104104,1.340968186485431,-0.16721201570378763,109,57,0.08678343949044585,5,False,-0.12178819840126705,-0.2023607833016694,1.0,0.2264879331118761,0.7330846774193548
6,3ab676842d5e,gap_down_reversal,"{""family"": ""gap_down_reversal"", ""gap_max"": -0.04, ""market_prev_return_max"": null, ""min_adv20"": 50000000.0, ""mom3_max"": -0.06, ""prev_return_max"": -0.015}",,0.08,2.5,5,False,21218.764745883956,1.1218764745883956,0.2862950266816162,1.1110110924848435,-0.20611715855589274,103,53,0.13678618857901725,5,False,-0.14920331267252573,12567.374972976975,0.25673749729769746,0.25560287741679644,1.433424087913162,-0.07998054269689625,29,21,0.11462450592885376,5,False,-0.044678258550019445,16169.989215531128,0.6169989215531129,0.6232275612471299,1.8372521955699135,-0.05317312431973131,37,17,0.148,5,False,-0.036347414447105875,0.2836331667088354,1.7365276213992293,-0.02893246553478812,27,0.24539045185128305,0.7790818977171573,-0.20611715855589263,50,0.3273138804808575,1.5143913486617382,-0.13344192098438945,26,0.25673749729769746,1.433424087913162,-0.07998054269689625,29,0.6169989215531129,1.8372521955699135,-0.05317312431973131,37,43119.56801981291,3.3119568019812915,0.340723221500018,1.3084448314845998,-0.20611715855589274,169,91,0.13455414012738853,5,False,-0.14920331267252573,-0.32241299542831836,1.0,0.24539045185128305,0.7303270609318996
7,be957829cf82,relative_weakness_reversal,"{""family"": ""relative_weakness_reversal"", ""gap_max"": -0.04, ""market_prev_return_max"": 0.0, ""min_adv20"": 50000000.0, ""mom3_max"": -0.06, ""prev_return_percentile_max"": 0.1}",,0.1,2.75,5,False,22164.93968299512,1.216493968299512,0.3052125383514688,1.1376902166836007,-0.1550186619688213,70,34,0.09296148738379814,5,False,-0.11163918186782813,12434.121713964303,0.24341217139643034,0.24234192487033424,1.3287496421752685,-0.04987839279894757,16,12,0.06324110671936758,5,False,-0.04914608440502139,16948.061473328074,0.6948061473328075,0.7019742722876035,1.987906230901425,-0.03998215589181642,28,13,0.112,5,False,-0.03998215589181646,0.27799203981897724,1.6304874170525383,-0.011527623176329382,17,0.41424350931574283,1.1275450752808325,-0.1550186619688213,33,0.22634936580635157,1.0154477530752817,-0.1537593772086866,20,0.24341217139643034,1.3287496421752685,-0.04987839279894757,16,0.6948061473328075,1.987906230901425,-0.03998215589181642,28,46709.12143756981,3.670912143756981,0.3624065102509888,1.3432553319513216,-0.1550186619688213,114,59,0.09076433121019108,5,False,-0.11163918186782813,-0.19105942549166777,1.0,0.22634936580635157,0.7282616487455198
8,6335ea5e30c2,gap_down_reversal,"{""family"": ""gap_down_reversal"", ""gap_max"": -0.04, ""market_prev_return_max"": null, ""min_adv20"": 50000000.0, ""mom3_max"": -0.06, ""prev_return_max"": -0.015}",,0.06,3.0,7,False,19071.717627158214,0.9071717627158213,0.24118246948182986,1.08000334201651,-0.192986687214028,114,53,0.15139442231075698,7,False,-0.14375014778418485,12504.782371720423,0.2504782371720422,0.24937392474576803,1.4855995424769548,-0.06747779564146217,31,21,0.1225296442687747,7,False,-0.03829565018573095,15878.602161526902,0.5878602161526902,0.5937447447837996,2.029339036391861,-0.04566593176806044,42,17,0.168,7,False,-0.031154926668947893,0.25510117209033667,1.9157708892619458,-0.02479925617267542,29,0.2312436692357971,0.8027283467197203,-0.19298668721402779,57,0.2341474846138647,1.3166273838593399,-0.1148213345274488,28,0.2504782371720422,1.4855995424769548,-0.06747779564146217,31,0.5878602161526902,2.029339036391861,-0.04566593176806044,42,37868.50965462179,2.786850965462179,0.3062429898742125,1.3438154613104758,-0.192986687214028,187,91,0.14888535031847133,7,False,-0.14375014778418485,-0.40559620046044476,1.0,0.2312436692357971,0.7275313620071684
9,f8bee66f0432,relative_weakness_reversal,"{""family"": ""relative_weakness_reversal"", ""gap_max"": -0.04, ""market_prev_return_max"": 0.0, ""min_adv20"": 50000000.0, ""mom3_max"": -0.06, ""prev_return_percentile_max"": 0.125}",,0.1,2.75,5,False,23042.60421566626,1.3042604215666258,0.32228570558240643,1.1350076643811997,-0.17720248606916011,74,35,0.09827357237715803,5,False,-0.11163918186782813,12434.121713964303,0.24341217139643034,0.24234192487033424,1.3287496421752685,-0.04987839279894757,16,12,0.06324110671936758,5,False,-0.04914608440502139,17785.741555676923,0.7785741555676924,0.7867860499103403,2.027908308564378,-0.03998215589181642,29,13,0.116,5,False,-0.03998215589181646,0.27799203981897724,1.6304874170525383,-0.011527623176329382,17,0.470243272294528,1.160364758513282,-0.17720248606916011,37,0.22634936580635157,1.0154477530752817,-0.1537593772086866,20,0.24341217139643034,1.3287496421752685,-0.04987839279894757,16,0.7785741555676924,2.027908308564378,-0.03998215589181642,29,50958.736568588734,4.095873656858873,0.38641799964893986,1.3489013816507347,-0.17720248606916011,119,60,0.09474522292993631,5,False,-0.11163918186782813,-0.19374197779406876,1.0,0.22634936580635157,0.7274014336917562
10,be957829cf82,relative_weakness_reversal,"{""family"": ""relative_weakness_reversal"", ""gap_max"": -0.04, ""market_prev_return_max"": 0.0, ""min_adv20"": 50000000.0, ""mom3_max"": -0.06, ""prev_return_percentile_max"": 0.1}",,0.1,2.5,5,False,20770.513885169035,1.0770513885169035,0.2771365201678999,1.1376902166836012,-0.14136644898089357,70,34,0.09296148738379814,5,False,-0.10149016533438919,12204.59674619442,0.22045967461944205,0.2194989888271046,1.3287496421752687,-0.04539285237669788,16,12,0.06324110671936758,5,False,-0.044678258550019445,16199.93606578652,0.619993606578652,0.6262578539233794,1.987906230901425,-0.036347414447105875,28,13,0.112,5,False,-0.036347414447105875,0.2509427859878639,1.6304874170525379,-0.010479657433026812,17,0.3765281225190782,1.1275450752808325,-0.14136644898089334,33,0.20621494803942841,1.0154477530752817,-0.1402191575959708,20,0.22045967461944205,1.3287496421752687,-0.04539285237669788,16,0.619993606578652,1.987906230901425,-0.036347414447105875,28,41066.14881060313,3.106614881060313,0.3276620741927383,1.3432553319513216,-0.14136644898089357,114,59,0.09076433121019108,5,False,-0.10149016533438919,-0.19105942549166754,1.0,0.20621494803942841,0.7266957885304659
11,3ab676842d5e,gap_down_reversal,"{""family"": ""gap_down_reversal"", ""gap_max"": -0.04, ""market_prev_return_max"": null, ""min_adv20"": 50000000.0, ""mom3_max"": -0.06, ""prev_return_max"": -0.015}",,0.08,2.25,5,False,19841.156917861994,0.9841156917861993,0.25772059522554813,1.1110110924848438,-0.18650817866849434,103,53,0.13678618857901725,5,False,-0.13428298140527314,12298.241738670384,0.22982417386703835,0.22881899113809334,1.433424087913162,-0.07213107921699802,29,21,0.11462450592885376,5,False,-0.0402104326950175,15458.328290578625,0.5458328290578625,0.5512286828956023,1.8372521955699141,-0.04792120241909947,37,17,0.148,5,False,-0.03271267300239529,0.2531308414936022,1.7365276213992296,-0.02603921898130923,27,0.2249678630645433,0.7790818977171571,-0.18650817866849434,50,0.29254561273156376,1.5143913486617382,-0.12042299954345992,26,0.22982417386703835,1.433424087913162,-0.07213107921699802,29,0.5458328290578625,1.8372521955699141,-0.04792120241909947,37,37720.07464507794,2.772007464507794,0.3052140868059725,1.3084448314845998,-0.18650817866849434,169,91,0.13455414012738853,5,False,-0.13428298140527314,-0.32241299542831814,1.0,0.2249678630645433,0.7260259856630825
12,f8bee66f0432,relative_weakness_reversal,"{""family"": ""relative_weakness_reversal"", ""gap_max"": -0.04, ""market_prev_return_max"": 0.0, ""min_adv20"": 50000000.0, ""mom3_max"": -0.06, ""prev_return_percentile_max"": 0.125}",,0.1,2.5,5,False,21533.922555220288,1.1533922555220286,0.2926574203815284,1.1350076643812002,-0.16182454126019818,74,35,0.09827357237715803,5,False,-0.10149016533438919,12204.59674619442,0.22045967461944205,0.2194989888271046,1.3287496421752687,-0.04539285237669788,16,12,0.06324110671936758,5,False,-0.044678258550019445,16933.382065271497,0.6933382065271496,0.7004883348305633,2.027908308564378,-0.036347414447105875,29,13,0.116,5,False,-0.036347414447105875,0.2509427859878639,1.6304874170525379,-0.010479657433026812,17,0.42712164702743394,1.1603647585132821,-0.16182454126019818,37,0.20621494803942841,1.0154477530752817,-0.1402191575959708,20,0.22045967461944205,1.3287496421752687,-0.04539285237669788,16,0.6933382065271496,2.027908308564378,-0.036347414447105875,29,44503.10250856591,3.4503102508565915,0.3492457078079476,1.3489013816507347,-0.16182454126019818,119,60,0.09474522292993631,5,False,-0.10149016533438919,-0.19374197779406854,1.0,0.20621494803942841,0.7258445340501791
13,eca474687407,relative_weakness_reversal,"{""family"": ""relative_weakness_reversal"", ""gap_max"": -0.04, ""market_prev_return_max"": 0.0, ""min_adv20"": 100000000.0, ""mom3_max"": -0.06, ""prev_return_percentile_max"": 0.1}",,0.1,2.75,5,False,21513.705317703567,1.1513705317703566,0.2922511423246663,1.1263888588735993,-0.1537593772086866,65,32,0.08632138114209828,5,False,-0.11163918186782813,12434.121713964303,0.24341217139643034,0.24234192487033424,1.3287496421752685,-0.04987839279894757,16,12,0.06324110671936758,5,False,-0.04914608440502139,16948.061473328074,0.6948061473328075,0.7019742722876035,1.987906230901425,-0.03998215589181642,28,13,0.112,5,False,-0.03998215589181646,0.2671234030200107,1.5778599420441608,-0.011527623176329271,16,0.40564995754413524,1.1058223576070985,-0.1397476454805946,31,0.2078670098081159,1.0763108622146895,-0.1537593772086865,18,0.24341217139643034,1.3287496421752685,-0.04987839279894757,16,0.6948061473328075,1.987906230901425,-0.03998215589181642,28,45336.74752237892,3.533674752237892,0.35427915331414406,1.3409681864854308,-0.1537593772086866,109,57,0.08678343949044585,5,False,-0.11163918186782813,-0.20236078330166918,1.0,0.2078670098081159,0.7228808243727599
14,3ab676842d5e,gap_down_reversal,"{""family"": ""gap_down_reversal"", ""gap_max"": -0.04, ""market_prev_return_max"": null, ""min_adv20"": 50000000.0, ""mom3_max"": -0.06, ""prev_return_max"": -0.015}",,0.08,3.0,7,False,20827.326212555083,1.0827326212555084,0.2783045218542677,1.0945977056312348,-0.19298668721402779,114,53,0.15139442231075698,7,False,-0.14375014778418485,12465.547929029066,0.2465547929029066,0.24546941507145248,1.4268775490620753,-0.06875691522290617,31,21,0.1225296442687747,7,False,-0.03829565018573095,16450.818839152307,0.6450818839152308,0.651646190428165,1.995425630209151,-0.04566593176806044,42,17,0.168,7,False,-0.031154926668947893,0.25166386706005484,1.803327594234974,-0.024799256172675643,29,0.3300497420827051,0.9258368138048997,-0.19298668721402779,57,0.25105937234342823,1.4485378281636452,-0.11482133452744869,28,0.2465547929029066,1.4268775490620753,-0.06875691522290617,31,0.6450818839152308,1.995425630209151,-0.04566593176806044,42,42710.279354125305,3.2710279354125307,0.33816015870546345,1.3270594290700686,-0.19298668721402779,187,91,0.14888535031847133,7,False,-0.14375014778418485,-0.3322798434308405,1.0,0.2465547929029066,0.7213709677419355
15,6335ea5e30c2,gap_down_reversal,"{""family"": ""gap_down_reversal"", ""gap_max"": -0.04, ""market_prev_return_max"": null, ""min_adv20"": 50000000.0, ""mom3_max"": -0.06, ""prev_return_max"": -0.015}",,0.06,2.75,7,False,18169.280345188476,0.8169280345188477,0.2212098952904218,1.0800033420165098,-0.1776012410733745,114,53,0.15139442231075698,7,False,-0.13177096880216946,12284.846919958716,0.22848469199587162,0.22748589127401675,1.4855995424769544,-0.06194341376815882,31,21,0.1225296442687747,7,False,-0.03510434600358671,15308.15348415057,0.5308153484150571,0.5360388155211602,2.029339036391861,-0.04190121759183418,42,17,0.168,7,False,-0.0285586827798689,0.2322212772462906,1.915770889261946,-0.022732651491619182,29,0.2145726532770853,0.8027283467197199,-0.1776012410733746,57,0.2140191119952406,1.3166273838593392,-0.10545572315994611,28,0.22848469199587162,1.4855995424769544,-0.06194341376815882,31,0.5308153484150571,2.029339036391861,-0.04190121759183418,42,34168.84376934603,2.416884376934603,0.279575595601691,1.3438154613104754,-0.1776012410733745,187,91,0.14888535031847133,7,False,-0.13177096880216946,-0.40559620046044453,1.0,0.2140191119952406,0.7210080645161292
16,eca474687407,relative_weakness_reversal,"{""family"": ""relative_weakness_reversal"", ""gap_max"": -0.04, ""market_prev_return_max"": 0.0, ""min_adv20"": 100000000.0, ""mom3_max"": -0.06, ""prev_return_percentile_max"": 0.1}",,0.1,2.5,5,False,20207.59698956111,1.0207596989561107,0.265446980742422,1.1263888588735995,-0.1402191575959708,65,32,0.08632138114209828,5,False,-0.10149016533438919,12204.59674619442,0.22045967461944205,0.2194989888271046,1.3287496421752687,-0.04539285237669788,16,12,0.06324110671936758,5,False,-0.044678258550019445,16199.93606578652,0.619993606578652,0.6262578539233794,1.987906230901425,-0.036347414447105875,28,13,0.112,5,False,-0.036347414447105875,0.24126385069756595,1.577859942044161,-0.01047965743302659,16,0.36902700074246275,1.1058223576070987,-0.12728254507686232,31,0.18915523114548138,1.0763108622146897,-0.1402191575959707,18,0.22045967461944205,1.3287496421752687,-0.04539285237669788,16,0.619993606578652,1.987906230901425,-0.036347414447105875,28,39953.18506156731,2.995318506156731,0.3203632717258249,1.340968186485431,-0.1402191575959708,109,57,0.08678343949044585,5,False,-0.10149016533438919,-0.20236078330166918,1.0,0.18915523114548138,0.7199350358422939
17,88ea55f398f3,gap_down_reversal,"{""family"": ""gap_down_reversal"", ""gap_max"": -0.04, ""market_prev_return_max"": null, ""min_adv20"": 50000000.0, ""mom3_max"": -0.06, ""prev_return_max"": -0.015}",,,3.0,7,False,26402.368866736033,1.6402368866736032,0.3839091544114228,1.0597652545968306,-0.24504333760666475,114,53,0.15139442231075698,7,False,-0.14711380669087534,12856.932089562799,0.2856932089562798,0.28441679879448034,1.4439191522288313,-0.06875691522290606,31,21,0.1225296442687747,7,False,-0.03829565018573095,18501.10157324307,0.8501101573243071,0.859238775128863,1.79730382255194,-0.04566593176806033,42,17,0.168,7,False,-0.031154926668947893,0.27449721995864573,1.792856723631814,-0.024799256172675532,29,0.4454603713493652,0.9911780802626977,-0.1997529509975281,57,0.4331703416948396,1.1062259020619045,-0.24504333760666486,28,0.2856932089562798,1.4439191522288313,-0.06875691522290606,31,0.8501101573243071,1.79730382255194,-0.04566593176806033,42,62802.630080321105,5.280263008032111,0.4457853923090689,1.2424206021103303,-0.24504333760666475,187,91,0.14888535031847133,7,False,-0.14711380669087534,-0.3841538976320007,1.0,0.27449721995864573,0.718138440860215
18,be957829cf82,relative_weakness_reversal,"{""family"": ""relative_weakness_reversal"", ""gap_max"": -0.04, ""market_prev_return_max"": 0.0, ""min_adv20"": 50000000.0, ""mom3_max"": -0.06, ""prev_return_percentile_max"": 0.1}",,0.1,3.0,7,False,19946.400156227795,0.9946400156227795,0.25994929812965384,1.0826888937569579,-0.15747778086946784,78,34,0.10358565737051793,7,False,-0.12417358397278476,12134.156525631322,0.21341565256313233,0.21248825142594385,1.3357398056273495,-0.03896798643281307,18,12,0.07114624505928854,7,False,-0.03829565018573095,14637.379759579988,0.4637379759579987,0.468206178236926,1.6436385606057502,-0.031154926668947924,32,13,0.128,7,False,-0.031154926668947893,0.24535833288493492,1.8042835659964134,-0.008982563514023045,19,0.3605407716249178,1.041657612275833,-0.15747778086946806,39,0.17722272064088163,1.0154477530752817,-0.120724060292147,20,0.21341565256313233,1.3357398056273495,-0.03896798643281307,18,0.4637379759579987,1.6436385606057502,-0.031154926668947924,32,35427.25153322945,2.542725153322945,0.28889455393705754,1.2280885093596836,-0.15747778086946784,128,59,0.10191082802547771,7,False,-0.12417358397278476,-0.25305091187039164,1.0,0.17722272064088163,0.7181227598566309
19,3ab676842d5e,gap_down_reversal,"{""family"": ""gap_down_reversal"", ""gap_max"": -0.04, ""market_prev_return_max"": null, ""min_adv20"": 50000000.0, ""mom3_max"": -0.06, ""prev_return_max"": -0.015}",,0.08,2.75,7,False,19719.33005404777,0.9719330054047768,0.255130861957223,1.0945977056312348,-0.1776012410733746,114,53,0.15139442231075698,7,False,-0.13177096880216946,12250.144850561399,0.22501448505613997,0.22403219151553633,1.4268775490620758,-0.06311983094342921,31,21,0.1225296442687747,7,False,-0.03510434600358671,15819.117410695244,0.5819117410695245,0.5877265510932463,1.995425630209152,-0.04190121759183418,42,17,0.168,7,False,-0.0285586827798689,0.2291873601470491,1.8033275942349738,-0.022732651491619404,29,0.3051494587137116,0.9258368138048997,-0.17760124107337438,57,0.2291752948203718,1.448537828163645,-0.10545572315994622,28,0.22501448505613997,1.4268775490620758,-0.06311983094342921,31,0.5819117410695245,1.995425630209152,-0.04190121759183418,42,38213.3955300049,2.82133955300049,0.3086212367183554,1.327059429070069,-0.1776012410733746,187,91,0.14888535031847133,7,False,-0.13177096880216946,-0.33227984343084094,1.0,0.22501448505613997,0.7178718637992831
20,be957829cf82,relative_weakness_reversal,"{""family"": ""relative_weakness_reversal"", ""gap_max"": -0.04, ""market_prev_return_max"": 0.0, ""min_adv20"": 50000000.0, ""mom3_max"": -0.06, ""prev_return_percentile_max"": 0.1}",,0.1,2.25,5,False,19436.608222640447,0.9436608222640448,0.2490796160039659,1.1376902166836012,-0.127625646357291,70,34,0.09296148738379814,5,False,-0.09134114880095028,11976.5805272417,0.19765805272417003,0.19680452609734167,1.3287496421752687,-0.04089754016982605,16,12,0.06324110671936758,5,False,-0.0402104326950175,15476.770253061977,0.5476770253061978,0.5530941304262493,1.9879062309014255,-0.03271267300239533,28,13,0.112,5,False,-0.03271267300239529,0.2242560296988323,1.6304874170525379,-0.009431691689724242,17,0.3386997306598891,1.127545075280833,-0.1276256463572909,33,0.18594637820896787,1.0154477530752817,-0.12659135686564027,20,0.19765805272417003,1.3287496421752687,-0.04089754016982605,16,0.5476770253061978,1.9879062309014255,-0.03271267300239533,28,36027.460892841984,2.6027460892841985,0.2932463900994642,1.3432553319513212,-0.127625646357291,114,59,0.09076433121019108,5,False,-0.09134114880095028,-0.19105942549166754,1.0,0.18594637820896787,0.7175873655913979
21,3fb3e6fd7fd3,relative_weakness_reversal,"{""family"": ""relative_weakness_reversal"", ""gap_max"": -0.04, ""market_prev_return_max"": 0.0, ""min_adv20"": 20000000.0, ""mom3_max"": -0.06, ""prev_return_percentile_max"": 0.125}",,0.1,3.0,5,False,23697.504534137443,1.3697504534137441,0.33474555954195173,1.0886907134629757,-0.222682266994783,75,35,0.099601593625498,5,False,-0.12178819840126705,12665.104959344568,0.26651049593445686,0.26532831004180313,1.328749642175269,-0.054354161436575676,16,12,0.06324110671936758,5,False,-0.05361391026002334,18670.10857459437,0.8670108574594371,0.8763593613091434,2.0279083085643776,-0.04361689733652707,29,13,0.116,5,False,-0.04361689733652705,0.30540614821822976,1.6304874170525379,-0.012575588919632064,17,0.45654097795552295,1.0660809089142147,-0.22268226699478277,38,0.24633345766170778,1.0154477530752817,-0.16721201570378763,20,0.26651049593445686,1.328749642175269,-0.054354161436575676,16,0.8670108574594371,2.0279083085643776,-0.04361689733652707,29,56034.8549230578,4.60348549230578,0.4130852896598356,1.319048839025047,-0.222682266994783,120,60,0.09554140127388536,5,False,-0.12178819840126705,-0.24005892871229317,1.0,0.24633345766170778,0.7171796594982079
22,f8bee66f0432,relative_weakness_reversal,"{""family"": ""relative_weakness_reversal"", ""gap_max"": -0.04, ""market_prev_return_max"": 0.0, ""min_adv20"": 50000000.0, ""mom3_max"": -0.06, ""prev_return_percentile_max"": 0.125}",,0.1,2.25,5,False,20093.030403135126,1.0093030403135126,0.2630414343461287,1.1350076643812002,-0.14630059526561467,74,35,0.09827357237715803,5,False,-0.09134114880095028,11976.5805272417,0.19765805272417003,0.19680452609734167,1.3287496421752687,-0.04089754016982605,16,12,0.06324110671936758,5,False,-0.0402104326950175,16112.236024487736,0.6112236024487736,0.6173836988214774,2.0279083085643785,-0.03271267300239533,29,13,0.116,5,False,-0.03271267300239529,0.2242560296988323,1.6304874170525379,-0.009431691689724242,17,0.38391092111871616,1.1603647585132817,-0.14630059526561456,37,0.18594637820896787,1.0154477530752817,-0.12659135686564027,20,0.19765805272417003,1.3287496421752687,-0.04089754016982605,16,0.6112236024487736,2.0279083085643785,-0.03271267300239533,29,38773.418740781606,2.8773418740781604,0.31244671915817634,1.3489013816507345,-0.14630059526561467,119,60,0.09474522292993631,5,False,-0.09134114880095028,-0.19374197779406854,1.0,0.18594637820896787,0.7167361111111111
23,b589ede4382e,relative_weakness_reversal,"{""family"": ""relative_weakness_reversal"", ""gap_max"": -0.04, ""market_prev_return_max"": 0.0, ""min_adv20"": 20000000.0, ""mom3_max"": -0.06, ""prev_return_percentile_max"": 0.1}",,0.1,3.0,5,False,22735.702110396665,1.2735702110396665,0.3163655450596583,1.0883426591125223,-0.19972323874521203,71,34,0.09428950863213811,5,False,-0.12178819840126705,12665.104959344568,0.26651049593445686,0.26532831004180313,1.328749642175269,-0.054354161436575676,16,12,0.06324110671936758,5,False,-0.05361391026002334,17721.716614103887,0.7721716614103886,0.7803026316810915,1.987906230901425,-0.04361689733652707,28,13,0.112,5,False,-0.04361689733652705,0.30540614821822976,1.6304874170525379,-0.012575588919632064,17,0.3974248528438127,1.0243300860954245,-0.19972323874521203,34,0.24633345766170778,1.0154477530752817,-0.16721201570378763,20,0.26651049593445686,1.328749642175269,-0.054354161436575676,16,0.7721716614103886,1.987906230901425,-0.04361689733652707,28,51029.69248074607,4.102969248074607,0.38680510882333685,1.3114751832498348,-0.19972323874521203,115,59,0.09156050955414012,5,False,-0.12178819840126705,-0.24040698306274666,1.0,0.24633345766170778,0.7163597670250896
24,9654c0e2efca,relative_weakness_reversal,"{""family"": ""relative_weakness_reversal"", ""gap_max"": -0.04, ""market_prev_return_max"": 0.0, ""min_adv20"": 100000000.0, ""mom3_max"": -0.06, ""prev_return_percentile_max"": 0.125}",,0.1,3.0,5,False,23261.69779493769,1.3261697794937688,0.32648001338140653,1.095531575176431,-0.176486743901614,70,33,0.09296148738379814,5,False,-0.12178819840126705,12665.104959344568,0.26651049593445686,0.26532831004180313,1.328749642175269,-0.054354161436575676,16,12,0.06324110671936758,5,False,-0.05361391026002334,17721.716614103887,0.7721716614103886,0.7803026316810915,1.987906230901425,-0.04361689733652707,28,13,0.112,5,False,-0.04361689733652705,0.29330447269309645,1.5778599420441608,-0.012575588919632064,16,0.5030515173103611,1.1407962718189644,-0.1764867439016139,35,0.1966489481732654,0.965458115558764,-0.16721201570378774,19,0.26651049593445686,1.328749642175269,-0.054354161436575676,16,0.7721716614103886,1.987906230901425,-0.04361689733652707,28,52210.27612395162,4.2210276123951616,0.39318364477668166,1.3120415715907396,-0.176486743901614,114,58,0.09076433121019108,5,False,-0.12178819840126705,-0.23321806699883796,1.0,0.1966489481732654,0.7162253584229391
25,88ea55f398f3,gap_down_reversal,"{""family"": ""gap_down_reversal"", ""gap_max"": -0.04, ""market_prev_return_max"": null, ""min_adv20"": 50000000.0, ""mom3_max"": -0.06, ""prev_return_max"": -0.015}",,,2.75,7,False,24648.459112873676,1.4648459112873677,0.35243654232781396,1.0597652545968306,-0.22608888582779973,114,53,0.15139442231075698,7,False,-0.1348543227999691,12605.234240153959,0.26052342401539597,0.25937041305260244,1.4439191522288313,-0.06311983094342932,31,21,0.1225296442687747,7,False,-0.03510434600358671,17650.35260160743,0.7650352601607429,0.7730762510342422,1.7973038225519407,-0.041901217591834405,42,17,0.168,7,False,-0.0285586827798689,0.2498541155089289,1.792856723631814,-0.022732651491619293,29,0.4110182294050322,0.9911780802626976,-0.18386383515331872,57,0.3976480585295534,1.1062259020619043,-0.22608888582779973,28,0.26052342401539597,1.4439191522288313,-0.06311983094342932,31,0.7650352601607429,1.7973038225519407,-0.041901217591834405,42,54839.575068861806,4.48395750688618,0.4069853542470565,1.2424206021103303,-0.22608888582779973,187,91,0.14888535031847133,7,False,-0.1348543227999691,-0.3841538976320007,1.0,0.2498541155089289,0.7160864695340503
26,4eb7508c4970,relative_weakness_reversal,"{""family"": ""relative_weakness_reversal"", ""gap_max"": -0.04, ""market_prev_return_max"": 0.0, ""min_adv20"": 50000000.0, ""mom3_max"": -0.06, ""prev_return_percentile_max"": 0.15}",,0.1,3.0,5,False,23873.805215758875,1.3873805215758876,0.3380605605891145,1.0860853217104982,-0.19243456045620344,77,36,0.10225763612217796,5,False,-0.12178819840126705,12665.104959344568,0.26651049593445686,0.26532831004180313,1.328749642175269,-0.054354161436575676,16,12,0.06324110671936758,5,False,-0.05361391026002334,18550.799659802226,0.8550799659802226,0.8642731139750093,2.024902329484645,-0.04361689733652707,31,14,0.124,5,False,-0.04361689733652705,0.30540614821822976,1.6304874170525379,-0.012575588919632064,17,0.372783506661577,0.9219711554045156,-0.19243456045620344,38,0.33221383558276774,1.2662003839251195,-0.1592629167612417,22,0.26651049593445686,1.328749642175269,-0.054354161436575676,16,0.8550799659802226,2.024902329484645,-0.04361689733652707,31,56090.9860445313,4.609098604453131,0.41336918020979163,1.3131028926788288,-0.19243456045620344,124,62,0.09872611464968153,5,False,-0.12178819840126705,-0.2426643204647707,1.0,0.26651049593445686,0.7158176523297491
27,3ab676842d5e,gap_down_reversal,"{""family"": ""gap_down_reversal"", ""gap_max"": -0.04, ""market_prev_return_max"": null, ""min_adv20"": 50000000.0, ""mom3_max"": -0.06, ""prev_return_max"": -0.015}",,0.08,2.0,5,False,18520.43043273887,0.852043043273887,0.22905826494294135,1.1110110924848433,-0.1666795951500163,103,53,0.13678618857901725,5,False,-0.11936265013802058,12031.73472977338,0.203173472977338,0.20229418128472232,1.433424087913162,-0.06424859556159046,29,21,0.11462450592885376,5,False,-0.03574260684001555,14768.671434498763,0.47686714344987635,0.48148125261753605,1.8372521955699137,-0.04265475342395775,37,17,0.148,5,False,-0.0290779315576847,0.22311367916117297,1.7365276213992296,-0.023145972427830563,27,0.2034710983015664,0.7790818977171569,-0.1666795951500163,50,0.2581968326168651,1.514391348661738,-0.10733179573419505,26,0.203173472977338,1.433424087913162,-0.06424859556159046,29,0.47686714344987635,1.8372521955699137,-0.04265475342395775,37,32909.45974216503,2.2909459742165033,0.2699705623454507,1.3084448314845998,-0.1666795951500163,169,91,0.13455414012738853,5,False,-0.11936265013802058,-0.3224129954283186,1.0,0.203173472977338,0.7148297491039427
28,6335ea5e30c2,gap_down_reversal,"{""family"": ""gap_down_reversal"", ""gap_max"": -0.04, ""market_prev_return_max"": null, ""min_adv20"": 50000000.0, ""mom3_max"": -0.06, ""prev_return_max"": -0.015}",,0.06,2.5,7,False,17293.097747653323,0.7293097747653323,0.20117651443491424,1.0800033420165098,-0.16209075889313262,114,53,0.15139442231075698,7,False,-0.11979178982015405,12066.909523185634,0.20669095231856338,0.20579517688760696,1.4855995424769548,-0.05639289230149469,31,21,0.1225296442687747,7,False,-0.03191304182144246,14753.30814670978,0.47533081467097804,0.47992780139311964,2.029339036391861,-0.038129090728610815,42,17,0.168,7,False,-0.02596243889078991,0.20964406998862528,1.9157708892619456,-0.020666046810562944,29,0.1973361906812916,0.8027283467197199,-0.16209075889313285,57,0.193985591261004,1.3166273838593394,-0.09605323303308888,28,0.20669095231856338,1.4855995424769548,-0.05639289230149469,31,0.47533081467097804,2.029339036391861,-0.038129090728610815,42,30786.354519939097,2.0786354519939096,0.2530912846912452,1.3438154613104758,-0.16209075889313262,187,91,0.14888535031847133,7,False,-0.11979178982015405,-0.405596200460445,1.0,0.193985591261004,0.7132034050179211
29,88ea55f398f3,gap_down_reversal,"{""family"": ""gap_down_reversal"", ""gap_max"": -0.04, ""market_prev_return_max"": null, ""min_adv20"": 50000000.0, ""mom3_max"": -0.06, ""prev_return_max"": -0.015}",,,2.5,7,False,22963.863674350912,1.2963863674350913,0.32077182345631927,1.0597652545968304,-0.20687244131176552,114,53,0.15139442231075698,7,False,-0.12259483890906282,12355.953761013658,0.23559537610136583,0.23456263073035455,1.4439191522288315,-0.05746589963563198,31,21,0.1225296442687747,7,False,-0.03191304182144246,16827.28501109912,0.682728501109912,0.6897488635654121,1.7973038225519404,-0.038129090728610704,42,17,0.168,7,False,-0.02596243889078991,0.22554074453710737,1.7928567236318143,-0.020666046810562833,29,0.3758916808595809,0.9911780802626975,-0.16783761919800277,57,0.36186155736085457,1.1062259020619045,-0.2068724413117654,28,0.23559537610136583,1.4439191522288315,-0.05746589963563198,31,0.682728501109912,1.7973038225519404,-0.038129090728610704,42,47745.81214932474,3.774581214932474,0.36842027386593124,1.24242060211033,-0.20687244131176552,187,91,0.14888535031847133,7,False,-0.12259483890906282,-0.38415389763200114,1.0,0.22554074453710737,0.7123700716845879
30,eca474687407,relative_weakness_reversal,"{""family"": ""relative_weakness_reversal"", ""gap_max"": -0.04, ""market_prev_return_max"": 0.0, ""min_adv20"": 100000000.0, ""mom3_max"": -0.06, ""prev_return_percentile_max"": 0.1}",,0.1,2.25,5,False,18955.45392020929,0.8955453920209289,0.23864513104965335,1.1263888588735995,-0.12659135686564016,65,32,0.08632138114209828,5,False,-0.09134114880095028,11976.5805272417,0.19765805272417003,0.19680452609734167,1.3287496421752687,-0.04089754016982605,16,12,0.06324110671936758,5,False,-0.0402104326950175,15476.770253061977,0.5476770253061978,0.5530941304262493,1.9879062309014255,-0.03271267300239533,28,13,0.112,5,False,-0.03271267300239529,0.21572422200770935,1.5778599420441612,-0.00943169168972402,16,0.33222350651013755,1.1058223576070987,-0.114768374663752,31,0.17036688960110413,1.0763108622146895,-0.12659135686564027,18,0.19765805272417003,1.3287496421752687,-0.04089754016982605,16,0.5476770253061978,1.9879062309014255,-0.03271267300239533,28,35135.59912273802,2.513559912273802,0.28675860872707015,1.3409681864854306,-0.12659135686564016,109,57,0.08678343949044585,5,False,-0.09134114880095028,-0.20236078330166918,1.0,0.17036688960110413,0.7102172939068101
31,3ab676842d5e,gap_down_reversal,"{""family"": ""gap_down_reversal"", ""gap_max"": -0.04, ""market_prev_return_max"": null, ""min_adv20"": 50000000.0, ""mom3_max"": -0.06, ""prev_return_max"": -0.015}",,0.08,2.5,7,False,18649.172614722953,0.8649172614722953,0.2319109000413302,1.0945977056312348,-0.16209075889313262,114,53,0.15139442231075698,7,False,-0.11979178982015405,12036.490813061471,0.20364908130614712,0.20276756316326638,1.4268775490620758,-0.05746589963563187,31,21,0.1225296442687747,7,False,-0.03191304182144246,15205.684762115563,0.5205684762115563,0.525675002233847,1.995425630209151,-0.038129090728610704,42,17,0.168,7,False,-0.02596243889078991,0.20699075778399156,1.803327594234974,-0.020666046810563055,29,0.27963438365036364,0.9258368138048996,-0.16209075889313296,57,0.20745157718147222,1.4485378281636452,-0.09605323303308899,28,0.20364908130614712,1.4268775490620758,-0.05746589963563187,31,0.5205684762115563,1.995425630209151,-0.038129090728610704,42,34132.29103627973,2.4132291036279727,0.27930083643470716,1.327059429070069,-0.16209075889313262,187,91,0.14888535031847133,7,False,-0.11979178982015405,-0.33227984343084094,1.0,0.20364908130614712,0.7089784946236559
32,3fb3e6fd7fd3,relative_weakness_reversal,"{""family"": ""relative_weakness_reversal"", ""gap_max"": -0.04, ""market_prev_return_max"": 0.0, ""min_adv20"": 20000000.0, ""mom3_max"": -0.06, ""prev_return_percentile_max"": 0.125}",,0.1,2.75,5,False,22252.756059725267,1.2252756059725267,0.30694085866143395,1.0886907134629755,-0.20540611674425835,75,35,0.099601593625498,5,False,-0.11163918186782813,12434.121713964303,0.24341217139643034,0.24234192487033424,1.3287496421752685,-0.04987839279894757,16,12,0.06324110671936758,5,False,-0.04914608440502139,17785.741555676923,0.7785741555676924,0.7867860499103403,2.027908308564378,-0.03998215589181642,29,13,0.116,5,False,-0.03998215589181646,0.27799203981897724,1.6304874170525383,-0.011527623176329382,17,0.4198466710016513,1.0660809089142147,-0.20540611674425835,38,0.22634936580635157,1.0154477530752817,-0.1537593772086866,20,0.24341217139643034,1.3287496421752685,-0.04987839279894757,16,0.7785741555676924,2.027908308564378,-0.03998215589181642,29,49211.986777155995,3.9211986777155996,0.37674969587814067,1.3190488390250468,-0.20540611674425835,120,60,0.09554140127388536,5,False,-0.11163918186782813,-0.24005892871229295,1.0,0.22634936580635157,0.7075
33,88ea55f398f3,gap_down_reversal,"{""family"": ""gap_down_reversal"", ""gap_max"": -0.04, ""market_prev_return_max"": null, ""min_adv20"": 50000000.0, ""mom3_max"": -0.06, ""prev_return_max"": -0.015}",,,2.25,7,False,21349.692882243577,1.1349692882243576,0.2889457823446404,1.0597652545968304,-0.18739264771489328,114,53,0.15139442231075698,7,False,-0.11033535501815653,12109.110491254069,0.21091104912540692,0.20999544410735016,1.4439191522288315,-0.051795121299513136,31,21,0.1225296442687747,7,False,-0.028721737639298216,16031.348076065966,0.6031348076065965,0.6091991854350427,1.7973038225519402,-0.034349550613337776,42,17,0.168,7,False,-0.02336619500171092,0.2015546445226606,1.7928567236318138,-0.018599442129506594,29,0.34013934704250115,0.9911780802626977,-0.15167412591669194,57,0.32586146093432977,1.106225902061904,-0.18739264771489328,28,0.21091104912540692,1.4439191522288315,-0.051795121299513136,31,0.6031348076065965,1.7973038225519402,-0.034349550613337776,42,41445.169271788356,3.1445169271788354,0.3301115940154291,1.2424206021103301,-0.18739264771489328,187,91,0.14888535031847133,7,False,-0.11033535501815653,-0.38415389763200114,1.0,0.2015546445226606,0.7073879928315413
34,4eb7508c4970,relative_weakness_reversal,"{""family"": ""relative_weakness_reversal"", ""gap_max"": -0.04, ""market_prev_return_max"": 0.0, ""min_adv20"": 50000000.0, ""mom3_max"": -0.06, ""prev_return_percentile_max"": 0.15}",,0.1,2.75,5,False,22411.52579054706,1.241152579054706,0.3100541332984017,1.0860853217104982,-0.17720248606916011,77,36,0.10225763612217796,5,False,-0.11163918186782813,12434.121713964303,0.24341217139643034,0.24234192487033424,1.3287496421752685,-0.04987839279894757,16,12,0.06324110671936758,5,False,-0.04914608440502139,17680.29970188215,0.7680299701882152,0.7761086914888853,2.024902329484645,-0.03998215589181642,31,14,0.124,5,False,-0.03998215589181646,0.27799203981897724,1.6304874170525383,-0.011527623176329382,17,0.3451270398164705,0.9219711554045152,-0.17720248606916011,38,0.30370692627392826,1.2662003839251192,-0.1463885600569833,22,0.24341217139643034,1.3287496421752685,-0.04987839279894757,16,0.7680299701882152,2.024902329484645,-0.03998215589181642,31,49269.27383139562,3.926927383139562,0.3770710985740049,1.313102892678829,-0.17720248606916011,124,62,0.09872611464968153,5,False,-0.11163918186782813,-0.24266432046477027,1.0,0.24341217139643034,0.7069086021505376
35,9654c0e2efca,relative_weakness_reversal,"{""family"": ""relative_weakness_reversal"", ""gap_max"": -0.04, ""market_prev_return_max"": 0.0, ""min_adv20"": 100000000.0, ""mom3_max"": -0.06, ""prev_return_percentile_max"": 0.125}",,0.1,2.75,5,False,21865.663135942024,1.1865663135942026,0.299288006898335,1.0955315751764312,-0.1623323891378049,70,33,0.09296148738379814,5,False,-0.11163918186782813,12434.121713964303,0.24341217139643034,0.24234192487033424,1.3287496421752685,-0.04987839279894757,16,12,0.06324110671936758,5,False,-0.04914608440502139,16948.061473328074,0.6948061473328075,0.7019742722876035,1.987906230901425,-0.03998215589181642,28,13,0.112,5,False,-0.03998215589181646,0.2671234030200107,1.5778599420441608,-0.011527623176329271,16,0.4613094418798256,1.140796271818964,-0.162332389137805,35,0.18086853447537976,0.9654581155587638,-0.1537593772086866,19,0.24341217139643034,1.3287496421752685,-0.04987839279894757,16,0.6948061473328075,1.987906230901425,-0.03998215589181642,28,46078.443223252616,3.6078443223252616,0.35869560203462125,1.3120415715907399,-0.1623323891378049,114,58,0.09076433121019108,5,False,-0.11163918186782813,-0.2332180669988373,1.0,0.18086853447537976,0.7063306451612903
36,b589ede4382e,relative_weakness_reversal,"{""family"": ""relative_weakness_reversal"", ""gap_max"": -0.04, ""market_prev_return_max"": 0.0, ""min_adv20"": 20000000.0, ""mom3_max"": -0.06, ""prev_return_percentile_max"": 0.1}",,0.1,2.75,5,False,21405.17587456002,1.140517587456002,0.29006582193777497,1.0883426591125216,-0.18398270376730563,71,34,0.09428950863213811,5,False,-0.11163918186782813,12434.121713964303,0.24341217139643034,0.24234192487033424,1.3287496421752685,-0.04987839279894757,16,12,0.06324110671936758,5,False,-0.04914608440502139,16948.061473328074,0.6948061473328075,0.7019742722876035,1.987906230901425,-0.03998215589181642,28,13,0.112,5,False,-0.03998215589181646,0.27799203981897724,1.6304874170525383,-0.011527623176329382,17,0.36576645275435316,1.0243300860954243,-0.18398270376730563,34,0.22634936580635157,1.0154477530752817,-0.1537593772086866,20,0.24341217139643034,1.3287496421752685,-0.04987839279894757,16,0.6948061473328075,1.987906230901425,-0.03998215589181642,28,45108.038804383505,3.510803880438351,0.35290565264256424,1.311475183249835,-0.18398270376730563,115,59,0.09156050955414012,5,False,-0.11163918186782813,-0.24040698306274688,1.0,0.22634936580635157,0.706326164874552
37,3fb3e6fd7fd3,relative_weakness_reversal,"{""family"": ""relative_weakness_reversal"", ""gap_max"": -0.04, ""market_prev_return_max"": 0.0, ""min_adv20"": 20000000.0, ""mom3_max"": -0.06, ""prev_return_percentile_max"": 0.125}",,0.1,2.5,5,False,20863.992341257068,1.086399234125707,0.27905721377554116,1.0886907134629757,-0.1879005644729852,75,35,0.099601593625498,5,False,-0.10149016533438919,12204.59674619442,0.22045967461944205,0.2194989888271046,1.3287496421752687,-0.04539285237669788,16,12,0.06324110671936758,5,False,-0.044678258550019445,16933.382065271497,0.6933382065271496,0.7004883348305633,2.027908308564378,-0.036347414447105875,29,13,0.116,5,False,-0.036347414447105875,0.2509427859878639,1.6304874170525379,-0.010479657433026812,17,0.3827232375926011,1.0660809089142147,-0.18790056447298542,38,0.20621494803942841,1.0154477530752817,-0.1402191575959708,20,0.22045967461944205,1.3287496421752687,-0.04539285237669788,16,0.6933382065271496,2.027908308564378,-0.036347414447105875,29,43118.590564253966,3.311859056425397,0.3407171236521218,1.319048839025047,-0.1879005644729852,120,60,0.09554140127388536,5,False,-0.10149016533438919,-0.24005892871229295,1.0,0.20621494803942841,0.7057325268817204
38,eca474687407,relative_weakness_reversal,"{""family"": ""relative_weakness_reversal"", ""gap_max"": -0.04, ""market_prev_return_max"": 0.0, ""min_adv20"": 100000000.0, ""mom3_max"": -0.06, ""prev_return_percentile_max"": 0.1}",,0.1,3.0,7,False,19473.112786852387,0.9473112786852387,0.24986422128107177,1.0675597285371836,-0.1456600714969093,73,32,0.09694555112881806,7,False,-0.12417358397278476,12134.156525631322,0.21341565256313233,0.21248825142594385,1.3357398056273495,-0.03896798643281307,18,12,0.07114624505928854,7,False,-0.03829565018573095,14637.379759579988,0.4637379759579987,0.468206178236926,1.6436385606057502,-0.031154926668947924,32,13,0.128,7,False,-0.031154926668947893,0.23708999938945152,1.75298418222213,-0.008982563514022934,18,0.3543091123562292,1.0256734903199662,-0.1456600714969093,37,0.16229476727172631,1.0763108622146895,-0.120724060292147,18,0.21341565256313233,1.3357398056273495,-0.03896798643281307,18,0.4637379759579987,1.6436385606057502,-0.031154926668947924,32,34586.63515378078,2.458663515378078,0.28269947278209195,1.2214440867189416,-0.1456600714969093,123,57,0.09792993630573249,7,False,-0.12417358397278476,-0.2681800770901659,1.0,0.16229476727172631,0.705497311827957
39,be957829cf82,relative_weakness_reversal,"{""family"": ""relative_weakness_reversal"", ""gap_max"": -0.04, ""market_prev_return_max"": 0.0, ""min_adv20"": 50000000.0, ""mom3_max"": -0.06, ""prev_return_percentile_max"": 0.1}",,0.1,2.0,5,False,18162.538053622167,0.8162538053622168,0.22105821843962703,1.137690216683601,-0.113796414905879,70,34,0.09296148738379814,5,False,-0.08119213226751136,11750.12220864283,0.17501222086428303,0.1742634308370501,1.3287496421752687,-0.036392456178332644,16,12,0.06324110671936758,5,False,-0.03574260684001555,14777.99892516859,0.47779989251685895,0.48242440351808047,1.9879062309014255,-0.029077931557684566,28,13,0.112,5,False,-0.0290779315576847,0.19792941646084294,1.6304874170525376,-0.008383725946421228,17,0.30080098410271994,1.1275450752808325,-0.11379641490587922,33,0.16555950622521398,1.0154477530752812,-0.11287597501769497,20,0.17501222086428303,1.3287496421752687,-0.036392456178332644,16,0.47779989251685895,1.9879062309014255,-0.029077931557684566,28,31538.0292358751,2.15380292358751,0.25917078665732607,1.3432553319513216,-0.113796414905879,114,59,0.09076433121019108,5,False,-0.08119213226751136,-0.19105942549166777,1.0,0.16555950622521398,0.7054278673835126
40,be957829cf82,relative_weakness_reversal,"{""family"": ""relative_weakness_reversal"", ""gap_max"": -0.04, ""market_prev_return_max"": 0.0, ""min_adv20"": 50000000.0, ""mom3_max"": -0.06, ""prev_return_percentile_max"": 0.1}",,0.1,2.75,7,False,18936.555932758933,0.8936555932758932,0.23823172395432146,1.082688893756958,-0.14470929061783744,78,34,0.10358565737051793,7,False,-0.11382578530838604,11949.947249349165,0.19499472493491643,0.19415360418951955,1.3357398056273493,-0.03574807505427269,18,12,0.07114624505928854,7,False,-0.03510434600358671,14207.748782166167,0.42077487821661674,0.4247723277519351,1.6436385606057498,-0.02855868277986895,32,13,0.128,7,False,-0.0285586827798689,0.22346869502775757,1.8042835659964136,-0.00823401655452094,19,0.3312618605416453,1.0416576122758334,-0.14470929061783755,39,0.16263834793052268,1.0154477530752812,-0.11090948527471345,20,0.19499472493491643,1.3357398056273493,-0.03574807505427269,18,0.42077487821661674,1.6436385606057498,-0.02855868277986895,32,32150.834700877112,2.2150834700877113,0.26404199571249,1.2280885093596832,-0.14470929061783744,128,59,0.10191082802547771,7,False,-0.11382578530838604,-0.2530509118703912,1.0,0.16263834793052268,0.704733422939068
42,f8bee66f0432,relative_weakness_reversal,"{""family"": ""relative_weakness_reversal"", ""gap_max"": -0.04, ""market_prev_return_max"": 0.0, ""min_adv20"": 50000000.0, ""mom3_max"": -0.06, ""prev_return_percentile_max"": 0.125}",,0.1,2.0,5,False,18719.171657394687,0.8719171657394686,0.23345642454988957,1.1350076643811997,-0.13063053036101813,74,35,0.09827357237715803,5,False,-0.08119213226751136,11750.12220864283,0.17501222086428303,0.1742634308370501,1.3287496421752687,-0.036392456178332644,16,12,0.06324110671936758,5,False,-0.03574260684001555,15321.518136890523,0.5321518136890524,0.5373905740223339,2.027908308564378,-0.029077931557684566,29,13,0.116,5,False,-0.0290779315576847,0.19792941646084294,1.6304874170525376,-0.008383725946421228,17,0.3406670830716112,1.1603647585132821,-0.13063053036101824,37,0.16555950622521398,1.0154477530752812,-0.11287597501769497,20,0.17501222086428303,1.3287496421752687,-0.036392456178332644,16,0.5321518136890524,2.027908308564378,-0.029077931557684566,29,33700.070548496566,2.3700070548496566,0.27603395958685106,1.3489013816507345,-0.13063053036101813,119,60,0.09474522292993631,5,False,-0.08119213226751136,-0.193741977794069,1.0,0.16555950622521398,0.7043570788530465
41,b589ede4382e,relative_weakness_reversal,"{""family"": ""relative_weakness_reversal"", ""gap_max"": -0.04, ""market_prev_return_max"": 0.0, ""min_adv20"": 20000000.0, ""mom3_max"": -0.06, ""prev_return_percentile_max"": 0.1}",,0.1,2.5,5,False,20124.333665307317,1.0124333665307317,0.26369961084879456,1.0883426591125218,-0.16807893283399378,71,34,0.09428950863213811,5,False,-0.10149016533438919,12204.59674619442,0.22045967461944205,0.2194989888271046,1.3287496421752687,-0.04539285237669788,16,12,0.06324110671936758,5,False,-0.044678258550019445,16199.93606578652,0.619993606578652,0.6262578539233794,1.987906230901425,-0.036347414447105875,28,13,0.112,5,False,-0.036347414447105875,0.2509427859878639,1.6304874170525379,-0.010479657433026812,17,0.3337037008522483,1.0243300860954248,-0.168078932833994,34,0.20621494803942841,1.0154477530752817,-0.1402191575959708,20,0.22045967461944205,1.3287496421752687,-0.04539285237669788,16,0.619993606578652,1.987906230901425,-0.036347414447105875,28,39788.562073268826,2.9788562073268827,0.31926992021757594,1.311475183249835,-0.16807893283399378,115,59,0.09156050955414012,5,False,-0.10149016533438919,-0.24040698306274688,1.0,0.20621494803942841,0.7043570788530465
43,4eb7508c4970,relative_weakness_reversal,"{""family"": ""relative_weakness_reversal"", ""gap_max"": -0.04, ""market_prev_return_max"": 0.0, ""min_adv20"": 50000000.0, ""mom3_max"": -0.06, ""prev_return_percentile_max"": 0.15}",,0.1,2.5,5,False,21005.258472172827,1.1005258472172827,0.28194896224546406,1.086085321710498,-0.16182454126019818,77,36,0.10225763612217796,5,False,-0.10149016533438919,12204.59674619442,0.22045967461944205,0.2194989888271046,1.3287496421752687,-0.04539285237669788,16,12,0.06324110671936758,5,False,-0.044678258550019445,16841.016977036597,0.6841016977036598,0.6911388250915536,2.0249023294846444,-0.036347414447105875,31,14,0.124,5,False,-0.036347414447105875,0.2509427859878639,1.6304874170525379,-0.010479657433026812,17,0.31668072219202203,0.9219711554045158,-0.16182454126019818,38,0.2752933820803847,1.266200383925119,-0.13344192098438934,22,0.22045967461944205,1.3287496421752687,-0.04539285237669788,16,0.6841016977036598,2.0249023294846444,-0.036347414447105875,31,43173.75055923656,3.317375055923656,0.34106106610088105,1.313102892678829,-0.16182454126019818,124,62,0.09872611464968153,5,False,-0.10149016533438919,-0.2426643204647707,1.0,0.22045967461944205,0.7042943548387096
44,6335ea5e30c2,gap_down_reversal,"{""family"": ""gap_down_reversal"", ""gap_max"": -0.04, ""market_prev_return_max"": null, ""min_adv20"": 50000000.0, ""mom3_max"": -0.06, ""prev_return_max"": -0.015}",,0.06,2.25,7,False,16443.46110384618,0.644346110384618,0.18109434114050726,1.0800033420165098,-0.14645474561940208,114,53,0.15139442231075698,7,False,-0.10781261083813864,11850.983468048007,0.18509834680480064,0.18430311874246907,1.485599542476955,-0.050826231241469455,31,21,0.1225296442687747,7,False,-0.028721737639298216,14213.773866217958,0.4213773866217958,0.42538136601846266,2.0293390363918613,-0.034349550613337776,42,17,0.168,7,False,-0.02336619500171092,0.18736718699784793,1.9157708892619456,-0.018599442129506594,29,0.17956176257872625,0.80272834671972,-0.14645474561940175,57,0.17405247017485426,1.31662738385934,-0.08661386414687655,28,0.18509834680480064,1.485599542476955,-0.050826231241469455,31,0.4213773866217958,2.0293390363918613,-0.034349550613337776,42,27698.5496656979,1.76985496656979,0.2267984698958858,1.343815461310476,-0.14645474561940208,187,91,0.14888535031847133,7,False,-0.10781261083813864,-0.4055962004604452,1.0,0.17405247017485426,0.7040994623655914
45,9654c0e2efca,relative_weakness_reversal,"{""family"": ""relative_weakness_reversal"", ""gap_max"": -0.04, ""market_prev_return_max"": 0.0, ""min_adv20"": 100000000.0, ""mom3_max"": -0.06, ""prev_return_percentile_max"": 0.125}",,0.1,2.5,5,False,20523.63017337457,1.052363017337457,0.2720360130294299,1.0955315751764312,-0.1480762051957647,70,33,0.09296148738379814,5,False,-0.10149016533438919,12204.59674619442,0.22045967461944205,0.2194989888271046,1.3287496421752687,-0.04539285237669788,16,12,0.06324110671936758,5,False,-0.044678258550019445,16199.93606578652,0.619993606578652,0.6262578539233794,1.987906230901425,-0.036347414447105875,28,13,0.112,5,False,-0.036347414447105875,0.24126385069756595,1.577859942044161,-0.01047965743302659,16,0.41934482569754605,1.1407962718189641,-0.1480762051957647,35,0.1649362341984244,0.9654581155587638,-0.14021915759597092,19,0.22045967461944205,1.3287496421752687,-0.04539285237669788,16,0.619993606578652,1.987906230901425,-0.036347414447105875,28,40578.0259214191,3.0578025921419103,0.3244806854869573,1.31204157159074,-0.1480762051957647,114,58,0.09076433121019108,5,False,-0.10149016533438919,-0.23321806699883751,1.0,0.1649362341984244,0.7021975806451612
46,f8bee66f0432,relative_weakness_reversal,"{""family"": ""relative_weakness_reversal"", ""gap_max"": -0.04, ""market_prev_return_max"": 0.0, ""min_adv20"": 50000000.0, ""mom3_max"": -0.06, ""prev_return_percentile_max"": 0.125}",,0.1,3.0,7,False,20223.748715481302,1.0223748715481302,0.2657853869651048,1.0642352740072674,-0.1746421896709781,83,35,0.1102257636122178,7,False,-0.12417358397278476,12134.156525631322,0.21341565256313233,0.21248825142594385,1.3357398056273495,-0.03896798643281307,18,12,0.07114624505928854,7,False,-0.03829565018573095,15211.6471262735,0.52116471262735,0.5262780278465027,1.7115612123576074,-0.031154926668947924,33,13,0.132,7,False,-0.031154926668947893,0.24535833288493492,1.8042835659964134,-0.008982563514023045,19,0.40469151250561053,1.0879733111424488,-0.17464218967097822,43,0.1560759619486558,0.9058355305244737,-0.120724060292147,21,0.21341565256313233,1.3357398056273495,-0.03896798643281307,18,0.52116471262735,1.7115612123576074,-0.031154926668947924,33,37329.09796255933,2.732909796255933,0.30248838927886235,1.2293277127730826,-0.1746421896709781,134,60,0.10668789808917198,7,False,-0.12417358397278476,-0.27150453162008215,1.0,0.1560759619486558,0.7012589605734767
47,b9ef33ec7968,gap_down_reversal,"{""family"": ""gap_down_reversal"", ""gap_max"": -0.04, ""market_prev_return_max"": null, ""min_adv20"": 50000000.0, ""mom3_max"": -0.06, ""prev_return_max"": -0.015}",,0.07,3.0,5,False,21703.15624387007,1.170315624387007,0.2960483650599386,1.050273849802654,-0.25963040753897015,103,53,0.13678618857901725,5,False,-0.1790439752070309,13047.58305828956,0.304758305828956,0.3033871337078815,1.4632009723749617,-0.09558040913016552,29,21,0.11462450592885376,5,False,-0.05361391026002334,18120.11174482893,0.8120111744828931,0.8206487134303002,1.9574353913681148,-0.06363339303948079,37,17,0.148,5,False,-0.04361689733652705,0.34455267172588977,1.7620272097698058,-0.03471895864174579,27,0.23458795808389077,0.7169537156781387,-0.2596304075389704,50,0.30744383121047103,1.3455527818723916,-0.15926291676124182,26,0.304758305828956,1.4632009723749617,-0.09558040913016552,29,0.8120111744828931,1.9574353913681148,-0.06363339303948079,37,51311.396981874495,4.131139698187449,0.3883377519765663,1.309198990109525,-0.25963040753897015,169,91,0.13455414012738853,5,False,-0.1790439752070309,-0.4129271225723077,1.0,0.23458795808389077,0.7012567204301076
48,3ab676842d5e,gap_down_reversal,"{""family"": ""gap_down_reversal"", ""gap_max"": -0.04, ""market_prev_return_max"": null, ""min_adv20"": 50000000.0, ""mom3_max"": -0.06, ""prev_return_max"": -0.015}",,0.08,1.75,5,False,17257.049926693537,0.7257049926693537,0.20033798169037365,1.1110110924848438,-0.14663019851483017,103,53,0.13678618857901725,5,False,-0.10444231887076802,11767.906163142561,0.17679061631425608,0.17603366294020462,1.4334240879131621,-0.05633309173067369,29,21,0.11462450592885376,5,False,-0.031274780985013614,14100.660080094269,0.41006600800942694,0.4139477425670568,1.837252195569914,-0.037373775783801855,37,17,0.148,5,False,-0.025443190112974114,0.19357803945909202,1.7365276213992296,-0.020252725874351785,27,0.18095781578961234,0.7790818977171572,-0.1466301985148305,50,0.2242816810072683,1.5143913486617382,-0.09416830955659483,26,0.17679061631425608,1.4334240879131621,-0.05633309173067369,29,0.41006600800942694,1.837252195569914,-0.037373775783801855,37,28635.528017115987,1.8635528017115988,0.23501451411531082,1.3084448314845998,-0.14663019851483017,169,91,0.13455414012738853,5,False,-0.10444231887076802,-0.32241299542831836,1.0,0.17679061631425608,0.7005062724014338
49,19d502c0e628,gap_down_reversal,"{""family"": ""gap_down_reversal"", ""gap_max"": -0.04, ""market_prev_return_max"": null, ""min_adv20"": 20000000.0, ""mom3_max"": -0.06, ""prev_return_max"": -0.015}",,0.08,3.0,5,False,23236.895225871238,1.3236895225871237,0.3260065181122207,1.065315299365325,-0.26459306280273776,104,53,0.13811420982735723,5,False,-0.1790439752070309,13113.299450819814,0.3113299450819813,0.309925854278406,1.4334240879131617,-0.09558040913016541,29,21,0.11462450592885376,5,False,-0.05361391026002334,17660.741619006607,0.7660741619006608,0.7741282372641578,1.837252195569914,-0.06363339303948079,37,17,0.148,5,False,-0.04361689733652705,0.34610772656528455,1.7365276213992298,-0.03471895864174579,27,0.23474275362203478,0.6892583363872147,-0.26459306280273776,51,0.398047079539134,1.514391348661738,-0.1592629167612417,26,0.3113299450819813,1.4334240879131617,-0.09558040913016541,29,0.7660741619006608,1.837252195569914,-0.06363339303948079,37,53814.46353519462,4.381446353519462,0.4016685980064303,1.2792538142971346,-0.26459306280273776,170,91,0.13535031847133758,5,False,-0.1790439752070309,-0.3681087885478367,1.0,0.23474275362203478,0.700421146953405
50,19d502c0e628,gap_down_reversal,"{""family"": ""gap_down_reversal"", ""gap_max"": -0.04, ""market_prev_return_max"": null, ""min_adv20"": 20000000.0, ""mom3_max"": -0.06, ""prev_return_max"": -0.015}",,0.08,2.75,5,False,21875.987756519156,1.1875987756519155,0.2994932904887191,1.065315299365325,-0.24396004150983797,104,53,0.13811420982735723,5,False,-0.16412364393977832,12839.07985811802,0.2839079858118021,0.28264039231910987,1.4334240879131623,-0.0877969860012856,29,21,0.11462450592885376,5,False,-0.04914608440502139,16904.009646155406,0.6904009646155407,0.6975151138873725,1.8372521955699133,-0.0584105206763571,37,17,0.148,5,False,-0.03998215589181646,0.31462426720450987,1.7365276213992296,-0.03182571208826701,27,0.22133227427016555,0.6892583363872148,-0.24396004150983785,51,0.36248645383636435,1.514391348661738,-0.1463885600569833,26,0.2839079858118021,1.4334240879131623,-0.0877969860012856,29,0.6904009646155407,1.8372521955699133,-0.0584105206763571,37,47477.87838408829,3.7477878384088292,0.3668760906502,1.2792538142971346,-0.24396004150983797,170,91,0.13535031847133758,5,False,-0.16412364393977832,-0.36810878854783735,1.0,0.22133227427016555,0.7003270609318997
51,b9ef33ec7968,gap_down_reversal,"{""family"": ""gap_down_reversal"", ""gap_max"": -0.04, ""market_prev_return_max"": null, ""min_adv20"": 50000000.0, ""mom3_max"": -0.06, ""prev_return_max"": -0.015}",,0.07,2.75,5,False,20524.317004660963,1.0524317004660961,0.27205025913066505,1.0502738498026543,-0.23825398562924038,103,53,0.13678618857901725,5,False,-0.16412364393977832,12778.786572642884,0.2778786572642884,0.2766407685272836,1.463200972374962,-0.0877969860012856,29,21,0.11462450592885376,5,False,-0.04914608440502139,17304.361667361296,0.7304361667361297,0.7380442454552607,1.9574353913681148,-0.0584105206763571,37,17,0.148,5,False,-0.03998215589181646,0.3131845573102372,1.7620272097698062,-0.0318257120882669,27,0.22021875773378796,0.7169537156781388,-0.23825398562924027,50,0.280870578568019,1.345552781872391,-0.1463885600569832,26,0.2778786572642884,1.463200972374962,-0.0877969860012856,29,0.7304361667361297,1.9574353913681148,-0.0584105206763571,37,45385.16451433411,3.538516451433411,0.3545692089075856,1.309198990109525,-0.23825398562924038,169,91,0.13455414012738853,5,False,-0.16412364393977832,-0.4129271225723077,1.0,0.22021875773378796,0.6999260752688172
52,3ab676842d5e,gap_down_reversal,"{""family"": ""gap_down_reversal"", ""gap_max"": -0.04, ""market_prev_return_max"": null, ""min_adv20"": 50000000.0, ""mom3_max"": -0.06, ""prev_return_max"": -0.015}",,0.08,2.25,7,False,17616.95289173305,0.7616952891733051,0.20865828214054694,1.0945977056312346,-0.14645474561940175,114,53,0.15139442231075698,7,False,-0.10781261083813864,11824.604957990348,0.18246049579903478,0.18167744552859832,1.4268775490620753,-0.051795121299513025,31,21,0.1225296442687747,7,False,-0.028721737639298216,14610.168235517225,0.46101682355172247,0.4654549040485334,1.995425630209151,-0.03434955061333789,42,17,0.168,7,False,-0.02336619500171092,0.18507215919638997,1.8033275942349738,-0.018599442129506594,29,0.25354653735024546,0.9258368138048996,-0.14645474561940197,57,0.185893083271633,1.448537828163645,-0.08661386414687655,28,0.18246049579903478,1.4268775490620753,-0.051795121299513025,31,0.46101682355172247,1.995425630209151,-0.03434955061333789,42,30434.95405036662,2.043495405036662,0.25020839482233903,1.3270594290700686,-0.14645474561940175,187,91,0.14888535031847133,7,False,-0.10781261083813864,-0.3322798434308407,1.0,0.18246049579903478,0.6988485663082438
53,eca474687407,relative_weakness_reversal,"{""family"": ""relative_weakness_reversal"", ""gap_max"": -0.04, ""market_prev_return_max"": 0.0, ""min_adv20"": 100000000.0, ""mom3_max"": -0.06, ""prev_return_percentile_max"": 0.1}",,0.1,2.0,5,False,17756.825326613336,0.7756825326613337,0.21186135539697526,1.1263888588735993,-0.11287597501769486,65,32,0.08632138114209828,5,False,-0.08119213226751136,11750.12220864283,0.17501222086428303,0.1742634308370501,1.3287496421752687,-0.036392456178332644,16,12,0.06324110671936758,5,False,-0.03574260684001555,14777.99892516859,0.47779989251685895,0.48242440351808047,1.9879062309014255,-0.029077931557684566,28,13,0.112,5,False,-0.0290779315576847,0.1905029208116087,1.5778599420441612,-0.00838372594642156,16,0.29528375312948363,1.1058223576070985,-0.10220553782694597,31,0.15151590033408135,1.0763108622146895,-0.11287597501769497,18,0.17501222086428303,1.3287496421752687,-0.036392456178332644,16,0.47779989251685895,1.9879062309014255,-0.029077931557684566,28,30833.53629507604,2.083353629507604,0.2534763583079409,1.340968186485431,-0.11287597501769486,109,57,0.08678343949044585,5,False,-0.08119213226751136,-0.2023607833016694,1.0,0.15151590033408135,0.698187724014337
54,3fb3e6fd7fd3,relative_weakness_reversal,"{""family"": ""relative_weakness_reversal"", ""gap_max"": -0.04, ""market_prev_return_max"": 0.0, ""min_adv20"": 20000000.0, ""mom3_max"": -0.06, ""prev_return_percentile_max"": 0.125}",,0.1,2.25,5,False,19531.358638161008,0.9531358638161007,0.2511140956959421,1.088690713462976,-0.1701645342431667,75,35,0.099601593625498,5,False,-0.09134114880095028,11976.5805272417,0.19765805272417003,0.19680452609734167,1.3287496421752687,-0.04089754016982605,16,12,0.06324110671936758,5,False,-0.0402104326950175,16112.236024487736,0.6112236024487736,0.6173836988214774,2.0279083085643785,-0.03271267300239533,29,13,0.116,5,False,-0.03271267300239529,0.2242560296988323,1.6304874170525379,-0.009431691689724242,17,0.34522568180755586,1.0660809089142147,-0.1701645342431667,38,0.18594637820896787,1.0154477530752817,-0.12659135686564027,20,0.19765805272417003,1.3287496421752687,-0.04089754016982605,16,0.6112236024487736,2.0279083085643785,-0.03271267300239533,29,37689.56358796117,2.7689563587961175,0.30500219321757993,1.3190488390250468,-0.1701645342431667,120,60,0.09554140127388536,5,False,-0.09134114880095028,-0.24005892871229273,1.0,0.18594637820896787,0.6970721326164875
55,19d502c0e628,gap_down_reversal,"{""family"": ""gap_down_reversal"", ""gap_max"": -0.04, ""market_prev_return_max"": null, ""min_adv20"": 20000000.0, ""mom3_max"": -0.06, ""prev_return_max"": -0.015}",,0.08,2.5,5,False,20558.639236014904,1.0558639236014904,0.272761759596853,1.065315299365325,-0.2230924480474069,104,53,0.13811420982735723,5,False,-0.14920331267252573,12567.374972976975,0.25673749729769746,0.25560287741679644,1.433424087913162,-0.07998054269689625,29,21,0.11462450592885376,5,False,-0.044678258550019445,16169.989215531128,0.6169989215531129,0.6232275612471299,1.8372521955699135,-0.05317312431973131,37,17,0.148,5,False,-0.036347414447105875,0.2836331667088354,1.7365276213992293,-0.02893246553478812,27,0.20664578330624672,0.6892583363872152,-0.2230924480474068,51,0.3273138804808575,1.5143913486617382,-0.13344192098438945,26,0.25673749729769746,1.433424087913162,-0.07998054269689625,29,0.6169989215531129,1.8372521955699135,-0.05317312431973131,37,41778.09846843699,3.177809846843699,0.33224850799301,1.2792538142971346,-0.2230924480474069,170,91,0.13535031847133758,5,False,-0.14920331267252573,-0.3681087885478369,1.0,0.20664578330624672,0.6960439068100359
56,b9ef33ec7968,gap_down_reversal,"{""family"": ""gap_down_reversal"", ""gap_max"": -0.04, ""market_prev_return_max"": null, ""min_adv20"": 50000000.0, ""mom3_max"": -0.06, ""prev_return_max"": -0.015}",,0.07,2.5,5,False,19379.17291825504,0.9379172918255041,0.2478431517883739,1.0502738498026543,-0.21676151625768159,103,53,0.13678618857901725,5,False,-0.14920331267252573,12512.530062993565,0.25125300629935654,0.25014494909703,1.4632009723749617,-0.07998054269689625,29,21,0.11462450592885376,5,False,-0.044678258550019445,16515.720103361007,0.6515720103361007,0.6582144458537731,1.9574353913681146,-0.053173124319731424,37,17,0.148,5,False,-0.036347414447105875,0.28231190155738073,1.7620272097698058,-0.028932465534788232,27,0.20475062121388388,0.7169537156781388,-0.2167615162576817,50,0.2544241484834804,1.345552781872391,-0.13344192098438945,26,0.25125300629935654,1.4632009723749617,-0.07998054269689625,29,0.6515720103361007,1.9574353913681146,-0.053173124319731424,37,40047.72831345236,3.004772831345236,0.32098955830320186,1.309198990109525,-0.21676151625768159,169,91,0.13455414012738853,5,False,-0.14920331267252573,-0.41292712257230746,1.0,0.20475062121388388,0.6959520609318997
57,4eb7508c4970,relative_weakness_reversal,"{""family"": ""relative_weakness_reversal"", ""gap_max"": -0.04, ""market_prev_return_max"": 0.0, ""min_adv20"": 50000000.0, ""mom3_max"": -0.06, ""prev_return_percentile_max"": 0.15}",,0.1,2.25,5,False,19655.346924843656,0.9655346924843655,0.2537664759179905,1.0860853217104982,-0.14630059526561467,77,36,0.10225763612217796,5,False,-0.09134114880095028,11976.5805272417,0.19765805272417003,0.19680452609734167,1.3287496421752687,-0.04089754016982605,16,12,0.06324110671936758,5,False,-0.0402104326950175,16032.180581280449,0.6032180581280449,0.609283419419659,2.024902329484644,-0.03271267300239533,31,14,0.124,5,False,-0.03271267300239529,0.2242560296988323,1.6304874170525379,-0.009431691689724242,17,0.28749316966476335,0.9219711554045155,-0.14630059526561456,38,0.2469916008716253,1.2662003839251192,-0.12042299954345981,22,0.19765805272417003,1.3287496421752687,-0.04089754016982605,16,0.6032180581280449,2.024902329484644,-0.03271267300239533,31,37740.369563555556,2.774036956355556,0.3053549553574053,1.3131028926788286,-0.14630059526561467,124,62,0.09872611464968153,5,False,-0.09134114880095028,-0.2426643204647705,1.0,0.19765805272417003,0.6958355734767026
58,b589ede4382e,relative_weakness_reversal,"{""family"": ""relative_weakness_reversal"", ""gap_max"": -0.04, ""market_prev_return_max"": 0.0, ""min_adv20"": 20000000.0, ""mom3_max"": -0.06, ""prev_return_percentile_max"": 0.1}",,0.1,2.25,5,False,18893.28579558547,0.889328579558547,0.23728412365035423,1.0883426591125223,-0.15201161667126606,71,34,0.09428950863213811,5,False,-0.09134114880095028,11976.5805272417,0.19765805272417003,0.19680452609734167,1.3287496421752687,-0.04089754016982605,16,12,0.06324110671936758,5,False,-0.0402104326950175,15476.770253061977,0.5476770253061978,0.5530941304262493,1.9879062309014255,-0.03271267300239533,28,13,0.112,5,False,-0.03271267300239529,0.2242560296988323,1.6304874170525379,-0.009431691689724242,17,0.3012783051504353,1.0243300860954248,-0.15201161667126595,34,0.18594637820896787,1.0154477530752817,-0.12659135686564027,20,0.19765805272417003,1.3287496421752687,-0.04089754016982605,16,0.5476770253061978,1.9879062309014255,-0.03271267300239533,28,35020.36504213043,2.502036504213043,0.28591077322592495,1.3114751832498346,-0.15201161667126606,115,59,0.09156050955414012,5,False,-0.09134114880095028,-0.24040698306274644,1.0,0.18594637820896787,0.6957683691756273
59,19d502c0e628,gap_down_reversal,"{""family"": ""gap_down_reversal"", ""gap_max"": -0.04, ""market_prev_return_max"": null, ""min_adv20"": 20000000.0, ""mom3_max"": -0.06, ""prev_return_max"": -0.015}",,0.08,3.0,7,False,20273.240845185122,1.0273240845185123,0.2668212131685257,1.0555936197026128,-0.2075032848647521,115,53,0.15272244355909695,7,False,-0.14375014778418485,12465.547929029066,0.2465547929029066,0.24546941507145248,1.4268775490620753,-0.06875691522290617,31,21,0.1225296442687747,7,False,-0.03829565018573095,16450.818839152307,0.6450818839152308,0.651646190428165,1.995425630209151,-0.04566593176806044,42,17,0.168,7,False,-0.031154926668947893,0.25166386706005484,1.803327594234974,-0.024799256172675643,29,0.294665406501599,0.8526591564427707,-0.207503284864752,58,0.25105937234342823,1.4485378281636452,-0.11482133452744869,28,0.2465547929029066,1.4268775490620753,-0.06875691522290617,31,0.6450818839152308,1.995425630209151,-0.04566593176806044,42,41574.024964825054,3.157402496482505,0.3309402793895908,1.3017606199310319,-0.2075032848647521,188,91,0.14968152866242038,7,False,-0.14375014778418485,-0.37128392935946253,1.0,0.2465547929029066,0.6950224014336918
60,88ea55f398f3,gap_down_reversal,"{""family"": ""gap_down_reversal"", ""gap_max"": -0.04, ""market_prev_return_max"": null, ""min_adv20"": 50000000.0, ""mom3_max"": -0.06, ""prev_return_max"": -0.015}",,,2.0,7,False,19806.669111932828,0.9806669111932829,0.2569885471395723,1.0597652545968304,-0.1676481486935142,114,53,0.15139442231075698,7,False,-0.09807587112725025,11864.72331211144,0.18647233121114404,0.18567075091724328,1.4439191522288315,-0.04610749593507357,31,21,0.1225296442687747,7,False,-0.02553043345715397,15261.995111056776,0.5261995111056776,0.5313702316595503,1.7973038225519402,-0.03056259668096284,42,17,0.168,7,False,-0.02076995111263193,0.1778933512943035,1.792856723631814,-0.016532837448450355,29,0.3038202248040591,0.9911780802626975,-0.13537318614799254,57,0.2896972163527527,1.106225902061905,-0.1676481486935142,28,0.18647233121114404,1.4439191522288315,-0.04610749593507357,31,0.5261995111056776,1.7973038225519402,-0.03056259668096284,42,35865.78752281455,2.5865787522814547,0.29207990995113775,1.2424206021103303,-0.1676481486935142,187,91,0.14888535031847133,7,False,-0.09807587112725025,-0.38415389763200114,1.0,0.1778933512943035,0.6942786738351255
61,88ea55f398f3,gap_down_reversal,"{""family"": ""gap_down_reversal"", ""gap_max"": -0.04, ""market_prev_return_max"": null, ""min_adv20"": 50000000.0, ""mom3_max"": -0.06, ""prev_return_max"": -0.015}",,,2.5,5,False,25720.305487460326,1.5720305487460324,0.371840319307011,1.0357481092266678,-0.28217168832756134,103,53,0.13678618857901725,5,False,-0.17163277447268793,13028.747231610785,0.30287472316107844,0.3015129623165873,1.4592514088546773,-0.07998054269689603,29,21,0.11462450592885376,5,False,-0.044678258550019445,18228.89570244234,0.822889570244234,0.8316666706573939,1.6781751554326303,-0.053173124319731424,37,17,0.148,5,False,-0.036347414447105875,0.31066024086546973,1.731136817438743,-0.028932465534788232,27,0.27692006757023946,0.8070963341052114,-0.21982047358080659,50,0.5368174568823123,1.138435610348404,-0.28217168832756145,26,0.30287472316107844,1.4592514088546773,-0.07998054269689603,29,0.822889570244234,1.6781751554326303,-0.053173124319731424,37,61085.64179216636,5.108564179216636,0.43776671877592177,1.208977712681408,-0.28217168832756134,169,91,0.13455414012738853,5,False,-0.17163277447268793,-0.4235032996280095,1.0,0.27692006757023946,0.6935707885304659
62,105819caefc2,gap_down_reversal,"{""family"": ""gap_down_reversal"", ""gap_max"": -0.04, ""market_prev_return_max"": null, ""min_adv20"": 20000000.0, ""mom3_max"": -0.06, ""prev_return_max"": -0.015}",,,3.0,7,False,25699.966354591008,1.5699966354591006,0.37147717459641094,1.0335251210591079,-0.24504333760666475,115,53,0.15272244355909695,7,False,-0.14711380669087534,12856.932089562799,0.2856932089562798,0.28441679879448034,1.4439191522288313,-0.06875691522290606,31,21,0.1225296442687747,7,False,-0.03829565018573095,18501.10157324307,0.8501101573243071,0.859238775128863,1.79730382255194,-0.04566593176806033,42,17,0.168,7,False,-0.031154926668947893,0.27449721995864573,1.792856723631814,-0.024799256172675532,29,0.4070056780918585,0.9320471922493955,-0.22104253832179854,58,0.4331703416948396,1.1062259020619045,-0.24504333760666486,28,0.2856932089562798,1.4439191522288313,-0.06875691522290606,31,0.8501101573243071,1.79730382255194,-0.04566593176806033,42,61131.84344142567,5.113184344142567,0.4379848342209989,1.225213803935548,-0.24504333760666475,188,91,0.14968152866242038,7,False,-0.14711380669087534,-0.4103940311697234,1.0,0.27449721995864573,0.6929009856630824
63,be957829cf82,relative_weakness_reversal,"{""family"": ""relative_weakness_reversal"", ""gap_max"": -0.04, ""market_prev_return_max"": 0.0, ""min_adv20"": 50000000.0, ""mom3_max"": -0.06, ""prev_return_percentile_max"": 0.1}",,0.1,1.75,5,False,16947.475371742763,0.6947475371742764,0.19308831827340645,1.1376902166836012,-0.09987892019865863,70,34,0.09296148738379814,5,False,-0.07104311573407245,11525.269617998343,0.15252696179983438,0.1518804667349969,1.3287496421752687,-0.0318776004022171,16,12,0.06324110671936758,5,False,-0.031274780985013614,14103.06216490726,0.4103062164907261,0.4141905394355203,1.987906230901426,-0.025443190112974134,28,13,0.112,5,False,-0.025443190112974114,0.17196059437115396,1.6304874170525379,-0.0073357602031185465,17,0.2628739931954127,1.1275450752808325,-0.09987892019865863,33,0.14506985690943064,1.0154477530752817,-0.09907301205213448,20,0.15252696179983438,1.3287496421752687,-0.0318776004022171,16,0.4103062164907261,1.987906230901426,-0.025443190112974134,28,27546.696593337012,1.7546696593337012,0.22544607227805202,1.3432553319513216,-0.09987892019865863,114,59,0.09076433121019108,5,False,-0.07104311573407245,-0.19105942549166754,1.0,0.14506985690943064,0.6927755376344087
64,9654c0e2efca,relative_weakness_reversal,"{""family"": ""relative_weakness_reversal"", ""gap_max"": -0.04, ""market_prev_return_max"": 0.0, ""min_adv20"": 100000000.0, ""mom3_max"": -0.06, ""prev_return_percentile_max"": 0.125}",,0.1,2.25,5,False,19235.61871581407,0.9235618715814071,0.24474202470336803,1.0955315751764312,-0.1337185596458722,70,33,0.09296148738379814,5,False,-0.09134114880095028,11976.5805272417,0.19765805272417003,0.19680452609734167,1.3287496421752687,-0.04089754016982605,16,12,0.06324110671936758,5,False,-0.0402104326950175,15476.770253061977,0.5476770253061978,0.5530941304262493,1.9879062309014255,-0.03271267300239533,28,13,0.112,5,False,-0.03271267300239529,0.21572422200770935,1.5778599420441612,-0.00943169168972402,16,0.3772159789123435,1.1407962718189644,-0.13371855964587231,35,0.14886510197153324,0.9654581155587638,-0.12659135686564038,19,0.19765805272417003,1.3287496421752687,-0.04089754016982605,16,0.5476770253061978,1.9879062309014255,-0.03271267300239533,28,35654.90918453391,2.565490918453391,0.2905520805270003,1.3120415715907396,-0.1337185596458722,114,58,0.09076433121019108,5,False,-0.09134114880095028,-0.23321806699883751,1.0,0.14886510197153324,0.6926232078853047
65,f8bee66f0432,relative_weakness_reversal,"{""family"": ""relative_weakness_reversal"", ""gap_max"": -0.04, ""market_prev_return_max"": 0.0, ""min_adv20"": 50000000.0, ""mom3_max"": -0.06, ""prev_return_percentile_max"": 0.125}",,0.1,1.75,5,False,17411.416777707716,0.7411416777707716,0.20392066739536951,1.1350076643812002,-0.11481424197948031,74,35,0.09827357237715803,5,False,-0.07104311573407245,11525.269617998343,0.15252696179983438,0.1518804667349969,1.3287496421752687,-0.0318776004022171,16,12,0.06324110671936758,5,False,-0.031274780985013614,14560.452087735148,0.45604520877351473,0.4604283619284919,2.0279083085643785,-0.025443190112974134,29,13,0.116,5,False,-0.025443190112974114,0.17196059437115396,1.6304874170525379,-0.0073357602031185465,17,0.2974454867723595,1.1603647585132821,-0.1148142419794802,37,0.14506985690943064,1.0154477530752817,-0.09907301205213448,20,0.15252696179983438,1.3287496421752687,-0.0318776004022171,16,0.45604520877351473,2.0279083085643785,-0.025443190112974134,29,29218.644529080044,1.9218644529080042,0.24001977696886123,1.348901381650735,-0.11481424197948031,119,60,0.09474522292993631,5,False,-0.07104311573407245,-0.19374197779406854,1.0,0.14506985690943064,0.6919242831541219
66,19d502c0e628,gap_down_reversal,"{""family"": ""gap_down_reversal"", ""gap_max"": -0.04, ""market_prev_return_max"": null, ""min_adv20"": 20000000.0, ""mom3_max"": -0.06, ""prev_return_max"": -0.015}",,0.08,2.75,7,False,19239.00038333659,0.9239000383336591,0.24481525389936531,1.0555936197026128,-0.19103325586626774,115,53,0.15272244355909695,7,False,-0.13177096880216946,12250.144850561399,0.22501448505613997,0.22403219151553633,1.4268775490620758,-0.06311983094342921,31,21,0.1225296442687747,7,False,-0.03510434600358671,15819.117410695244,0.5819117410695245,0.5877265510932463,1.995425630209152,-0.04190121759183418,42,17,0.168,7,False,-0.0285586827798689,0.2291873601470491,1.8033275942349738,-0.022732651491619404,29,0.2733582159070542,0.8526591564427711,-0.19103325586626796,58,0.2291752948203718,1.448537828163645,-0.10545572315994622,28,0.22501448505613997,1.4268775490620758,-0.06311983094342921,31,0.5819117410695245,1.995425630209152,-0.04190121759183418,42,37282.58157023169,2.728258157023169,0.3021625828127692,1.3017606199310319,-0.19103325586626774,188,91,0.14968152866242038,7,False,-0.13177096880216946,-0.37128392935946297,1.0,0.22501448505613997,0.6915412186379929
67,88ea55f398f3,gap_down_reversal,"{""family"": ""gap_down_reversal"", ""gap_max"": -0.04, ""market_prev_return_max"": null, ""min_adv20"": 50000000.0, ""mom3_max"": -0.06, ""prev_return_max"": -0.015}",,,2.25,5,False,23759.522869775028,1.375952286977503,0.3359135621663458,1.0357481092266678,-0.25629081639910845,103,53,0.13678618857901725,5,False,-0.15446949702541915,12708.010407750466,0.2708010407750465,0.26959787860469486,1.4592514088546773,-0.07213107921699768,29,21,0.11462450592885376,5,False,-0.0402104326950175,17260.871622595263,0.7260871622595264,0.7336412193347444,1.6781751554326296,-0.04792120241909936,37,17,0.148,5,False,-0.03271267300239529,0.2770562532114098,1.7311368174387434,-0.026039218981309342,27,0.25368345194334085,0.8070963341052113,-0.19784334615694799,50,0.4840201357777214,1.1384356103484037,-0.25629081639910845,26,0.2708010407750465,1.4592514088546773,-0.07213107921699768,29,0.7260871622595264,1.6781751554326296,-0.04792120241909936,37,52116.83089596018,4.211683089596018,0.392682998143983,1.208977712681408,-0.25629081639910845,169,91,0.13455414012738853,5,False,-0.15446949702541915,-0.4235032996280095,1.0,0.25368345194334085,0.6914068100358424
68,eca474687407,relative_weakness_reversal,"{""family"": ""relative_weakness_reversal"", ""gap_max"": -0.04, ""market_prev_return_max"": 0.0, ""min_adv20"": 100000000.0, ""mom3_max"": -0.06, ""prev_return_percentile_max"": 0.1}",,0.1,2.75,7,False,18520.205079367406,0.8520205079367407,0.22905326007320848,1.0675597285371832,-0.1337250561820409,73,32,0.09694555112881806,7,False,-0.11382578530838604,11949.947249349165,0.19499472493491643,0.19415360418951955,1.3357398056273493,-0.03574807505427269,18,12,0.07114624505928854,7,False,-0.03510434600358671,14207.748782166167,0.42077487821661674,0.4247723277519351,1.6436385606057498,-0.02855868277986895,32,13,0.128,7,False,-0.0285586827798689,0.2160184885984855,1.7529841822221297,-0.00823401655452094,18,0.32572718454564753,1.0256734903199662,-0.13372505618204122,37,0.1488185819506418,1.0763108622146895,-0.11090948527471356,18,0.19499472493491643,1.3357398056273493,-0.03574807505427269,18,0.42077487821661674,1.6436385606057498,-0.02855868277986895,32,31443.946525831354,2.144394652583135,0.258416234542441,1.221444086718941,-0.1337250561820409,123,57,0.09792993630573249,7,False,-0.11382578530838604,-0.2681800770901661,1.0,0.1488185819506418,0.6909520609318996
69,88ea55f398f3,gap_down_reversal,"{""family"": ""gap_down_reversal"", ""gap_max"": -0.04, ""market_prev_return_max"": null, ""min_adv20"": 50000000.0, ""mom3_max"": -0.06, ""prev_return_max"": -0.015}",,,2.75,5,False,27755.233868600117,1.7755233868600118,0.4072472278135064,1.0357481092266678,-0.30754702979193405,103,53,0.13678618857901725,5,False,-0.18879605191995671,13353.259831837842,0.33532598318378426,0.33380059626634995,1.4592514088546769,-0.08779698600128549,29,21,0.11462450592885376,5,False,-0.04914608440502139,19231.15654424393,0.9231156544243933,0.9332029372594888,1.6781751554326296,-0.058410520676357325,37,17,0.148,5,False,-0.03998215589181646,0.34484621785683833,1.7311368174387434,-0.03182571208826701,27,0.2989240076089923,0.8070963341052114,-0.24170638988025284,50,0.5888705718379788,1.1384356103484041,-0.30754702979193416,26,0.33532598318378426,1.4592514088546769,-0.08779698600128549,29,0.9231156544243933,1.6781751554326296,-0.058410520676357325,37,71275.06038393725,6.127506038393725,0.4829646241471415,1.208977712681408,-0.30754702979193405,169,91,0.13455414012738853,5,False,-0.18879605191995671,-0.42350329962800903,1.0,0.2989240076089923,0.6909027777777778
70,105819caefc2,gap_down_reversal,"{""family"": ""gap_down_reversal"", ""gap_max"": -0.04, ""market_prev_return_max"": null, ""min_adv20"": 20000000.0, ""mom3_max"": -0.06, ""prev_return_max"": -0.015}",,,2.75,7,False,24048.06415945616,1.404806415945616,0.34132120310970016,1.0335251210591079,-0.22608888582779985,115,53,0.15272244355909695,7,False,-0.1348543227999691,12605.234240153959,0.26052342401539597,0.25937041305260244,1.4439191522288313,-0.06311983094342932,31,21,0.1225296442687747,7,False,-0.03510434600358671,17650.35260160743,0.7650352601607429,0.7730762510342422,1.7973038225519407,-0.041901217591834405,42,17,0.168,7,False,-0.0285586827798689,0.2498541155089289,1.792856723631814,-0.022732651491619293,29,0.3766482016383701,0.9320471922493954,-0.2037435376706883,58,0.3976480585295534,1.1062259020619043,-0.22608888582779973,28,0.26052342401539597,1.4439191522288313,-0.06311983094342932,31,0.7650352601607429,1.7973038225519407,-0.041901217591834405,42,53503.77537573989,4.350377537573989,0.40004122771270634,1.225213803935548,-0.22608888582779985,188,91,0.14968152866242038,7,False,-0.1348543227999691,-0.4103940311697234,1.0,0.2498541155089289,0.6908490143369175
71,be957829cf82,relative_weakness_reversal,"{""family"": ""relative_weakness_reversal"", ""gap_max"": -0.04, ""market_prev_return_max"": 0.0, ""min_adv20"": 50000000.0, ""mom3_max"": -0.06, ""prev_return_percentile_max"": 0.1}",,0.1,2.5,7,False,17960.557020932527,0.7960557020932526,0.21649690765277474,1.0826888937569583,-0.13187606661050855,78,34,0.10358565737051793,7,False,-0.1034779866439873,11766.835891115988,0.17668358911159876,0.17592712732239502,1.335739805627349,-0.03252317807133298,18,12,0.07114624505928854,7,False,-0.03191304182144246,13786.219586294841,0.3786219586294841,0.3821677429151684,1.6436385606057502,-0.025962438890789974,32,13,0.128,7,False,-0.02596243889078991,0.2018482583937906,1.8042835659964132,-0.007485469595018945,19,0.30174904509904343,1.041657612275833,-0.13187606661050844,39,0.14800266257594963,1.0154477530752815,-0.10105022601359925,20,0.17668358911159876,1.335739805627349,-0.03252317807133298,18,0.3786219586294841,1.6436385606057502,-0.025962438890789974,32,29135.64854455382,1.913564854455382,0.23931227093927587,1.2280885093596834,-0.13187606661050855,128,59,0.10191082802547771,7,False,-0.1034779866439873,-0.25305091187039075,1.0,0.14800266257594963,0.6904995519713263
72,b9ef33ec7968,gap_down_reversal,"{""family"": ""gap_down_reversal"", ""gap_max"": -0.04, ""market_prev_return_max"": null, ""min_adv20"": 50000000.0, ""mom3_max"": -0.06, ""prev_return_max"": -0.015}",,0.07,2.25,5,False,18269.25881925492,0.8269258819254919,0.22345466273392045,1.0502738498026543,-0.19517159184997013,103,53,0.13678618857901725,5,False,-0.13428298140527314,12248.865693252585,0.2248865693252584,0.2239048835196038,1.4632009723749624,-0.0721310792169978,29,21,0.11462450592885376,5,False,-0.0402104326950175,15753.637451669036,0.5753637451669036,0.5811020193042113,1.957435391368115,-0.04792120241909947,37,17,0.148,5,False,-0.03271267300239529,0.25193096454299035,1.7620272097698062,-0.026039218981309342,27,0.1882279092061987,0.7169537156781389,-0.19517159184997002,50,0.22811998433397984,1.3455527818723914,-0.12042299954346025,26,0.2248865693252584,1.4632009723749624,-0.0721310792169978,29,0.5753637451669036,1.957435391368115,-0.04792120241909947,37,35253.127176387,2.5253127176387005,0.2876210356761979,1.309198990109525,-0.19517159184997013,169,91,0.13455414012738853,5,False,-0.13428298140527314,-0.4129271225723081,1.0,0.1882279092061987,0.6900716845878136
73,19d502c0e628,gap_down_reversal,"{""family"": ""gap_down_reversal"", ""gap_max"": -0.04, ""market_prev_return_max"": null, ""min_adv20"": 20000000.0, ""mom3_max"": -0.06, ""prev_return_max"": -0.015}",,0.08,2.25,5,False,19286.5259138973,0.9286525913897301,0.24584350310597292,1.065315299365325,-0.2019602078676801,104,53,0.13811420982735723,5,False,-0.13428298140527314,12298.241738670384,0.22982417386703835,0.22881899113809334,1.433424087913162,-0.07213107921699802,29,21,0.11462450592885376,5,False,-0.0402104326950175,15458.328290578625,0.5458328290578625,0.5512286828956023,1.8372521955699141,-0.04792120241909947,37,17,0.148,5,False,-0.03271267300239529,0.2531308414936022,1.7365276213992296,-0.02603921898130923,27,0.19072564833238048,0.6892583363872151,-0.2019602078676801,51,0.29254561273156376,1.5143913486617382,-0.12042299954345992,26,0.22982417386703835,1.433424087913162,-0.07213107921699802,29,0.5458328290578625,1.8372521955699141,-0.04792120241909947,37,36665.66421142075,2.666566421142075,0.29781058616444445,1.2792538142971346,-0.2019602078676801,170,91,0.13535031847133758,5,False,-0.13428298140527314,-0.3681087885478369,1.0,0.19072564833238048,0.690062724014337
74,6335ea5e30c2,gap_down_reversal,"{""family"": ""gap_down_reversal"", ""gap_max"": -0.04, ""market_prev_return_max"": null, ""min_adv20"": 50000000.0, ""mom3_max"": -0.06, ""prev_return_max"": -0.015}",,0.06,2.0,7,False,15620.574829626506,0.5620574829626506,0.16097509729727477,1.0800033420165096,-0.13069270609998884,114,53,0.15139442231075698,7,False,-0.09583343185612324,11637.081319601004,0.16370813196010037,0.1630109826867474,1.4855995424769548,-0.045243430588083444,31,21,0.1225296442687747,7,False,-0.02553043345715397,13689.260852620842,0.36892608526208415,0.37236944179239084,2.029339036391861,-0.030562596680962728,42,17,0.168,7,False,-0.02076995111263193,0.16538826481900304,1.915770889261946,-0.016532837448450466,29,0.1612770708775768,0.8027283467197202,-0.13069270609998918,57,0.1542251151852232,1.3166273838593399,-0.07713761650130968,28,0.16370813196010037,1.4855995424769548,-0.045243430588083444,31,0.36892608526208415,2.029339036391861,-0.030562596680962728,42,24884.05084198928,1.488405084198928,0.2007052098345068,1.3438154613104756,-0.13069270609998884,187,91,0.14888535031847133,7,False,-0.09583343185612324,-0.4055962004604452,1.0,0.1542251151852232,0.6897670250896057
75,88ea55f398f3,gap_down_reversal,"{""family"": ""gap_down_reversal"", ""gap_max"": -0.04, ""market_prev_return_max"": null, ""min_adv20"": 50000000.0, ""mom3_max"": -0.06, ""prev_return_max"": -0.015}",,,3.0,5,False,29857.998826823008,1.9857998826823007,0.4420637379606578,1.035748109226668,-0.33242056259925357,103,53,0.13678618857901725,5,False,-0.2059593293672255,13681.485913395687,0.3681485913395688,0.36645455121017223,1.4592514088546769,-0.09558040913016541,29,21,0.11462450592885376,5,False,-0.05361391026002334,20268.17736288432,1.0268177362884319,1.038305205661545,1.6781751554326299,-0.0636333930394809,37,17,0.148,5,False,-0.04361689733652705,0.37961900952906347,1.7311368174387434,-0.03471895864174579,27,0.3196345517357282,0.8070963341052114,-0.2634797119632406,50,0.6400151077290823,1.138435610348404,-0.33242056259925357,26,0.3681485913395688,1.4592514088546769,-0.09558040913016541,29,1.0268177362884319,1.6781751554326299,-0.0636333930394809,37,82795.8673989723,7.27958673989723,0.5282220124660255,1.2089777126814076,-0.33242056259925357,169,91,0.13455414012738853,5,False,-0.2059593293672255,-0.4235032996280088,1.0,0.3196345517357282,0.6892719534050179
76,6335ea5e30c2,gap_down_reversal,"{""family"": ""gap_down_reversal"", ""gap_max"": -0.04, ""market_prev_return_max"": null, ""min_adv20"": 50000000.0, ""mom3_max"": -0.06, ""prev_return_max"": -0.015}",,0.06,3.0,5,False,20942.07444733591,1.0942074447335908,0.28065717601024853,1.0405600606044232,-0.26126120361480787,103,53,0.13678618857901725,5,False,-0.1790439752070309,13059.392136110064,0.3059392136110064,0.3045621356569119,1.5034075637915223,-0.09381816549373301,29,21,0.11462450592885376,5,False,-0.05361391026002334,16730.934880697416,0.6730934880697417,0.6799964752490175,1.9267616405059302,-0.06363339303948079,37,17,0.148,5,False,-0.04361689733652705,0.3517403929571681,1.8460345879236908,-0.0347189586417459,27,0.18790020070741975,0.6434787328393905,-0.26126120361480754,50,0.3042067745602348,1.275501218518542,-0.1592629167612416,26,0.3059392136110064,1.5034075637915223,-0.09381816549373301,29,0.6730934880697417,1.9267616405059302,-0.06363339303948079,37,45757.561353730656,3.575756135373066,0.3567919279022991,1.2933921302281257,-0.26126120361480787,169,91,0.13455414012738853,5,False,-0.1790439752070309,-0.4628475031870991,1.0,0.18790020070741975,0.6887410394265232
77,dcfadc640c21,relative_weakness_reversal,"{""family"": ""relative_weakness_reversal"", ""gap_max"": -0.04, ""market_prev_return_max"": 0.0, ""min_adv20"": 100000000.0, ""mom3_max"": -0.06, ""prev_return_percentile_max"": 0.15}",,0.1,3.0,5,False,22556.99748704163,1.255699748704163,0.31289379403277673,1.045450179274007,-0.19238090816087738,73,34,0.09694555112881806,5,False,-0.12178819840126705,12665.104959344568,0.26651049593445686,0.26532831004180313,1.328749642175269,-0.054354161436575676,16,12,0.06324110671936758,5,False,-0.05361391026002334,17608.46827550773,0.7608468275507729,0.7688351173126844,1.9858259092048363,-0.04361689733652707,30,14,0.12,5,False,-0.04361689733652705,0.29330447269309645,1.5778599420441608,-0.012575588919632064,16,0.36355940219043226,0.9042231789621827,-0.19238090816087705,36,0.2791057443670919,1.2555561534785165,-0.1592629167612415,21,0.26651049593445686,1.328749642175269,-0.054354161436575676,16,0.7608468275507729,1.9858259092048363,-0.04361689733652707,30,50305.05911072049,4.030505911072049,0.38283135739167307,1.2748223110269166,-0.19238090816087738,119,60,0.09474522292993631,5,False,-0.12178819840126705,-0.28329946290126196,1.0,0.26651049593445686,0.6887253584229391
78,9654c0e2efca,relative_weakness_reversal,"{""family"": ""relative_weakness_reversal"", ""gap_max"": -0.04, ""market_prev_return_max"": 0.0, ""min_adv20"": 100000000.0, ""mom3_max"": -0.06, ""prev_return_percentile_max"": 0.125}",,0.1,3.0,7,False,19752.909655106076,0.9752909655106077,0.25584574021081274,1.0511088483117474,-0.163065238334424,78,33,0.10358565737051793,7,False,-0.12417358397278476,12134.156525631322,0.21341565256313233,0.21248825142594385,1.3357398056273495,-0.03896798643281307,18,12,0.07114624505928854,7,False,-0.03829565018573095,14637.379759579988,0.4637379759579987,0.468206178236926,1.6436385606057502,-0.031154926668947924,32,13,0.128,7,False,-0.031154926668947893,0.23708999938945152,1.75298418222213,-0.008982563514022934,18,0.3982576304301033,1.0729305980447439,-0.16306523833442377,41,0.14193815301544466,0.9654581155587639,-0.1207240602921471,19,0.21341565256313233,1.3357398056273495,-0.03896798643281307,18,0.4637379759579987,1.6436385606057502,-0.031154926668947924,32,35083.588686859184,2.5083588686859186,0.28637621724296847,1.2051921260197682,-0.163065238334424,128,58,0.10191082802547771,7,False,-0.12417358397278476,-0.28463095731560206,1.0,0.14193815301544466,0.6876299283154121
79,105819caefc2,gap_down_reversal,"{""family"": ""gap_down_reversal"", ""gap_max"": -0.04, ""market_prev_return_max"": null, ""min_adv20"": 20000000.0, ""mom3_max"": -0.06, ""prev_return_max"": -0.015}",,,2.5,7,False,22455.94663489472,1.245594663489472,0.3109225417697701,1.0335251210591079,-0.20687244131176552,115,53,0.15272244355909695,7,False,-0.12259483890906282,12355.953761013658,0.23559537610136583,0.23456263073035455,1.4439191522288315,-0.05746589963563198,31,21,0.1225296442687747,7,False,-0.03191304182144246,16827.28501109912,0.682728501109912,0.6897488635654121,1.7973038225519404,-0.038129090728610704,42,17,0.168,7,False,-0.02596243889078991,0.22554074453710737,1.7928567236318143,-0.020666046810562833,29,0.345459570694463,0.9320471922493949,-0.18624347018186205,58,0.36186155736085457,1.1062259020619045,-0.2068724413117654,28,0.23559537610136583,1.4439191522288315,-0.05746589963563198,31,0.682728501109912,1.7973038225519404,-0.038129090728610704,42,46689.76548848328,3.6689765488483284,0.36229321744687204,1.2252138039355478,-0.20687244131176552,188,91,0.14968152866242038,7,False,-0.12259483890906282,-0.4103940311697236,1.0,0.22554074453710737,0.687513440860215
80,f8bee66f0432,relative_weakness_reversal,"{""family"": ""relative_weakness_reversal"", ""gap_max"": -0.04, ""market_prev_return_max"": 0.0, ""min_adv20"": 50000000.0, ""mom3_max"": -0.06, ""prev_return_percentile_max"": 0.125}",,0.1,2.75,7,False,19187.150124747277,0.9187150124747276,0.2436915065748564,1.0642352740072671,-0.160662135650806,83,35,0.1102257636122178,7,False,-0.11382578530838604,11949.947249349165,0.19499472493491643,0.19415360418951955,1.3357398056273493,-0.03574807505427269,18,12,0.07114624505928854,7,False,-0.03510434600358671,14721.530258643856,0.47215302586438557,0.47671463708705186,1.7115612123576074,-0.02855868277986895,33,13,0.132,7,False,-0.0285586827798689,0.22346869502775757,1.8042835659964136,-0.00823401655452094,19,0.3714513175952514,1.0879733111424483,-0.160662135650806,43,0.143502756952683,0.905835530524474,-0.11090948527471378,21,0.19499472493491643,1.3357398056273493,-0.03574807505427269,18,0.47215302586438557,1.7115612123576074,-0.02855868277986895,33,33754.32422935407,2.3754324229354067,0.2764458600371782,1.2293277127730822,-0.160662135650806,134,60,0.10668789808917198,7,False,-0.11382578530838604,-0.27150453162008215,1.0,0.143502756952683,0.6865165770609318
81,b589ede4382e,relative_weakness_reversal,"{""family"": ""relative_weakness_reversal"", ""gap_max"": -0.04, ""market_prev_return_max"": 0.0, ""min_adv20"": 20000000.0, ""mom3_max"": -0.06, ""prev_return_percentile_max"": 0.1}",,0.1,3.0,7,False,19415.75074182483,0.9415750741824831,0.24863087871436473,1.04120633436691,-0.17989204703786743,79,34,0.1049136786188579,7,False,-0.12417358397278476,12134.156525631322,0.21341565256313233,0.21248825142594385,1.3357398056273495,-0.03896798643281307,18,12,0.07114624505928854,7,False,-0.03829565018573095,14637.379759579988,0.4637379759579987,0.468206178236926,1.6436385606057502,-0.031154926668947924,32,13,0.128,7,False,-0.031154926668947893,0.24535833288493492,1.8042835659964134,-0.008982563514023045,19,0.32434525974912276,0.960577258932686,-0.17989204703786743,40,0.17722272064088163,1.0154477530752817,-0.120724060292147,20,0.21341565256313233,1.3357398056273495,-0.03896798643281307,18,0.4637379759579987,1.6436385606057502,-0.031154926668947924,32,34484.75313087263,2.4484753130872634,0.2819404811605122,1.201308203714941,-0.17989204703786743,129,59,0.10270700636942676,7,False,-0.12417358397278476,-0.2945334712604395,1.0,0.17722272064088163,0.6864784946236561
82,88ea55f398f3,gap_down_reversal,"{""family"": ""gap_down_reversal"", ""gap_max"": -0.04, ""market_prev_return_max"": null, ""min_adv20"": 50000000.0, ""mom3_max"": -0.06, ""prev_return_max"": -0.015}",,,2.0,5,False,21878.1308969356,1.18781308969356,0.2995358942956077,1.0357481092266676,-0.2299006921995489,103,53,0.13678618857901725,5,False,-0.13730621957815034,12391.108452006834,0.23911084520068338,0.2380612583272137,1.459251408854677,-0.06424859556159024,29,21,0.11462450592885376,5,False,-0.03574260684001555,16326.554438407707,0.6326554438407708,0.6390707383412204,1.6781751554326296,-0.042654753423957414,37,17,0.148,5,False,-0.0290779315576847,0.2440293999555685,1.7311368174387431,-0.023145972427830563,27,0.22927693852346476,0.8070963341052115,-0.1757974235138834,50,0.4306382689465782,1.138435610348404,-0.22990069219954878,26,0.23911084520068338,1.459251408854677,-0.06424859556159024,29,0.6326554438407708,1.6781751554326296,-0.042654753423957414,37,44260.35727236843,3.426035727236843,0.3477658797854577,1.2089777126814076,-0.2299006921995489,169,91,0.13455414012738853,5,False,-0.13730621957815034,-0.4235032996280095,1.0,0.22927693852346476,0.6863866487455197
83,a44d390955fb,gap_down_reversal,"{""family"": ""gap_down_reversal"", ""gap_max"": -0.04, ""market_prev_return_max"": null, ""min_adv20"": 20000000.0, ""mom3_max"": -0.06, ""prev_return_max"": -0.015}",,0.06,3.0,7,False,18564.33806436779,0.8564338064367789,0.23003263688034892,1.03536811914337,-0.20473800310087797,115,53,0.15272244355909695,7,False,-0.14375014778418485,12504.782371720423,0.2504782371720422,0.24937392474576803,1.4855995424769548,-0.06747779564146217,31,21,0.1225296442687747,7,False,-0.03829565018573095,15878.602161526902,0.5878602161526902,0.5937447447837996,2.029339036391861,-0.04566593176806044,42,17,0.168,7,False,-0.031154926668947893,0.25510117209033667,1.9157708892619458,-0.02479925617267542,29,0.19848794755419252,0.7159854338075314,-0.2047380031008783,58,0.2341474846138647,1.3166273838593399,-0.1148213345274488,28,0.2504782371720422,1.4855995424769548,-0.06747779564146217,31,0.5878602161526902,2.029339036391861,-0.04566593176806044,42,36861.0645860808,2.68610645860808,0.29919531573540104,1.315186023505074,-0.20473800310087797,188,91,0.14968152866242038,7,False,-0.14375014778418485,-0.4502314233335849,1.0,0.19848794755419252,0.6858198924731183
84,be957829cf82,relative_weakness_reversal,"{""family"": ""relative_weakness_reversal"", ""gap_max"": -0.04, ""market_prev_return_max"": 0.0, ""min_adv20"": 50000000.0, ""mom3_max"": -0.06, ""prev_return_percentile_max"": 0.1}",,0.1,2.25,7,False,17018.252975625117,0.7018252975625117,0.19475351904700888,1.0826888937569579,-0.11897818003625671,78,34,0.10358565737051793,7,False,-0.09313018797958857,11584.841102884293,0.15848411028842935,0.15781068033170942,1.3357398056273495,-0.02929329548399484,18,12,0.07114624505928854,7,False,-0.028721737639298216,13372.718261768901,0.3372718261768901,0.3403846710140015,1.64363856060575,-0.023366195001710888,32,13,0.128,7,False,-0.02336619500171092,0.18049496016232625,1.8042835659964136,-0.006736922635517173,19,0.2720313757728401,1.041657612275833,-0.11897818003625671,39,0.1333212035039708,1.0154477530752817,-0.09114628250880386,20,0.15848411028842935,1.3357398056273495,-0.02929329548399484,18,0.3372718261768901,1.64363856060575,-0.023366195001710888,32,26364.816408774306,1.6364816408774305,0.21471143241308677,1.2280885093596832,-0.11897818003625671,128,59,0.10191082802547771,7,False,-0.09313018797958857,-0.25305091187039164,1.0,0.1333212035039708,0.6850224014336918
85,3fb3e6fd7fd3,relative_weakness_reversal,"{""family"": ""relative_weakness_reversal"", ""gap_max"": -0.04, ""market_prev_return_max"": 0.0, ""min_adv20"": 20000000.0, ""mom3_max"": -0.06, ""prev_return_percentile_max"": 0.125}",,0.1,2.0,5,False,18254.805411603782,0.8254805411603783,0.22313065371160357,1.0886907134629757,-0.1521969673920076,75,35,0.099601593625498,5,False,-0.08119213226751136,11750.12220864283,0.17501222086428303,0.1742634308370501,1.3287496421752687,-0.036392456178332644,16,12,0.06324110671936758,5,False,-0.03574260684001555,15321.518136890523,0.5321518136890524,0.5373905740223339,2.027908308564378,-0.029077931557684566,29,13,0.116,5,False,-0.0290779315576847,0.19792941646084294,1.6304874170525376,-0.008383725946421228,17,0.3074091723255721,1.066080908914215,-0.15219696739200772,38,0.16555950622521398,1.0154477530752812,-0.11287597501769497,20,0.17501222086428303,1.3287496421752687,-0.036392456178332644,16,0.5321518136890524,2.027908308564378,-0.029077931557684566,29,32864.0733403983,2.28640733403983,0.26961896217512327,1.3190488390250468,-0.1521969673920076,120,60,0.09554140127388536,5,False,-0.08119213226751136,-0.24005892871229295,1.0,0.16555950622521398,0.6848678315412187
86,4eb7508c4970,relative_weakness_reversal,"{""family"": ""relative_weakness_reversal"", ""gap_max"": -0.04, ""market_prev_return_max"": 0.0, ""min_adv20"": 50000000.0, ""mom3_max"": -0.06, ""prev_return_percentile_max"": 0.15}",,0.1,2.0,5,False,18361.91534103013,0.8361915341030131,0.22552774819884136,1.0860853217104982,-0.13063053036101813,77,36,0.10225763612217796,5,False,-0.08119213226751136,11750.12220864283,0.17501222086428303,0.1742634308370501,1.3287496421752687,-0.036392456178332644,16,12,0.06324110671936758,5,False,-0.03574260684001555,15253.02835519501,0.5253028355195011,0.5304633225857345,2.024902329484645,-0.029077931557684566,31,14,0.124,5,False,-0.0290779315576847,0.19792941646084294,1.6304874170525376,-0.008383725946421228,17,0.25761421357336034,0.9219711554045156,-0.13063053036101824,38,0.21881927561925463,1.2662003839251192,-0.10733179573419505,22,0.17501222086428303,1.3287496421752687,-0.036392456178332644,16,0.5253028355195011,2.024902329484645,-0.029077931557684566,31,32909.133079540436,2.2909133079540434,0.2699680331349692,1.3131028926788293,-0.13063053036101813,124,62,0.09872611464968153,5,False,-0.08119213226751136,-0.2426643204647705,1.0,0.17501222086428303,0.6848319892473118
87,eca474687407,relative_weakness_reversal,"{""family"": ""relative_weakness_reversal"", ""gap_max"": -0.04, ""market_prev_return_max"": 0.0, ""min_adv20"": 100000000.0, ""mom3_max"": -0.06, ""prev_return_percentile_max"": 0.1}",,0.1,1.75,5,False,16611.123882820386,0.6611123882820387,0.18511101209683956,1.1263888588735993,-0.09907301205213459,65,32,0.08632138114209828,5,False,-0.07104311573407245,11525.269617998343,0.15252696179983438,0.1518804667349969,1.3287496421752687,-0.0318776004022171,16,12,0.06324110671936758,5,False,-0.031274780985013614,14103.06216490726,0.4103062164907261,0.4141905394355203,1.987906230901426,-0.025443190112974134,28,13,0.112,5,False,-0.025443190112974114,0.1655983485932555,1.577859942044161,-0.0073357602031186575,16,0.2582515572316342,1.1058223576070987,-0.08959444033570496,31,0.13261580357982683,1.0763108622146897,-0.09907301205213448,18,0.15252696179983438,1.3287496421752687,-0.0318776004022171,16,0.4103062164907261,1.987906230901426,-0.025443190112974134,28,26999.98552217001,1.699998552217001,0.22052719378480745,1.340968186485431,-0.09907301205213459,109,57,0.08678343949044585,5,False,-0.07104311573407245,-0.2023607833016694,1.0,0.13261580357982683,0.6847020609318998
88,3ab676842d5e,gap_down_reversal,"{""family"": ""gap_down_reversal"", ""gap_max"": -0.04, ""market_prev_return_max"": null, ""min_adv20"": 50000000.0, ""mom3_max"": -0.06, ""prev_return_max"": -0.015}",,0.08,2.0,7,False,16622.656795332943,0.6622656795332944,0.1853863108835092,1.0945977056312348,-0.13069270609998884,114,53,0.15139442231075698,7,False,-0.09583343185612324,11614.505695177593,0.16145056951775927,0.16076368189969892,1.426877549062076,-0.04610749593507324,31,21,0.1225296442687747,7,False,-0.02553043345715397,14032.217999804983,0.40322179998049834,0.40702992342928135,1.995425630209151,-0.03056259668096284,42,17,0.168,7,False,-0.02076995111263193,0.16342966063289843,1.803327594234974,-0.016532837448450244,29,0.22692820567390748,0.9258368138048995,-0.13069270609998918,57,0.16450445974324213,1.4485378281636452,-0.07713761650130957,28,0.16145056951775927,1.426877549062076,-0.04610749593507324,31,0.40322179998049834,1.995425630209151,-0.03056259668096284,42,27091.15322303573,1.7091153223035729,0.22135294746352607,1.327059429070069,-0.13069270609998884,187,91,0.14888535031847133,7,False,-0.09583343185612324,-0.33227984343084116,1.0,0.16145056951775927,0.6846639784946236
89,b589ede4382e,relative_weakness_reversal,"{""family"": ""relative_weakness_reversal"", ""gap_max"": -0.04, ""market_prev_return_max"": 0.0, ""min_adv20"": 20000000.0, ""mom3_max"": -0.06, ""prev_return_percentile_max"": 0.1}",,0.1,2.0,5,False,17711.980210339425,0.7711980210339424,0.2108362380819384,1.0883426591125223,-0.13578045561817387,71,34,0.09428950863213811,5,False,-0.08119213226751136,11750.12220864283,0.17501222086428303,0.1742634308370501,1.3287496421752687,-0.036392456178332644,16,12,0.06324110671936758,5,False,-0.03574260684001555,14777.99892516859,0.47779989251685895,0.48242440351808047,1.9879062309014255,-0.029077931557684566,28,13,0.112,5,False,-0.0290779315576847,0.19792941646084294,1.6304874170525376,-0.008383725946421228,17,0.26853203115093294,1.0243300860954245,-0.13578045561817398,34,0.16555950622521398,1.0154477530752812,-0.11287597501769497,20,0.17501222086428303,1.3287496421752687,-0.036392456178332644,16,0.47779989251685895,1.9879062309014255,-0.029077931557684566,28,30755.66575826245,2.075566575826245,0.2528405653676471,1.3114751832498348,-0.13578045561817387,115,59,0.09156050955414012,5,False,-0.08119213226751136,-0.24040698306274644,1.0,0.16555950622521398,0.6840120967741936
90,6335ea5e30c2,gap_down_reversal,"{""family"": ""gap_down_reversal"", ""gap_max"": -0.04, ""market_prev_return_max"": null, ""min_adv20"": 50000000.0, ""mom3_max"": -0.06, ""prev_return_max"": -0.015}",,0.06,2.75,5,False,19853.053319488496,0.9853053319488496,0.257972915273025,1.040560060604423,-0.23993746885232636,103,53,0.13678618857901725,5,False,-0.16412364393977832,12788.508645004174,0.2788508645004175,0.27760819353232624,1.503407563791522,-0.08617396985235304,29,21,0.11462450592885376,5,False,-0.04914608440502139,16072.26051631232,0.607226051631232,0.6133388019038044,1.9267616405059291,-0.0584105206763571,37,17,0.148,5,False,-0.03998215589181646,0.31955140726687303,1.8460345879236904,-0.0318257120882669,27,0.17711027943531144,0.6434787328393903,-0.2399374688523268,50,0.2781559394065287,1.2755012185185415,-0.1463885600569832,26,0.2788508645004175,1.503407563791522,-0.08617396985235304,29,0.607226051631232,1.9267616405059291,-0.0584105206763571,37,40806.01394797016,3.080601394797016,0.32597040525719856,1.2933921302281257,-0.23993746885232636,169,91,0.13455414012738853,5,False,-0.16412364393977832,-0.4628475031870991,1.0,0.17711027943531144,0.6840008960573476
91,105819caefc2,gap_down_reversal,"{""family"": ""gap_down_reversal"", ""gap_max"": -0.04, ""market_prev_return_max"": null, ""min_adv20"": 20000000.0, ""mom3_max"": -0.06, ""prev_return_max"": -0.015}",,,2.25,7,False,20925.194730042618,1.0925194730042618,0.2803116343554297,1.033525121059108,-0.18739264771489317,115,53,0.15272244355909695,7,False,-0.11033535501815653,12109.110491254069,0.21091104912540692,0.20999544410735016,1.4439191522288315,-0.051795121299513136,31,21,0.1225296442687747,7,False,-0.028721737639298216,16031.348076065966,0.6031348076065965,0.6091991854350427,1.7973038225519402,-0.034349550613337776,42,17,0.168,7,False,-0.02336619500171092,0.2015546445226606,1.7928567236318138,-0.018599442129506594,29,0.31349321776799255,0.9320471922493951,-0.16854147703030542,58,0.32586146093432977,1.106225902061904,-0.18739264771489328,28,0.21091104912540692,1.4439191522288315,-0.051795121299513136,31,0.6031348076065965,1.7973038225519402,-0.034349550613337776,42,40621.110683659324,3.0621110683659323,0.32476272184115373,1.225213803935548,-0.18739264771489317,188,91,0.14968152866242038,7,False,-0.11033535501815653,-0.4103940311697234,1.0,0.2015546445226606,0.6830555555555556
92,b9ef33ec7968,gap_down_reversal,"{""family"": ""gap_down_reversal"", ""gap_max"": -0.04, ""market_prev_return_max"": null, ""min_adv20"": 50000000.0, ""mom3_max"": -0.06, ""prev_return_max"": -0.015}",,0.07,3.0,7,False,19065.25554341263,0.9065255543412629,0.2410417115325203,1.0414635391434357,-0.19298668721402779,114,53,0.15139442231075698,7,False,-0.14375014778418485,12419.639175844617,0.24196391758446167,0.24090063369626913,1.4591591634062924,-0.06875691522290617,31,21,0.1225296442687747,7,False,-0.03829565018573095,16616.972813330587,0.6616972813330586,0.6684620182777101,2.092423549979114,-0.04566593176806033,42,17,0.168,7,False,-0.031154926668947893,0.25050628063063507,1.8299883817118465,-0.02479925617267531,29,0.2799483544259629,0.8706545308083466,-0.19298668721402779,57,0.1911441087837078,1.2545716942795997,-0.1148213345274488,28,0.24196391758446167,1.4591591634062924,-0.06875691522290617,31,0.6616972813330586,2.092423549979114,-0.04566593176806033,42,39346.265548496194,2.9346265548496193,0.3163143722066599,1.3287751180387783,-0.19298668721402779,187,91,0.14888535031847133,7,False,-0.14375014778418485,-0.41769562426285667,1.0,0.1911441087837078,0.68290770609319
93,19d502c0e628,gap_down_reversal,"{""family"": ""gap_down_reversal"", ""gap_max"": -0.04, ""market_prev_return_max"": null, ""min_adv20"": 20000000.0, ""mom3_max"": -0.06, ""prev_return_max"": -0.015}",,0.08,2.5,7,False,18236.688344780287,0.8236688344780287,0.22272427351602664,1.0555936197026128,-0.17441263736104984,115,53,0.15272244355909695,7,False,-0.11979178982015405,12036.490813061471,0.20364908130614712,0.20276756316326638,1.4268775490620758,-0.05746589963563187,31,21,0.1225296442687747,7,False,-0.03191304182144246,15205.684762115563,0.5205684762115563,0.525675002233847,1.995425630209151,-0.038129090728610704,42,17,0.168,7,False,-0.02596243889078991,0.20699075778399156,1.803327594234974,-0.020666046810563055,29,0.2513313020371424,0.852659156442771,-0.17441263736104984,58,0.20745157718147222,1.4485378281636452,-0.09605323303308899,28,0.20364908130614712,1.4268775490620758,-0.05746589963563187,31,0.5205684762115563,1.995425630209151,-0.038129090728610704,42,33377.34960051565,2.3377349600515647,0.27357280934282446,1.3017606199310314,-0.17441263736104984,188,91,0.14968152866242038,7,False,-0.11979178982015405,-0.37128392935946297,1.0,0.20364908130614712,0.6826478494623657
94,3ab676842d5e,gap_down_reversal,"{""family"": ""gap_down_reversal"", ""gap_max"": -0.04, ""market_prev_return_max"": null, ""min_adv20"": 50000000.0, ""mom3_max"": -0.06, ""prev_return_max"": -0.015}",,0.08,1.5,5,False,16051.176189150252,0.6051176189150251,0.17158878235623565,1.1110110924848435,-0.1263587789603965,103,53,0.13678618857901725,5,False,-0.08952198760351544,11506.805910281333,0.15068059102813325,0.1500424196531298,1.4334240879131617,-0.04838456772424771,29,21,0.11462450592885376,5,False,-0.02680695513001167,13453.93279723835,0.34539327972383504,0.3485903511372552,1.837252195569914,-0.0320782679481284,37,17,0.148,5,False,-0.021808448668263525,0.16452025523052138,1.7365276213992298,-0.017359479320872784,27,0.15748705593399603,0.7790818977171571,-0.1263587789603966,50,0.1908132873695112,1.514391348661738,-0.08093254101065894,26,0.15068059102813325,1.4334240879131617,-0.04838456772424771,29,0.34539327972383504,1.837252195569914,-0.0320782679481284,37,24849.11372467793,1.484911372467793,0.20036678897316973,1.3084448314845998,-0.1263587789603965,169,91,0.13455414012738853,5,False,-0.08952198760351544,-0.32241299542831814,1.0,0.15068059102813325,0.6823879928315413
95,1ea704ab34a6,relative_weakness_reversal,"{""family"": ""relative_weakness_reversal"", ""gap_max"": -0.04, ""market_prev_return_max"": 0.0, ""min_adv20"": 20000000.0, ""mom3_max"": -0.06, ""prev_return_percentile_max"": 0.15}",,0.1,3.0,5,False,22979.60170138682,1.297960170138682,0.3210746819082062,1.0409945044094295,-0.222682266994783,78,36,0.10358565737051793,5,False,-0.12178819840126705,12665.104959344568,0.26651049593445686,0.26532831004180313,1.328749642175269,-0.054354161436575676,16,12,0.06324110671936758,5,False,-0.05361391026002334,18550.799659802226,0.8550799659802226,0.8642731139750093,2.024902329484645,-0.04361689733652707,31,14,0.124,5,False,-0.04361689733652705,0.30540614821822976,1.6304874170525379,-0.012575588919632064,17,0.3213653173517934,0.831769412537381,-0.22268226699478277,39,0.33221383558276774,1.2662003839251195,-0.1592629167612417,22,0.26651049593445686,1.328749642175269,-0.054354161436575676,16,0.8550799659802226,2.024902329484645,-0.04361689733652707,31,53990.07433848683,4.399007433848683,0.4025851197267962,1.2837139279289786,-0.222682266994783,125,62,0.09952229299363058,5,False,-0.12178819840126705,-0.2877551377658394,1.0,0.26651049593445686,0.6811447132616488
96,9654c0e2efca,relative_weakness_reversal,"{""family"": ""relative_weakness_reversal"", ""gap_max"": -0.04, ""market_prev_return_max"": 0.0, ""min_adv20"": 100000000.0, ""mom3_max"": -0.06, ""prev_return_percentile_max"": 0.125}",,0.1,2.0,5,False,18001.474352923997,0.8001474352923996,0.21742368461236627,1.095531575176431,-0.11925983086459002,70,33,0.09296148738379814,5,False,-0.08119213226751136,11750.12220864283,0.17501222086428303,0.1742634308370501,1.3287496421752687,-0.036392456178332644,16,12,0.06324110671936758,5,False,-0.03574260684001555,14777.99892516859,0.47779989251685895,0.48242440351808047,1.9879062309014255,-0.029077931557684566,28,13,0.112,5,False,-0.0290779315576847,0.1905029208116087,1.5778599420441612,-0.00838372594642156,16,0.3349807636069748,1.1407962718189641,-0.11925983086458991,35,0.13266792689751683,0.9654581155587639,-0.11287597501769464,19,0.17501222086428303,1.3287496421752687,-0.036392456178332644,16,0.47779989251685895,1.9879062309014255,-0.029077931557684566,28,31258.352921559337,2.1258352921559336,0.2569224494300384,1.3120415715907399,-0.11925983086459002,114,58,0.09076433121019108,5,False,-0.08119213226751136,-0.23321806699883774,1.0,0.13266792689751683,0.680024641577061
97,dcfadc640c21,relative_weakness_reversal,"{""family"": ""relative_weakness_reversal"", ""gap_max"": -0.04, ""market_prev_return_max"": 0.0, ""min_adv20"": 100000000.0, ""mom3_max"": -0.06, ""prev_return_percentile_max"": 0.15}",,0.1,2.75,5,False,21266.81813878517,1.126681813878517,0.28726917079731407,1.0454501792740072,-0.17560881117415805,73,34,0.09694555112881806,5,False,-0.11163918186782813,12434.121713964303,0.24341217139643034,0.24234192487033424,1.3287496421752685,-0.04987839279894757,16,12,0.06324110671936758,5,False,-0.04914608440502139,16847.585762805607,0.6847585762805608,0.6918037265022126,1.9858259092048363,-0.03998215589181642,30,14,0.12,5,False,-0.03998215589181646,0.2671234030200107,1.5778599420441608,-0.011527623176329271,16,0.33695346943774207,0.9042231789621827,-0.17560881117415816,36,0.2553571847792633,1.255556153478516,-0.1463885600569832,21,0.24341217139643034,1.3287496421752685,-0.04987839279894757,16,0.6847585762805608,1.9858259092048363,-0.03998215589181642,30,44550.779508341366,3.455077950834137,0.34953559878424323,1.2748223110269166,-0.17560881117415805,119,60,0.09474522292993631,5,False,-0.11163918186782813,-0.2832994629012613,1.0,0.24341217139643034,0.6799820788530466
98,a44d390955fb,gap_down_reversal,"{""family"": ""gap_down_reversal"", ""gap_max"": -0.04, ""market_prev_return_max"": null, ""min_adv20"": 20000000.0, ""mom3_max"": -0.06, ""prev_return_max"": -0.015}",,0.06,2.75,7,False,17726.707274939967,0.7726707274939966,0.2111730752121157,1.03536811914337,-0.18845064540731138,115,53,0.15272244355909695,7,False,-0.13177096880216946,12284.846919958716,0.22848469199587162,0.22748589127401675,1.4855995424769544,-0.06194341376815882,31,21,0.1225296442687747,7,False,-0.03510434600358671,15308.15348415057,0.5308153484150571,0.5360388155211602,2.029339036391861,-0.04190121759183418,42,17,0.168,7,False,-0.0285586827798689,0.2322212772462906,1.915770889261946,-0.022732651491619182,29,0.18498770891009175,0.7159854338075311,-0.18845064540731105,58,0.2140191119952406,1.3166273838593392,-0.10545572315994611,28,0.22848469199587162,1.4855995424769544,-0.06194341376815882,31,0.5308153484150571,2.029339036391861,-0.04190121759183418,42,33336.54827901609,2.333654827901609,0.2732602954322163,1.3151860235050743,-0.18845064540731138,188,91,0.14968152866242038,7,False,-0.13177096880216946,-0.45023142333358446,1.0,0.18498770891009175,0.6793055555555557
99,6335ea5e30c2,gap_down_reversal,"{""family"": ""gap_down_reversal"", ""gap_max"": -0.04, ""market_prev_return_max"": null, ""min_adv20"": 50000000.0, ""mom3_max"": -0.06, ""prev_return_max"": -0.015}",,0.06,2.5,5,False,18792.824393721326,0.8792824393721326,0.23507847382707747,1.0405600606044227,-0.2184742373160221,103,53,0.13678618857901725,5,False,-0.14920331267252573,12520.394739946953,0.2520394739946952,0.25092761354239435,1.503407563791522,-0.07849814060798566,29,21,0.11462450592885376,5,False,-0.044678258550019445,15432.375331183286,0.5432375331183286,0.5486035106660954,1.9267616405059294,-0.0531731243197312,37,17,0.148,5,False,-0.036347414447105875,0.2879014703826528,1.8460345879236906,-0.02893246553478812,27,0.16531057887594947,0.6434787328393903,-0.218474237316022,50,0.25218278119718995,1.2755012185185417,-0.13344192098438934,26,0.2520394739946952,1.503407563791522,-0.07849814060798566,29,0.5432375331183286,1.9267616405059294,-0.0531731243197312,37,36311.38834761287,2.6311388347612867,0.2952848503444172,1.2933921302281255,-0.2184742373160221,169,91,0.13455414012738853,5,False,-0.14920331267252573,-0.46284750318709933,1.0,0.16531057887594947,0.6792383512544803
100,b9ef33ec7968,gap_down_reversal,"{""family"": ""gap_down_reversal"", ""gap_max"": -0.04, ""market_prev_return_max"": null, ""min_adv20"": 50000000.0, ""mom3_max"": -0.06, ""prev_return_max"": -0.015}",,0.07,2.0,5,False,17195.849601224512,0.7195849601224513,0.1989116866640217,1.0502738498026545,-0.1735036934307983,103,53,0.13678618857901725,5,False,-0.11936265013802058,11987.84329877878,0.19878432987787797,0.1979255499963819,1.463200972374962,-0.06424859556159035,29,21,0.11462450592885376,5,False,-0.03574260684001555,15017.564907867873,0.5017564907867873,0.50664978463138,1.957435391368115,-0.04265475342395775,37,17,0.148,5,False,-0.0290779315576847,0.22203797895406452,1.7620272097698062,-0.023145972427830452,27,0.1706963989066057,0.7169537156781387,-0.17350369343079852,50,0.20197283420722223,1.3455527818723911,-0.10733179573419527,26,0.19878432987787797,1.463200972374962,-0.06424859556159035,29,0.5017564907867873,1.957435391368115,-0.04265475342395775,37,30957.38106447414,2.095738106447414,0.2544848801431938,1.309198990109525,-0.1735036934307983,169,91,0.13455414012738853,5,False,-0.11936265013802058,-0.41292712257230746,1.0,0.1706963989066057,0.6788687275985663
