signal_rank,variant_id,family,base_config_json,stop_loss,take_profit,raw_candidates,is_frozen_signal,train_final_equity,train_total_return,train_cagr,train_sharpe,train_max_drawdown,train_trades,train_traded_days,train_average_positions,train_max_positions_used,train_blown_up,train_worst_day,validation_final_equity,validation_total_return,validation_cagr,validation_sharpe,validation_max_drawdown,validation_trades,validation_traded_days,validation_average_positions,validation_max_positions_used,validation_blown_up,validation_worst_day,diagnostic_2025_final_equity,diagnostic_2025_total_return,diagnostic_2025_cagr,diagnostic_2025_sharpe,diagnostic_2025_max_drawdown,diagnostic_2025_trades,diagnostic_2025_traded_days,diagnostic_2025_average_positions,diagnostic_2025_max_positions_used,diagnostic_2025_blown_up,diagnostic_2025_worst_day,y2021_return,y2021_sharpe,y2021_max_drawdown,y2021_trades,y2022_return,y2022_sharpe,y2022_max_drawdown,y2022_trades,y2023_return,y2023_sharpe,y2023_max_drawdown,y2023_trades,y2024_return,y2024_sharpe,y2024_max_drawdown,y2024_trades,y2025_return,y2025_sharpe,y2025_max_drawdown,y2025_trades,all_2021_2025_final_equity,all_2021_2025_total_return,all_2021_2025_cagr,all_2021_2025_sharpe,all_2021_2025_max_drawdown,all_2021_2025_trades,all_2021_2025_traded_days,all_2021_2025_average_positions,all_2021_2025_max_positions_used,all_2021_2025_blown_up,all_2021_2025_worst_day,signal_sharpe_stability,signal_positive_year_share_2021_2024,signal_worst_year_return_2021_2024,signal_selection_score
1,be957829cf82,relative_weakness_reversal,"{""family"": ""relative_weakness_reversal"", ""gap_max"": -0.04, ""market_prev_return_max"": 0.0, ""min_adv20"": 50000000.0, ""mom3_max"": -0.06, ""prev_return_percentile_max"": 0.1}",,0.1,183,False,12109.241914533397,0.21092419145333974,0.06614440691849532,0.9558441184681654,-0.050966374642159695,87,34,0.11553784860557768,10,False,-0.04248727317937121,10649.92022724291,0.06499202272429105,0.0647269976761069,1.3003154329269324,-0.009156744752313872,21,12,0.08300395256916997,10,False,-0.008935651710003888,11223.470998494191,0.12234709984941916,0.12338392789720709,1.3954294061694892,-0.008453403562046602,38,13,0.152,10,False,-0.00845340356204662,0.05671487152587118,1.851148513858318,-0.0020959314866051404,21,0.10016538006453013,0.9311486591925323,-0.050966374642159806,46,0.04160045647660393,1.0154477530752812,-0.028744480460112132,20,0.06499202272429105,1.3003154329269324,-0.009156744752313872,21,0.12234709984941916,1.3954294061694892,-0.008453403562046602,38,14474.06434218175,0.44740643421817494,0.07701161440272064,1.0999137707357156,-0.050966374642159695,146,59,0.11624203821656051,10,False,-0.04248727317937121,-0.344471314458767,1.0,0.04160045647660393,0.8782581018518519
2,f8bee66f0432,relative_weakness_reversal,"{""family"": ""relative_weakness_reversal"", ""gap_max"": -0.04, ""market_prev_return_max"": 0.0, ""min_adv20"": 50000000.0, ""mom3_max"": -0.06, ""prev_return_percentile_max"": 0.125}",,0.1,208,False,12166.23108140101,0.2166231081401011,0.06782096362759327,0.9528619430023211,-0.055426121391840555,93,35,0.12350597609561753,10,False,-0.04248727317937121,10649.92022724291,0.06499202272429105,0.0647269976761069,1.3003154329269324,-0.009156744752313872,21,12,0.08300395256916997,10,False,-0.008935651710003888,11331.680236575248,0.13316802365752478,0.13430191517683543,1.4697729011652936,-0.008453403562046602,39,13,0.156,10,False,-0.00845340356204662,0.05697906054989099,1.854804399811289,-0.0020959314866054735,22,0.1096984140803745,0.9811735850255162,-0.055426121391840666,50,0.03725302951950127,0.9058355305244735,-0.028744480460112132,21,0.06499202272429105,1.3003154329269324,-0.009156744752313872,21,0.13316802365752478,1.4697729011652936,-0.008453403562046602,39,14682.389014027178,0.46823890140271773,0.08010402700457653,1.1142045468220696,-0.055426121391840555,153,60,0.12181528662420382,10,False,-0.04248727317937121,-0.34745348992461134,1.0,0.03725302951950127,0.8759780092592594
3,eca474687407,relative_weakness_reversal,"{""family"": ""relative_weakness_reversal"", ""gap_max"": -0.04, ""market_prev_return_max"": 0.0, ""min_adv20"": 100000000.0, ""mom3_max"": -0.06, ""prev_return_percentile_max"": 0.1}",,0.1,178,False,12034.83998241987,0.20348399824198693,0.06394766680866049,0.938166635705856,-0.04789335750847079,82,32,0.10889774236387782,10,False,-0.04248727317937121,10649.92022724291,0.06499202272429105,0.0647269976761069,1.3003154329269324,-0.009156744752313872,21,12,0.08300395256916997,10,False,-0.008935651710003888,11223.470998494191,0.12234709984941916,0.12338392789720709,1.3954294061694892,-0.008453403562046602,38,13,0.152,10,False,-0.00845340356204662,0.05506946003262758,1.8009966235278718,-0.0020959314866052514,20,0.09909296296112924,0.9202378183498386,-0.04789335750847079,44,0.03782670294050283,1.0763108622146895,-0.028744480460112243,18,0.06499202272429105,1.3003154329269324,-0.009156744752313872,21,0.12234709984941916,1.3954294061694892,-0.008453403562046602,38,14385.132404064187,0.4385132404064187,0.07568064617495707,1.0905348864649393,-0.04789335750847079,141,57,0.11226114649681529,10,False,-0.04248727317937121,-0.3621487972210764,1.0,0.03782670294050283,0.8745698302469137
4,b589ede4382e,relative_weakness_reversal,"{""family"": ""relative_weakness_reversal"", ""gap_max"": -0.04, ""market_prev_return_max"": 0.0, ""min_adv20"": 20000000.0, ""mom3_max"": -0.06, ""prev_return_percentile_max"": 0.1}",,0.1,184,False,12034.872980532013,0.2034872980532012,0.06394864308824788,0.9237811538305757,-0.0567948665946264,88,34,0.11686586985391766,10,False,-0.04248727317937121,10649.92022724291,0.06499202272429105,0.0647269976761069,1.3003154329269324,-0.009156744752313872,21,12,0.08300395256916997,10,False,-0.008935651710003888,11223.470998494191,0.12234709984941916,0.12338392789720709,1.3954294061694892,-0.008453403562046602,38,13,0.152,10,False,-0.00845340356204662,0.05671487152587118,1.851148513858318,-0.0020959314866051404,21,0.09340871213121926,0.8717941547807191,-0.056794866594626625,47,0.04160045647660393,1.0154477530752812,-0.028744480460112132,20,0.06499202272429105,1.3003154329269324,-0.009156744752313872,21,0.12234709984941916,1.3954294061694892,-0.008453403562046602,38,14385.171846401026,0.4385171846401026,0.0756812379307994,1.0804570559735684,-0.0567948665946264,147,59,0.11703821656050956,10,False,-0.04248727317937121,-0.3765342790963567,1.0,0.04160045647660393,0.8736477623456792
5,3fb3e6fd7fd3,relative_weakness_reversal,"{""family"": ""relative_weakness_reversal"", ""gap_max"": -0.04, ""market_prev_return_max"": 0.0, ""min_adv20"": 20000000.0, ""mom3_max"": -0.06, ""prev_return_percentile_max"": 0.125}",,0.1,209,False,12091.512148314672,0.20915121483146715,0.06562174686680744,0.9217743533116791,-0.06122722380051704,94,35,0.1248339973439575,10,False,-0.04248727317937121,10649.92022724291,0.06499202272429105,0.0647269976761069,1.3003154329269324,-0.009156744752313872,21,12,0.08300395256916997,10,False,-0.008935651710003888,11331.680236575248,0.13316802365752478,0.13430191517683543,1.4697729011652936,-0.008453403562046602,39,13,0.156,10,False,-0.00845340356204662,0.05697906054989099,1.854804399811289,-0.0020959314866054735,22,0.102883198999145,0.9236633939969422,-0.06122722380051693,51,0.03725302951950127,0.9058355305244735,-0.028744480460112132,21,0.06499202272429105,1.3003154329269324,-0.009156744752313872,21,0.13316802365752478,1.4697729011652936,-0.008453403562046602,39,14592.21709184794,0.4592217091847941,0.07876983063608956,1.0952538727846866,-0.06122722380051704,154,60,0.12261146496815287,10,False,-0.04248727317937121,-0.3785410796152533,1.0,0.03725302951950127,0.8713329475308643
6,9654c0e2efca,relative_weakness_reversal,"{""family"": ""relative_weakness_reversal"", ""gap_max"": -0.04, ""market_prev_return_max"": 0.0, ""min_adv20"": 100000000.0, ""mom3_max"": -0.06, ""prev_return_percentile_max"": 0.125}",,0.1,202,False,12091.779152617555,0.20917791526175544,0.06562962173136322,0.936849102907089,-0.0523675451354898,88,33,0.11686586985391766,10,False,-0.04248727317937121,10649.92022724291,0.06499202272429105,0.0647269976761069,1.3003154329269324,-0.009156744752313872,21,12,0.08300395256916997,10,False,-0.008935651710003888,11223.470998494191,0.12234709984941916,0.12338392789720709,1.3954294061694892,-0.008453403562046602,38,13,0.152,10,False,-0.00845340356204662,0.05533323768772669,1.8047764851499248,-0.0020959314866053624,21,0.10861670438432292,0.9705722438193558,-0.0523675451354898,48,0.033520682238914024,0.9654581155587639,-0.028744480460112132,19,0.06499202272429105,1.3003154329269324,-0.009156744752313872,21,0.12234709984941916,1.3954294061694892,-0.008453403562046602,38,14453.191265126556,0.4453191265126555,0.07669981324069708,1.087292270047975,-0.0523675451354898,147,58,0.11703821656050956,10,False,-0.04248727317937121,-0.3634663300198434,1.0,0.033520682238914024,0.870931712962963
7,4eb7508c4970,relative_weakness_reversal,"{""family"": ""relative_weakness_reversal"", ""gap_max"": -0.04, ""market_prev_return_max"": 0.0, ""min_adv20"": 50000000.0, ""mom3_max"": -0.06, ""prev_return_percentile_max"": 0.15}",,0.1,227,False,12139.523398887575,0.2139523398887575,0.06703590592081432,0.9076146420225317,-0.055426121391840444,100,36,0.13280212483399734,10,False,-0.04248727317937121,10649.92022724291,0.06499202272429105,0.0647269976761069,1.3003154329269324,-0.009156744752313872,21,12,0.08300395256916997,10,False,-0.008935651710003888,11318.05619984718,0.13180561998471796,0.13292724470863537,1.4612322174454824,-0.008453403562046602,41,14,0.164,10,False,-0.00845340356204662,0.05697906054989099,1.854804399811289,-0.0020959314866054735,22,0.1029610994247343,0.8935626806332981,-0.05542612139184033,53,0.04129805534268538,0.9476734392584512,-0.027266643143561642,25,0.06499202272429105,1.3003154329269324,-0.009156744752313872,21,0.13180561998471796,1.4612322174454824,-0.008453403562046602,41,14632.54395481452,0.4632543954814521,0.07936732481474551,1.0802228374689458,-0.055426121391840444,162,62,0.12898089171974522,10,False,-0.04248727317937121,-0.3927007909044007,1.0,0.04129805534268538,0.870584490740741
8,dcfadc640c21,relative_weakness_reversal,"{""family"": ""relative_weakness_reversal"", ""gap_max"": -0.04, ""market_prev_return_max"": 0.0, ""min_adv20"": 100000000.0, ""mom3_max"": -0.06, ""prev_return_percentile_max"": 0.15}",,0.1,220,False,12065.76647384206,0.2065766473842061,0.06486187533190768,0.8935079229213093,-0.05236754513548991,95,34,0.12616201859229748,10,False,-0.04248727317937121,10649.92022724291,0.06499202272429105,0.0647269976761069,1.3003154329269324,-0.009156744752313872,21,12,0.08300395256916997,10,False,-0.008935651710003888,11209.97706132798,0.12099770613279803,0.12202248903382396,1.3865209405876657,-0.008453403562046602,40,14,0.16,10,False,-0.00845340356204662,0.05533323768772669,1.8047764851499248,-0.0020959314866053624,21,0.10188595711536652,0.8836597463459043,-0.05236754513548991,51,0.03759686479975688,1.0316707783463053,-0.02726664314356131,23,0.06499202272429105,1.3003154329269324,-0.009156744752313872,21,0.12099770613279803,1.3865209405876657,-0.008453403562046602,40,14404.758916794724,0.44047589167947243,0.07597494385393078,1.0547404106360447,-0.05236754513548991,156,60,0.12420382165605096,10,False,-0.04248727317937121,-0.4068075100056231,1.0,0.03759686479975688,0.8663097993827162
9,1ea704ab34a6,relative_weakness_reversal,"{""family"": ""relative_weakness_reversal"", ""gap_max"": -0.04, ""market_prev_return_max"": 0.0, ""min_adv20"": 20000000.0, ""mom3_max"": -0.06, ""prev_return_percentile_max"": 0.15}",,0.1,228,False,12064.968491088053,0.20649684910880528,0.06483830601540563,0.8779736188893401,-0.061227223800516706,101,36,0.1341301460823373,10,False,-0.04248727317937121,10649.92022724291,0.06499202272429105,0.0647269976761069,1.3003154329269324,-0.009156744752313872,21,12,0.08300395256916997,10,False,-0.008935651710003888,11318.05619984718,0.13180561998471796,0.13292724470863537,1.4612322174454824,-0.008453403562046602,41,14,0.164,10,False,-0.00845340356204662,0.05697906054989099,1.854804399811289,-0.0020959314866054735,22,0.09618726157525082,0.8387846095237776,-0.06122722380051682,54,0.04129805534268538,0.9476734392584512,-0.027266643143561642,25,0.06499202272429105,1.3003154329269324,-0.009156744752313872,21,0.13180561998471796,1.4612322174454824,-0.008453403562046602,41,14542.678156168458,0.4542678156168458,0.07803403845618528,1.0618109624405592,-0.061227223800516706,163,62,0.12977707006369427,10,False,-0.04248727317937121,-0.4223418140375923,1.0,0.04129805534268538,0.8641685956790124
10,e2bcffd2c8ea,relative_weakness_reversal,"{""family"": ""relative_weakness_reversal"", ""gap_max"": -0.04, ""market_prev_return_max"": 0.0, ""min_adv20"": 50000000.0, ""mom3_max"": -0.06, ""prev_return_percentile_max"": 0.1}",,0.09,183,False,11930.502615936683,0.19305026159366823,0.060851800635141506,0.92409626248734,-0.050966374642159584,87,34,0.11553784860557768,10,False,-0.04248727317937121,10597.958358478407,0.05979583584784076,0.059552587081287855,1.2584605601906804,-0.009156744752313983,21,12,0.08300395256916997,10,False,-0.008935651710003888,11106.951431725347,0.1106951431725347,0.11162839521520884,1.3860961407900638,-0.010453403562046493,38,13,0.152,10,False,-0.010453403562046621,0.05464773960146996,1.8751165216927144,-0.0020959314866053624,21,0.09372183523668176,0.9124618492110667,-0.050966374642159806,46,0.03429501517372224,0.9006242031613244,-0.028744480460112132,20,0.05979583584784076,1.2584605601906804,-0.009156744752313983,21,0.1106951431725347,1.3860961407900638,-0.010453403562046493,38,14043.514979723213,0.4043514979723213,0.07050598084900961,1.0717343827090817,-0.050966374642159584,146,59,0.11624203821656051,10,False,-0.04248727317937121,-0.3343642977033404,1.0,0.03429501517372224,0.8627141203703704
11,07295788b5ee,relative_weakness_reversal,"{""family"": ""relative_weakness_reversal"", ""gap_max"": -0.04, ""market_prev_return_max"": 0.0, ""min_adv20"": 50000000.0, ""mom3_max"": -0.06, ""prev_return_percentile_max"": 0.125}",,0.09,208,False,12004.926194862548,0.20049261948625485,0.0630619061765898,0.9242587493676782,-0.055426121391840555,93,35,0.12350597609561753,10,False,-0.04248727317937121,10597.958358478407,0.05979583584784076,0.059552587081287855,1.2584605601906804,-0.009156744752313983,21,12,0.08300395256916997,10,False,-0.008935651710003888,11203.204834799568,0.12032048347995672,0.12133922620153204,1.458741628590911,-0.010453403562046493,39,13,0.156,10,False,-0.010453403562046621,0.05491141182234838,1.8786339077536534,-0.0020959314866053624,22,0.10488568374476959,0.9737238501793541,-0.05542612139184078,50,0.0299737528373345,0.781758540226489,-0.028744480460112132,21,0.05979583584784076,1.2584605601906804,-0.009156744752313983,21,0.12032048347995672,1.458741628590911,-0.010453403562046493,39,14253.580723750903,0.42535807237509027,0.07369971216005644,1.0862740306693575,-0.055426121391840555,153,60,0.12181528662420382,10,False,-0.04248727317937121,-0.33420181082300227,1.0,0.0299737528373345,0.8573784722222223
12,4bcb9da58fe8,relative_weakness_reversal,"{""family"": ""relative_weakness_reversal"", ""gap_max"": -0.04, ""market_prev_return_max"": 0.0, ""min_adv20"": 20000000.0, ""mom3_max"": -0.06, ""prev_return_percentile_max"": 0.1}",,0.09,184,False,11857.231409703429,0.18572314097034281,0.05866693712324578,0.8904536672839587,-0.05679486659462696,88,34,0.11686586985391766,10,False,-0.04248727317937121,10597.958358478407,0.05979583584784076,0.059552587081287855,1.2584605601906804,-0.009156744752313983,21,12,0.08300395256916997,10,False,-0.008935651710003888,11106.951431725347,0.1106951431725347,0.11162839521520884,1.3860961407900638,-0.010453403562046493,38,13,0.152,10,False,-0.010453403562046621,0.05464773960146996,1.8751165216927144,-0.0020959314866053624,21,0.08700474034711925,0.8503602811979696,-0.056794866594626514,47,0.03429501517372224,0.9006242031613244,-0.028744480460112132,20,0.05979583584784076,1.2584605601906804,-0.009156744752313983,21,0.1106951431725347,1.3860961407900638,-0.010453403562046493,38,13957.266703733183,0.3957266703733182,0.06918364044810055,1.0510149172985963,-0.05679486659462696,147,59,0.11703821656050956,10,False,-0.04248727317937121,-0.3680068929067217,1.0,0.03429501517372224,0.8566415895061729
13,88558e766dff,relative_weakness_reversal,"{""family"": ""relative_weakness_reversal"", ""gap_max"": -0.04, ""market_prev_return_max"": 0.0, ""min_adv20"": 100000000.0, ""mom3_max"": -0.06, ""prev_return_percentile_max"": 0.1}",,0.09,178,False,11868.604422001252,0.1868604422001252,0.059006655157784804,0.9080305452279572,-0.04789335750847068,82,32,0.10889774236387782,10,False,-0.04248727317937121,10597.958358478407,0.05979583584784076,0.059552587081287855,1.2584605601906804,-0.009156744752313983,21,12,0.08300395256916997,10,False,-0.008935651710003888,11106.951431725347,0.1106951431725347,0.11162839521520884,1.3860961407900638,-0.010453403562046493,38,13,0.152,10,False,-0.010453403562046621,0.05300554684084591,1.8225649774402726,-0.0020959314866054735,20,0.0926556991595755,0.9010032873668459,-0.04789335750847057,44,0.031539020634760995,0.9551720527101992,-0.028744480460112465,18,0.05979583584784076,1.2584605601906804,-0.009156744752313983,21,0.1106951431725347,1.3860961407900638,-0.010453403562046493,38,13970.653991235698,0.39706539912356975,0.0693893189935113,1.063188639300758,-0.04789335750847068,141,57,0.11226114649681529,10,False,-0.04248727317937121,-0.3504300149627232,1.0,0.031539020634760995,0.8565837191358026
14,edec42f977cc,relative_weakness_reversal,"{""family"": ""relative_weakness_reversal"", ""gap_max"": -0.04, ""market_prev_return_max"": 0.0, ""min_adv20"": 20000000.0, ""mom3_max"": -0.06, ""prev_return_percentile_max"": 0.125}",,0.09,209,False,11931.197916067016,0.19311979160670156,0.06087249087060598,0.8918823755492903,-0.06122722380051715,94,35,0.1248339973439575,10,False,-0.04248727317937121,10597.958358478407,0.05979583584784076,0.059552587081287855,1.2584605601906804,-0.009156744752313983,21,12,0.08300395256916997,10,False,-0.008935651710003888,11203.204834799568,0.12032048347995672,0.12133922620153204,1.458741628590911,-0.010453403562046493,39,13,0.156,10,False,-0.010453403562046621,0.05491141182234838,1.8786339077536534,-0.0020959314866053624,22,0.09810002605674617,0.9140032788118939,-0.06122722380051704,51,0.0299737528373345,0.781758540226489,-0.028744480460112132,21,0.05979583584784076,1.2584605601906804,-0.009156744752313983,21,0.12032048347995672,1.458741628590911,-0.010453403562046493,39,14166.042328564003,0.41660423285640036,0.07237342670884628,1.0661895553556564,-0.06122722380051715,154,60,0.12261146496815287,10,False,-0.04248727317937121,-0.36657818464139014,1.0,0.0299737528373345,0.8513908179012347
15,51e95cb7cee0,relative_weakness_reversal,"{""family"": ""relative_weakness_reversal"", ""gap_max"": -0.04, ""market_prev_return_max"": 0.0, ""min_adv20"": 50000000.0, ""mom3_max"": -0.06, ""prev_return_percentile_max"": 0.15}",,0.09,227,False,11966.730646909919,0.19667306469099177,0.06192878171548544,0.8729858490744922,-0.055426121391840666,100,36,0.13280212483399734,10,False,-0.04248727317937121,10597.958358478407,0.05979583584784076,0.059552587081287855,1.2584605601906804,-0.009156744752313983,21,12,0.08300395256916997,10,False,-0.008935651710003888,11189.735263566101,0.11897352635661007,0.11998026533011918,1.4499303201477354,-0.010453403562046715,41,14,0.164,10,False,-0.010453403562046621,0.05491141182234838,1.8786339077536534,-0.0020959314866053624,22,0.09818764459304719,0.8826744344370071,-0.05542612139184022,53,0.032958733974026044,0.807007389681887,-0.02726664314356142,25,0.05979583584784076,1.2584605601906804,-0.009156744752313983,21,0.11897352635661007,1.4499303201477354,-0.010453403562046715,41,14191.14822753905,0.419114822753905,0.07275447215590858,1.0472449274274425,-0.055426121391840666,162,62,0.12898089171974522,10,False,-0.04248727317937121,-0.38547471111618825,1.0,0.032958733974026044,0.8510513117283952
16,88ea55f398f3,gap_down_reversal,"{""family"": ""gap_down_reversal"", ""gap_max"": -0.04, ""market_prev_return_max"": null, ""min_adv20"": 50000000.0, ""mom3_max"": -0.06, ""prev_return_max"": -0.015}",,,371,False,13176.524052926918,0.3176524052926917,0.09671230894718885,1.0066221154275727,-0.06065722811544194,129,53,0.17131474103585656,10,False,-0.04013576297052877,10773.19398640533,0.07731939864053294,0.07700231349252329,1.3918432769044395,-0.016260269943452532,34,21,0.13438735177865613,10,False,-0.008935651710003888,11603.631991736247,0.16036319917362474,0.1617446958514399,1.4702813728991164,-0.016891668275631155,48,17,0.192,10,False,-0.01689166827563112,0.06287103786554527,1.8588690054155363,-0.005786493106957669,32,0.14337094999805888,1.0369370048698021,-0.054879540134411986,66,0.08425924093421222,0.9826160276449866,-0.06065722811544172,31,0.07731939864053294,1.3918432769044395,-0.016260269943452532,34,0.16036319917362474,1.4702813728991164,-0.016891668275631155,48,16471.732694189257,0.6471732694189256,0.1053146026919809,1.1401144279095294,-0.06065722811544194,211,91,0.1679936305732484,10,False,-0.04013576297052877,-0.3852211614768668,1.0,0.06287103786554527,0.8508198302469137
17,fd2f64452e55,gap_down_reversal,"{""family"": ""gap_down_reversal"", ""gap_max"": -0.04, ""market_prev_return_max"": 0.0, ""min_adv20"": 50000000.0, ""mom3_max"": -0.06, ""prev_return_max"": -0.015}",,,342,False,13033.529797211899,0.3033529797211898,0.09271478974705438,0.9750081084982286,-0.06065722811544194,110,38,0.1460823373173971,10,False,-0.04013576297052877,10625.522451847324,0.06255224518473246,0.06229745726097757,1.1492696637714037,-0.016260269943452532,26,13,0.10276679841897234,10,False,-0.008935651710003888,11648.333695101943,0.16483336951019423,0.16625606161838924,1.5088007841821869,-0.016891668275631155,46,15,0.184,10,False,-0.01689166827563112,0.05595143678615955,1.768191224451859,-0.0013499896646566034,24,0.14931863581857518,1.0777757484555919,-0.049011955972384724,59,0.07393415567813277,0.8791096382733778,-0.06065722811544205,27,0.06255224518473246,1.1492696637714037,-0.016260269943452532,26,0.16483336951019423,1.5088007841821869,-0.016891668275631155,46,16131.551762861578,0.6131551762861578,0.10069630105044403,1.1000791870413384,-0.06065722811544194,182,66,0.1449044585987261,10,False,-0.04013576297052877,-0.1742615552731751,1.0,0.05595143678615955,0.8506269290123456
18,db725cae928d,relative_weakness_reversal,"{""family"": ""relative_weakness_reversal"", ""gap_max"": -0.04, ""market_prev_return_max"": 0.0, ""min_adv20"": 100000000.0, ""mom3_max"": -0.06, ""prev_return_percentile_max"": 0.125}",,0.09,202,False,11942.93893132419,0.19429389313241896,0.061221750377066675,0.9100244906369109,-0.052367545135490134,88,33,0.11686586985391766,10,False,-0.04248727317937121,10597.958358478407,0.05979583584784076,0.059552587081287855,1.2584605601906804,-0.009156744752313983,21,12,0.08300395256916997,10,False,-0.008935651710003888,11106.951431725347,0.1106951431725347,0.11162839521520884,1.3860961407900638,-0.010453403562046493,38,13,0.152,10,False,-0.010453403562046621,0.05326880849751792,1.826225290241195,-0.0020959314866053624,21,0.10380866539278277,0.9626655287937628,-0.05236754513548991,48,0.02725482372248389,0.8338479114108288,-0.028744480460112354,19,0.05979583584784076,1.2584605601906804,-0.009156744752313983,21,0.1106951431725347,1.3860961407900638,-0.010453403562046493,38,14058.153892018805,0.40581538920188054,0.07072977674759562,1.0608969532057804,-0.052367545135490134,147,58,0.11703821656050956,10,False,-0.04248727317937121,-0.3484360695537695,1.0,0.02725482372248389,0.8503260030864198
19,105819caefc2,gap_down_reversal,"{""family"": ""gap_down_reversal"", ""gap_max"": -0.04, ""market_prev_return_max"": null, ""min_adv20"": 20000000.0, ""mom3_max"": -0.06, ""prev_return_max"": -0.015}",,,373,False,13095.60040348824,0.3095600403488241,0.09445358939236459,0.983852693335781,-0.06068399937299951,130,53,0.17264276228419656,10,False,-0.04013576297052877,10773.19398640533,0.07731939864053294,0.07700231349252329,1.3918432769044395,-0.016260269943452532,34,21,0.13438735177865613,10,False,-0.008935651710003888,11603.631991736247,0.16036319917362474,0.1617446958514399,1.4702813728991164,-0.016891668275631155,48,17,0.192,10,False,-0.01689166827563112,0.06287103786554527,1.8588690054155363,-0.005786493106957669,32,0.13634893496857536,0.9903891107680782,-0.06068399937299929,67,0.08425924093421222,0.9826160276449866,-0.06065722811544172,31,0.07731939864053294,1.3918432769044395,-0.016260269943452532,34,0.16036319917362474,1.4702813728991164,-0.016891668275631155,48,16370.571514136158,0.6370571514136159,0.10394926500961232,1.1255588347760461,-0.06068399937299951,212,91,0.16878980891719744,10,False,-0.04013576297052877,-0.4079905835686586,1.0,0.06287103786554527,0.8482658179012347
20,59a83bb9963c,relative_weakness_reversal,"{""family"": ""relative_weakness_reversal"", ""gap_max"": -0.04, ""market_prev_return_max"": 0.0, ""min_adv20"": 50000000.0, ""mom3_max"": -0.05, ""prev_return_percentile_max"": 0.125}",,0.1,248,False,12181.801013343036,0.21818010133430366,0.06827810429323522,0.9372906278529913,-0.05671088250820899,110,46,0.1460823373173971,10,False,-0.04248727317937121,10595.043813004286,0.059504381300428566,0.059262351001831526,1.1811259646501098,-0.01402299993134215,26,14,0.10276679841897234,10,False,-0.008935651710003888,11529.94962033965,0.152994962033965,0.15430885948486095,1.5925121066731163,-0.009998698138259932,48,18,0.192,10,False,-0.00845340356204662,0.04443758476863602,1.1696287839751385,-0.01714312796208528,27,0.11817475759964213,1.0424177593014003,-0.05671088250820866,57,0.04308409988036477,1.0216966311131053,-0.03099278999362709,26,0.059504381300428566,1.1811259646501098,-0.01402299993134215,26,0.152994962033965,1.5925121066731163,-0.009998698138259932,48,14881.327268896419,0.4881327268896418,0.08302453771448537,1.118899119974513,-0.05671088250820899,184,78,0.1464968152866242,10,False,-0.04248727317937121,-0.24383533679711844,1.0,0.04308409988036477,0.847818287037037
21,d56258c1e1da,gap_down_reversal,"{""family"": ""gap_down_reversal"", ""gap_max"": -0.04, ""market_prev_return_max"": 0.0, ""min_adv20"": 20000000.0, ""mom3_max"": -0.06, ""prev_return_max"": -0.015}",,,344,False,12953.484347287358,0.29534843472873584,0.09046430323084431,0.9521121473197801,-0.06065722811544183,111,38,0.14741035856573706,10,False,-0.04013576297052877,10625.522451847324,0.06255224518473246,0.06229745726097757,1.1492696637714037,-0.016260269943452532,26,13,0.10276679841897234,10,False,-0.008935651710003888,11648.333695101943,0.16483336951019423,0.16625606161838924,1.5088007841821869,-0.016891668275631155,46,15,0.184,10,False,-0.01689166827563112,0.05595143678615955,1.768191224451859,-0.0013499896646566034,24,0.14226009306445264,1.030964103608071,-0.05485245099111202,60,0.07393415567813277,0.8791096382733778,-0.06065722811544205,27,0.06255224518473246,1.1492696637714037,-0.016260269943452532,26,0.16483336951019423,1.5088007841821869,-0.016891668275631155,46,16032.479804694463,0.6032479804694464,0.09933666811606723,1.0854754416283512,-0.06065722811544183,183,66,0.14570063694267515,10,False,-0.04013576297052877,-0.1971575164516236,1.0,0.05595143678615955,0.8453221450617284
22,6e868a506324,relative_weakness_reversal,"{""family"": ""relative_weakness_reversal"", ""gap_max"": -0.04, ""market_prev_return_max"": 0.0, ""min_adv20"": 50000000.0, ""mom3_max"": -0.06, ""prev_return_percentile_max"": 0.1}",,0.06,183,False,11510.555747927607,0.15105557479276066,0.048205823145941906,0.9010455572606518,-0.048934927285894436,87,34,0.11553784860557768,10,False,-0.04248727317937121,10528.882307973738,0.0528882307973737,0.05267377521350047,1.1534327553342467,-0.009156744752313872,21,12,0.08300395256916997,10,False,-0.008935651710003888,10890.960590101873,0.08909605901018725,0.08983993071956586,1.3250292898672567,-0.01645340356204661,38,13,0.152,10,False,-0.01645340356204662,0.04762892400289398,1.9370375199139749,-0.0020959314866051404,21,0.06530561050924333,0.8070619763955705,-0.048934927285894436,46,0.03137024514873055,0.8928592731255235,-0.028744480460112132,20,0.0528882307973737,1.1534327553342467,-0.009156744752313872,21,0.08909605901018725,1.3250292898672567,-0.01645340356204661,38,13199.113099893659,0.3199113099893658,0.05726956387450843,1.0387477812972767,-0.048934927285894436,146,59,0.11624203821656051,10,False,-0.04248727317937121,-0.2523871980735949,1.0,0.03137024514873055,0.8451909722222224
23,b69285b69ba7,relative_weakness_reversal,"{""family"": ""relative_weakness_reversal"", ""gap_max"": -0.04, ""market_prev_return_max"": 0.0, ""min_adv20"": 100000000.0, ""mom3_max"": -0.06, ""prev_return_percentile_max"": 0.15}",,0.09,220,False,11905.466165063288,0.19054661650632876,0.06010624897570782,0.8607540291768397,-0.052367545135490134,95,34,0.12616201859229748,10,False,-0.04248727317937121,10597.958358478407,0.05979583584784076,0.059552587081287855,1.2584605601906804,-0.009156744752313983,21,12,0.08300395256916997,10,False,-0.008935651710003888,11093.597585598076,0.10935975855980762,0.11028120298528421,1.3768885476508546,-0.010453403562046715,40,14,0.16,10,False,-0.010453403562046621,0.05326880849751792,1.826225290241195,-0.0020959314866053624,21,0.09711715534284338,0.8723870721316425,-0.05236754513549002,51,0.03027740605982765,0.8799859930417085,-0.02726664314356131,23,0.05979583584784076,1.2584605601906804,-0.009156744752313983,21,0.10935975855980762,1.3768885476508546,-0.010453403562046715,40,13997.195287816567,0.3997195287816566,0.0697966267003185,1.0234314438373804,-0.052367545135490134,156,60,0.12420382165605096,10,False,-0.04248727317937121,-0.3977065310138407,1.0,0.03027740605982765,0.8447318672839507
24,6335ea5e30c2,gap_down_reversal,"{""family"": ""gap_down_reversal"", ""gap_max"": -0.04, ""market_prev_return_max"": null, ""min_adv20"": 50000000.0, ""mom3_max"": -0.06, ""prev_return_max"": -0.015}",,0.06,371,False,11894.738251598697,0.18947382515986977,0.059786466951096795,0.9946819460724037,-0.053183818776146086,129,53,0.17131474103585656,10,False,-0.04013576297052877,10673.49520697612,0.06734952069761202,0.06707458286457291,1.4316587655035111,-0.015952696945497058,34,21,0.13438735177865613,10,False,-0.008935651710003888,11105.149193620075,0.11051491936200741,0.11144657708925343,1.481214122431125,-0.019843286101046687,48,17,0.192,10,False,-0.019843286101046947,0.05867418206469499,1.98708061115786,-0.005786493106957669,32,0.08348790702005049,0.9035486396117262,-0.053183818776146086,66,0.03697550826155349,1.0574069661004244,-0.02726664314356131,31,0.06734952069761202,1.4316587655035111,-0.015952696945497058,34,0.11051491936200741,1.481214122431125,-0.019843286101046687,48,14098.923256016946,0.40989232560169464,0.07135206788912285,1.1694066151225333,-0.053183818776146086,211,91,0.1679936305732484,10,False,-0.04013576297052877,-0.43697681943110744,1.0,0.03697550826155349,0.8441801697530864
25,798c43627ff4,relative_weakness_reversal,"{""family"": ""relative_weakness_reversal"", ""gap_max"": -0.04, ""market_prev_return_max"": 0.0, ""min_adv20"": 20000000.0, ""mom3_max"": -0.06, ""prev_return_percentile_max"": 0.15}",,0.09,228,False,11893.236946150317,0.18932369461503162,0.05974170012123059,0.8422195638091691,-0.06122722380051682,101,36,0.1341301460823373,10,False,-0.04248727317937121,10597.958358478407,0.05979583584784076,0.059552587081287855,1.2584605601906804,-0.009156744752313983,21,12,0.08300395256916997,10,False,-0.008935651710003888,11189.735263566101,0.11897352635661007,0.11998026533011918,1.4499303201477354,-0.010453403562046715,41,14,0.164,10,False,-0.010453403562046621,0.05491141182234838,1.8786339077536534,-0.0020959314866053624,22,0.09144312292618206,0.8259457429504738,-0.06122722380051704,54,0.032958733974026044,0.807007389681887,-0.02726664314356142,25,0.05979583584784076,1.2584605601906804,-0.009156744752313983,21,0.11897352635661007,1.4499303201477354,-0.010453403562046715,41,14103.993261655427,0.41039932616554275,0.07142935431054886,1.0277916134384117,-0.06122722380051682,163,62,0.12977707006369427,10,False,-0.04248727317937121,-0.41624099638151135,1.0,0.032958733974026044,0.8431114969135803
26,ec4c47b17064,relative_weakness_reversal,"{""family"": ""relative_weakness_reversal"", ""gap_max"": -0.04, ""market_prev_return_max"": 0.0, ""min_adv20"": 20000000.0, ""mom3_max"": -0.05, ""prev_return_percentile_max"": 0.125}",,0.1,249,False,12107.020922599375,0.2107020922599374,0.06607896166954474,0.9072108537381615,-0.06250142577240159,111,46,0.14741035856573706,10,False,-0.04248727317937121,10595.043813004286,0.059504381300428566,0.059262351001831526,1.1811259646501098,-0.01402299993134215,26,14,0.10276679841897234,10,False,-0.008935651710003888,11529.94962033965,0.152994962033965,0.15430885948486095,1.5925121066731163,-0.009998698138259932,48,18,0.192,10,False,-0.00845340356204662,0.04443758476863602,1.1696287839751385,-0.01714312796208528,27,0.11131064861042184,0.9853332896854214,-0.06250142577240148,58,0.04308409988036477,1.0216966311131053,-0.03099278999362709,26,0.059504381300428566,1.1811259646501098,-0.01402299993134215,26,0.152994962033965,1.5925121066731163,-0.009998698138259932,48,14789.975669708803,0.47899756697088036,0.0816873516017722,1.1006852110592842,-0.06250142577240159,185,78,0.14729299363057324,10,False,-0.04248727317937121,-0.2739151109119483,1.0,0.04308409988036477,0.84109375
27,8157b8f712a3,relative_weakness_reversal,"{""family"": ""relative_weakness_reversal"", ""gap_max"": -0.04, ""market_prev_return_max"": 0.0, ""min_adv20"": 50000000.0, ""mom3_max"": -0.05, ""prev_return_percentile_max"": 0.15}",,0.1,270,False,12154.831129860697,0.2154831129860697,0.06748600869507904,0.9017097372846588,-0.056633935888422804,119,48,0.15803452855245684,10,False,-0.04248727317937121,10595.043813004286,0.059504381300428566,0.059262351001831526,1.1811259646501098,-0.01402299993134215,26,14,0.10276679841897234,10,False,-0.008935651710003888,11516.087205073709,0.15160872050737084,0.1529099424248752,1.5845335644378162,-0.009998698138259932,50,19,0.2,10,False,-0.00845340356204662,0.04443758476863602,1.1696287839751385,-0.01714312796208528,27,0.11136513158680739,0.9622607396049584,-0.056633935888422915,62,0.047151865410752114,1.0576436664242845,-0.029518373646801654,30,0.059504381300428566,1.1811259646501098,-0.01402299993134215,26,0.15160872050737084,1.5845335644378162,-0.009998698138259932,50,14830.528619938459,0.4830528619938459,0.08228176997895265,1.0919956998280493,-0.056633935888422804,195,81,0.1552547770700637,10,False,-0.04248727317937121,-0.279416227365451,1.0,0.04443758476863602,0.8405189043209877
28,31099b1436d3,gap_down_reversal,"{""family"": ""gap_down_reversal"", ""gap_max"": -0.04, ""market_prev_return_max"": null, ""min_adv20"": 100000000.0, ""mom3_max"": -0.06, ""prev_return_max"": -0.015}",,,359,False,12854.029549766006,0.2854029549766006,0.08765519324336535,0.9269168129746694,-0.06065722811544194,124,50,0.1646746347941567,10,False,-0.04013576297052877,10773.19398640533,0.07731939864053294,0.07700231349252329,1.3918432769044395,-0.016260269943452532,34,21,0.13438735177865613,10,False,-0.008935651710003888,11414.81624179196,0.14148162417919585,0.14269065553955773,1.4113241067337354,-0.016891668275631155,47,17,0.188,10,False,-0.01689166827563112,0.06121604060122765,1.8131434874835168,-0.005786493106957558,31,0.14225641705189607,1.0285420688917257,-0.0531838187761462,64,0.060405280114205206,0.7463391508125086,-0.06065722811544216,29,0.07731939864053294,1.3918432769044395,-0.016260269943452532,34,0.14148162417919585,1.4113241067337354,-0.016891668275631155,47,15807.118115147054,0.5807118115147054,0.09621867776677262,1.073885126837901,-0.06065722811544194,205,88,0.16321656050955413,10,False,-0.04013576297052877,-0.4649264639297701,1.0,0.060405280114205206,0.8404263117283951
29,a44d390955fb,gap_down_reversal,"{""family"": ""gap_down_reversal"", ""gap_max"": -0.04, ""market_prev_return_max"": null, ""min_adv20"": 20000000.0, ""mom3_max"": -0.06, ""prev_return_max"": -0.015}",,0.06,373,False,11821.686692282246,0.18216866922822472,0.057603797533318346,0.9571068612665602,-0.05605424120200975,130,53,0.17264276228419656,10,False,-0.04013576297052877,10673.49520697612,0.06734952069761202,0.06707458286457291,1.4316587655035111,-0.015952696945497058,34,21,0.13438735177865613,10,False,-0.008935651710003888,11105.149193620075,0.11051491936200741,0.11144657708925343,1.481214122431125,-0.019843286101046687,48,17,0.192,10,False,-0.019843286101046947,0.05867418206469499,1.98708061115786,-0.005786493106957669,32,0.07683366382157586,0.8342342547799302,-0.056054241202009636,67,0.03697550826155349,1.0574069661004244,-0.02726664314356131,31,0.06734952069761202,1.4316587655035111,-0.015952696945497058,34,0.11051491936200741,1.481214122431125,-0.019843286101046687,48,14012.334689984673,0.40123346899846735,0.0700286823608669,1.146570598023104,-0.05605424120200975,212,91,0.16878980891719744,10,False,-0.04013576297052877,-0.4745519042369509,1.0,0.03697550826155349,0.840252700617284
30,3ab676842d5e,gap_down_reversal,"{""family"": ""gap_down_reversal"", ""gap_max"": -0.04, ""market_prev_return_max"": null, ""min_adv20"": 50000000.0, ""mom3_max"": -0.06, ""prev_return_max"": -0.015}",,0.08,371,False,12229.451319575192,0.22294513195751908,0.06967472928850516,0.9935603376500926,-0.053183818776145975,129,53,0.17131474103585656,10,False,-0.04013576297052877,10687.468408440302,0.06874684084403015,0.06846601789595952,1.3803548904469172,-0.016260269943452754,34,21,0.13438735177865613,10,False,-0.008935651710003888,11272.187685247694,0.12721876852476943,0.1282991916069025,1.5158076054081593,-0.017843286101047018,48,17,0.192,10,False,-0.017843286101046945,0.05812866405328143,1.873394989629296,-0.005786493106957669,32,0.11136242902830862,1.0021942099950363,-0.05318381877614642,66,0.039950773986523025,1.0779966933384186,-0.027266643143561642,31,0.06874684084403015,1.3803548904469172,-0.016260269943452754,34,0.12721876852476943,1.5158076054081593,-0.017843286101047018,48,14732.960616489163,0.47329606164891636,0.08084942706751774,1.1604145958837409,-0.053183818776145975,211,91,0.1679936305732484,10,False,-0.04013576297052877,-0.3867945527968246,1.0,0.039950773986523025,0.8398996913580248
31,a5649a80079d,relative_weakness_reversal,"{""family"": ""relative_weakness_reversal"", ""gap_max"": -0.04, ""market_prev_return_max"": 0.0, ""min_adv20"": 100000000.0, ""mom3_max"": -0.06, ""prev_return_percentile_max"": 0.1}",,0.06,178,False,11464.89654908875,0.146489654908875,0.04681247991862181,0.8770974192826605,-0.04656374398999763,82,32,0.10889774236387782,10,False,-0.04248727317937121,10528.882307973738,0.0528882307973737,0.05267377521350047,1.1534327553342467,-0.009156744752313872,21,12,0.08300395256916997,10,False,-0.008935651710003888,10890.960590101873,0.08909605901018725,0.08983993071956586,1.3250292898672567,-0.01645340356204661,38,13,0.152,10,False,-0.01645340356204662,0.045997660245131966,1.8755227347753882,-0.0020959314866053624,20,0.06253024663625784,0.771771188780905,-0.04656374398999752,44,0.03156862688250395,0.9299415223720248,-0.028744480460112354,18,0.0528882307973737,1.1534327553342467,-0.009156744752313872,21,0.08909605901018725,1.3250292898672567,-0.01645340356204661,38,13146.755859919978,0.31467558599199785,0.05642677603106816,1.0247619797106864,-0.04656374398999763,141,57,0.11226114649681529,10,False,-0.04248727317937121,-0.2763353360515862,1.0,0.03156862688250395,0.8393499228395064
32,3c9a6395c539,gap_down_reversal,"{""family"": ""gap_down_reversal"", ""gap_max"": -0.04, ""market_prev_return_max"": null, ""min_adv20"": 50000000.0, ""mom3_max"": -0.05, ""prev_return_max"": -0.015}",,,445,False,13397.784400971093,0.33977844009710934,0.10284132349319064,1.044131471114771,-0.06217715169868132,155,68,0.2058432934926959,10,False,-0.04013576297052877,10649.9261465436,0.06499261465436001,0.06472758711981008,1.1587745542359,-0.02017491009692418,42,25,0.16600790513833993,10,False,-0.008935651710003888,11762.318859886962,0.1762318859886962,0.1777602482359828,1.5445086565504837,-0.016891668275631044,58,23,0.232,10,False,-0.01689166827563112,0.048690074680739714,1.1862499837158489,-0.018391394433031505,38,0.14895953449682398,1.0734304153875942,-0.0621771516986811,79,0.11193933495362618,1.2248544319732062,-0.058531988451703376,38,0.06499261465436001,1.1587745542359,-0.02017491009692418,42,0.1762318859886962,1.5445086565504837,-0.016891668275631044,58,16783.11340800336,0.6783113408003358,0.10947555209640636,1.1535250056056179,-0.06217715169868132,255,116,0.20302547770700638,10,False,-0.04013576297052877,-0.11464308312112914,1.0,0.048690074680739714,0.8387789351851852
33,91fd07036ec6,gap_down_reversal,"{""family"": ""gap_down_reversal"", ""gap_max"": -0.04, ""market_prev_return_max"": 0.0, ""min_adv20"": 50000000.0, ""mom3_max"": -0.05, ""prev_return_max"": -0.015}",,,411,False,13027.376166551932,0.30273761665519316,0.09254210658662632,0.9640552039641499,-0.06283166446795474,133,51,0.17662682602921648,10,False,-0.04013576297052877,10589.794947768232,0.05897949477682318,0.05873965804640369,1.0783440223139849,-0.016260269943452754,33,16,0.13043478260869565,10,False,-0.008935651710003888,11862.816047938593,0.18628160479385936,0.18790387325808444,1.6263754261029022,-0.016891668275631266,55,20,0.22,10,False,-0.01689166827563112,0.04444760134922432,1.1332514771429787,-0.01714312796208528,29,0.1549362914991652,1.1144541903245004,-0.056354873243019354,72,0.07997143438108845,0.9409310511245081,-0.06283166446795463,32,0.05897949477682318,1.0783440223139849,-0.016260269943452754,33,0.18628160479385936,1.6263754261029022,-0.016891668275631266,55,16365.613880189872,0.6365613880189873,0.10388218035248253,1.1136197598152486,-0.06283166446795474,221,87,0.17595541401273884,10,False,-0.04013576297052877,-0.11428881834983495,1.0,0.04444760134922432,0.8382793209876545
34,e3a7ea570c47,relative_weakness_reversal,"{""family"": ""relative_weakness_reversal"", ""gap_max"": -0.04, ""market_prev_return_max"": 0.0, ""min_adv20"": 50000000.0, ""mom3_max"": -0.06, ""prev_return_percentile_max"": 0.1}",,0.08,183,False,11764.68713416033,0.17646871341603299,0.05589449660547996,0.8994799446884189,-0.047043765876640165,87,34,0.11553784860557768,10,False,-0.04248727317937121,10546.18002866647,0.054618002866646975,0.054396353716380075,1.21131533593466,-0.009156744752313983,21,12,0.08300395256916997,10,False,-0.008935651710003888,11073.561113879654,0.1073561113879653,0.108259863686339,1.4544422904438055,-0.012453403562046494,38,13,0.152,10,False,-0.01245340356204662,0.05258060767706896,1.8967719196323662,-0.0020959314866053624,21,0.08920878825575262,0.9164537845865711,-0.04704376587663994,46,0.02615716272856372,0.745113068703485,-0.028744480460112243,20,0.054618002866646975,1.21131533593466,-0.009156744752313983,21,0.1073561113879653,1.4544422904438055,-0.012453403562046494,38,13739.24505402641,0.373924505402641,0.06581161400829982,1.0656159229787039,-0.047043765876640165,146,59,0.11624203821656051,10,False,-0.04248727317937121,-0.31183539124624116,1.0,0.02615716272856372,0.8376523919753086
35,17c488d3b052,relative_weakness_reversal,"{""family"": ""relative_weakness_reversal"", ""gap_max"": -0.04, ""market_prev_return_max"": 0.0, ""min_adv20"": 50000000.0, ""mom3_max"": -0.06, ""prev_return_percentile_max"": 0.125}",,0.06,208,False,11542.086107942167,0.15420861079421666,0.049165863376179786,0.8921471396072589,-0.05340760652011567,93,35,0.12350597609561753,10,False,-0.04248727317937121,10528.882307973738,0.0528882307973737,0.05267377521350047,1.1534327553342467,-0.009156744752313872,21,12,0.08300395256916997,10,False,-0.008935651710003888,10953.403820056987,0.09534038200569861,0.09613865157928103,1.3871223626020162,-0.01645340356204661,39,13,0.156,10,False,-0.01645340356204662,0.047890841451417865,1.9397900810851252,-0.0020959314866054735,22,0.07238475951689893,0.8542101024362003,-0.05340760652011556,50,0.02711159521434836,0.7943954733852302,-0.028744480460112132,21,0.0528882307973737,1.1534327553342467,-0.009156744752313872,21,0.09534038200569861,1.3871223626020162,-0.01645340356204661,39,13311.153152368748,0.3311153152368749,0.059064118741621874,1.0465612600150485,-0.05340760652011567,153,60,0.12181528662420382,10,False,-0.04248727317937121,-0.26128561572698783,1.0,0.02711159521434836,0.836201774691358
36,19d502c0e628,gap_down_reversal,"{""family"": ""gap_down_reversal"", ""gap_max"": -0.04, ""market_prev_return_max"": null, ""min_adv20"": 20000000.0, ""mom3_max"": -0.06, ""prev_return_max"": -0.015}",,0.08,373,False,12154.344119266709,0.2154344119266709,0.06747169462879121,0.961761045710214,-0.05680805831007807,130,53,0.17264276228419656,10,False,-0.04013576297052877,10687.468408440302,0.06874684084403015,0.06846601789595952,1.3803548904469172,-0.016260269943452754,34,21,0.13438735177865613,10,False,-0.008935651710003888,11272.187685247694,0.12721876852476943,0.1282991916069025,1.5158076054081593,-0.017843286101047018,48,17,0.192,10,False,-0.017843286101046945,0.05812866405328143,1.873394989629296,-0.005786493106957669,32,0.10453699439587161,0.9441115946960928,-0.056808058310077514,67,0.039950773986523025,1.0779966933384186,-0.027266643143561642,31,0.06874684084403015,1.3803548904469172,-0.016260269943452754,34,0.12721876852476943,1.5158076054081593,-0.017843286101047018,48,14642.4781087099,0.46424781087099,0.07951430994507347,1.1406728167278308,-0.05680805831007807,212,91,0.16878980891719744,10,False,-0.04013576297052877,-0.41859384473670314,1.0,0.039950773986523025,0.8360185185185186
37,cbce30a395fc,relative_weakness_reversal,"{""family"": ""relative_weakness_reversal"", ""gap_max"": -0.04, ""market_prev_return_max"": 0.0, ""min_adv20"": 20000000.0, ""mom3_max"": -0.06, ""prev_return_percentile_max"": 0.1}",,0.06,184,False,11439.863646243719,0.14398636462437198,0.04604700449231203,0.8590677996452978,-0.05477589537645766,88,34,0.11686586985391766,10,False,-0.04248727317937121,10528.882307973738,0.0528882307973737,0.05267377521350047,1.1534327553342467,-0.009156744752313872,21,12,0.08300395256916997,10,False,-0.008935651710003888,10890.960590101873,0.08909605901018725,0.08983993071956586,1.3250292898672567,-0.01645340356204661,38,13,0.152,10,False,-0.01645340356204662,0.04762892400289398,1.9370375199139749,-0.0020959314866051404,21,0.058763033922001995,0.7286447686557006,-0.05477589537645766,47,0.03137024514873055,0.8928592731255235,-0.028744480460112132,20,0.0528882307973737,1.1534327553342467,-0.009156744752313872,21,0.08909605901018725,1.3250292898672567,-0.01645340356204661,38,13118.050719776797,0.3118050719776797,0.05596357373155403,1.013761710109962,-0.05477589537645766,147,59,0.11703821656050956,10,False,-0.04248727317937121,-0.29436495568894894,1.0,0.03137024514873055,0.8347743055555555
38,5e70ef1a8d76,gap_down_reversal,"{""family"": ""gap_down_reversal"", ""gap_max"": -0.04, ""market_prev_return_max"": null, ""min_adv20"": 20000000.0, ""mom3_max"": -0.05, ""prev_return_max"": -0.015}",,,447,False,13315.539786059782,0.33155397860597824,0.10057102950147234,1.0219147043820274,-0.06793413932478343,156,68,0.20717131474103587,10,False,-0.04013576297052877,10649.9261465436,0.06499261465436001,0.06472758711981008,1.1587745542359,-0.02017491009692418,42,25,0.16600790513833993,10,False,-0.008935651710003888,11762.318859886962,0.1762318859886962,0.1777602482359828,1.5445086565504837,-0.016891668275631044,58,23,0.232,10,False,-0.01689166827563112,0.048690074680739714,1.1862499837158489,-0.018391394433031505,38,0.14190644783448536,1.0268888452829725,-0.06793413932478332,80,0.11193933495362618,1.2248544319732062,-0.058531988451703376,38,0.06499261465436001,1.1587745542359,-0.02017491009692418,42,0.1762318859886962,1.5445086565504837,-0.016891668275631044,58,16680.087365939722,0.6680087365939722,0.1081057075093308,1.1394250480666395,-0.06793413932478343,256,116,0.20382165605095542,10,False,-0.04013576297052877,-0.13685984985387267,1.0,0.048690074680739714,0.8346855709876543
39,0b6877da1229,relative_weakness_reversal,"{""family"": ""relative_weakness_reversal"", ""gap_max"": -0.04, ""market_prev_return_max"": 0.0, ""min_adv20"": 20000000.0, ""mom3_max"": -0.05, ""prev_return_percentile_max"": 0.15}",,0.1,271,False,12080.21659840765,0.20802165984076493,0.06528849666850078,0.8726621642825608,-0.062424951502738635,120,48,0.1593625498007968,10,False,-0.04248727317937121,10595.043813004286,0.059504381300428566,0.059262351001831526,1.1811259646501098,-0.01402299993134215,26,14,0.10276679841897234,10,False,-0.008935651710003888,11516.087205073709,0.15160872050737084,0.1529099424248752,1.5845335644378162,-0.009998698138259932,50,19,0.2,10,False,-0.00845340356204662,0.04443758476863602,1.1696287839751385,-0.01714312796208528,27,0.1045428246636868,0.9071888677266646,-0.062424951502738524,63,0.047151865410752114,1.0576436664242845,-0.029518373646801654,30,0.059504381300428566,1.1811259646501098,-0.01402299993134215,26,0.15160872050737084,1.5845335644378162,-0.009998698138259932,50,14739.488857036347,0.4739488857036347,0.08094550094490782,1.0741521242221677,-0.062424951502738635,196,81,0.15605095541401273,10,False,-0.04248727317937121,-0.30846380036754895,1.0,0.04443758476863602,0.8340258487654321
40,7723507cb914,gap_down_reversal,"{""family"": ""gap_down_reversal"", ""gap_max"": -0.04, ""market_prev_return_max"": null, ""min_adv20"": 50000000.0, ""mom3_max"": -0.05, ""prev_return_max"": -0.03}",,0.06,369,False,11616.31561224118,0.16163156122411793,0.051419143178021764,0.8921762838928154,-0.0529335040441532,128,55,0.1699867197875166,10,False,-0.04013576297052877,10645.781058162644,0.06457810581626444,0.06431481908344128,1.4036290920810188,-0.014022999931342262,33,19,0.13043478260869565,10,False,-0.007603250896649904,11109.630233808148,0.11096302338081476,0.1118986456105664,1.4449700565757015,-0.01984328610104691,52,20,0.208,10,False,-0.019843286101046947,0.04337607864467641,1.2984358892951464,-0.01714312796208528,31,0.07620786596809803,0.8889995036299179,-0.05293350404415309,65,0.034502074104502345,0.9169153213075096,-0.028757075047740832,32,0.06457810581626444,1.4036290920810188,-0.014022999931342262,33,0.11096302338081476,1.4449700565757015,-0.01984328610104691,52,13738.69675568269,0.3738696755682689,0.06580308001414115,1.0979437674113384,-0.0529335040441532,213,94,0.1695859872611465,10,False,-0.04013576297052877,-0.5114528081882034,1.0,0.034502074104502345,0.8335300925925926
41,5e309b391ec6,gap_down_reversal,"{""family"": ""gap_down_reversal"", ""gap_max"": -0.04, ""market_prev_return_max"": 0.0, ""min_adv20"": 20000000.0, ""mom3_max"": -0.05, ""prev_return_max"": -0.015}",,,413,False,12947.405366600466,0.2947405366600466,0.09029301442128523,0.9415275403178269,-0.06283166446795474,134,51,0.17795484727755645,10,False,-0.04013576297052877,10589.794947768232,0.05897949477682318,0.05873965804640369,1.0783440223139849,-0.016260269943452754,33,16,0.13043478260869565,10,False,-0.008935651710003888,11862.816047938593,0.18628160479385936,0.18790387325808444,1.6263754261029022,-0.016891668275631266,55,20,0.22,10,False,-0.01689166827563112,0.04444760134922432,1.1332514771429787,-0.01714312796208528,29,0.1478465154810813,1.0676533454998596,-0.062147601931611285,73,0.07997143438108845,0.9409310511245081,-0.06283166446795463,32,0.05897949477682318,1.0783440223139849,-0.016260269943452754,33,0.18628160479385936,1.6263754261029022,-0.016891668275631266,55,16265.150731128755,0.6265150731128755,0.10251924177608251,1.099348582848353,-0.06283166446795474,222,87,0.1767515923566879,10,False,-0.04013576297052877,-0.13681648199615792,1.0,0.04444760134922432,0.8332484567901234
42,561175af4087,relative_weakness_reversal,"{""family"": ""relative_weakness_reversal"", ""gap_max"": -0.04, ""market_prev_return_max"": 0.0, ""min_adv20"": 100000000.0, ""mom3_max"": -0.05, ""prev_return_percentile_max"": 0.125}",,0.1,241,False,12037.057927637326,0.20370579276373268,0.06401328280107377,0.8949076889933509,-0.054092422116332806,104,44,0.13811420982735723,10,False,-0.04248727317937121,10595.043813004286,0.059504381300428566,0.059262351001831526,1.1811259646501098,-0.01402299993134215,26,14,0.10276679841897234,10,False,-0.008935651710003888,11419.847055011081,0.1419847055011081,0.1431982995219483,1.5229470130404643,-0.009998698138259932,47,18,0.188,10,False,-0.00845340356204662,0.04281129024751151,1.1291007424574349,-0.01714312796208517,26,0.11708312438992241,1.031649209964113,-0.054092422116332695,55,0.0333064373609393,0.9453846124547751,-0.030992789993626868,23,0.059504381300428566,1.1811259646501098,-0.01402299993134215,26,0.1419847055011081,1.5229470130404643,-0.009998698138259932,47,14564.09137367374,0.456409137367374,0.07835233027482658,1.0767471097096721,-0.054092422116332806,177,76,0.1409235668789809,10,False,-0.04248727317937121,-0.28621827565675884,1.0,0.0333064373609393,0.8330420524691358
43,85dd6542b33a,gap_down_reversal,"{""family"": ""gap_down_reversal"", ""gap_max"": -0.04, ""market_prev_return_max"": null, ""min_adv20"": 50000000.0, ""mom3_max"": -0.05, ""prev_return_max"": -0.03}",,,369,False,12688.979243062888,0.2688979243062888,0.08296124493654822,0.8417975990388623,-0.05997451527705111,128,55,0.1699867197875166,10,False,-0.04013576297052877,10680.52694966242,0.06805269496624211,0.0677747964625508,1.2737142473234384,-0.014022999931342262,33,19,0.13043478260869565,10,False,-0.007603250896649904,11649.820235460948,0.1649820235460948,0.16640608797717604,1.5067664974058743,-0.016891668275631155,52,20,0.208,10,False,-0.01689166827563112,0.04749720417105041,1.264390695497303,-0.01714312796208528,31,0.15340300914801763,1.0727474516675324,-0.05139368378718756,65,0.05025010674360186,0.5772136697611918,-0.05997451527705111,32,0.06805269496624211,1.2737142473234384,-0.014022999931342262,33,0.1649820235460948,1.5067664974058743,-0.016891668275631155,52,15788.417099752312,0.5788417099752312,0.09595834667303893,1.0209280325687495,-0.05997451527705111,213,94,0.1695859872611465,10,False,-0.04013576297052877,-0.4319166482845761,1.0,0.04749720417105041,0.8325906635802469
44,2dc2d55304d3,relative_weakness_reversal,"{""family"": ""relative_weakness_reversal"", ""gap_max"": -0.04, ""market_prev_return_max"": 0.0, ""min_adv20"": 100000000.0, ""mom3_max"": -0.06, ""prev_return_percentile_max"": 0.125}",,0.06,202,False,11496.581148297344,0.14965811482973446,0.04777976320636834,0.871242453489039,-0.05034249421423054,88,33,0.11686586985391766,10,False,-0.04248727317937121,10528.882307973738,0.0528882307973737,0.05267377521350047,1.1534327553342467,-0.009156744752313872,21,12,0.08300395256916997,10,False,-0.008935651710003888,10890.960590101873,0.08909605901018725,0.08983993071956586,1.3250292898672567,-0.01645340356204661,38,13,0.152,10,False,-0.01645340356204662,0.04625916986180667,1.8785059707188507,-0.0020959314866053624,21,0.06959095284758043,0.8202862749002335,-0.050342494214230094,48,0.027334117066983632,0.8488839365224863,-0.028744480460112132,19,0.0528882307973737,1.1534327553342467,-0.009156744752313872,21,0.08909605901018725,1.3250292898672567,-0.01645340356204661,38,13183.088476488418,0.3183088476488418,0.05701190176803861,1.0191827518560597,-0.05034249421423054,147,58,0.11703821656050956,10,False,-0.04248727317937121,-0.28219030184520777,1.0,0.027334117066983632,0.8315219907407407
45,0f6903ea6f31,relative_weakness_reversal,"{""family"": ""relative_weakness_reversal"", ""gap_max"": -0.04, ""market_prev_return_max"": 0.0, ""min_adv20"": 100000000.0, ""mom3_max"": -0.06, ""prev_return_percentile_max"": 0.1}",,0.08,178,False,11714.96206723535,0.17149620672353505,0.05439883708269022,0.8855410824788168,-0.044240753002290134,82,32,0.10889774236387782,10,False,-0.04248727317937121,10546.18002866647,0.054618002866646975,0.054396353716380075,1.21131533593466,-0.009156744752313983,21,12,0.08300395256916997,10,False,-0.008935651710003888,11073.561113879654,0.1073561113879653,0.108259863686339,1.4544422904438055,-0.012453403562046494,38,13,0.152,10,False,-0.01245340356204662,0.05094163364906468,1.8417139869208903,-0.0020959314866053624,20,0.08814705139794388,0.904204257462803,-0.04424075300229002,44,0.024412100872986287,0.793558096186685,-0.028744480460112243,18,0.054618002866646975,1.21131533593466,-0.009156744752313983,21,0.1073561113879653,1.4544422904438055,-0.012453403562046494,38,13681.174246701126,0.36811742467011266,0.06490625412962792,1.0583184040214548,-0.044240753002290134,141,57,0.11226114649681529,10,False,-0.04248727317937121,-0.3257742534558432,1.0,0.024412100872986287,0.8309741512345679
46,a69bfc6f6c84,gap_down_reversal,"{""family"": ""gap_down_reversal"", ""gap_max"": -0.04, ""market_prev_return_max"": 0.0, ""min_adv20"": 100000000.0, ""mom3_max"": -0.06, ""prev_return_max"": -0.015}",,,331,False,12695.494062291717,0.2695494062291717,0.08314729079194083,0.8891769105473856,-0.06065722811544194,106,36,0.1407702523240372,10,False,-0.04013576297052877,10625.522451847324,0.06255224518473246,0.06229745726097757,1.1492696637714037,-0.016260269943452532,26,13,0.10276679841897234,10,False,-0.008935651710003888,11458.790553453848,0.1458790553453848,0.1471280293653412,1.4529806778938448,-0.016891668275631155,45,15,0.18,10,False,-0.01689166827563112,0.054307214037703444,1.7195599091631997,-0.0013499896646563814,23,0.14819830519861288,1.069284668890706,-0.04674163659776587,57,0.04873443215930351,0.6187348446945246,-0.06065722811544172,26,0.06255224518473246,1.1492696637714037,-0.016260269943452532,26,0.1458790553453848,1.4529806778938448,-0.016891668275631155,45,15457.479576558097,0.5457479576558097,0.09131018086537335,1.0291791242611275,-0.06065722811544194,177,64,0.1409235668789809,10,False,-0.04013576297052877,-0.26009275322401815,1.0,0.04873443215930351,0.8305073302469136
47,9f3337a98b21,relative_weakness_reversal,"{""family"": ""relative_weakness_reversal"", ""gap_max"": -0.04, ""market_prev_return_max"": 0.0, ""min_adv20"": 20000000.0, ""mom3_max"": -0.06, ""prev_return_percentile_max"": 0.1}",,0.08,184,False,11692.43428404779,0.16924342840477902,0.05371984284454645,0.8638140875180562,-0.05289634853886849,88,34,0.11686586985391766,10,False,-0.04248727317937121,10546.18002866647,0.054618002866646975,0.054396353716380075,1.21131533593466,-0.009156744752313983,21,12,0.08300395256916997,10,False,-0.008935651710003888,11073.561113879654,0.1073561113879653,0.108259863686339,1.4544422904438055,-0.012453403562046494,38,13,0.152,10,False,-0.01245340356204662,0.05258060767706896,1.8967719196323662,-0.0020959314866053624,21,0.0825194102534601,0.850678958720601,-0.05289634853886849,47,0.02615716272856372,0.745113068703485,-0.028744480460112243,20,0.054618002866646975,1.21131533593466,-0.009156744752313983,21,0.1073561113879653,1.4544422904438055,-0.012453403562046494,38,13654.86545240781,0.36548654524078095,0.06449507231477014,1.0434469041869527,-0.05289634853886849,147,59,0.11703821656050956,10,False,-0.04248727317937121,-0.3475012484166038,1.0,0.02615716272856372,0.8302874228395062
48,f62533b158e0,gap_down_reversal,"{""family"": ""gap_down_reversal"", ""gap_max"": -0.04, ""market_prev_return_max"": null, ""min_adv20"": 50000000.0, ""mom3_max"": -0.06, ""prev_return_max"": -0.015}",,0.05,371,False,11678.936637750894,0.1678936637750894,0.05331260260338033,0.9712844057184687,-0.05600977850445876,129,53,0.17131474103585656,10,False,-0.04013576297052877,10591.723286702374,0.05917232867023747,0.058931686181186826,1.288492061345305,-0.017362691408105424,34,21,0.13438735177865613,10,False,-0.008935651710003888,10939.415875767183,0.09394158757671822,0.09472764642734655,1.4951136727726881,-0.01601933697218938,48,17,0.192,10,False,-0.016019336972189425,0.06557270070714494,1.9892891314274592,-0.005786493106957558,32,0.05652581600284767,0.701561367402275,-0.05600977850445854,66,0.037385332398261584,1.1426409836947031,-0.02404184495449424,31,0.05917232867023747,1.288492061345305,-0.017362691408105424,34,0.09394158757671822,1.4951136727726881,-0.01601933697218938,48,13532.064565352095,0.35320645653520955,0.0625673906602886,1.1381801125965827,-0.05600977850445876,211,91,0.1679936305732484,10,False,-0.04013576297052877,-0.3172076556268363,1.0,0.037385332398261584,0.8296913580246915
49,b70ed913807c,relative_weakness_reversal,"{""family"": ""relative_weakness_reversal"", ""gap_max"": -0.04, ""market_prev_return_max"": 0.0, ""min_adv20"": 100000000.0, ""mom3_max"": -0.05, ""prev_return_percentile_max"": 0.15}",,0.1,262,False,12010.937647003138,0.20109376470031393,0.06324002576693277,0.8619792314490909,-0.05401526190171957,113,46,0.150066401062417,10,False,-0.04248727317937121,10595.043813004286,0.059504381300428566,0.059262351001831526,1.1811259646501098,-0.01402299993134215,26,14,0.10276679841897234,10,False,-0.008935651710003888,11406.117015647262,0.14061170156472613,0.14181284744730882,1.5146666889973968,-0.009998698138259932,49,19,0.196,10,False,-0.00845340356204662,0.04281129024751151,1.1291007424574349,-0.01714312796208517,26,0.11028014636645667,0.9520566417402867,-0.05401526190171946,60,0.03738177494475248,1.012175322761117,-0.029518373646801432,27,0.059504381300428566,1.1811259646501098,-0.01402299993134215,26,0.14061170156472613,1.5146666889973968,-0.009998698138259932,49,14515.015103548605,0.4515015103548605,0.07762229233265683,1.0515228263359808,-0.05401526190171957,188,79,0.14968152866242038,10,False,-0.04248727317937121,-0.31914673320101883,1.0,0.03738177494475248,0.8289332561728395
50,fdd0bcf2d53f,gap_down_reversal,"{""family"": ""gap_down_reversal"", ""gap_max"": -0.04, ""market_prev_return_max"": null, ""min_adv20"": 50000000.0, ""mom3_max"": -0.05, ""prev_return_max"": -0.03}",,0.08,369,False,11826.325700450261,0.1826325700450262,0.057742670454866474,0.8624063068762197,-0.05581458922309246,128,55,0.1699867197875166,10,False,-0.04013576297052877,10638.563877682887,0.06385638776828872,0.06359613049945856,1.3173337387652702,-0.014022999931342262,33,19,0.13043478260869565,10,False,-0.007603250896649904,11276.806914722067,0.12768069147220662,0.12876525699028685,1.5012041407387864,-0.017843286101047018,52,20,0.208,10,False,-0.017843286101046945,0.04282311877725542,1.2196369651981889,-0.01714312796208528,31,0.09767019116187159,0.9599206246998057,-0.052130614675649056,65,0.03315935933997438,0.7592433016007096,-0.030436907718870976,32,0.06385638776828872,1.3173337387652702,-0.014022999931342262,33,0.12768069147220662,1.5012041407387864,-0.017843286101047018,52,14187.928310085672,0.4187928310085671,0.07270563191189972,1.0714523340499784,-0.05581458922309246,213,94,0.1695859872611465,10,False,-0.04013576297052877,-0.4549274318890505,1.0,0.03315935933997438,0.8288233024691357
51,26db719ec0df,relative_weakness_reversal,"{""family"": ""relative_weakness_reversal"", ""gap_max"": -0.04, ""market_prev_return_max"": 0.0, ""min_adv20"": 50000000.0, ""mom3_max"": -0.06, ""prev_return_percentile_max"": 0.125}",,0.08,208,False,11841.601035785723,0.18416010357857227,0.058199695488257985,0.8995623060167667,-0.051528484514988815,93,35,0.12350597609561753,10,False,-0.04248727317937121,10546.18002866647,0.054618002866646975,0.054396353716380075,1.21131533593466,-0.009156744752313983,21,12,0.08300395256916997,10,False,-0.008935651710003888,11158.703997002129,0.11587039970021284,0.11684953420729971,1.5224749909503623,-0.012453403562046494,39,13,0.156,10,False,-0.01245340356204662,0.05284376309480554,1.9001135602815529,-0.0020959314866053624,22,0.10065881782269881,0.9810512197916144,-0.05152848451498904,50,0.021865598799359454,0.6167060683901388,-0.028744480460112243,21,0.054618002866646975,1.21131533593466,-0.009156744752313983,21,0.11587039970021284,1.5224749909503623,-0.012453403562046494,39,13935.397552845856,0.3935397552845856,0.06884730944987605,1.0780924756674581,-0.051528484514988815,153,60,0.12181528662420382,10,False,-0.04248727317937121,-0.31175302991789333,1.0,0.021865598799359454,0.8282465277777777
52,da9c74178571,relative_weakness_reversal,"{""family"": ""relative_weakness_reversal"", ""gap_max"": -0.04, ""market_prev_return_max"": 0.0, ""min_adv20"": 50000000.0, ""mom3_max"": -0.05, ""prev_return_percentile_max"": 0.125}",,0.09,248,False,12008.4901242943,0.20084901242942999,0.0631675127219602,0.9042235262347459,-0.05671088250820877,110,46,0.1460823373173971,10,False,-0.04248727317937121,10543.35335345943,0.05433533534594304,0.05411486248292463,1.1334968281297406,-0.01402299993134215,26,14,0.10276679841897234,10,False,-0.008935651710003888,11388.131159325341,0.1388131159325341,0.13999797539139291,1.579477856832315,-0.010453403562046493,48,18,0.192,10,False,-0.010453403562046621,0.04240285424634971,1.1589373402852434,-0.01714312796208528,27,0.112223437093246,1.0286471960950745,-0.05671088250820877,57,0.03576390167442112,0.9064565864028549,-0.03099278999362709,26,0.05433533534594304,1.1334968281297406,-0.01402299993134215,26,0.1388131159325341,1.579477856832315,-0.010453403562046493,48,14418.484916849095,0.4418484916849095,0.07618057349820306,1.086432099109544,-0.05671088250820877,184,78,0.1464968152866242,10,False,-0.04248727317937121,-0.22927330189499473,1.0,0.03576390167442112,0.8279012345679012
53,9a699698ae30,gap_down_reversal,"{""family"": ""gap_down_reversal"", ""gap_max"": -0.04, ""market_prev_return_max"": null, ""min_adv20"": 100000000.0, ""mom3_max"": -0.06, ""prev_return_max"": -0.03}",,0.06,305,False,11552.063707461728,0.15520637074617283,0.04946929903972652,0.8908545719386134,-0.06523784880838468,102,41,0.13545816733067728,10,False,-0.04013576297052877,10693.913390496726,0.06939133904967254,0.0691077992347513,1.5207795549060779,-0.009156744752313983,27,17,0.1067193675889328,10,False,-0.007603250896649904,10904.508778900015,0.0904508778900015,0.0912065277156695,1.304055194746842,-0.019843286101046687,42,15,0.168,10,False,-0.019843286101046947,0.06302724524280068,2.2946732469319877,-0.0020959314866053624,26,0.06540569028029952,0.7672870979068699,-0.0633188545240776,54,0.019999990482944208,0.6552533828386957,-0.028757075047740943,22,0.06939133904967254,1.5207795549060779,-0.009156744752313983,27,0.0904508778900015,1.304055194746842,-0.019843286101046687,42,13471.077795595504,0.3471077795595503,0.06160484206962136,1.0828673638373127,-0.06523784880838468,171,73,0.13614649681528662,10,False,-0.04013576297052877,-0.6299249829674645,1.0,0.019999990482944208,0.8278182870370371
54,8af5ffa78c1a,gap_down_reversal,"{""family"": ""gap_down_reversal"", ""gap_max"": -0.04, ""market_prev_return_max"": null, ""min_adv20"": 20000000.0, ""mom3_max"": -0.05, ""prev_return_max"": -0.03}",,,371,False,12611.085751107028,0.26110857511070273,0.08073187580132601,0.8203628112907672,-0.06021480917107447,129,55,0.17131474103585656,10,False,-0.04013576297052877,10680.52694966242,0.06805269496624211,0.0677747964625508,1.2737142473234384,-0.014022999931342262,33,19,0.13043478260869565,10,False,-0.007603250896649904,11649.820235460948,0.1649820235460948,0.16640608797717604,1.5067664974058743,-0.016891668275631155,52,20,0.208,10,False,-0.01689166827563112,0.04749720417105041,1.264390695497303,-0.01714312796208528,31,0.1463226454486246,1.0276014592880636,-0.05721686759463196,66,0.05025010674360186,0.5772136697611918,-0.05997451527705111,32,0.06805269496624211,1.2737142473234384,-0.014022999931342262,33,0.1649820235460948,1.5067664974058743,-0.016891668275631155,52,15691.497172877365,0.5691497172877364,0.09460519147641144,1.0069754708815015,-0.06021480917107447,214,94,0.17038216560509553,10,False,-0.04013576297052877,-0.45335143603267125,1.0,0.04749720417105041,0.8271739969135803
55,898b7d0f19da,gap_down_reversal,"{""family"": ""gap_down_reversal"", ""gap_max"": -0.04, ""market_prev_return_max"": null, ""min_adv20"": 20000000.0, ""mom3_max"": -0.05, ""prev_return_max"": -0.03}",,0.06,371,False,11545.006851357715,0.15450068513577153,0.04925470617998284,0.8537688482976383,-0.05756749006424022,129,55,0.17131474103585656,10,False,-0.04013576297052877,10645.781058162644,0.06457810581626444,0.06431481908344128,1.4036290920810188,-0.014022999931342262,33,19,0.13043478260869565,10,False,-0.007603250896649904,11109.630233808148,0.11096302338081476,0.1118986456105664,1.4449700565757015,-0.01984328610104691,52,20,0.208,10,False,-0.019843286101046947,0.04337607864467641,1.2984358892951464,-0.01714312796208528,31,0.06960137799575405,0.8144229719589698,-0.05756749006423978,66,0.034502074104502345,0.9169153213075096,-0.028757075047740832,32,0.06457810581626444,1.4036290920810188,-0.014022999931342262,33,0.11096302338081476,1.4449700565757015,-0.01984328610104691,52,13654.359391366503,0.3654359391366502,0.06448715684910411,1.0750909441278715,-0.05756749006424022,214,94,0.17038216560509553,10,False,-0.04013576297052877,-0.5498602437833805,1.0,0.034502074104502345,0.8266705246913582
56,9addcd9febb6,gap_down_reversal,"{""family"": ""gap_down_reversal"", ""gap_max"": -0.04, ""market_prev_return_max"": null, ""min_adv20"": 50000000.0, ""mom3_max"": -0.06, ""prev_return_max"": -0.02}",,,355,False,12583.187471835145,0.25831874718351444,0.07993117852594489,0.8551431934944599,-0.06208433636822097,121,51,0.16069057104913678,10,False,-0.04013576297052877,10662.155359672615,0.0662155359672616,0.06594536886329339,1.230555260774382,-0.016260269943452532,31,19,0.1225296442687747,10,False,-0.008935651710003888,11559.980866697011,0.15599808666970105,0.1573394902586014,1.4393037519873295,-0.016891668275631155,46,16,0.184,10,False,-0.01689166827563112,0.05745658554632316,1.8682624524153033,-0.005786493106957669,28,0.14224104589815179,1.0445741268397288,-0.056120212638621214,63,0.04176642992033841,0.5136718450548723,-0.06208433636822075,30,0.0662155359672616,1.230555260774382,-0.016260269943452532,31,0.15599808666970105,1.4393037519873295,-0.016891668275631155,46,15509.321140489441,0.550932114048944,0.09204354074473864,1.0175754232559613,-0.06208433636822097,198,86,0.15764331210191082,10,False,-0.04013576297052877,-0.37541206727992205,1.0,0.04176642992033841,0.8265181327160495
57,073d8273daf7,relative_weakness_reversal,"{""family"": ""relative_weakness_reversal"", ""gap_max"": -0.04, ""market_prev_return_max"": 0.0, ""min_adv20"": 20000000.0, ""mom3_max"": -0.06, ""prev_return_percentile_max"": 0.125}",,0.06,209,False,11471.200362487732,0.14712003624877323,0.04700506748419553,0.8515706936089771,-0.05922110564200733,94,35,0.1248339973439575,10,False,-0.04248727317937121,10528.882307973738,0.0528882307973737,0.05267377521350047,1.1534327553342467,-0.009156744752313872,21,12,0.08300395256916997,10,False,-0.008935651710003888,10953.403820056987,0.09534038200569861,0.09613865157928103,1.3871223626020162,-0.01645340356204661,39,13,0.156,10,False,-0.01645340356204662,0.047890841451417865,1.9397900810851252,-0.0020959314866054735,22,0.06579870632153884,0.7788972401297881,-0.059221105642007554,51,0.02711159521434836,0.7943954733852302,-0.028744480460112132,21,0.0528882307973737,1.1534327553342467,-0.009156744752313872,21,0.09534038200569861,1.3871223626020162,-0.01645340356204661,39,13229.40267804033,0.32294026780403295,0.05775591187830864,1.0221764749929845,-0.05922110564200733,154,60,0.12261146496815287,10,False,-0.04248727317937121,-0.30186206172526964,1.0,0.02711159521434836,0.826070601851852
58,7c959dd9d1b6,gap_down_reversal,"{""family"": ""gap_down_reversal"", ""gap_max"": -0.04, ""market_prev_return_max"": null, ""min_adv20"": 20000000.0, ""mom3_max"": -0.06, ""prev_return_max"": -0.015}",,0.05,373,False,11607.210424487554,0.1607210424487553,0.05114326634861821,0.9299665390276652,-0.06074054369912185,130,53,0.17264276228419656,10,False,-0.04013576297052877,10591.723286702374,0.05917232867023747,0.058931686181186826,1.288492061345305,-0.017362691408105424,34,21,0.13438735177865613,10,False,-0.008935651710003888,10939.415875767183,0.09394158757671822,0.09472764642734655,1.4951136727726881,-0.01601933697218938,48,17,0.192,10,False,-0.016019336972189425,0.06557270070714494,1.9892891314274592,-0.005786493106957558,32,0.05003716054153706,0.6244725104989599,-0.06074054369912152,67,0.037385332398261584,1.1426409836947031,-0.02404184495449424,31,0.05917232867023747,1.288492061345305,-0.017362691408105424,34,0.09394158757671822,1.4951136727726881,-0.01601933697218938,48,13448.957363128702,0.3448957363128702,0.061254856387249035,1.11270128275119,-0.06074054369912185,212,91,0.16878980891719744,10,False,-0.04013576297052877,-0.3585255223176398,1.0,0.037385332398261584,0.824633487654321
59,7b4c2b6db0bc,relative_weakness_reversal,"{""family"": ""relative_weakness_reversal"", ""gap_max"": -0.04, ""market_prev_return_max"": 0.0, ""min_adv20"": 50000000.0, ""mom3_max"": -0.05, ""prev_return_percentile_max"": 0.1}",,0.1,216,False,11957.941016977964,0.19579410169779643,0.061667684536205636,0.8771331488185566,-0.05225720167813741,103,44,0.13678618857901725,10,False,-0.04248727317937121,10577.074672906445,0.057707467290644576,0.05747294227758193,1.1415634462129516,-0.015695211878756554,25,14,0.09881422924901186,10,False,-0.008935651710003888,11310.91802218287,0.13109180221828698,0.13220700516148853,1.4529844749464138,-0.009998698138259932,46,18,0.184,10,False,-0.00845340356204662,0.0398977384070176,1.0606571057817809,-0.01714312796208528,26,0.09781711782965918,0.9088320688811116,-0.052257201678136966,52,0.04745596653709172,1.1299695956098628,-0.03099278999362698,25,0.057707467290644576,1.1415634462129516,-0.015695211878756554,25,0.13109180221828698,1.4529844749464138,-0.009998698138259932,46,14306.05308128484,0.43060530812848397,0.07449159743658851,1.0441050990710632,-0.05225720167813741,174,76,0.13853503184713375,10,False,-0.04248727317937121,-0.26443029739439494,1.0,0.0398977384070176,0.8245524691358025
60,cbda221d6d0a,gap_down_reversal,"{""family"": ""gap_down_reversal"", ""gap_max"": -0.04, ""market_prev_return_max"": null, ""min_adv20"": 50000000.0, ""mom3_max"": -0.06, ""prev_return_max"": -0.03}",,0.06,314,False,11579.603992208587,0.1579603992208587,0.050305941764240636,0.8957141686004675,-0.06143905422561213,108,44,0.14342629482071714,10,False,-0.04013576297052877,10693.913390496726,0.06939133904967254,0.0691077992347513,1.5207795549060779,-0.009156744752313983,27,17,0.1067193675889328,10,False,-0.007603250896649904,10966.673267712296,0.09666732677122969,0.09747719318284842,1.3559480233785948,-0.019843286101046687,43,15,0.172,10,False,-0.019843286101046947,0.06468506713340783,2.35014961950803,-0.0020959314866053624,27,0.06818856490644598,0.8005297492666562,-0.05783127108580444,56,0.01818013597029622,0.5297729213200875,-0.02875707504774072,25,0.06939133904967254,1.5207795549060779,-0.009156744752313983,27,0.09666732677122969,1.3559480233785948,-0.019843286101046687,43,13580.172120878635,0.3580172120878635,0.06332422425307582,1.0971374034052808,-0.06143905422561213,178,76,0.14171974522292993,10,False,-0.04013576297052877,-0.6250653863056104,1.0,0.01818013597029622,0.8240605709876544
61,865f97e2777c,relative_weakness_reversal,"{""family"": ""relative_weakness_reversal"", ""gap_max"": -0.04, ""market_prev_return_max"": 0.0, ""min_adv20"": 100000000.0, ""mom3_max"": -0.06, ""prev_return_percentile_max"": 0.125}",,0.08,202,False,11791.84476886985,0.17918447688698502,0.05670958449451713,0.8875891294215976,-0.05032525312350855,88,33,0.11686586985391766,10,False,-0.04248727317937121,10546.18002866647,0.054618002866646975,0.054396353716380075,1.21131533593466,-0.009156744752313983,21,12,0.08300395256916997,10,False,-0.008935651710003888,11073.561113879654,0.1073561113879653,0.108259863686339,1.4544422904438055,-0.012453403562046494,38,13,0.152,10,False,-0.01245340356204662,0.051204379307309145,1.8452203160663811,-0.0020959314866053624,21,0.09958591972698438,0.9692911415204615,-0.05032525312350844,48,0.020153260285903585,0.6605322518284326,-0.028744480460112132,19,0.054618002866646975,1.21131533593466,-0.009156744752313983,21,0.1073561113879653,1.4544422904438055,-0.012453403562046494,38,13770.960763429213,0.3770960763429214,0.06630479075125062,1.0549620589906505,-0.05032525312350855,147,58,0.11703821656050956,10,False,-0.04248727317937121,-0.3237262065130624,1.0,0.020153260285903585,0.8224556327160494
62,fd400e6c6710,relative_weakness_reversal,"{""family"": ""relative_weakness_reversal"", ""gap_max"": -0.04, ""market_prev_return_max"": null, ""min_adv20"": 50000000.0, ""mom3_max"": -0.06, ""prev_return_percentile_max"": 0.125}",,0.1,240,False,11688.427092287906,0.16884270922879052,0.05359897370455258,0.7214487992015567,-0.08375597953148428,114,51,0.15139442231075698,10,False,-0.04248727317937121,10797.930837545082,0.07979308375450822,0.07946548482926463,1.5626520229453311,-0.009156744752313872,29,20,0.11462450592885376,10,False,-0.008935651710003888,11262.048340410493,0.12620483404104932,0.12727616971281064,1.3963940563551056,-0.010750903640181053,42,16,0.168,10,False,-0.00845340356204662,0.06271704372331977,1.9374362564201952,-0.005786493106957669,28,0.05856914638069344,0.5308073461203697,-0.08375597953148439,60,0.039008725586736404,0.9146348393766177,-0.028744480460112132,26,0.07979308375450822,1.5626520229453311,-0.009156744752313872,29,0.12620483404104932,1.3963940563551056,-0.010750903640181053,42,14213.924386112049,0.4213924386112049,0.07309969201260857,0.9839347012853223,-0.08375597953148428,185,87,0.14729299363057324,10,False,-0.04248727317937121,-0.8412032237437744,1.0,0.039008725586736404,0.8218402777777779
63,056cae56b4f9,relative_weakness_reversal,"{""family"": ""relative_weakness_reversal"", ""gap_max"": -0.04, ""market_prev_return_max"": 0.0, ""min_adv20"": 50000000.0, ""mom3_max"": -0.06, ""prev_return_percentile_max"": 0.1}",,,183,False,12339.074032382143,0.23390740323821424,0.07287406859031509,0.7900635758465531,-0.06208433636822075,87,34,0.11553784860557768,10,False,-0.04248727317937121,10594.266959976492,0.05942669599764927,0.05918499042045067,1.174866986036439,-0.009156744752313983,21,12,0.08300395256916997,10,False,-0.008935651710003888,11305.31000969167,0.13053100096916692,0.13164116127789782,1.354098716731432,-0.013686835570762113,38,13,0.152,10,False,-0.013686835570762135,0.055949657870023595,1.8602185275233891,-0.0020959314866053624,21,0.133123640683253,0.9795941883679377,-0.050966374642159584,46,0.031245474391721872,0.408098912089235,-0.06208433636822086,20,0.05942669599764927,1.174866986036439,-0.009156744752313983,21,0.13053100096916692,1.354098716731432,-0.013686835570762113,38,14778.690637754242,0.47786906377542415,0.08152170578552242,0.9397579047946439,-0.06208433636822075,146,59,0.11624203821656051,10,False,-0.04248727317937121,-0.38480341018988584,1.0,0.031245474391721872,0.8213792438271604
64,9a6792dfe864,relative_weakness_reversal,"{""family"": ""relative_weakness_reversal"", ""gap_max"": -0.04, ""market_prev_return_max"": 0.0, ""min_adv20"": 20000000.0, ""mom3_max"": -0.06, ""prev_return_percentile_max"": 0.125}",,0.08,209,False,11768.875818788923,0.17688758187889242,0.05602029408498277,0.8654214018726095,-0.05735352426852125,94,35,0.1248339973439575,10,False,-0.04248727317937121,10546.18002866647,0.054618002866646975,0.054396353716380075,1.21131533593466,-0.009156744752313983,21,12,0.08300395256916997,10,False,-0.008935651710003888,11158.703997002129,0.11587039970021284,0.11684953420729971,1.5224749909503623,-0.012453403562046494,39,13,0.156,10,False,-0.01245340356204662,0.05284376309480554,1.9001135602815529,-0.0020959314866053624,22,0.09389911944038687,0.9181164985981715,-0.05735352426852114,51,0.021865598799359454,0.6167060683901388,-0.028744480460112243,21,0.054618002866646975,1.21131533593466,-0.009156744752313983,21,0.11587039970021284,1.5224749909503623,-0.012453403562046494,39,13849.813280254273,0.3849813280254273,0.06752701791954063,1.0566740309747442,-0.05735352426852125,154,60,0.12261146496815287,10,False,-0.04248727317937121,-0.3458939340620505,1.0,0.021865598799359454,0.8213252314814815
65,744693d822ac,gap_down_reversal,"{""family"": ""gap_down_reversal"", ""gap_max"": -0.04, ""market_prev_return_max"": null, ""min_adv20"": 20000000.0, ""mom3_max"": -0.05, ""prev_return_max"": -0.03}",,0.08,371,False,11753.727756346987,0.17537277563469877,0.05556521593048247,0.8298944351675513,-0.06118494864771251,129,55,0.17131474103585656,10,False,-0.04013576297052877,10638.563877682887,0.06385638776828872,0.06359613049945856,1.3173337387652702,-0.014022999931342262,33,19,0.13043478260869565,10,False,-0.007603250896649904,11276.806914722067,0.12768069147220662,0.12876525699028685,1.5012041407387864,-0.017843286101047018,52,20,0.208,10,False,-0.017843286101046945,0.04282311877725542,1.2196369651981889,-0.01714312796208528,31,0.09093195299726897,0.8968938245467664,-0.057521927895153535,66,0.03315935933997438,0.7592433016007096,-0.030436907718870976,32,0.06385638776828872,1.3173337387652702,-0.014022999931342262,33,0.12768069147220662,1.5012041407387864,-0.017843286101047018,52,14100.833260237881,0.41008332602378816,0.07138118632080603,1.0515520654386863,-0.06118494864771251,214,94,0.17038216560509553,10,False,-0.04013576297052877,-0.4874393035977188,1.0,0.03315935933997438,0.8211072530864197
66,057ad67fe5f7,gap_down_reversal,"{""family"": ""gap_down_reversal"", ""gap_max"": -0.04, ""market_prev_return_max"": null, ""min_adv20"": 100000000.0, ""mom3_max"": -0.05, ""prev_return_max"": -0.03}",,,358,False,12536.475580117576,0.25364755801175765,0.07858787071286466,0.8070607792883084,-0.06426760328615011,120,51,0.1593625498007968,10,False,-0.04013576297052877,10680.52694966242,0.06805269496624211,0.0677747964625508,1.2737142473234384,-0.014022999931342262,33,19,0.13043478260869565,10,False,-0.007603250896649904,11458.944802498068,0.14589448024980678,0.1471435946170243,1.4319708924945653,-0.016891668275631155,51,20,0.204,10,False,-0.01689166827563112,0.04586614551433432,1.2233425708811279,-0.01714312796208517,30,0.15227698388191402,1.0644954392543045,-0.0490847237012052,63,0.04026135890983662,0.48606264621060413,-0.06426760328615022,27,0.06805269496624211,1.2737142473234384,-0.014022999931342262,33,0.14589448024980678,1.4319708924945653,-0.016891668275631155,51,15343.08767292533,0.5343087672925331,0.08968499104133465,0.9782512675565747,-0.06426760328615011,204,90,0.1624203821656051,10,False,-0.04013576297052877,-0.46665346803512997,1.0,0.04026135890983662,0.820835262345679
67,b9ef33ec7968,gap_down_reversal,"{""family"": ""gap_down_reversal"", ""gap_max"": -0.04, ""market_prev_return_max"": null, ""min_adv20"": 50000000.0, ""mom3_max"": -0.06, ""prev_return_max"": -0.015}",,0.07,371,False,11931.07514743161,0.1931075147431609,0.060868837669184606,0.9413205512028773,-0.0531838187761462,129,53,0.17131474103585656,10,False,-0.04013576297052877,10666.474037533864,0.0666474037533864,0.06637542031997601,1.4139194845423377,-0.016260269943452643,34,21,0.13438735177865613,10,False,-0.008935651710003888,11262.939475544606,0.12629394755446066,0.1273660816128277,1.5713954256320517,-0.01884328610104702,48,17,0.192,10,False,-0.018843286101046946,0.057846725568189816,1.9007365887391419,-0.005786493106957669,32,0.09753298537205213,0.9582470576365577,-0.053183818776146086,66,0.02763586646249827,0.8067429436037082,-0.02726664314356142,31,0.0666474037533864,1.4139194845423377,-0.016260269943452643,34,0.12629394755446066,1.5713954256320517,-0.01884328610104702,48,14333.498721735743,0.43334987217357424,0.07490486822794251,1.149818435094482,-0.0531838187761462,211,91,0.1679936305732484,10,False,-0.04013576297052877,-0.47259893333946046,1.0,0.02763586646249827,0.8208294753086419
68,2e1bd64f89fe,gap_down_reversal,"{""family"": ""gap_down_reversal"", ""gap_max"": -0.04, ""market_prev_return_max"": null, ""min_adv20"": 50000000.0, ""mom3_max"": -0.05, ""prev_return_max"": -0.015}",,0.06,445,False,11858.992390198035,0.18589923901980354,0.05871955274522089,0.9460470657678026,-0.059291651916446475,155,68,0.2058432934926959,10,False,-0.04013576297052877,10551.368129379754,0.055136812937975455,0.054913004045429314,1.1524472122321587,-0.01778065060674383,42,25,0.16600790513833993,10,False,-0.008935651710003888,11203.188208218353,0.12031882082183532,0.12133754871815294,1.506399294810012,-0.01984328610104702,58,23,0.232,10,False,-0.019843286101046947,0.044579715636362094,1.2093777008569129,-0.018391394433031505,38,0.07753393734547642,0.8401869170419605,-0.05929165191644681,79,0.0535987456383098,1.4112438831486978,-0.02726664314356142,38,0.055136812937975455,1.1524472122321587,-0.01778065060674383,42,0.12031882082183532,1.506399294810012,-0.01984328610104702,58,14018.391927607825,0.4018391927607825,0.07012147112876232,1.104257053200115,-0.059291651916446475,255,116,0.20302547770700638,10,False,-0.04013576297052877,-0.20640014646435612,1.0,0.044579715636362094,0.8208159722222221
69,07f5299a0551,gap_down_reversal,"{""family"": ""gap_down_reversal"", ""gap_max"": -0.04, ""market_prev_return_max"": null, ""min_adv20"": 20000000.0, ""mom3_max"": -0.06, ""prev_return_max"": -0.02}",,,357,False,12505.907800223586,0.2505907800223586,0.07770702032976051,0.8323263709762667,-0.06208433636822097,122,51,0.16201859229747675,10,False,-0.04013576297052877,10662.155359672615,0.0662155359672616,0.06594536886329339,1.230555260774382,-0.016260269943452532,31,19,0.1225296442687747,10,False,-0.008935651710003888,11559.980866697011,0.15599808666970105,0.1573394902586014,1.4393037519873295,-0.016891668275631155,46,16,0.184,10,False,-0.01689166827563112,0.05745658554632316,1.8682624524153033,-0.005786493106957669,28,0.13522597017701043,0.9972079317322147,-0.06191705228448463,64,0.04176642992033841,0.5136718450548723,-0.06208433636822075,30,0.0662155359672616,1.230555260774382,-0.016260269943452532,31,0.15599808666970105,1.4393037519873295,-0.016891668275631155,46,15414.070612963085,0.5414070612963084,0.0906945961154586,1.002984704817587,-0.06208433636822097,199,86,0.15843949044585987,10,False,-0.04013576297052877,-0.3982288897981152,1.0,0.04176642992033841,0.82015625
70,799afa8a6ec0,gap_down_reversal,"{""family"": ""gap_down_reversal"", ""gap_max"": -0.04, ""market_prev_return_max"": 0.0, ""min_adv20"": 50000000.0, ""mom3_max"": -0.06, ""prev_return_max"": -0.015}",,0.08,342,False,12164.321527412567,0.2164321527412567,0.0677648714157455,0.977350352973496,-0.046741636597765535,110,38,0.1460823373173971,10,False,-0.04013576297052877,10540.971941152493,0.05409719411524927,0.05387771201711433,1.1115633721781126,-0.017665214918014205,26,13,0.10276679841897234,10,False,-0.008935651710003888,11315.612536238077,0.13156125362380777,0.13268067952422968,1.5662881596443838,-0.017843286101047018,46,15,0.184,10,False,-0.017843286101046945,0.05259328695549548,1.811456405618909,-0.0013499896646564924,24,0.11714361015819375,1.0536903455347053,-0.04674163659776576,59,0.03447092587134826,0.9563593414806169,-0.02726664314356153,27,0.05409719411524927,1.1115633721781126,-0.017665214918014205,26,0.13156125362380777,1.5662881596443838,-0.017843286101047018,46,14509.305207962558,0.45093052079625573,0.07753722624956372,1.1243939004542238,-0.046741636597765535,182,66,0.1449044585987261,10,False,-0.04013576297052877,-0.1342130192046166,1.0,0.03447092587134826,0.8200810185185186
71,9fffb2ff48aa,relative_weakness_reversal,"{""family"": ""relative_weakness_reversal"", ""gap_max"": -0.04, ""market_prev_return_max"": 0.0, ""min_adv20"": 20000000.0, ""mom3_max"": -0.05, ""prev_return_percentile_max"": 0.125}",,0.09,249,False,11934.773932394131,0.19347739323941315,0.060978890691840926,0.872937418328534,-0.0625014257724017,111,46,0.14741035856573706,10,False,-0.04248727317937121,10543.35335345943,0.05433533534594304,0.05411486248292463,1.1334968281297406,-0.01402299993134215,26,14,0.10276679841897234,10,False,-0.008935651710003888,11388.131159325341,0.1388131159325341,0.13999797539139291,1.579477856832315,-0.010453403562046493,48,18,0.192,10,False,-0.010453403562046621,0.04240285424634971,1.1589373402852434,-0.01714312796208528,27,0.1053958613134447,0.9693738919689497,-0.06250142577240125,58,0.03576390167442112,0.9064565864028549,-0.03099278999362709,26,0.05433533534594304,1.1334968281297406,-0.01402299993134215,26,0.1388131159325341,1.579477856832315,-0.010453403562046493,48,14329.97455542657,0.432997455542657,0.07485183747464941,1.06717562371478,-0.0625014257724017,185,78,0.14729299363057324,10,False,-0.04248727317937121,-0.2605594098012066,1.0,0.03576390167442112,0.8196643518518519
72,f714be8c42d8,relative_weakness_reversal,"{""family"": ""relative_weakness_reversal"", ""gap_max"": -0.04, ""market_prev_return_max"": 0.0, ""min_adv20"": 50000000.0, ""mom3_max"": -0.06, ""prev_return_percentile_max"": 0.15}",,0.08,227,False,11792.308337491508,0.17923083374915083,0.05672348683144457,0.8410022713412008,-0.051528484514988926,100,36,0.13280212483399734,10,False,-0.04248727317937121,10546.18002866647,0.054618002866646975,0.054396353716380075,1.21131533593466,-0.009156744752313983,21,12,0.08300395256916997,10,False,-0.008935651710003888,11145.28792895936,0.11452879289593598,0.11549601443310586,1.5138738032055539,-0.012453403562046717,41,14,0.164,10,False,-0.01245340356204662,0.05284376309480554,1.9001135602815529,-0.0020959314866053624,22,0.0940023839223989,0.8845221548853374,-0.051528484514988926,53,0.023803545418834116,0.62605642461592,-0.02726664314356142,25,0.054618002866646975,1.21131533593466,-0.009156744752313983,21,0.11452879289593598,1.5138738032055539,-0.012453403562046717,41,13860.704333981756,0.3860704333981755,0.06769539357692844,1.032999826087676,-0.051528484514988926,162,62,0.12898089171974522,10,False,-0.04248727317937121,-0.37031306459345925,1.0,0.023803545418834116,0.8188175154320988
73,6bf8cc53f2ff,relative_weakness_reversal,"{""family"": ""relative_weakness_reversal"", ""gap_max"": -0.04, ""market_prev_return_max"": 0.0, ""min_adv20"": 50000000.0, ""mom3_max"": -0.05, ""prev_return_percentile_max"": 0.15}",,0.09,270,False,11969.873623327601,0.19698736233276004,0.06202211329615115,0.8624232766585722,-0.05663393588842258,119,48,0.15803452855245684,10,False,-0.04248727317937121,10543.35335345943,0.05433533534594304,0.05411486248292463,1.1334968281297406,-0.01402299993134215,26,14,0.10276679841897234,10,False,-0.008935651710003888,11374.439251864173,0.13744392518641724,0.1386164018177165,1.5712778203389135,-0.010453403562046715,50,19,0.2,10,False,-0.010453403562046621,0.04240285424634971,1.1589373402852434,-0.01714312796208528,27,0.10544308630526644,0.9445457546133176,-0.05663393588842247,62,0.038765663321305155,0.9249732895281378,-0.029518373646801543,30,0.05433533534594304,1.1334968281297406,-0.01402299993134215,26,0.13744392518641724,1.5712778203389135,-0.010453403562046715,50,14354.83889102859,0.43548388910285896,0.07522576718279161,1.0546297292118407,-0.05663393588842258,195,81,0.1552547770700637,10,False,-0.04248727317937121,-0.2710735514711684,1.0,0.038765663321305155,0.8185030864197531
74,f9d445c62e61,relative_weakness_reversal,"{""family"": ""relative_weakness_reversal"", ""gap_max"": -0.04, ""market_prev_return_max"": 0.0, ""min_adv20"": 50000000.0, ""mom3_max"": -0.06, ""prev_return_percentile_max"": 0.15}",,0.06,227,False,11476.144071074463,0.14761440710744633,0.04715605327966976,0.8189019280678892,-0.05340760652011556,100,36,0.13280212483399734,10,False,-0.04248727317937121,10528.882307973738,0.0528882307973737,0.05267377521350047,1.1534327553342467,-0.009156744752313872,21,12,0.08300395256916997,10,False,-0.008935651710003888,10940.234583648411,0.09402345836484116,0.09481023150591472,1.3777055794601594,-0.016453403562046498,41,14,0.164,10,False,-0.01645340356204662,0.047890841451417865,1.9397900810851252,-0.0020959314866054735,22,0.06625511170858345,0.7457586026512574,-0.05340760652011545,53,0.027114406730265772,0.7993201944563358,-0.02726664314356153,25,0.0528882307973737,1.1534327553342467,-0.009156744752313872,21,0.09402345836484116,1.3777055794601594,-0.016453403562046498,41,13219.191597640565,0.3219191597640565,0.05759205606992146,0.9955477844714861,-0.05340760652011556,162,62,0.12898089171974522,10,False,-0.04248727317937121,-0.3345308272663575,1.0,0.027114406730265772,0.8175597993827162
75,5e6ed336b8a6,gap_down_reversal,"{""family"": ""gap_down_reversal"", ""gap_max"": -0.04, ""market_prev_return_max"": null, ""min_adv20"": 20000000.0, ""mom3_max"": -0.06, ""prev_return_max"": -0.03}",,0.06,316,False,11508.487830591132,0.1508487830591132,0.04814279783865749,0.8559401157586474,-0.06483813949822859,109,44,0.14475431606905712,10,False,-0.04013576297052877,10693.913390496726,0.06939133904967254,0.0691077992347513,1.5207795549060779,-0.009156744752313983,27,17,0.1067193675889328,10,False,-0.007603250896649904,10966.673267712296,0.09666732677122969,0.09747719318284842,1.3559480233785948,-0.019843286101046687,43,15,0.172,10,False,-0.019843286101046947,0.06468506713340783,2.35014961950803,-0.0020959314866053624,27,0.061628282648873434,0.7263871340136183,-0.06124342227874546,57,0.01818013597029622,0.5297729213200875,-0.02875707504774072,25,0.06939133904967254,1.5207795549060779,-0.009156744752313983,27,0.09666732677122969,1.3559480233785948,-0.019843286101046687,43,13496.769466004498,0.3496769466004499,0.06201075510283349,1.0731470653835198,-0.06483813949822859,179,76,0.14251592356687898,10,False,-0.04013576297052877,-0.6648394391474305,1.0,0.01818013597029622,0.8174517746913581
76,1652bde3cfe8,relative_weakness_reversal,"{""family"": ""relative_weakness_reversal"", ""gap_max"": -0.04, ""market_prev_return_max"": 0.0, ""min_adv20"": 100000000.0, ""mom3_max"": -0.06, ""prev_return_percentile_max"": 0.1}",,,178,False,12298.461389633016,0.22984613896330153,0.07169100216026458,0.7814107512638183,-0.06208433636822086,82,32,0.10889774236387782,10,False,-0.04248727317937121,10594.266959976492,0.05942669599764927,0.05918499042045067,1.174866986036439,-0.009156744752313983,21,12,0.08300395256916997,10,False,-0.008935651710003888,11305.31000969167,0.13053100096916692,0.13164116127789782,1.354098716731432,-0.013686835570762113,38,13,0.152,10,False,-0.013686835570762135,0.05430543789151909,1.809191882032717,-0.0020959314866054735,20,0.13201909658965016,0.9711877788414279,-0.04789335750847101,44,0.030458680984239983,0.4056786420238317,-0.06208433636822108,18,0.05942669599764927,1.174866986036439,-0.009156744752313983,21,0.13053100096916692,1.354098716731432,-0.013686835570762113,38,14730.04827759044,0.47300482775904396,0.0808065561976008,0.9347977859799603,-0.06208433636822086,141,57,0.11226114649681529,10,False,-0.04248727317937121,-0.3934562347726206,1.0,0.030458680984239983,0.8172511574074074
77,76bc6688b570,relative_weakness_reversal,"{""family"": ""relative_weakness_reversal"", ""gap_max"": -0.04, ""market_prev_return_max"": null, ""min_adv20"": 100000000.0, ""mom3_max"": -0.06, ""prev_return_percentile_max"": 0.125}",,0.1,233,False,11634.32241523351,0.1634322415233509,0.05196430549916409,0.7093380578365395,-0.08078913673655397,108,48,0.14342629482071714,10,False,-0.04248727317937121,10797.930837545082,0.07979308375450822,0.07946548482926463,1.5626520229453311,-0.009156744752313872,29,20,0.11462450592885376,10,False,-0.008935651710003888,11154.50403588499,0.1154504035884989,0.11642580728559526,1.3201579280158942,-0.010750903640181053,41,16,0.164,10,False,-0.00845340356204662,0.06106228624339227,1.889763644463004,-0.005786493106957558,27,0.05753727637434536,0.5219457033047683,-0.08078913673655419,58,0.036822783625466426,1.0080033227418248,-0.028744480460112243,23,0.07979308375450822,1.5626520229453311,-0.009156744752313872,29,0.1154504035884989,1.3201579280158942,-0.010750903640181053,41,14013.02514666581,0.40130251466658096,0.07003926085140555,0.9594955147200251,-0.08078913673655397,178,84,0.14171974522292993,10,False,-0.04248727317937121,-0.8533139651087916,1.0,0.036822783625466426,0.8168981481481483
78,1c78e2b18ecc,relative_weakness_reversal,"{""family"": ""relative_weakness_reversal"", ""gap_max"": -0.04, ""market_prev_return_max"": 0.0, ""min_adv20"": 20000000.0, ""mom3_max"": -0.05, ""prev_return_percentile_max"": 0.1}",,0.1,217,False,11884.535129508813,0.1884535129508813,0.059482150031776815,0.8461986384224803,-0.05807508463177746,104,44,0.13811420982735723,10,False,-0.04248727317937121,10577.074672906445,0.057707467290644576,0.05747294227758193,1.1415634462129516,-0.015695211878756554,25,14,0.09881422924901186,10,False,-0.008935651710003888,11310.91802218287,0.13109180221828698,0.13220700516148853,1.4529844749464138,-0.009998698138259932,46,18,0.184,10,False,-0.00845340356204662,0.0398977384070176,1.0606571057817809,-0.01714312796208528,26,0.09107797773031456,0.8499619030294019,-0.05807508463177724,53,0.04745596653709172,1.1299695956098628,-0.03099278999362698,25,0.057707467290644576,1.1415634462129516,-0.015695211878756554,25,0.13109180221828698,1.4529844749464138,-0.009998698138259932,46,14218.232902115073,0.42182329021150733,0.07316494675390728,1.0253242820869146,-0.05807508463177746,175,76,0.1393312101910828,10,False,-0.04248727317937121,-0.29536480779047125,1.0,0.0398977384070176,0.8164699074074074
79,bd2aca08a342,gap_down_reversal,"{""family"": ""gap_down_reversal"", ""gap_max"": -0.04, ""market_prev_return_max"": null, ""min_adv20"": 50000000.0, ""mom3_max"": -0.06, ""prev_return_max"": -0.02}",,0.06,355,False,11682.901572564439,0.16829015725644392,0.053432261929266645,0.915297839515091,-0.054426717276885084,121,51,0.16069057104913678,10,False,-0.04013576297052877,10627.469234631499,0.06274692346314992,0.062491319492721464,1.3498619676248498,-0.015952696945496947,31,19,0.1225296442687747,10,False,-0.008935651710003888,11063.373286182183,0.10633732861821832,0.10723209632164665,1.4401573839253663,-0.01984328610104691,46,16,0.184,10,False,-0.019843286101046947,0.05326532055149835,2.0025273789894933,-0.00578649310695778,28,0.08396667982262151,0.9288922584475466,-0.054426717276885306,63,0.023285924225640908,0.6606972079595741,-0.028744480460112465,30,0.06274692346314992,1.3498619676248498,-0.015952696945496947,31,0.10633732861821832,1.4401573839253663,-0.01984328610104691,46,13736.248541151637,0.37362485411516366,0.06576497143648785,1.1012217936142854,-0.054426717276885084,198,86,0.15764331210191082,10,False,-0.04013576297052877,-0.43456412810975875,1.0,0.023285924225640908,0.8162500000000001
80,3adc6c173abd,relative_weakness_reversal,"{""family"": ""relative_weakness_reversal"", ""gap_max"": -0.04, ""market_prev_return_max"": 0.0, ""min_adv20"": 50000000.0, ""mom3_max"": -0.06, ""prev_return_percentile_max"": 0.125}",,,208,False,12396.59570565699,0.23965957056569898,0.07454527833184676,0.7943650734598869,-0.06208433636822075,93,35,0.12350597609561753,10,False,-0.04248727317937121,10594.266959976492,0.05942669599764927,0.05918499042045067,1.174866986036439,-0.009156744752313983,21,12,0.08300395256916997,10,False,-0.008935651710003888,11495.108302956296,0.14951083029562962,0.15079289512268734,1.4528894044138039,-0.013686835570762113,39,13,0.156,10,False,-0.013686835570762135,0.05621365558316671,1.8638274582672658,-0.0020959314866053624,22,0.14294226105299912,1.0237862605414243,-0.05542612139184033,50,0.026895777787206754,0.35545148156850115,-0.06208433636822086,21,0.05942669599764927,1.174866986036439,-0.009156744752313983,21,0.14951083029562962,1.4528894044138039,-0.013686835570762113,39,15096.852689710191,0.5096852689710192,0.08615354467969416,0.9659125918157734,-0.06208433636822075,153,60,0.12181528662420382,10,False,-0.04248727317937121,-0.38050191257655197,1.0,0.026895777787206754,0.8161593364197532
81,051783699ba2,gap_down_reversal,"{""family"": ""gap_down_reversal"", ""gap_max"": -0.04, ""market_prev_return_max"": null, ""min_adv20"": 20000000.0, ""mom3_max"": -0.06, ""prev_return_max"": -0.015}",,0.07,373,False,11857.800424995028,0.18578004249950286,0.0586839390688878,0.9069173642899548,-0.05417787319887346,130,53,0.17264276228419656,10,False,-0.04013576297052877,10666.474037533864,0.0666474037533864,0.06637542031997601,1.4139194845423377,-0.016260269943452643,34,21,0.13438735177865613,10,False,-0.008935651710003888,11262.939475544606,0.12629394755446066,0.1273660816128277,1.5713954256320517,-0.01884328610104702,48,17,0.192,10,False,-0.018843286101046946,0.057846725568189816,1.9007365887391419,-0.005786493106957669,32,0.09079248429613318,0.8950479984709598,-0.05417787319887313,67,0.02763586646249827,0.8067429436037082,-0.02726664314356142,31,0.0666474037533864,1.4139194845423377,-0.016260269943452643,34,0.12629394755446066,1.5713954256320517,-0.01884328610104702,48,14245.469510000665,0.42454695100006656,0.07357709411007729,1.1286208137978293,-0.05417787319887346,212,91,0.16878980891719744,10,False,-0.04013576297052877,-0.5070021202523829,1.0,0.02763586646249827,0.8160455246913579
82,4e4d8dfaf208,gap_down_reversal,"{""family"": ""gap_down_reversal"", ""gap_max"": -0.04, ""market_prev_return_max"": null, ""min_adv20"": 100000000.0, ""mom3_max"": -0.05, ""prev_return_max"": -0.015}",,,431,False,12934.75364503021,0.29347536450302103,0.089936352368303,0.931192549995183,-0.06283166446795463,148,64,0.19654714475431606,10,False,-0.04013576297052877,10649.9261465436,0.06499261465436001,0.06472758711981008,1.1587745542359,-0.02017491009692418,42,25,0.16600790513833993,10,False,-0.008935651710003888,11570.920937392075,0.15709209373920752,0.15844353318855608,1.4889084574569904,-0.016891668275631044,57,23,0.228,10,False,-0.01689166827563112,0.04705715860448745,1.1486396971778414,-0.018391394433031394,37,0.14783784723286386,1.064885322521937,-0.05957386503148998,77,0.07623529538579232,0.8885728207224387,-0.06283166446795463,34,0.06499261465436001,1.1587745542359,-0.02017491009692418,42,0.15709209373920752,1.4889084574569904,-0.016891668275631044,57,15939.426219380959,0.5939426219380959,0.09805349917702211,1.0663673951858568,-0.06283166446795463,247,112,0.19665605095541402,10,False,-0.04013576297052877,-0.22758200424071706,1.0,0.04705715860448745,0.815997299382716
83,cf581e946e3b,gap_down_reversal,"{""family"": ""gap_down_reversal"", ""gap_max"": -0.04, ""market_prev_return_max"": null, ""min_adv20"": 50000000.0, ""mom3_max"": -0.05, ""prev_return_max"": -0.015}",,0.08,445,False,12229.119238821155,0.22291192388211556,0.06966500857916391,0.9723138676400896,-0.05929165191644681,155,68,0.2058432934926959,10,False,-0.04013576297052877,10565.18144823506,0.05651814482350592,0.05628858072250975,1.1192806768412646,-0.02017491009692418,42,25,0.16600790513833993,10,False,-0.008935651710003888,11393.301502340504,0.1393301502340505,0.1405196891580256,1.559326112342695,-0.017843286101046907,58,23,0.232,10,False,-0.017843286101046945,0.0440246091314449,1.1451520408622233,-0.018391394433031505,38,0.10637090879994182,0.9654336119508513,-0.0592916519164467,79,0.058726286459720445,1.4318485897878501,-0.02726664314356142,38,0.05651814482350592,1.1192806768412646,-0.02017491009692418,42,0.1393301502340505,1.559326112342695,-0.017843286101046907,58,14720.471812166616,0.47204718121666156,0.08066553875790827,1.1222518902438179,-0.05929165191644681,255,116,0.20302547770700638,10,False,-0.04013576297052877,-0.146966809201175,1.0,0.0440246091314449,0.8158545524691359
84,6fb1dff1f31b,gap_down_reversal,"{""family"": ""gap_down_reversal"", ""gap_max"": -0.04, ""market_prev_return_max"": null, ""min_adv20"": 50000000.0, ""mom3_max"": -0.05, ""prev_return_max"": -0.015}",,0.07,445,False,11921.455618323109,0.1921455618323109,0.06058251349884003,0.9132451781474542,-0.05929165191644681,155,68,0.2058432934926959,10,False,-0.04013576297052877,10544.427296780172,0.05444272967801722,0.05422180994139847,1.1359697461442713,-0.016804095278256104,42,25,0.16600790513833993,10,False,-0.008935651710003888,11369.704085697982,0.13697040856979825,0.1381386058584011,1.5971260296823626,-0.018843286101046908,58,23,0.232,10,False,-0.018843286101046946,0.0437548354814441,1.158618438578925,-0.018391394433031394,38,0.0917595645016942,0.9080782579935375,-0.0592916519164467,79,0.04617365789823347,1.2126061603347404,-0.027266643143561642,38,0.05444272967801722,1.1359697461442713,-0.016804095278256104,42,0.13697040856979825,1.5971260296823626,-0.018843286101046908,58,14292.277657014341,0.42922776570143406,0.07428393101370268,1.1009585783450075,-0.05929165191644681,255,116,0.20302547770700638,10,False,-0.04013576297052877,-0.22272456799681706,1.0,0.0437548354814441,0.8152662037037037
85,57f32eb13e3c,relative_weakness_reversal,"{""family"": ""relative_weakness_reversal"", ""gap_max"": -0.04, ""market_prev_return_max"": null, ""min_adv20"": 50000000.0, ""mom3_max"": -0.06, ""prev_return_percentile_max"": 0.1}",,0.1,213,False,11583.531904771547,0.15835319047715468,0.05042515939587622,0.6976122157327673,-0.08628244947100006,107,49,0.14209827357237717,10,False,-0.04248727317937121,10797.930837545082,0.07979308375450822,0.07946548482926463,1.5626520229453311,-0.009156744752313872,29,20,0.11462450592885376,10,False,-0.008935651710003888,11180.39975032767,0.11803997503276698,0.11903840210553462,1.3479575855474955,-0.010750903640180831,40,15,0.16,10,False,-0.00845340356204662,0.062451420506106414,1.9339197843669977,-0.005786493106957669,27,0.04495183584331186,0.4325571783789262,-0.08339788540357995,55,0.04336351117301973,1.0201054441847266,-0.028744480460112354,25,0.07979308375450822,1.5626520229453311,-0.009156744752313872,29,0.11803997503276698,1.3479575855474955,-0.010750903640180831,40,13984.240117716043,0.39842401177160425,0.06959789143449258,0.9609083928858208,-0.08628244947100006,176,84,0.14012738853503184,10,False,-0.04248727317937121,-0.8650398072125638,1.0,0.04336351117301973,0.8150192901234569
86,624da8a6bc95,gap_down_reversal,"{""family"": ""gap_down_reversal"", ""gap_max"": -0.04, ""market_prev_return_max"": null, ""min_adv20"": 100000000.0, ""mom3_max"": -0.06, ""prev_return_max"": -0.015}",,0.06,359,False,11690.50495287473,0.16905049528747296,0.053661651765843255,0.9045290088323983,-0.054145358066492455,124,50,0.1646746347941567,10,False,-0.04013576297052877,10673.49520697612,0.06734952069761202,0.06707458286457291,1.4316587655035111,-0.015952696945497058,34,21,0.13438735177865613,10,False,-0.008935651710003888,11042.554572314926,0.10425545723149265,0.10513188856604061,1.4425221892623403,-0.019843286101046687,47,17,0.188,10,False,-0.019843286101046947,0.057025719727590074,1.9351401470961682,-0.005786493106957669,31,0.08066517412134488,0.8723796996865214,-0.054145358066492455,64,0.023426267525009425,0.7522890578194968,-0.02726664314356142,29,0.06734952069761202,1.4316587655035111,-0.015952696945497058,34,0.10425545723149265,1.4425221892623403,-0.019843286101046687,47,13778.739321669986,0.3778739321669986,0.06642560804515818,1.1063614356307814,-0.054145358066492455,205,88,0.16321656050955413,10,False,-0.04013576297052877,-0.5271297566711128,1.0,0.023426267525009425,0.8134664351851852
87,db8d13538b14,relative_weakness_reversal,"{""family"": ""relative_weakness_reversal"", ""gap_max"": -0.04, ""market_prev_return_max"": null, ""min_adv20"": 50000000.0, ""mom3_max"": -0.06, ""prev_return_percentile_max"": 0.15}",,0.1,261,False,11675.809845129035,0.16758098451290349,0.053218218836563524,0.6934111096848505,-0.08375597953148428,123,53,0.16334661354581673,10,False,-0.04248727317937121,10797.930837545082,0.07979308375450822,0.07946548482926463,1.5626520229453311,-0.009156744752313872,29,20,0.11462450592885376,10,False,-0.008935651710003888,11248.508021850525,0.12485080218505251,0.12591001380733702,1.3875882346218196,-0.01075090364018072,44,17,0.176,10,False,-0.00845340356204662,0.06390539560042074,1.9391163280100403,-0.005786493106957669,30,0.05214225297125363,0.46738110129581995,-0.08375597953148417,63,0.043060598182817156,0.9563155549550443,-0.02726664314356142,30,0.07979308375450822,1.5626520229453311,-0.009156744752313872,29,0.12485080218505251,1.3875882346218196,-0.01075090364018072,44,14181.510052460742,0.4181510052460742,0.0726082522730962,0.9575537506615309,-0.08375597953148428,196,90,0.15605095541401273,10,False,-0.04248727317937121,-0.8692409132604806,1.0,0.043060598182817156,0.8133333333333335
88,ffed92d85021,gap_down_reversal,"{""family"": ""gap_down_reversal"", ""gap_max"": -0.04, ""market_prev_return_max"": 0.0, ""min_adv20"": 20000000.0, ""mom3_max"": -0.06, ""prev_return_max"": -0.015}",,0.08,344,False,12089.614321855955,0.20896143218559549,0.06556577017894405,0.9452454040040722,-0.050952446952771346,111,38,0.14741035856573706,10,False,-0.04013576297052877,10540.971941152493,0.05409719411524927,0.05387771201711433,1.1115633721781126,-0.017665214918014205,26,13,0.10276679841897234,10,False,-0.008935651710003888,11315.612536238077,0.13156125362380777,0.13268067952422968,1.5662881596443838,-0.017843286101047018,46,15,0.184,10,False,-0.017843286101046945,0.05259328695549548,1.811456405618909,-0.0013499896646564924,24,0.11028267039001416,0.995107328735044,-0.050952446952771346,60,0.03447092587134826,0.9563593414806169,-0.02726664314356153,27,0.05409719411524927,1.1115633721781126,-0.017665214918014205,26,0.13156125362380777,1.5662881596443838,-0.017843286101047018,46,14420.196280332504,0.44201962803325046,0.0762062005166455,1.1045427589844758,-0.050952446952771346,183,66,0.14570063694267515,10,False,-0.04013576297052877,-0.16631796817404043,1.0,0.03447092587134826,0.8129475308641976
89,d9ab3d796610,relative_weakness_reversal,"{""family"": ""relative_weakness_reversal"", ""gap_max"": -0.04, ""market_prev_return_max"": 0.0, ""min_adv20"": 20000000.0, ""mom3_max"": -0.06, ""prev_return_percentile_max"": 0.1}",,,184,False,12263.293583958603,0.22632935839586033,0.07066444477300315,0.7672029113095217,-0.06208433636822086,88,34,0.11686586985391766,10,False,-0.04248727317937121,10594.266959976492,0.05942669599764927,0.05918499042045067,1.174866986036439,-0.009156744752313983,21,12,0.08300395256916997,10,False,-0.008935651710003888,11305.31000969167,0.13053100096916692,0.13164116127789782,1.354098716731432,-0.013686835570762113,38,13,0.152,10,False,-0.013686835570762135,0.055949657870023595,1.8602185275233891,-0.0020959314866053624,21,0.12616455952489836,0.932694980744017,-0.05679486659462685,47,0.031245474391721872,0.408098912089235,-0.06208433636822086,20,0.05942669599764927,1.174866986036439,-0.009156744752313983,21,0.13053100096916692,1.354098716731432,-0.013686835570762113,38,14687.927278955794,0.46879272789557946,0.08018575823211815,0.9246974609098347,-0.06208433636822086,147,59,0.11703821656050956,10,False,-0.04248727317937121,-0.40766407472691724,1.0,0.031245474391721872,0.8127989969135803
90,041c61d7f039,gap_down_reversal,"{""family"": ""gap_down_reversal"", ""gap_max"": -0.04, ""market_prev_return_max"": null, ""min_adv20"": 20000000.0, ""mom3_max"": -0.05, ""prev_return_max"": -0.015}",,0.06,447,False,11786.193915974385,0.17861939159743856,0.056540087224379754,0.9102796366900344,-0.06334027900180761,156,68,0.20717131474103587,10,False,-0.04013576297052877,10551.368129379754,0.055136812937975455,0.054913004045429314,1.1524472122321587,-0.01778065060674383,42,25,0.16600790513833993,10,False,-0.008935651710003888,11203.188208218353,0.12031882082183532,0.12133754871815294,1.506399294810012,-0.01984328610104702,58,23,0.232,10,False,-0.019843286101046947,0.044579715636362094,1.2093777008569129,-0.018391394433031505,38,0.07091930905481392,0.7718430432346522,-0.06334027900180761,80,0.0535987456383098,1.4112438831486978,-0.02726664314356142,38,0.055136812937975455,1.1524472122321587,-0.01778065060674383,42,0.12031882082183532,1.506399294810012,-0.01984328610104702,58,13932.337606142668,0.39323376061426685,0.06880021614304477,1.0827741340810795,-0.06334027900180761,256,116,0.20382165605095542,10,False,-0.04013576297052877,-0.2421675755421243,1.0,0.044579715636362094,0.8127874228395061
91,74c2c92ed53c,relative_weakness_reversal,"{""family"": ""relative_weakness_reversal"", ""gap_max"": -0.04, ""market_prev_return_max"": 0.0, ""min_adv20"": 100000000.0, ""mom3_max"": -0.06, ""prev_return_percentile_max"": 0.15}",,0.08,220,False,11743.278635267536,0.17432786352675356,0.05525107591984435,0.8311471961478265,-0.05032525312350833,95,34,0.12616201859229748,10,False,-0.04248727317937121,10546.18002866647,0.054618002866646975,0.054396353716380075,1.21131533593466,-0.009156744752313983,21,12,0.08300395256916997,10,False,-0.008935651710003888,11060.247412806528,0.10602474128065276,0.10691675380940313,1.4454595624531337,-0.012453403562046717,40,14,0.16,10,False,-0.01245340356204662,0.051204379307309145,1.8452203160663811,-0.0020959314866053624,21,0.09293597437258128,0.8736466204900951,-0.05032525312350822,51,0.022133171964127785,0.6861052629760149,-0.02726664314356153,23,0.054618002866646975,1.21131533593466,-0.009156744752313983,21,0.10602474128065276,1.4454595624531337,-0.012453403562046717,40,13697.754818616257,0.3697754818616257,0.06516506835783775,1.011605178258163,-0.05032525312350833,156,60,0.12420382165605096,10,False,-0.04248727317937121,-0.3801681397868335,1.0,0.022133171964127785,0.8126369598765432
92,ed4c99bbea56,relative_weakness_reversal,"{""family"": ""relative_weakness_reversal"", ""gap_max"": -0.045, ""market_prev_return_max"": 0.0, ""min_adv20"": 50000000.0, ""mom3_max"": -0.06, ""prev_return_percentile_max"": 0.1}",,0.1,135,False,11802.39234049886,0.18023923404988595,0.05702581426636644,0.8774790684228644,-0.05174269115535701,69,27,0.09163346613545817,10,False,-0.037434996816557,10460.165816798957,0.04601658167989564,0.04583059241456855,0.9597011907648794,-0.009156744752313983,18,9,0.07114624505928854,10,False,-0.008935651710003888,11277.829628951085,0.1277829628951086,0.12886844577012324,1.6037464707624696,-0.005623442946601442,30,10,0.12,10,False,-0.005623442946601475,0.05227652666736127,1.7684311111833637,-0.0020959314866054735,20,0.07356354746947513,0.7436877410205591,-0.05174269115535712,35,0.044750068295351664,1.1366034939921128,-0.020284269662921295,14,0.04601658167989564,0.9597011907648794,-0.009156744752313983,18,0.1277829628951086,1.6037464707624696,-0.005623442946601442,30,13923.042416220995,0.3923042416220994,0.06865711023958032,1.0527432586214978,-0.05174269115535701,117,46,0.09315286624203821,10,False,-0.037434996816557,-0.08222212234201498,1.0,0.044750068295351664,0.812579089506173
93,164f98ab4f93,relative_weakness_reversal,"{""family"": ""relative_weakness_reversal"", ""gap_max"": -0.04, ""market_prev_return_max"": 0.0, ""min_adv20"": 50000000.0, ""mom3_max"": -0.06, ""prev_return_percentile_max"": 0.15}",,,227,False,12365.601443961772,0.23656014439617712,0.07364542709530864,0.7682549390816146,-0.06065722811544183,100,36,0.13280212483399734,10,False,-0.04248727317937121,10594.266959976492,0.05942669599764927,0.05918499042045067,1.174866986036439,-0.009156744752313983,21,12,0.08300395256916997,10,False,-0.008935651710003888,11481.287777275815,0.14812877772758148,0.14939823909083794,1.444714387878516,-0.013686835570762224,41,14,0.164,10,False,-0.013686835570762135,0.05621365558316671,1.8638274582672658,-0.0020959314866053624,22,0.13600730647591308,0.9574340309660457,-0.055426121391840666,53,0.030581499355587516,0.3904804083429672,-0.06065722811544216,25,0.05942669599764927,1.174866986036439,-0.009156744752313983,21,0.14812877772758148,1.444714387878516,-0.013686835570762224,41,15041.001673466646,0.5041001673466645,0.08534614253336059,0.9429357171639019,-0.06065722811544183,162,62,0.12898089171974522,10,False,-0.04248727317937121,-0.40661204695482434,1.0,0.030581499355587516,0.8125443672839506
94,519178d41d27,relative_weakness_reversal,"{""family"": ""relative_weakness_reversal"", ""gap_max"": -0.04, ""market_prev_return_max"": 0.0, ""min_adv20"": 100000000.0, ""mom3_max"": -0.06, ""prev_return_percentile_max"": 0.15}",,0.06,220,False,11431.391931061413,0.1431391931061412,0.045787697465872856,0.8020998335233082,-0.055120460510401315,95,34,0.12616201859229748,10,False,-0.04248727317937121,10528.882307973738,0.0528882307973737,0.05267377521350047,1.1534327553342467,-0.009156744752313872,21,12,0.08300395256916997,10,False,-0.008935651710003888,10877.866428954922,0.0877866428954921,0.08851914412141282,1.3151965781814383,-0.016453403562046498,40,14,0.16,10,False,-0.01645340356204662,0.04625916986180667,1.8785059707188507,-0.0020959314866053624,21,0.06347727416860494,0.7145525953954188,-0.05512046051040187,51,0.027381222671645222,0.8931071177439354,-0.02726664314356142,23,0.0528882307973737,1.1534327553342467,-0.009156744752313872,21,0.0877866428954921,1.3151965781814383,-0.016453403562046498,40,13092.576130699614,0.30925761306996136,0.055551822350318414,0.9709359658403471,-0.055120460510401315,156,60,0.12420382165605096,10,False,-0.04248727317937121,-0.35133292181093856,1.0,0.027381222671645222,0.8121624228395063
95,7e808a5c0a4e,relative_weakness_reversal,"{""family"": ""relative_weakness_reversal"", ""gap_max"": -0.04, ""market_prev_return_max"": null, ""min_adv20"": 20000000.0, ""mom3_max"": -0.06, ""prev_return_percentile_max"": 0.125}",,0.1,241,False,11616.642593378596,0.16166425933785966,0.051429047657918,0.6930175675698476,-0.08938309405841505,115,51,0.15272244355909695,10,False,-0.04248727317937121,10797.930837545082,0.07979308375450822,0.07946548482926463,1.5626520229453311,-0.009156744752313872,29,20,0.11462450592885376,10,False,-0.008935651710003888,11262.048340410493,0.12620483404104932,0.12727616971281064,1.3963940563551056,-0.010750903640181053,42,16,0.168,10,False,-0.00845340356204662,0.06271704372331977,1.9374362564201952,-0.005786493106957669,28,0.0520679418016845,0.47871920013800967,-0.08938309405841505,61,0.039008725586736404,0.9146348393766177,-0.028744480460112132,26,0.07979308375450822,1.5626520229453311,-0.009156744752313872,29,0.12620483404104932,1.3963940563551056,-0.010750903640181053,42,14126.629540403941,0.4126629540403941,0.07177414773510216,0.9660281948356418,-0.08938309405841505,186,87,0.1480891719745223,10,False,-0.04248727317937121,-0.8696344553754836,1.0,0.039008725586736404,0.8119868827160494
96,d4eaf72bf2fb,relative_weakness_reversal,"{""family"": ""relative_weakness_reversal"", ""gap_max"": -0.04, ""market_prev_return_max"": 0.0, ""min_adv20"": 100000000.0, ""mom3_max"": -0.06, ""prev_return_percentile_max"": 0.125}",,,202,False,12356.106967651018,0.2356106967651017,0.07336947532916427,0.7865350794925485,-0.06208433636822064,88,33,0.11686586985391766,10,False,-0.04248727317937121,10594.266959976492,0.05942669599764927,0.05918499042045067,1.174866986036439,-0.009156744752313983,21,12,0.08300395256916997,10,False,-0.008935651710003888,11305.31000969167,0.13053100096916692,0.13164116127789782,1.354098716731432,-0.013686835570762113,38,13,0.152,10,False,-0.013686835570762135,0.05456902453363144,1.8129314889456618,-0.0020959314866052514,21,0.14182814598342564,1.0155197180872724,-0.05236754513549002,48,0.026138315889299824,0.3531619559436341,-0.06208433636822075,19,0.05942669599764927,1.174866986036439,-0.009156744752313983,21,0.13053100096916692,1.354098716731432,-0.013686835570762113,38,14799.09123510303,0.479909123510303,0.0818210794472638,0.9356850481181846,-0.06208433636822064,147,58,0.11703821656050956,10,False,-0.04248727317937121,-0.3883319065438904,1.0,0.026138315889299824,0.8118885030864198
97,3cf27e011276,relative_weakness_reversal,"{""family"": ""relative_weakness_reversal"", ""gap_max"": -0.04, ""market_prev_return_max"": 0.0, ""min_adv20"": 100000000.0, ""mom3_max"": -0.05, ""prev_return_percentile_max"": 0.1}",,0.1,210,False,11815.564507575997,0.18155645075759974,0.05742046886436736,0.8314784557944547,-0.049626378388571535,97,42,0.12881806108897742,10,False,-0.04248727317937121,10577.074672906445,0.057707467290644576,0.05747294227758193,1.1415634462129516,-0.015695211878756554,25,14,0.09881422924901186,10,False,-0.008935651710003888,11310.91802218287,0.13109180221828698,0.13220700516148853,1.4529844749464138,-0.009998698138259932,46,18,0.184,10,False,-0.00845340356204662,0.038278512883956894,1.0198263809116879,-0.01714312796208517,25,0.09674535904072434,0.8979060348590232,-0.04962637838857176,50,0.037611565440933026,1.054850312115608,-0.03099278999362709,22,0.057707467290644576,1.1415634462129516,-0.015695211878756554,25,0.13109180221828698,1.4529844749464138,-0.009998698138259932,46,14135.718916051825,0.4135718916051825,0.07191247188782479,1.018300817542003,-0.049626378388571535,168,74,0.1337579617834395,10,False,-0.04248727317937121,-0.3100849904184969,1.0,0.037611565440933026,0.8109452160493827
98,ee63409110e2,relative_weakness_reversal,"{""family"": ""relative_weakness_reversal"", ""gap_max"": -0.04, ""market_prev_return_max"": 0.0, ""min_adv20"": 20000000.0, ""mom3_max"": -0.05, ""prev_return_percentile_max"": 0.15}",,0.09,271,False,11896.39448549222,0.18963944854922188,0.05983584916954854,0.8323131663101743,-0.062424951502738635,120,48,0.1593625498007968,10,False,-0.04248727317937121,10543.35335345943,0.05433533534594304,0.05411486248292463,1.1334968281297406,-0.01402299993134215,26,14,0.10276679841897234,10,False,-0.008935651710003888,11374.439251864173,0.13744392518641724,0.1386164018177165,1.5712778203389135,-0.010453403562046715,50,19,0.2,10,False,-0.010453403562046621,0.04240285424634971,1.1589373402852434,-0.01714312796208528,27,0.09865713288053701,0.8875411811757373,-0.062424951502738635,63,0.038765663321305155,0.9249732895281378,-0.029518373646801543,30,0.05433533534594304,1.1334968281297406,-0.01402299993134215,26,0.13744392518641724,1.5712778203389135,-0.010453403562046715,50,14266.719231734702,0.42667192317347014,0.07389821003718677,1.0358166083485443,-0.062424951502738635,196,81,0.15605095541401273,10,False,-0.04248727317937121,-0.30118366181956635,1.0,0.038765663321305155,0.8100655864197532
99,96111490033a,relative_weakness_reversal,"{""family"": ""relative_weakness_reversal"", ""gap_max"": -0.04, ""market_prev_return_max"": 0.0, ""min_adv20"": 50000000.0, ""mom3_max"": -0.06, ""prev_return_percentile_max"": 0.175}",,0.1,242,False,12178.675173972626,0.21786751739726262,0.0681863593526768,0.9143016518212591,-0.055426121391840666,104,37,0.13811420982735723,10,False,-0.04248727317937121,10513.494855308543,0.05134948553085428,0.05114141969378272,1.0327853923191361,-0.016260269943452754,22,12,0.08695652173913043,10,False,-0.008935651710003888,11322.080370321366,0.13220803703213657,0.1333332836574137,1.465329827109948,-0.008453403562046602,42,15,0.168,10,False,-0.00845340356204662,0.06120191978831757,1.8381309010486238,-0.0013499896646564924,24,0.10725246967896052,0.9263880008342809,-0.055426121391840555,54,0.03646672187209421,0.8138517199353695,-0.02726664314356153,26,0.05134948553085428,1.0327853923191361,-0.016260269943452754,22,0.13220803703213657,1.465329827109948,-0.008453403562046602,42,14496.841385867025,0.44968413858670253,0.07735144710050479,1.0484257971282214,-0.055426121391840666,168,64,0.1337579617834395,10,False,-0.04248727317937121,-0.11848374049787702,1.0,0.03646672187209421,0.8096354166666667
100,62c6d3712402,relative_weakness_reversal,"{""family"": ""relative_weakness_reversal"", ""gap_max"": -0.04, ""market_prev_return_max"": 0.0, ""min_adv20"": 50000000.0, ""mom3_max"": -0.06, ""prev_return_percentile_max"": 0.2}",,0.1,253,False,12178.675173972626,0.21786751739726262,0.0681863593526768,0.9143016518212591,-0.055426121391840666,104,37,0.13811420982735723,10,False,-0.04248727317937121,10513.494855308543,0.05134948553085428,0.05114141969378272,1.0327853923191361,-0.016260269943452754,22,12,0.08695652173913043,10,False,-0.008935651710003888,11348.037563070857,0.13480375630708563,0.13595239308411333,1.49134649045678,-0.008453403562046602,43,15,0.172,10,False,-0.00845340356204662,0.06120191978831757,1.8381309010486238,-0.0013499896646564924,24,0.10725246967896052,0.9263880008342809,-0.055426121391840555,54,0.03646672187209421,0.8138517199353695,-0.02726664314356153,26,0.05134948553085428,1.0327853923191361,-0.016260269943452754,22,0.13480375630708563,1.49134649045678,-0.008453403562046602,43,14530.077089360007,0.45300770893600073,0.07784655767554693,1.05460745449928,-0.055426121391840666,169,64,0.13455414012738853,10,False,-0.04248727317937121,-0.11848374049787702,1.0,0.03646672187209421,0.8096354166666667
101,62620341a83a,gap_down_reversal,"{""family"": ""gap_down_reversal"", ""gap_max"": -0.04, ""market_prev_return_max"": 0.0, ""min_adv20"": 100000000.0, ""mom3_max"": -0.05, ""prev_return_max"": -0.015}",,,399,False,12615.928387118218,0.2615928387118218,0.0808707422738244,0.8590154703143904,-0.06283166446795452,128,49,0.1699867197875166,10,False,-0.04013576297052877,10589.794947768232,0.05897949477682318,0.05873965804640369,1.0783440223139849,-0.016260269943452754,33,16,0.13043478260869565,10,False,-0.008935651710003888,11669.782822640007,0.1669782822640007,0.1684207902980095,1.5768903167775115,-0.016891668275631266,54,20,0.216,10,False,-0.01689166827563112,0.04282129123127487,1.0939879658010985,-0.01714312796208517,28,0.15380876934545618,1.1058081022448984,-0.05373542461101399,70,0.048517033529254405,0.6147287650679798,-0.06283166446795463,30,0.05897949477682318,1.0783440223139849,-0.016260269943452754,33,0.1669782822640007,1.5768903167775115,-0.016891668275631266,54,15590.840901784111,0.5590840901784111,0.09319278016334209,1.0312274753911412,-0.06283166446795452,215,85,0.17117834394904458,10,False,-0.04013576297052877,-0.21932855199959445,1.0,0.04282129123127487,0.8095331790123457
102,71a4a0b34a2a,gap_down_reversal,"{""family"": ""gap_down_reversal"", ""gap_max"": -0.04, ""market_prev_return_max"": null, ""min_adv20"": 50000000.0, ""mom3_max"": -0.06, ""prev_return_max"": -0.02}",,0.08,355,False,11963.471256464341,0.1963471256464342,0.06183197595879397,0.9026989157615798,-0.054426717276885306,121,51,0.16069057104913678,10,False,-0.04013576297052877,10620.264468434421,0.06202644684344216,0.061773862243975186,1.2681175606847082,-0.016260269943452754,31,19,0.1225296442687747,10,False,-0.008935651710003888,11229.783404030832,0.12297834040308309,0.12402080761512546,1.4782001458088694,-0.017843286101046907,46,16,0.184,10,False,-0.017843286101046945,0.052724221840861674,1.8705258650172547,-0.005786493106957558,28,0.10976398020926292,1.0142391978084038,-0.054426717276885195,63,0.02402832638019703,0.595579839159264,-0.03153217461183122,30,0.06202644684344216,1.2681175606847082,-0.016260269943452754,31,0.12297834040308309,1.4782001458088694,-0.017843286101046907,46,14268.02698697371,0.426802698697371,0.07391795973538651,1.080804297119903,-0.054426717276885306,198,86,0.15764331210191082,10,False,-0.04013576297052877,-0.36541864492312837,1.0,0.02402832638019703,0.8092689043209877
103,3513a1109a7c,relative_weakness_reversal,"{""family"": ""relative_weakness_reversal"", ""gap_max"": -0.04, ""market_prev_return_max"": 0.0, ""min_adv20"": 20000000.0, ""mom3_max"": -0.06, ""prev_return_percentile_max"": 0.15}",,0.08,228,False,11719.885851702176,0.17198858517021764,0.05454712573448606,0.8087031646616196,-0.05735352426852125,101,36,0.1341301460823373,10,False,-0.04248727317937121,10546.18002866647,0.054618002866646975,0.054396353716380075,1.21131533593466,-0.009156744752313983,21,12,0.08300395256916997,10,False,-0.008935651710003888,11145.28792895936,0.11452879289593598,0.11549601443310586,1.5138738032055539,-0.012453403562046717,41,14,0.164,10,False,-0.01245340356204662,0.05284376309480554,1.9001135602815529,-0.0020959314866053624,22,0.08728356604250864,0.8249669630128458,-0.05735352426852147,54,0.023803545418834116,0.62605642461592,-0.02726664314356142,25,0.054618002866646975,1.21131533593466,-0.009156744752313983,21,0.11452879289593598,1.5138738032055539,-0.012453403562046717,41,13775.578789946718,0.37755787899467186,0.06637652494840296,1.0123270555762378,-0.05735352426852125,163,62,0.12977707006369427,10,False,-0.04248727317937121,-0.4026121712730404,1.0,0.023803545418834116,0.8092689043209877
104,1409c5e35ac8,relative_weakness_reversal,"{""family"": ""relative_weakness_reversal"", ""gap_max"": -0.04, ""market_prev_return_max"": null, ""min_adv20"": 100000000.0, ""mom3_max"": -0.06, ""prev_return_percentile_max"": 0.1}",,0.1,207,False,11529.626567757768,0.15296265677577692,0.04878670256187134,0.6840524017431806,-0.08580404169400835,101,46,0.1341301460823373,10,False,-0.04248727317937121,10797.930837545082,0.07979308375450822,0.07946548482926463,1.5626520229453311,-0.009156744752313872,29,20,0.11462450592885376,10,False,-0.008935651710003888,11180.39975032767,0.11803997503276698,0.11903840210553462,1.3479575855474955,-0.010750903640180831,40,15,0.16,10,False,-0.00845340356204662,0.06079707662828304,1.8861407063541091,-0.005786493106957558,26,0.04393323969286489,0.42360327566597994,-0.08042988308241061,53,0.04114256207489109,1.1136897832693875,-0.028744480460112354,22,0.07979308375450822,1.5626520229453311,-0.009156744752313872,29,0.11803997503276698,1.3479575855474955,-0.010750903640180831,40,13919.16280082995,0.39191628008299495,0.06859735827607016,0.9547361511177413,-0.08580404169400835,170,81,0.13535031847133758,10,False,-0.04248727317937121,-0.8785996212021505,1.0,0.04114256207489109,0.8091550925925928
105,2c12afbc038b,relative_weakness_reversal,"{""family"": ""relative_weakness_reversal"", ""gap_max"": -0.04, ""market_prev_return_max"": 0.0, ""min_adv20"": 50000000.0, ""mom3_max"": -0.06, ""prev_return_percentile_max"": 0.1}",,0.07,183,False,11518.167867805327,0.15181678678053268,0.04843775795822047,0.8421665239911996,-0.04798934658126719,87,34,0.11553784860557768,10,False,-0.04248727317937121,10530.688506836219,0.05306885068362188,0.05285364448236374,1.2277986535465775,-0.009156744752313872,21,12,0.08300395256916997,10,False,-0.008935651710003888,11014.224963949011,0.10142249639490108,0.1022740269280431,1.4249882014561583,-0.014453403562046607,38,13,0.152,10,False,-0.014453403562046618,0.05176041061026582,1.9025707580454205,-0.0020959314866053624,21,0.07569496926665442,0.8465205929797536,-0.0479893465812673,46,0.018069546736948272,0.5602778907589039,-0.028744480460112243,20,0.05306885068362188,1.2277986535465775,-0.009156744752313872,21,0.10142249639490108,1.4249882014561583,-0.014453403562046607,38,13359.620240009492,0.3359620240009491,0.05983668066493664,1.0302769376063228,-0.04798934658126719,146,59,0.11624203821656051,10,False,-0.04248727317937121,-0.38563212955537784,1.0,0.018069546736948272,0.8091415895061729
106,199689738810,relative_weakness_reversal,"{""family"": ""relative_weakness_reversal"", ""gap_max"": -0.045, ""market_prev_return_max"": 0.0, ""min_adv20"": 50000000.0, ""mom3_max"": -0.06, ""prev_return_percentile_max"": 0.125}",,0.1,148,False,11796.748325191056,0.17967483251910554,0.056856622822581526,0.868872068954457,-0.049433956689229896,75,29,0.099601593625498,10,False,-0.037434996816557,10460.165816798957,0.04601658167989564,0.04583059241456855,0.9597011907648794,-0.009156744752313983,18,9,0.07114624505928854,10,False,-0.008935651710003888,11380.765156635953,0.13807651566359525,0.1392547117289744,1.5432462438282888,-0.005623442946601442,31,10,0.124,10,False,-0.005623442946601475,0.053590196065816054,1.797193292627542,-0.0020959314866053624,22,0.07617736667287311,0.7611002477581629,-0.049433956689229785,38,0.040415322032493206,1.0370451420513698,-0.020284269662921184,15,0.04601658167989564,0.9597011907648794,-0.009156744752313983,18,0.13807651566359525,1.5432462438282888,-0.005623442946601442,31,14043.40255171668,0.40434025517166794,0.07050426135733479,1.03986015509509,-0.049433956689229896,124,48,0.09872611464968153,10,False,-0.037434996816557,-0.09082912181042235,1.0,0.040415322032493206,0.8091068672839508
107,318a787584e2,gap_down_reversal,"{""family"": ""gap_down_reversal"", ""gap_max"": -0.04, ""market_prev_return_max"": null, ""min_adv20"": 20000000.0, ""mom3_max"": -0.05, ""prev_return_max"": -0.015}",,0.08,447,False,12154.048676972987,0.2154048676972986,0.06746301089337092,0.9415255502725692,-0.06408842853920338,156,68,0.20717131474103587,10,False,-0.04013576297052877,10565.18144823506,0.05651814482350592,0.05628858072250975,1.1192806768412646,-0.02017491009692418,42,25,0.16600790513833993,10,False,-0.008935651710003888,11393.301502340504,0.1393301502340505,0.1405196891580256,1.559326112342695,-0.017843286101046907,58,23,0.232,10,False,-0.017843286101046945,0.0440246091314449,1.1451520408622233,-0.018391394433031505,38,0.09957925977648507,0.9074279371166784,-0.06408842853920338,80,0.058726286459720445,1.4318485897878501,-0.02726664314356142,38,0.05651814482350592,1.1192806768412646,-0.02017491009692418,42,0.1393301502340505,1.559326112342695,-0.017843286101046907,58,14630.107651998687,0.4630107651998687,0.07933126524831202,1.103400946370232,-0.06408842853920338,256,116,0.20382165605095542,10,False,-0.04013576297052877,-0.1777551265686954,1.0,0.0440246091314449,0.8090952932098766
108,6171368a7480,gap_down_reversal,"{""family"": ""gap_down_reversal"", ""gap_max"": -0.04, ""market_prev_return_max"": null, ""min_adv20"": 100000000.0, ""mom3_max"": -0.06, ""prev_return_max"": -0.03}",,,305,False,12379.67256849614,0.23796725684961406,0.07405413748197454,0.7754004560176694,-0.07531975493198051,102,41,0.13545816733067728,10,False,-0.04013576297052877,10728.816377167606,0.0728816377167607,0.07258335809652405,1.3708206650781862,-0.009156744752314094,27,17,0.1067193675889328,10,False,-0.007603250896649904,11257.401626859675,0.12574016268596755,0.12680733619212203,1.3055427865501152,-0.016891668275631044,42,15,0.168,10,False,-0.01689166827563112,0.06725735592298254,2.131830986357747,-0.0020959314866053624,26,0.13170408577630188,0.9344576346984074,-0.0630798556865787,54,0.024960473249808768,0.32997641352118307,-0.062096498627045915,22,0.0728816377167607,1.3708206650781862,-0.009156744752314094,27,0.12574016268596755,1.3055427865501152,-0.016891668275631044,42,14951.9945862296,0.49519945862296,0.08405445753264984,0.9405320533270611,-0.07531975493198051,171,73,0.13614649681528662,10,False,-0.04013576297052877,-0.5954202090605168,1.0,0.024960473249808768,0.8090219907407408
109,99e1fd7ba71b,relative_weakness_reversal,"{""family"": ""relative_weakness_reversal"", ""gap_max"": -0.04, ""market_prev_return_max"": 0.0, ""min_adv20"": 100000000.0, ""mom3_max"": -0.06, ""prev_return_percentile_max"": 0.15}",,,220,False,12325.768551700183,0.23257685517001825,0.07248675907278179,0.7615497576670863,-0.06065722811544205,95,34,0.12616201859229748,10,False,-0.04248727317937121,10594.266959976492,0.05942669599764927,0.05918499042045067,1.174866986036439,-0.009156744752313983,21,12,0.08300395256916997,10,False,-0.008935651710003888,11291.717677788663,0.1291717677788664,0.1302697154007515,1.345396686929458,-0.013686835570762224,40,14,0.16,10,False,-0.013686835570762135,0.05456902453363144,1.8129314889456618,-0.0020959314866052514,21,0.13489995144808864,0.9495206354494957,-0.05236754513549002,51,0.029867659091254106,0.391234638421091,-0.06065722811544183,23,0.05942669599764927,1.174866986036439,-0.009156744752313983,21,0.1291717677788664,1.345396686929458,-0.013686835570762224,40,14745.005263212019,0.4745005263212019,0.08102665749147442,0.9135672475965778,-0.06065722811544205,156,60,0.12420382165605096,10,False,-0.04248727317937121,-0.4133172283693526,1.0,0.029867659091254106,0.8090181327160494
110,abc205c92936,gap_down_reversal,"{""family"": ""gap_down_reversal"", ""gap_max"": -0.04, ""market_prev_return_max"": null, ""min_adv20"": 20000000.0, ""mom3_max"": -0.06, ""prev_return_max"": -0.02}",,0.06,357,False,11611.151008645826,0.16111510086458258,0.05126267923169814,0.8770329722501244,-0.05729337166012316,122,51,0.16201859229747675,10,False,-0.04013576297052877,10627.469234631499,0.06274692346314992,0.062491319492721464,1.3498619676248498,-0.015952696945496947,31,19,0.1225296442687747,10,False,-0.008935651710003888,11063.373286182183,0.10633732861821832,0.10723209632164665,1.4401573839253663,-0.01984328610104691,46,16,0.184,10,False,-0.019843286101046947,0.05326532055149835,2.0025273789894933,-0.00578649310695778,28,0.07730949624000005,0.8576183348972979,-0.05729337166012305,64,0.023285924225640908,0.6606972079595741,-0.028744480460112465,30,0.06274692346314992,1.3498619676248498,-0.015952696945496947,31,0.10633732861821832,1.4401573839253663,-0.01984328610104691,46,13651.887342622977,0.3651887342622977,0.06444848735810282,1.0780964274971419,-0.05729337166012316,199,86,0.15843949044585987,10,False,-0.04013576297052877,-0.47282899537472534,1.0,0.023285924225640908,0.8088503086419754
111,1456739242ec,relative_weakness_reversal,"{""family"": ""relative_weakness_reversal"", ""gap_max"": -0.04, ""market_prev_return_max"": null, ""min_adv20"": 100000000.0, ""mom3_max"": -0.06, ""prev_return_percentile_max"": 0.15}",,0.1,253,False,11622.27559850652,0.16222755985065196,0.05159964607997747,0.6827027651198623,-0.08225796351377102,117,50,0.1553784860557769,10,False,-0.04248727317937121,10797.930837545082,0.07979308375450822,0.07946548482926463,1.5626520229453311,-0.009156744752313872,29,20,0.11462450592885376,10,False,-0.008935651710003888,11141.093017439756,0.1141093017439756,0.11507280102978568,1.3109617622713658,-0.01075090364018072,43,17,0.172,10,False,-0.00845340356204662,0.06224878773692333,1.8922317066517107,-0.005786493106957558,29,0.051116647759761324,0.4589839374401933,-0.08225796351377068,61,0.04091198960066089,1.0714986098436678,-0.02726664314356142,27,0.07979308375450822,1.5626520229453311,-0.009156744752313872,29,0.1141093017439756,1.3109617622713658,-0.01075090364018072,43,13981.684927892607,0.3981684927892608,0.06955867686470962,0.9343810406660749,-0.08225796351377102,189,87,0.15047770700636942,10,False,-0.04248727317937121,-0.8799492578254688,1.0,0.04091198960066089,0.808576388888889
112,60f714b4c39a,relative_weakness_reversal,"{""family"": ""relative_weakness_reversal"", ""gap_max"": -0.04, ""market_prev_return_max"": 0.0, ""min_adv20"": 20000000.0, ""mom3_max"": -0.06, ""prev_return_percentile_max"": 0.125}",,,209,False,12320.461987759303,0.23204619877593036,0.07233221259627376,0.7719064626545864,-0.06208433636822086,94,35,0.1248339973439575,10,False,-0.04248727317937121,10594.266959976492,0.05942669599764927,0.05918499042045067,1.174866986036439,-0.009156744752313983,21,12,0.08300395256916997,10,False,-0.008935651710003888,11495.108302956296,0.14951083029562962,0.15079289512268734,1.4528894044138039,-0.013686835570762113,39,13,0.156,10,False,-0.013686835570762135,0.05621365558316671,1.8638274582672658,-0.0020959314866053624,22,0.1359228788175486,0.9778035876943756,-0.06122722380051704,51,0.026895777787206754,0.35545148156850115,-0.06208433636822086,21,0.05942669599764927,1.174866986036439,-0.009156744752313983,21,0.14951083029562962,1.4528894044138039,-0.013686835570762113,39,15004.135338018486,0.5004135338018487,0.08481187565643356,0.9512278870995959,-0.06208433636822086,154,60,0.12261146496815287,10,False,-0.04248727317937121,-0.4029605233818525,1.0,0.026895777787206754,0.8080960648148148
113,cfb2e2bbfeb5,gap_down_reversal,"{""family"": ""gap_down_reversal"", ""gap_max"": -0.04, ""market_prev_return_max"": null, ""min_adv20"": 100000000.0, ""mom3_max"": -0.05, ""prev_return_max"": -0.03}",,0.06,358,False,11469.223928799816,0.14692239287998166,0.04694469311241156,0.8286564550752646,-0.061503999070129156,120,51,0.1593625498007968,10,False,-0.04013576297052877,10645.781058162644,0.06457810581626444,0.06431481908344128,1.4036290920810188,-0.014022999931342262,33,19,0.13043478260869565,10,False,-0.007603250896649904,11046.65539471893,0.10466553947189294,0.10554558015887072,1.3963751893670122,-0.01984328610104691,51,20,0.204,10,False,-0.019843286101046947,0.04175143699550787,1.252449146915521,-0.01714312796208528,30,0.07340250322302144,0.8550370473794414,-0.058449614119404525,63,0.025669214112076233,0.7823739209021714,-0.03100535542669125,27,0.06457810581626444,1.4036290920810188,-0.014022999931342262,33,0.10466553947189294,1.3963751893670122,-0.01984328610104691,51,13487.838852781251,0.3487838852781251,0.061869726841203176,1.04970268998971,-0.061503999070129156,204,90,0.1624203821656051,10,False,-0.04013576297052877,-0.5749726370057542,1.0,0.025669214112076233,0.8080555555555556
114,83027190b627,gap_down_reversal,"{""family"": ""gap_down_reversal"", ""gap_max"": -0.035, ""market_prev_return_max"": null, ""min_adv20"": 50000000.0, ""mom3_max"": -0.06, ""prev_return_max"": -0.015}",,,553,False,13139.159650707921,0.3139159650707921,0.09567055392435453,0.9734061524710474,-0.06892225735864932,168,70,0.22310756972111553,10,False,-0.04231703936046063,10643.367653574012,0.06433676535740118,0.06407449188308778,1.130434023935481,-0.021924174291400478,40,24,0.15810276679841898,10,False,-0.014430643195566407,11674.82559362206,0.16748255936220602,0.16892973081887908,1.4619326758875302,-0.016891668275631155,63,24,0.252,10,False,-0.01689166827563112,0.08580294286231127,2.0593653163892176,-0.005786493106957669,41,0.11619693231955774,0.850924913729739,-0.06620185430325276,86,0.0841159916371641,0.9612829230801502,-0.06892225735864943,41,0.06433676535740118,1.130434023935481,-0.021924174291400478,40,0.16748255936220602,1.4619326758875302,-0.016891668275631155,63,16326.648972972189,0.6326648972972189,0.10335435695272288,1.0874101418855848,-0.06892225735864932,271,118,0.2157643312101911,10,False,-0.04231703936046063,-0.15702787146443364,1.0,0.06433676535740118,0.8076446759259259
115,652ad926ef5c,gap_down_reversal,"{""family"": ""gap_down_reversal"", ""gap_max"": -0.04, ""market_prev_return_max"": null, ""min_adv20"": 50000000.0, ""mom3_max"": -0.06, ""prev_return_max"": -0.03}",,,314,False,12400.726466655842,0.24007264666558426,0.07466509294205226,0.7761655685938303,-0.07440455321887252,108,44,0.14342629482071714,10,False,-0.04013576297052877,10728.816377167606,0.0728816377167607,0.07258335809652405,1.3708206650781862,-0.009156744752314094,27,17,0.1067193675889328,10,False,-0.007603250896649904,11444.919888497123,0.14449198884971226,0.14572834916157285,1.3877042725205349,-0.016891668275631044,43,15,0.172,10,False,-0.01689166827563112,0.06892177479416262,2.1806742130168058,-0.0020959314866053624,27,0.13280832250465346,0.9424069254417675,-0.06136973939183599,56,0.024105675312210417,0.3129712277815296,-0.062096498627045804,25,0.0728816377167607,1.3708206650781862,-0.009156744752314094,27,0.14449198884971226,1.3877042725205349,-0.016891668275631044,43,15226.907079581571,0.5226907079581571,0.08802444444445179,0.9622446014637088,-0.07440455321887252,178,76,0.14171974522292993,10,False,-0.04013576297052877,-0.5946550964843559,1.0,0.024105675312210417,0.8070891203703705
116,d12ad3382d97,gap_down_reversal,"{""family"": ""gap_down_reversal"", ""gap_max"": -0.04, ""market_prev_return_max"": 0.0, ""min_adv20"": 50000000.0, ""mom3_max"": -0.05, ""prev_return_max"": -0.015}",,0.08,411,False,12045.25294814143,0.20452529481414294,0.06425565565255842,0.9156393070051376,-0.05289102772427878,133,51,0.17662682602921648,10,False,-0.04013576297052877,10505.528731679102,0.05055287316791013,0.0503481118373883,1.0318108639440486,-0.016541784215441058,33,16,0.13043478260869565,10,False,-0.008935651710003888,11490.645808106146,0.14906458081061458,0.15034257465146283,1.664125538932289,-0.017843286101046907,55,20,0.22,10,False,-0.017843286101046945,0.041139633377548224,1.1175330845464242,-0.01714312796208528,29,0.11212612460852323,1.0169722559954817,-0.05289102772427856,72,0.04028635622764054,1.083879603208325,-0.029518373646801432,32,0.05055287316791013,1.0318108639440486,-0.016541784215441058,33,0.14906458081061458,1.664125538932289,-0.017843286101046907,55,14540.464398402286,0.45404643984022863,0.07800111120287312,1.1015155726436225,-0.05289102772427878,221,87,0.17595541401273884,10,False,-0.04013576297052877,-0.11617155693891101,1.0,0.04028635622764054,0.8067689043209877
117,d9061d2ccdcf,gap_down_reversal,"{""family"": ""gap_down_reversal"", ""gap_max"": -0.04, ""market_prev_return_max"": null, ""min_adv20"": 20000000.0, ""mom3_max"": -0.05, ""prev_return_max"": -0.015}",,0.07,447,False,11848.273702778899,0.18482737027788998,0.058399212912594756,0.8801290656955986,-0.061478469873323394,156,68,0.20717131474103587,10,False,-0.04013576297052877,10544.427296780172,0.05444272967801722,0.05422180994139847,1.1359697461442713,-0.016804095278256104,42,25,0.16600790513833993,10,False,-0.008935651710003888,11369.704085697982,0.13697040856979825,0.1381386058584011,1.5971260296823626,-0.018843286101046908,58,23,0.232,10,False,-0.018843286101046946,0.0437548354814441,1.158618438578925,-0.018391394433031394,38,0.08505760974030241,0.8452035689124284,-0.06147846987332317,80,0.04617365789823347,1.2126061603347404,-0.027266643143561642,38,0.05444272967801722,1.1359697461442713,-0.016804095278256104,42,0.13697040856979825,1.5971260296823626,-0.018843286101046908,58,14204.542040667076,0.42045420406670764,0.07295753673209715,1.080847251160176,-0.061478469873323394,256,116,0.20382165605095542,10,False,-0.04013576297052877,-0.2558406804486727,1.0,0.0437548354814441,0.8066512345679013
118,65ead6846d6b,relative_weakness_reversal,"{""family"": ""relative_weakness_reversal"", ""gap_max"": -0.05, ""market_prev_return_max"": 0.0, ""min_adv20"": 50000000.0, ""mom3_max"": -0.06, ""prev_return_percentile_max"": 0.15}",,0.1,119,False,11657.294137142917,0.16572941371429173,0.05265896819391469,0.8570057467967054,-0.04306859479177827,61,28,0.08100929614873838,10,False,-0.022487039073892566,10460.165816798957,0.04601658167989564,0.04583059241456855,0.9597011907648794,-0.009156744752313983,18,9,0.07114624505928854,10,False,-0.008935651710003888,11068.307919147117,0.10683079191471179,0.10772991050151304,1.3015862798024627,-0.005623442946601442,27,7,0.108,10,False,-0.005623442946601475,0.044270762579524225,1.7436287487071378,-0.0020959314866052514,17,0.06488012456241421,0.7010424542237168,-0.0430685947917786,27,0.0482959662717064,1.1812644539973225,-0.020284269662921295,17,0.04601658167989564,0.9597011907648794,-0.009156744752313983,18,0.10683079191471179,1.3015862798024627,-0.005623442946601442,27,13496.388045707812,0.3496388045707812,0.06200473340870949,0.9736204342773146,-0.04306859479177827,106,44,0.08439490445859872,10,False,-0.022487039073892566,-0.10269544396817398,1.0,0.044270762579524225,0.8060706018518519
119,f4be4b4b842d,relative_weakness_reversal,"{""family"": ""relative_weakness_reversal"", ""gap_max"": -0.05, ""market_prev_return_max"": 0.0, ""min_adv20"": 50000000.0, ""mom3_max"": -0.05, ""prev_return_percentile_max"": 0.125}",,0.1,134,False,11699.985308272142,0.16999853082721428,0.05394752991473384,0.8724998912455739,-0.034701898723111135,67,35,0.08897742363877822,10,False,-0.022487039073892566,10467.616926358178,0.046761692635817864,0.04657262526111139,0.9709299726671501,-0.009156744752313983,21,11,0.08300395256916997,10,False,-0.008935651710003888,11098.49280962812,0.10984928096281199,0.11077505229368678,1.4663905915191897,-0.009753281851684337,32,13,0.128,10,False,-0.006758472194223553,0.030242032015877385,0.987550055877874,-0.01714312796208528,20,0.0887573658870977,0.9377617153449557,-0.034701898723111246,30,0.043073581338088696,1.0828227602614966,-0.020284269662921295,17,0.046761692635817864,0.9709299726671501,-0.009156744752313983,21,0.10984928096281199,1.4663905915191897,-0.009753281851684337,32,13592.431161280738,0.3592431161280738,0.06351674217926173,1.0204989724885005,-0.034701898723111135,120,59,0.09554140127388536,10,False,-0.022487039073892566,-0.09843008142157617,1.0,0.030242032015877385,0.8059008487654321
120,01426ad8db8c,relative_weakness_reversal,"{""family"": ""relative_weakness_reversal"", ""gap_max"": -0.04, ""market_prev_return_max"": 0.0, ""min_adv20"": 100000000.0, ""mom3_max"": -0.05, ""prev_return_percentile_max"": 0.125}",,0.09,241,False,11877.220696949222,0.18772206969492222,0.05926388377998637,0.8625881485802867,-0.054092422116332806,104,44,0.13811420982735723,10,False,-0.04248727317937121,10543.35335345943,0.05433533534594304,0.05411486248292463,1.1334968281297406,-0.01402299993134215,26,14,0.10276679841897234,10,False,-0.008935651710003888,11290.288944092805,0.12902889440928056,0.13012555908319245,1.511664442330038,-0.010453403562046493,47,18,0.188,10,False,-0.010453403562046621,0.040779728005597926,1.1169072703001355,-0.01714312796208517,26,0.11113761394055222,1.0174201064507298,-0.054092422116332695,55,0.02704187773297506,0.8140345099148419,-0.030992789993626757,23,0.05433533534594304,1.1334968281297406,-0.01402299993134215,26,0.12902889440928056,1.511664442330038,-0.010453403562046493,47,14138.34727603668,0.413834727603668,0.07195245760582636,1.0449421870412507,-0.054092422116332806,177,76,0.1409235668789809,10,False,-0.04248727317937121,-0.27090867954945397,1.0,0.02704187773297506,0.8053125
121,616120bd682e,relative_weakness_reversal,"{""family"": ""relative_weakness_reversal"", ""gap_max"": -0.04, ""market_prev_return_max"": 0.0, ""min_adv20"": 20000000.0, ""mom3_max"": -0.06, ""prev_return_percentile_max"": 0.15}",,0.06,228,False,11405.663308774405,0.14056633087744053,0.04499939666589858,0.7807299737732072,-0.059221105642008,101,36,0.1341301460823373,10,False,-0.04248727317937121,10528.882307973738,0.0528882307973737,0.05267377521350047,1.1534327553342467,-0.009156744752313872,21,12,0.08300395256916997,10,False,-0.008935651710003888,10940.234583648411,0.09402345836484116,0.09481023150591472,1.3777055794601594,-0.016453403562046498,41,14,0.164,10,False,-0.01645340356204662,0.047890841451417865,1.9397900810851252,-0.0020959314866054735,22,0.059706703757782975,0.6756824047291258,-0.05922110564200744,54,0.027114406730265772,0.7993201944563358,-0.02726664314356153,25,0.0528882307973737,1.1534327553342467,-0.009156744752313872,21,0.09402345836484116,1.3777055794601594,-0.016453403562046498,41,13138.00590538871,0.313800590538871,0.056285667569119235,0.972016788587412,-0.059221105642008,163,62,0.12977707006369427,10,False,-0.04248727317937121,-0.37270278156103953,1.0,0.027114406730265772,0.804249614197531
122,6ba41b2eee80,relative_weakness_reversal,"{""family"": ""relative_weakness_reversal"", ""gap_max"": -0.045, ""market_prev_return_max"": 0.0, ""min_adv20"": 50000000.0, ""mom3_max"": -0.05, ""prev_return_percentile_max"": 0.125}",,0.1,181,False,11776.852103416222,0.1776852103416222,0.056259761044114454,0.8459809372342516,-0.04801843654620419,89,41,0.11819389110225764,10,False,-0.037434996816557,10467.616926358178,0.046761692635817864,0.04657262526111139,0.9709299726671501,-0.009156744752313983,21,11,0.08300395256916997,10,False,-0.008935651710003888,11580.805128964637,0.15808051289646374,0.15944102677781724,1.6798209384754037,-0.009753281851684337,40,15,0.16,10,False,-0.006758472194223553,0.03603954114216279,1.0517754634067595,-0.01714312796208528,26,0.08393950836455089,0.827161449712033,-0.04801843654620386,44,0.04869173233209301,1.2162025891076151,-0.020284269662921517,19,0.046761692635817864,0.9709299726671501,-0.009156744752313983,21,0.15808051289646374,1.6798209384754037,-0.009753281851684337,40,14276.304276453307,0.42763042764533066,0.07404292967315329,1.0640419404594357,-0.04801843654620419,150,67,0.11942675159235669,10,False,-0.037434996816557,-0.12494903543289848,1.0,0.03603954114216279,0.804141589506173
123,74f2d5779add,relative_weakness_reversal,"{""family"": ""relative_weakness_reversal"", ""gap_max"": -0.04, ""market_prev_return_max"": 0.0, ""min_adv20"": 20000000.0, ""mom3_max"": -0.06, ""prev_return_percentile_max"": 0.15}",,,228,False,12289.65807738573,0.228965807738573,0.07143421463663246,0.7464253886285123,-0.061227223800516595,101,36,0.1341301460823373,10,False,-0.04248727317937121,10594.266959976492,0.05942669599764927,0.05918499042045067,1.174866986036439,-0.009156744752313983,21,12,0.08300395256916997,10,False,-0.008935651710003888,11481.287777275815,0.14812877772758148,0.14939823909083794,1.444714387878516,-0.013686835570762224,41,14,0.164,10,False,-0.013686835570762135,0.05621365558316671,1.8638274582672658,-0.0020959314866053624,22,0.12903051527819143,0.9128829454946569,-0.06122722380051704,54,0.030581499355587516,0.3904804083429672,-0.06065722811544216,25,0.05942669599764927,1.174866986036439,-0.009156744752313983,21,0.14812877772758148,1.444714387878516,-0.013686835570762224,41,14948.627330905509,0.49486273309055084,0.08400547085200838,0.9285374678204714,-0.061227223800516595,163,62,0.12977707006369427,10,False,-0.04248727317937121,-0.42844159740792664,1.0,0.030581499355587516,0.8040991512345679
124,4cf93dedbbb1,relative_weakness_reversal,"{""family"": ""relative_weakness_reversal"", ""gap_max"": -0.04, ""market_prev_return_max"": 0.0, ""min_adv20"": 100000000.0, ""mom3_max"": -0.06, ""prev_return_percentile_max"": 0.1}",,0.07,178,False,11480.625558132535,0.14806255581325356,0.0472928849778389,0.8305437959381117,-0.04565657524621147,82,32,0.10889774236387782,10,False,-0.04248727317937121,10530.688506836219,0.05306885068362188,0.05285364448236374,1.2277986535465775,-0.009156744752313872,21,12,0.08300395256916997,10,False,-0.008935651710003888,11014.224963949011,0.10142249639490108,0.1022740269280431,1.4249882014561583,-0.014453403562046607,38,13,0.152,10,False,-0.014453403562046618,0.05012271371170951,1.8465447834339048,-0.0020959314866052514,20,0.0746464053834528,0.8332901761865423,-0.04490668968562117,44,0.017325452078233994,0.6054699134174333,-0.028744480460112243,18,0.05306885068362188,1.2277986535465775,-0.009156744752313872,21,0.10142249639490108,1.4249882014561583,-0.014453403562046607,38,13316.075901541984,0.3316075901541984,0.05914268950983903,1.0243626191548998,-0.04565657524621147,141,57,0.11226114649681529,10,False,-0.04248727317937121,-0.3972548576084658,1.0,0.017325452078233994,0.8038599537037037
125,277bae4aff89,gap_down_reversal,"{""family"": ""gap_down_reversal"", ""gap_max"": -0.04, ""market_prev_return_max"": null, ""min_adv20"": 100000000.0, ""mom3_max"": -0.06, ""prev_return_max"": -0.015}",,0.05,359,False,11513.221843652254,0.1513221843652255,0.048287068421801305,0.8944036220324745,-0.06056458081571614,124,50,0.1646746347941567,10,False,-0.04013576297052877,10591.723286702374,0.05917232867023747,0.058931686181186826,1.288492061345305,-0.017362691408105424,34,21,0.13438735177865613,10,False,-0.008935651710003888,10888.137363849522,0.08881373638495216,0.08955515543468473,1.456729967585478,-0.01601933697218938,47,17,0.188,10,False,-0.016019336972189425,0.06391349668165591,1.9423910245773484,-0.005786493106957558,31,0.05483259873356561,0.6795902872951799,-0.060564580815715696,64,0.025904681926327333,0.9267453884952062,-0.02404184495449435,29,0.05917232867023747,1.288492061345305,-0.017362691408105424,34,0.08881373638495216,1.456729967585478,-0.01601933697218938,47,13277.523854760733,0.3277523854760733,0.058526747714901184,1.083028637054687,-0.06056458081571614,205,88,0.16321656050955413,10,False,-0.04013576297052877,-0.39408843931283055,1.0,0.025904681926327333,0.8035185185185186
126,954210b79662,relative_weakness_reversal,"{""family"": ""relative_weakness_reversal"", ""gap_max"": -0.04, ""market_prev_return_max"": 0.0, ""min_adv20"": 50000000.0, ""mom3_max"": -0.05, ""prev_return_percentile_max"": 0.1}",,0.09,216,False,11781.529772298665,0.17815297722986645,0.05640014555041839,0.8419878856914809,-0.0522572016781373,103,44,0.13678618857901725,10,False,-0.04248727317937121,10525.471880116502,0.05254718801165015,0.05233414939564773,1.0920147439911532,-0.015695211878756554,25,14,0.09881422924901186,10,False,-0.008935651710003888,11193.490599963896,0.11934905999638956,0.12035914431762174,1.4456381553569226,-0.010453403562046493,46,18,0.184,10,False,-0.010453403562046621,0.03787185222745992,1.0460330105647435,-0.01714312796208528,26,0.0913873265094669,0.889064620190696,-0.05225720167813719,52,0.040109456622172024,1.0239220295055649,-0.03099278999362698,25,0.05254718801165015,1.0920147439911532,-0.015695211878756554,25,0.11934905999638956,1.4456381553569226,-0.010453403562046493,46,13880.617899140672,0.38806178991406726,0.06800298396014925,1.0121749516854681,-0.0522572016781373,174,76,0.13853503184713375,10,False,-0.04248727317937121,-0.2500268582996723,1.0,0.03787185222745992,0.8032465277777778
127,ec78e4e75aca,gap_down_reversal,"{""family"": ""gap_down_reversal"", ""gap_max"": -0.045, ""market_prev_return_max"": null, ""min_adv20"": 50000000.0, ""mom3_max"": -0.06, ""prev_return_max"": -0.015}",,,263,False,12229.204712839315,0.22292047128393144,0.06966751060209186,0.792501113966177,-0.06597826437364063,101,45,0.1341301460823373,10,False,-0.04013576297052877,10615.861786312527,0.06158617863125282,0.0613354381594029,1.1332584748239114,-0.01626026994345242,28,17,0.11067193675889328,10,False,-0.008935651710003888,11453.565962499599,0.1453565962499599,0.1466008175382585,1.4288604133878562,-0.005874945913410867,36,13,0.144,10,False,-0.005874945913410923,0.04734587119388323,1.5689028928614173,-0.007208339749847359,29,0.0931622014794018,0.7631786687005069,-0.06597826437364107,47,0.06812845152169333,0.8220202769467504,-0.05391453546137892,25,0.06158617863125282,1.1332584748239114,-0.01626026994345242,28,0.1453565962499599,1.4288604133878562,-0.005874945913410867,36,14869.425589129976,0.48694255891299765,0.08285069573469284,0.968472292720659,-0.06597826437364063,165,75,0.13136942675159236,10,False,-0.04013576297052877,-0.34075736085773445,1.0,0.04734587119388323,0.8031500771604938
128,eae4d1527abf,relative_weakness_reversal,"{""family"": ""relative_weakness_reversal"", ""gap_max"": -0.04, ""market_prev_return_max"": 0.0, ""min_adv20"": 100000000.0, ""mom3_max"": -0.06, ""prev_return_percentile_max"": 0.175}",,0.1,235,False,12105.018420590291,0.21050184205902922,0.06601994774419095,0.9018043420950411,-0.052367545135490245,99,35,0.13147410358565736,10,False,-0.04248727317937121,10513.494855308543,0.05134948553085428,0.05114141969378272,1.0327853923191361,-0.016260269943452754,22,12,0.08695652173913043,10,False,-0.008935651710003888,11213.962803924587,0.12139628039245864,0.12242461973911056,1.3907295314530412,-0.008453403562046602,41,15,0.164,10,False,-0.00845340356204662,0.05954952150896897,1.7917380162212673,-0.0013499896646564924,23,0.1061731442359104,0.9164219280985951,-0.052367545135490134,52,0.03281154646182438,0.8784183870025072,-0.027266643143561753,24,0.05134948553085428,1.0327853923191361,-0.016260269943452754,22,0.12139628039245864,1.3907295314530412,-0.008453403562046602,41,14271.567384357455,0.42715673843574553,0.07397141949836694,1.0234909125809162,-0.052367545135490245,162,62,0.12898089171974522,10,False,-0.04248727317937121,-0.130981050224095,1.0,0.03281154646182438,0.8029108796296297
129,3f69e819079b,relative_weakness_reversal,"{""family"": ""relative_weakness_reversal"", ""gap_max"": -0.04, ""market_prev_return_max"": 0.0, ""min_adv20"": 100000000.0, ""mom3_max"": -0.06, ""prev_return_percentile_max"": 0.2}",,0.1,245,False,12105.018420590291,0.21050184205902922,0.06601994774419095,0.9018043420950411,-0.052367545135490245,99,35,0.13147410358565736,10,False,-0.04248727317937121,10513.494855308543,0.05134948553085428,0.05114141969378272,1.0327853923191361,-0.016260269943452754,22,12,0.08695652173913043,10,False,-0.008935651710003888,11239.672124514651,0.12396721245146503,0.12501851947249798,1.4174599417088285,-0.008453403562046602,42,15,0.168,10,False,-0.00845340356204662,0.05954952150896897,1.7917380162212673,-0.0013499896646564924,23,0.1061731442359104,0.9164219280985951,-0.052367545135490134,52,0.03281154646182438,0.8784183870025072,-0.027266643143561753,24,0.05134948553085428,1.0327853923191361,-0.016260269943452754,22,0.12396721245146503,1.4174599417088285,-0.008453403562046602,42,14304.286620868446,0.4304286620868447,0.07446497673868757,1.0297894728814425,-0.052367545135490245,163,62,0.12977707006369427,10,False,-0.04248727317937121,-0.130981050224095,1.0,0.03281154646182438,0.8029108796296297
130,1d06edc05994,gap_down_reversal,"{""family"": ""gap_down_reversal"", ""gap_max"": -0.04, ""market_prev_return_max"": null, ""min_adv20"": 100000000.0, ""mom3_max"": -0.06, ""prev_return_max"": -0.015}",,0.08,359,False,11990.115853250305,0.1990115853250305,0.06262282175736678,0.8998332932053434,-0.05318381877614631,124,50,0.1646746347941567,10,False,-0.04013576297052877,10687.468408440302,0.06874684084403015,0.06846601789595952,1.3803548904469172,-0.016260269943452754,34,21,0.13438735177865613,10,False,-0.008935651710003888,11187.471697443272,0.1187471697443272,0.1197518927677792,1.4793284623425056,-0.017843286101047018,47,17,0.188,10,False,-0.017843286101046945,0.05648105114266766,1.8238265142627121,-0.00578649310695778,31,0.11027909728695118,0.9914390188787522,-0.05318381877614642,64,0.022185000356054196,0.6287367615668096,-0.027306406345016687,29,0.06874684084403015,1.3803548904469172,-0.016260269943452754,34,0.1187471697443272,1.4793284623425056,-0.017843286101047018,47,14336.071986183735,0.4336071986183736,0.07494358346999541,1.0927609366616007,-0.05318381877614631,205,88,0.16321656050955413,10,False,-0.04013576297052877,-0.48052159724157373,1.0,0.022185000356054196,0.8028395061728396
131,b82278036f5d,gap_down_reversal,"{""family"": ""gap_down_reversal"", ""gap_max"": -0.035, ""market_prev_return_max"": null, ""min_adv20"": 20000000.0, ""mom3_max"": -0.06, ""prev_return_max"": -0.015}",,,555,False,13058.465474821955,0.3058465474821954,0.09341397990252243,0.9513098806387557,-0.07073822254158779,169,70,0.2244355909694555,10,False,-0.04231703936046063,10643.367653574012,0.06433676535740118,0.06407449188308778,1.130434023935481,-0.021924174291400478,40,24,0.15810276679841898,10,False,-0.014430643195566407,11674.82559362206,0.16748255936220602,0.16892973081887908,1.4619326758875302,-0.016891668275631155,63,24,0.252,10,False,-0.01689166827563112,0.08580294286231127,2.0593653163892176,-0.005786493106957669,41,0.10934180657526182,0.8055744254718735,-0.07073822254158779,87,0.0841159916371641,0.9612829230801502,-0.06892225735864943,41,0.06433676535740118,1.130434023935481,-0.021924174291400478,40,0.16748255936220602,1.4619326758875302,-0.016891668275631155,63,16226.378824889878,0.6226378824889878,0.10199144066003663,1.0734086650699288,-0.07073822254158779,272,118,0.21656050955414013,10,False,-0.04231703936046063,-0.17912414329672544,1.0,0.06433676535740118,0.8027604166666668
132,5f6d782ed835,gap_down_reversal,"{""family"": ""gap_down_reversal"", ""gap_max"": -0.04, ""market_prev_return_max"": null, ""min_adv20"": 20000000.0, ""mom3_max"": -0.06, ""prev_return_max"": -0.02}",,0.08,357,False,11889.997573257819,0.18899975732578178,0.05964509373957427,0.8705831560111935,-0.058046199222203554,122,51,0.16201859229747675,10,False,-0.04013576297052877,10620.264468434421,0.06202644684344216,0.061773862243975186,1.2681175606847082,-0.016260269943452754,31,19,0.1225296442687747,10,False,-0.008935651710003888,11229.783404030832,0.12297834040308309,0.12402080761512546,1.4782001458088694,-0.017843286101046907,46,16,0.184,10,False,-0.017843286101046945,0.052724221840861674,1.8705258650172547,-0.005786493106957558,28,0.1029483624535188,0.9543912781885313,-0.058046199222203,64,0.02402832638019703,0.595579839159264,-0.03153217461183122,30,0.06202644684344216,1.2681175606847082,-0.016260269943452754,31,0.12297834040308309,1.4782001458088694,-0.017843286101046907,46,14180.399870031664,0.41803998700316636,0.07259140469428949,1.0609136260098102,-0.058046199222203554,199,86,0.15843949044585987,10,False,-0.04013576297052877,-0.39753440467351464,1.0,0.02402832638019703,0.802289737654321
133,b661f5522be6,relative_weakness_reversal,"{""family"": ""relative_weakness_reversal"", ""gap_max"": -0.045, ""market_prev_return_max"": 0.0, ""min_adv20"": 20000000.0, ""mom3_max"": -0.06, ""prev_return_percentile_max"": 0.1}",,0.1,136,False,11729.907923784423,0.1729907923784424,0.05484883051487621,0.8436196712767973,-0.05756641535836926,70,27,0.09296148738379814,10,False,-0.037434996816557,10460.165816798957,0.04601658167989564,0.04583059241456855,0.9597011907648794,-0.009156744752313983,18,9,0.07114624505928854,10,False,-0.008935651710003888,11277.829628951085,0.1277829628951086,0.12886844577012324,1.6037464707624696,-0.005623442946601442,30,10,0.12,10,False,-0.005623442946601475,0.05227652666736127,1.7684311111833637,-0.0020959314866054735,20,0.06697025474549112,0.6811734068752314,-0.057566415358369705,36,0.044750068295351664,1.1366034939921128,-0.020284269662921295,14,0.04601658167989564,0.9597011907648794,-0.009156744752313983,18,0.1277829628951086,1.6037464707624696,-0.005623442946601442,30,13837.53402272631,0.383753402272631,0.06733705365244469,1.0318875907596639,-0.05756641535836926,118,46,0.09394904458598727,10,False,-0.037434996816557,-0.1160815194880821,1.0,0.044750068295351664,0.8020119598765433
134,331301af77bd,relative_weakness_reversal,"{""family"": ""relative_weakness_reversal"", ""gap_max"": -0.04, ""market_prev_return_max"": null, ""min_adv20"": 20000000.0, ""mom3_max"": -0.06, ""prev_return_percentile_max"": 0.15}",,0.1,262,False,11604.102835068974,0.16041028350689746,0.051049076968659124,0.6661259720044888,-0.08938309405841494,124,53,0.1646746347941567,10,False,-0.04248727317937121,10797.930837545082,0.07979308375450822,0.07946548482926463,1.5626520229453311,-0.009156744752313872,29,20,0.11462450592885376,10,False,-0.008935651710003888,11248.508021850525,0.12485080218505251,0.12591001380733702,1.3875882346218196,-0.01075090364018072,44,17,0.176,10,False,-0.00845340356204662,0.06390539560042074,1.9391163280100403,-0.005786493106957669,30,0.04568051917127236,0.41735884176789156,-0.08938309405841471,64,0.043060598182817156,0.9563155549550443,-0.02726664314356142,30,0.07979308375450822,1.5626520229453311,-0.009156744752313872,29,0.12485080218505251,1.3875882346218196,-0.01075090364018072,44,14094.41427944909,0.409441427944909,0.07128331504555852,0.9401147728143702,-0.08938309405841494,197,90,0.15684713375796178,10,False,-0.04248727317937121,-0.8965260509408424,1.0,0.043060598182817156,0.801581790123457
135,ce5a9dbfb976,relative_weakness_reversal,"{""family"": ""relative_weakness_reversal"", ""gap_max"": -0.04, ""market_prev_return_max"": null, ""min_adv20"": 20000000.0, ""mom3_max"": -0.06, ""prev_return_percentile_max"": 0.1}",,0.1,214,False,11512.391619871041,0.15123916198710408,0.04826176993717213,0.6684674678294097,-0.09189404767762677,108,49,0.14342629482071714,10,False,-0.04248727317937121,10797.930837545082,0.07979308375450822,0.07946548482926463,1.5626520229453311,-0.009156744752313872,29,20,0.11462450592885376,10,False,-0.008935651710003888,11180.39975032767,0.11803997503276698,0.11903840210553462,1.3479575855474955,-0.010750903640180831,40,15,0.16,10,False,-0.00845340356204662,0.062451420506106414,1.9339197843669977,-0.005786493106957669,27,0.03853426200483856,0.3791763306622613,-0.08902719916632973,56,0.04336351117301973,1.0201054441847266,-0.028744480460112354,25,0.07979308375450822,1.5626520229453311,-0.009156744752313872,29,0.11803997503276698,1.3479575855474955,-0.010750903640180831,40,13898.355878412349,0.38983558784123495,0.06827667274924143,0.9425751373972374,-0.09189404767762677,177,84,0.1409235668789809,10,False,-0.04248727317937121,-0.8941845551159214,1.0,0.03853426200483856,0.8015625000000002
136,10f22457890b,relative_weakness_reversal,"{""family"": ""relative_weakness_reversal"", ""gap_max"": -0.04, ""market_prev_return_max"": 0.0, ""min_adv20"": 20000000.0, ""mom3_max"": -0.06, ""prev_return_percentile_max"": 0.175}",,0.1,243,False,12103.879815466289,0.21038798154662897,0.06598639004588325,0.8849343007968045,-0.061227223800516706,105,37,0.1394422310756972,10,False,-0.04248727317937121,10513.494855308543,0.05134948553085428,0.05114141969378272,1.0327853923191361,-0.016260269943452754,22,12,0.08695652173913043,10,False,-0.008935651710003888,11322.080370321366,0.13220803703213657,0.1333332836574137,1.465329827109948,-0.008453403562046602,42,15,0.168,10,False,-0.00845340356204662,0.06120191978831757,1.8381309010486238,-0.0013499896646564924,24,0.1004522763702782,0.8715310048089004,-0.06122722380051693,55,0.03646672187209421,0.8138517199353695,-0.02726664314356153,26,0.05134948553085428,1.0327853923191361,-0.016260269943452754,22,0.13220803703213657,1.465329827109948,-0.008453403562046602,42,14407.809004825878,0.4407809004825878,0.0760206508509138,1.0301897162244593,-0.061227223800516706,169,64,0.13455414012738853,10,False,-0.04248727317937121,-0.14785109152233167,1.0,0.03646672187209421,0.801417824074074
137,4d451e17054f,relative_weakness_reversal,"{""family"": ""relative_weakness_reversal"", ""gap_max"": -0.04, ""market_prev_return_max"": 0.0, ""min_adv20"": 20000000.0, ""mom3_max"": -0.06, ""prev_return_percentile_max"": 0.2}",,0.1,254,False,12103.879815466289,0.21038798154662897,0.06598639004588325,0.8849343007968045,-0.061227223800516706,105,37,0.1394422310756972,10,False,-0.04248727317937121,10513.494855308543,0.05134948553085428,0.05114141969378272,1.0327853923191361,-0.016260269943452754,22,12,0.08695652173913043,10,False,-0.008935651710003888,11348.037563070857,0.13480375630708563,0.13595239308411333,1.49134649045678,-0.008453403562046602,43,15,0.172,10,False,-0.00845340356204662,0.06120191978831757,1.8381309010486238,-0.0013499896646564924,24,0.1004522763702782,0.8715310048089004,-0.06122722380051693,55,0.03646672187209421,0.8138517199353695,-0.02726664314356153,26,0.05134948553085428,1.0327853923191361,-0.016260269943452754,22,0.13480375630708563,1.49134649045678,-0.008453403562046602,43,14440.84059117783,0.44408405911778304,0.0765151498415948,1.0363630302545697,-0.061227223800516706,170,64,0.13535031847133758,10,False,-0.04248727317937121,-0.14785109152233167,1.0,0.03646672187209421,0.801417824074074
138,49179f538456,gap_down_reversal,"{""family"": ""gap_down_reversal"", ""gap_max"": -0.04, ""market_prev_return_max"": null, ""min_adv20"": 50000000.0, ""mom3_max"": -0.05, ""prev_return_max"": -0.03}",,0.07,369,False,11604.68005696072,0.1604680056960721,0.05106657352574828,0.8182699391619671,-0.062377865664768106,128,55,0.1699867197875166,10,False,-0.04013576297052877,10628.211362128566,0.06282113621285657,0.06256522112265528,1.3675609975021505,-0.014022999931342373,33,19,0.13043478260869565,10,False,-0.007603250896649904,11264.098753409744,0.12640987534097436,0.1274830481058027,1.5402801386800766,-0.01884328610104702,52,20,0.208,10,False,-0.018843286101046946,0.042544567137611455,1.228865001718611,-0.01714312796208517,31,0.08705705659358398,0.927141943563318,-0.05402117449355037,65,0.023967569987989545,0.5841134503798057,-0.03334679530788276,32,0.06282113621285657,1.3675609975021505,-0.014022999931342373,33,0.12640987534097436,1.5402801386800766,-0.01884328610104702,52,13892.800627392817,0.3892800627392816,0.06819098784848054,1.064377218414199,-0.062377865664768106,213,94,0.1695859872611465,10,False,-0.04013576297052877,-0.5492910583401834,1.0,0.023967569987989545,0.800925925925926
139,eb8b0a3a1063,gap_down_reversal,"{""family"": ""gap_down_reversal"", ""gap_max"": -0.05, ""market_prev_return_max"": null, ""min_adv20"": 50000000.0, ""mom3_max"": -0.06, ""prev_return_max"": -0.015}",,,189,False,12159.256959702194,0.21592569597021938,0.06761607384321433,0.7924991237174882,-0.05391453546137903,82,40,0.10889774236387782,10,False,-0.034809857571793154,10615.696147461085,0.06156961474610845,0.061318943640481294,1.1330381506875193,-0.01626026994345242,27,17,0.1067193675889328,10,False,-0.008935651710003888,11335.287759515331,0.13352877595153312,0.13466591782316328,1.2643976359140392,-0.005623442946601442,31,10,0.124,10,False,-0.005623442946601475,0.03912453417327533,1.4973673979135476,-0.006486561059438012,22,0.09381111576986334,0.7942252379500969,-0.04568503220264941,37,0.06978648026205048,0.8396828817027626,-0.05391453546137903,23,0.06156961474610845,1.1330381506875193,-0.01626026994345242,27,0.13352877595153312,1.2643976359140392,-0.005623442946601442,31,14631.473509811734,0.46314735098117343,0.07935148181597862,0.9358730153612411,-0.05391453546137903,140,67,0.11146496815286625,10,False,-0.034809857571793154,-0.34053902697003113,1.0,0.03912453417327533,0.8007118055555558
140,59dc0f819115,relative_weakness_reversal,"{""family"": ""relative_weakness_reversal"", ""gap_max"": -0.045, ""market_prev_return_max"": 0.0, ""min_adv20"": 100000000.0, ""mom3_max"": -0.06, ""prev_return_percentile_max"": 0.1}",,0.1,132,False,11709.573973140597,0.17095739731405968,0.054236517383621896,0.8520838807590961,-0.04867218777237459,66,25,0.08764940239043825,10,False,-0.037434996816557,10460.165816798957,0.04601658167989564,0.04583059241456855,0.9597011907648794,-0.009156744752313983,18,9,0.07114624505928854,10,False,-0.008935651710003888,11277.829628951085,0.1277829628951086,0.12886844577012324,1.6037464707624696,-0.005623442946601442,30,10,0.12,10,False,-0.005623442946601475,0.05063802612411794,1.7165949300453007,-0.0020959314866052514,19,0.07703979856040322,0.7757269256937315,-0.0486721877723747,34,0.03479954153483478,1.0623652460947595,-0.020284269662921406,13,0.04601658167989564,0.9597011907648794,-0.009156744752313983,18,0.1277829628951086,1.6037464707624696,-0.005623442946601442,30,13813.54647434327,0.381354647434327,0.06696556909817364,1.0395629298928108,-0.04867218777237459,114,44,0.09076433121019108,10,False,-0.037434996816557,-0.10761731000578323,1.0,0.03479954153483478,0.800619212962963
141,5bc81793bbc8,gap_down_reversal,"{""family"": ""gap_down_reversal"", ""gap_max"": -0.04, ""market_prev_return_max"": null, ""min_adv20"": 50000000.0, ""mom3_max"": -0.06, ""prev_return_max"": -0.03}",,0.08,314,False,11741.95238767677,0.17419523876767706,0.05521119061387236,0.8438937766443919,-0.07116816744544574,108,44,0.14342629482071714,10,False,-0.04013576297052877,10686.663579275502,0.06866635792755016,0.06838587414587671,1.4263375397348865,-0.009156744752314205,27,17,0.1067193675889328,10,False,-0.007603250896649904,11110.594563438852,0.11105945634388514,0.1119959319339896,1.4001963323029956,-0.017843286101046907,43,15,0.172,10,False,-0.017843286101046945,0.06413810170521095,2.2053059345254007,-0.0020959314866051404,27,0.08729131948973645,0.8637606633605643,-0.058933239735545095,56,0.014837252213538932,0.37909309729821106,-0.032625568315872266,25,0.06866635792755016,1.4263375397348865,-0.009156744752314205,27,0.11105945634388514,1.4001963323029956,-0.017843286101046907,43,13941.829038678925,0.39418290386789256,0.06894626460598907,1.0510686643749863,-0.07116816744544574,178,76,0.14171974522292993,10,False,-0.04013576297052877,-0.5824437630904946,1.0,0.014837252213538932,0.8003877314814815
142,e8d0da9cb266,gap_down_reversal,"{""family"": ""gap_down_reversal"", ""gap_max"": -0.04, ""market_prev_return_max"": null, ""min_adv20"": 100000000.0, ""mom3_max"": -0.06, ""prev_return_max"": -0.03}",,0.08,305,False,11710.998066908158,0.17109980669081581,0.05427942392826757,0.8437430161421307,-0.07516670234085188,102,41,0.13545816733067728,10,False,-0.04013576297052877,10686.663579275502,0.06866635792755016,0.06838587414587671,1.4263375397348865,-0.009156744752314205,27,17,0.1067193675889328,10,False,-0.007603250896649904,11026.460719886762,0.10264607198867615,0.10350835014654769,1.345086745363985,-0.017843286101046907,42,15,0.168,10,False,-0.017843286101046945,0.062481131494868336,2.1525787451239826,-0.0020959314866053624,26,0.08623145173846125,0.8522882938089571,-0.06288499505076683,54,0.014729554256909694,0.4401897205126401,-0.028757075047740832,22,0.06866635792755016,1.4263375397348865,-0.009156744752314205,27,0.10264607198867615,1.345086745363985,-0.017843286101046907,42,13799.78060397314,0.37997806039731397,0.06675215021732273,1.0391429583453486,-0.07516670234085188,171,73,0.13614649681528662,10,False,-0.04013576297052877,-0.5825945235927559,1.0,0.014729554256909694,0.8002064043209878
143,b2d6f1e4a296,gap_down_reversal,"{""family"": ""gap_down_reversal"", ""gap_max"": -0.04, ""market_prev_return_max"": null, ""min_adv20"": 20000000.0, ""mom3_max"": -0.06, ""prev_return_max"": -0.03}",,,316,False,12324.567379681032,0.23245673796810307,0.07245178044385892,0.7543780664976616,-0.08008909954964116,109,44,0.14475431606905712,10,False,-0.04013576297052877,10728.816377167606,0.0728816377167607,0.07258335809652405,1.3708206650781862,-0.009156744752314094,27,17,0.1067193675889328,10,False,-0.007603250896649904,11444.919888497123,0.14449198884971226,0.14572834916157285,1.3877042725205349,-0.016891668275631044,43,15,0.172,10,False,-0.01689166827563112,0.06892177479416262,2.1806742130168058,-0.0020959314866053624,27,0.12585117787353806,0.8976017117206886,-0.06713433905840116,57,0.024105675312210417,0.3129712277815296,-0.062096498627045804,25,0.0728816377167607,1.3708206650781862,-0.009156744752314094,27,0.14449198884971226,1.3877042725205349,-0.016891668275631044,43,15133.390998588304,0.5133390998588303,0.08668046439594801,0.9479599069861827,-0.08008909954964116,179,76,0.14251592356687898,10,False,-0.04013576297052877,-0.6164425985805246,1.0,0.024105675312210417,0.7996238425925928
144,65fc814b352c,relative_weakness_reversal,"{""family"": ""relative_weakness_reversal"", ""gap_max"": -0.04, ""market_prev_return_max"": 0.0, ""min_adv20"": 100000000.0, ""mom3_max"": -0.05, ""prev_return_percentile_max"": 0.15}",,0.09,262,False,11839.548977473129,0.18395489774731288,0.05813832246630324,0.8235823640736027,-0.05401526190171946,113,46,0.150066401062417,10,False,-0.04248727317937121,10543.35335345943,0.05433533534594304,0.05411486248292463,1.1334968281297406,-0.01402299993134215,26,14,0.10276679841897234,10,False,-0.008935651710003888,11276.714671960744,0.12767146719607436,0.12875594997767736,1.5031432142032266,-0.010453403562046715,49,19,0.196,10,False,-0.010453403562046621,0.040779728005597926,1.1169072703001355,-0.01714312796208517,26,0.10436388256160756,0.9339571761639642,-0.05401526190171957,60,0.030063833500579618,0.8610360768305834,-0.029518373646801432,27,0.05433533534594304,1.1334968281297406,-0.01402299993134215,26,0.12767146719607436,1.5031432142032266,-0.010453403562046715,49,14076.559233919896,0.40765592339198964,0.0710108886548555,1.0149675997681762,-0.05401526190171946,188,79,0.14968152866242038,10,False,-0.04248727317937121,-0.3099144640561379,1.0,0.030063833500579618,0.7996141975308643
145,e43d8e3adb56,relative_weakness_reversal,"{""family"": ""relative_weakness_reversal"", ""gap_max"": -0.04, ""market_prev_return_max"": 0.0, ""min_adv20"": 50000000.0, ""mom3_max"": -0.06, ""prev_return_percentile_max"": 0.125}",,0.07,208,False,11571.355058598461,0.15713550585984604,0.05005548749633082,0.8382099695209299,-0.05246804551755191,93,35,0.12350597609561753,10,False,-0.04248727317937121,10530.688506836219,0.05306885068362188,0.05285364448236374,1.2277986535465775,-0.009156744752313872,21,12,0.08300395256916997,10,False,-0.008935651710003888,11088.116765206756,0.1088116765206757,0.10972827849879319,1.488613943539925,-0.014453403562046607,39,13,0.156,10,False,-0.014453403562046618,0.05202336097073612,1.9058415835968403,-0.0020959314866055845,22,0.0849340093285107,0.9048505098043681,-0.05246804551755213,50,0.013807530558573644,0.4234242289789916,-0.028744480460112465,21,0.05306885068362188,1.2277986535465775,-0.009156744752313872,21,0.1088116765206757,1.488613943539925,-0.014453403562046607,39,13511.35102855569,0.3511351028555689,0.06224086039218846,1.0395944562917634,-0.05246804551755191,153,60,0.12181528662420382,10,False,-0.04248727317937121,-0.3895886840256476,1.0,0.013807530558573644,0.7982503858024692
146,b47324dab244,relative_weakness_reversal,"{""family"": ""relative_weakness_reversal"", ""gap_max"": -0.04, ""market_prev_return_max"": 0.0, ""min_adv20"": 50000000.0, ""mom3_max"": -0.05, ""prev_return_percentile_max"": 0.125}",,0.08,248,False,11833.477624950927,0.18334776249509277,0.05795669881496579,0.8740765407482822,-0.05281854699784483,110,46,0.1460823373173971,10,False,-0.04248727317937121,10491.845465374323,0.049184546537432317,0.048985455747351025,1.080164898626837,-0.01402299993134215,26,14,0.10276679841897234,10,False,-0.008935651710003888,11331.310160755766,0.13313101607557654,0.13426457421164972,1.6227791700847258,-0.012453403562046494,48,18,0.192,10,False,-0.01245340356204662,0.040368123724062954,1.145442767667585,-0.01714312796208528,27,0.10687088642006382,1.0294960049453563,-0.05281854699784483,57,0.027610166456785823,0.7527844675324189,-0.030992789993626868,26,0.049184546537432317,1.080164898626837,-0.01402299993134215,26,0.13313101607557654,1.6227791700847258,-0.012453403562046494,48,14068.390233058493,0.4068390233058494,0.07088615662975584,1.0699726407565604,-0.05281854699784483,184,78,0.1464968152866242,10,False,-0.04248727317937121,-0.20608835787855484,1.0,0.027610166456785823,0.7982002314814816
147,c6fd95889bc4,gap_down_reversal,"{""family"": ""gap_down_reversal"", ""gap_max"": -0.04, ""market_prev_return_max"": 0.0, ""min_adv20"": 20000000.0, ""mom3_max"": -0.05, ""prev_return_max"": -0.015}",,0.08,413,False,11971.311081293834,0.1971311081293834,0.06206479358635697,0.8844477356020475,-0.05827801584901293,134,51,0.17795484727755645,10,False,-0.04013576297052877,10505.528731679102,0.05055287316791013,0.0503481118373883,1.0318108639440486,-0.016541784215441058,33,16,0.13043478260869565,10,False,-0.008935651710003888,11490.645808106146,0.14906458081061458,0.15034257465146283,1.664125538932289,-0.017843286101046907,55,20,0.22,10,False,-0.017843286101046945,0.041139633377548224,1.1175330845464242,-0.01714312796208528,29,0.10529914619822622,0.9584767998145778,-0.05827801584901293,73,0.04028635622764054,1.083879603208325,-0.029518373646801432,32,0.05055287316791013,1.0318108639440486,-0.016541784215441058,33,0.14906458081061458,1.664125538932289,-0.017843286101046907,55,14451.205244852103,0.44512052448521033,0.07667012740223633,1.082419539555916,-0.05827801584901293,222,87,0.1767515923566879,10,False,-0.04013576297052877,-0.14736312834200116,1.0,0.04028635622764054,0.7978375771604939
148,dd07d9a6862a,relative_weakness_reversal,"{""family"": ""relative_weakness_reversal"", ""gap_max"": -0.045, ""market_prev_return_max"": 0.0, ""min_adv20"": 20000000.0, ""mom3_max"": -0.06, ""prev_return_percentile_max"": 0.125}",,0.1,149,False,11724.298571208179,0.17242985712081782,0.054679987527125995,0.8353157205428454,-0.05527185998969075,76,29,0.10092961487383798,10,False,-0.037434996816557,10460.165816798957,0.04601658167989564,0.04583059241456855,0.9597011907648794,-0.009156744752313983,18,9,0.07114624505928854,10,False,-0.008935651710003888,11380.765156635953,0.13807651566359525,0.1392547117289744,1.5432462438282888,-0.005623442946601442,31,10,0.124,10,False,-0.005623442946601475,0.053590196065816054,1.797193292627542,-0.0020959314866053624,22,0.0695680211729024,0.6991387168046831,-0.055271859989690864,39,0.040415322032493206,1.0370451420513698,-0.020284269662921184,15,0.04601658167989564,0.9597011907648794,-0.009156744752313983,18,0.13807651566359525,1.5432462438282888,-0.005623442946601442,31,13957.15496620351,0.3957154966203511,0.06918192308042515,1.0199053861092136,-0.05527185998969075,125,48,0.09952229299363058,10,False,-0.037434996816557,-0.12438547022203394,1.0,0.040415322032493206,0.7975829475308642
149,95a189e24c90,relative_weakness_reversal,"{""family"": ""relative_weakness_reversal"", ""gap_max"": -0.04, ""market_prev_return_max"": null, ""min_adv20"": 50000000.0, ""mom3_max"": -0.06, ""prev_return_percentile_max"": 0.125}",,0.09,240,False,11518.63975294033,0.15186397529403295,0.04845213253912939,0.6787098834529294,-0.08375597953148461,114,51,0.15139442231075698,10,False,-0.04248727317937121,10745.246812394045,0.07452468123940448,0.07421944743786524,1.53307152519933,-0.009156744752313872,29,20,0.11462450592885376,10,False,-0.008935651710003888,11134.362405479043,0.11343624054790435,0.1143937702548321,1.3782123027469886,-0.010750903640181053,42,16,0.168,10,False,-0.010453403562046621,0.06032557235640623,1.9529048192181295,-0.005786493106957558,28,0.053978162219159964,0.5071238067789802,-0.0837559795314845,60,0.030695423284638368,0.7734400633053568,-0.028744480460112243,26,0.07452468123940448,1.53307152519933,-0.009156744752313872,29,0.11343624054790435,1.3782123027469886,-0.010750903640181053,42,13781.070171556168,0.3781070171556169,0.06646180040707228,0.944569633733356,-0.08375597953148461,185,87,0.14729299363057324,10,False,-0.04248727317937121,-0.8543616417464007,1.0,0.030695423284638368,0.797368827160494
150,a6ea4bf333ac,relative_weakness_reversal,"{""family"": ""relative_weakness_reversal"", ""gap_max"": -0.04, ""market_prev_return_max"": 0.0, ""min_adv20"": 20000000.0, ""mom3_max"": -0.06, ""prev_return_percentile_max"": 0.1}",,0.07,184,False,11447.429016271642,0.1447429016271642,0.046278461626268586,0.803774772846455,-0.0538361219576633,88,34,0.11686586985391766,10,False,-0.04248727317937121,10530.688506836219,0.05306885068362188,0.05285364448236374,1.2277986535465775,-0.009156744752313872,21,12,0.08300395256916997,10,False,-0.008935651710003888,11014.224963949011,0.10142249639490108,0.1022740269280431,1.4249882014561583,-0.014453403562046607,38,13,0.152,10,False,-0.014453403562046618,0.05176041061026582,1.9025707580454205,-0.0020959314866053624,21,0.06908858641134086,0.7754816693144598,-0.05383612195766352,47,0.018069546736948272,0.5602778907589039,-0.028744480460112243,20,0.05306885068362188,1.2277986535465775,-0.009156744752313872,21,0.10142249639490108,1.4249882014561583,-0.014453403562046607,38,13277.572104963107,0.3277572104963107,0.05852751949603152,1.006708070935201,-0.0538361219576633,147,59,0.11703821656050956,10,False,-0.04248727317937121,-0.4240238807001224,1.0,0.018069546736948272,0.7973514660493828
151,5e0cf1f1aff7,gap_down_reversal,"{""family"": ""gap_down_reversal"", ""gap_max"": -0.04, ""market_prev_return_max"": null, ""min_adv20"": 100000000.0, ""mom3_max"": -0.05, ""prev_return_max"": -0.03}",,0.08,358,False,11673.20659009198,0.16732065900919801,0.05313962547817219,0.8113503886909986,-0.06959713294417713,120,51,0.1593625498007968,10,False,-0.04013576297052877,10638.563877682887,0.06385638776828872,0.06359613049945856,1.3173337387652702,-0.014022999931342262,33,19,0.13043478260869565,10,False,-0.007603250896649904,11191.414445101009,0.11914144451010089,0.12014967921486708,1.4497754243766212,-0.017843286101047018,51,20,0.204,10,False,-0.017843286101046945,0.04119933814229726,1.175851436822989,-0.01714312796208517,30,0.09659857581208153,0.9479943328507208,-0.05611093577480153,63,0.022371208872015602,0.6071582422715157,-0.03100535542669125,27,0.06385638776828872,1.3173337387652702,-0.014022999931342262,33,0.11914144451010089,1.4497754243766212,-0.017843286101047018,51,13898.187173775526,0.3898187173775527,0.06827407103050365,1.029202737478169,-0.06959713294417713,204,90,0.1624203821656051,10,False,-0.04013576297052877,-0.5059833500742715,1.0,0.022371208872015602,0.7971064814814814
152,1c8398bd69f3,relative_weakness_reversal,"{""family"": ""relative_weakness_reversal"", ""gap_max"": -0.05, ""market_prev_return_max"": 0.0, ""min_adv20"": 100000000.0, ""mom3_max"": -0.05, ""prev_return_percentile_max"": 0.125}",,0.1,131,False,11608.021580252758,0.16080215802527587,0.05116784928642071,0.8469193910161177,-0.031576216423685244,64,33,0.0849933598937583,10,False,-0.022487039073892566,10467.616926358178,0.046761692635817864,0.04657262526111139,0.9709299726671501,-0.009156744752313983,21,11,0.08300395256916997,10,False,-0.008935651710003888,11098.49280962812,0.10984928096281199,0.11077505229368678,1.4663905915191897,-0.009753281851684337,32,13,0.128,10,False,-0.006758472194223553,0.028637841400244834,0.9376933066692956,-0.01714312796208528,19,0.09228281530259097,0.972307332984455,-0.03157621642368502,29,0.033143407356047705,1.0004042896787688,-0.020284269662921295,16,0.046761692635817864,0.9709299726671501,-0.009156744752313983,21,0.10984928096281199,1.4663905915191897,-0.009753281851684337,32,13485.592510675386,0.3485592510675386,0.06183424185988473,1.0071304900858105,-0.031576216423685244,117,57,0.09315286624203821,10,False,-0.022487039073892566,-0.1240105816510324,1.0,0.028637841400244834,0.7959394290123457
153,5838af954754,gap_down_reversal,"{""family"": ""gap_down_reversal"", ""gap_max"": -0.045, ""market_prev_return_max"": null, ""min_adv20"": 20000000.0, ""mom3_max"": -0.06, ""prev_return_max"": -0.015}",,,264,False,12154.09902706661,0.21540990270666094,0.06746449080952965,0.7684219975122052,-0.06981656523107138,102,45,0.13545816733067728,10,False,-0.04013576297052877,10615.861786312527,0.06158617863125282,0.0613354381594029,1.1332584748239114,-0.01626026994345242,28,17,0.11067193675889328,10,False,-0.008935651710003888,11453.565962499599,0.1453565962499599,0.1466008175382585,1.4288604133878562,-0.005874945913410867,36,13,0.144,10,False,-0.005874945913410923,0.04734587119388323,1.5689028928614173,-0.007208339749847359,29,0.08644854358170484,0.7130537436767239,-0.0698165652310716,48,0.06812845152169333,0.8220202769467504,-0.05391453546137892,25,0.06158617863125282,1.1332584748239114,-0.01626026994345242,28,0.1453565962499599,1.4288604133878562,-0.005874945913410867,36,14778.104981441955,0.4778104981441955,0.08151310654907573,0.9531110681503631,-0.06981656523107138,166,75,0.1321656050955414,10,False,-0.04013576297052877,-0.3648364773117062,1.0,0.04734587119388323,0.7947164351851852
154,27431696588f,relative_weakness_reversal,"{""family"": ""relative_weakness_reversal"", ""gap_max"": -0.04, ""market_prev_return_max"": 0.0, ""min_adv20"": 100000000.0, ""mom3_max"": -0.06, ""prev_return_percentile_max"": 0.125}",,0.07,202,False,11533.927426920567,0.15339274269205672,0.04891761437299391,0.8286309747127334,-0.05032525312350822,88,33,0.11686586985391766,10,False,-0.04248727317937121,10530.688506836219,0.05306885068362188,0.05285364448236374,1.2277986535465775,-0.009156744752313872,21,12,0.08300395256916997,10,False,-0.008935651710003888,11014.224963949011,0.10142249639490108,0.1022740269280431,1.4249882014561583,-0.014453403562046607,38,13,0.152,10,False,-0.014453403562046618,0.050385254631982734,1.8499892713940336,-0.0020959314866053624,21,0.0838764394315219,0.892102825782785,-0.05032525312350844,48,0.013091850856677079,0.4610266045043783,-0.028744480460112243,19,0.05306885068362188,1.2277986535465775,-0.009156744752313872,21,0.10142249639490108,1.4249882014561583,-0.014453403562046607,38,13377.899338503801,0.33778993385038003,0.06012746642823141,1.0188534510856422,-0.05032525312350822,147,58,0.11703821656050956,10,False,-0.04248727317937121,-0.3991676788338441,1.0,0.013091850856677079,0.7942843364197532
155,c702b3c0422c,relative_weakness_reversal,"{""family"": ""relative_weakness_reversal"", ""gap_max"": -0.05, ""market_prev_return_max"": 0.0, ""min_adv20"": 20000000.0, ""mom3_max"": -0.05, ""prev_return_percentile_max"": 0.125}",,0.1,135,False,11628.12982455571,0.16281298245557108,0.051776886003695344,0.8367882651701013,-0.04063027898772276,68,35,0.0903054448871182,10,False,-0.022487039073892566,10467.616926358178,0.046761692635817864,0.04657262526111139,0.9709299726671501,-0.009156744752313983,21,11,0.08300395256916997,10,False,-0.008935651710003888,11098.49280962812,0.10984928096281199,0.11077505229368678,1.4663905915191897,-0.009753281851684337,32,13,0.128,10,False,-0.006758472194223553,0.030242032015877385,0.987550055877874,-0.01714312796208528,20,0.08207076029620586,0.8696574687665215,-0.040630278987722646,31,0.043073581338088696,1.0828227602614966,-0.020284269662921295,17,0.046761692635817864,0.9709299726671501,-0.009156744752313983,21,0.10984928096281199,1.4663905915191897,-0.009753281851684337,32,13508.953217484894,0.35089532174848936,0.062203035221631175,0.9986705741370102,-0.04063027898772276,121,59,0.0963375796178344,10,False,-0.022487039073892566,-0.1341417074970488,1.0,0.030242032015877385,0.7939872685185186
156,027d1df58ae4,relative_weakness_reversal,"{""family"": ""relative_weakness_reversal"", ""gap_max"": -0.05, ""market_prev_return_max"": 0.0, ""min_adv20"": 20000000.0, ""mom3_max"": -0.06, ""prev_return_percentile_max"": 0.15}",,0.1,120,False,11585.700841341342,0.1585700841341342,0.050490978123388874,0.8211489777015514,-0.048945590975360775,62,28,0.08233731739707835,10,False,-0.022487039073892566,10460.165816798957,0.04601658167989564,0.04583059241456855,0.9597011907648794,-0.009156744752313983,18,9,0.07114624505928854,10,False,-0.008935651710003888,11068.307919147117,0.10683079191471179,0.10772991050151304,1.3015862798024627,-0.005623442946601442,27,7,0.108,10,False,-0.005623442946601475,0.044270762579524225,1.7436287487071378,-0.0020959314866052514,17,0.05834016109798612,0.6344839546329344,-0.04894559097536055,28,0.0482959662717064,1.1812644539973225,-0.020284269662921295,17,0.04601658167989564,0.9597011907648794,-0.009156744752313983,18,0.10683079191471179,1.3015862798024627,-0.005623442946601442,27,13413.49995090282,0.3413499950902821,0.0606928941569298,0.9524927431392772,-0.048945590975360775,107,44,0.08519108280254777,10,False,-0.022487039073892566,-0.138552213063328,1.0,0.044270762579524225,0.7938368055555556
157,b190a215982b,relative_weakness_reversal,"{""family"": ""relative_weakness_reversal"", ""gap_max"": -0.05, ""market_prev_return_max"": 0.0, ""min_adv20"": 50000000.0, ""mom3_max"": -0.05, ""prev_return_percentile_max"": 0.15}",,0.1,146,False,11613.646778417286,0.1613646778417286,0.051338295459160355,0.8316063150309435,-0.035137062075590864,72,37,0.09561752988047809,10,False,-0.022487039073892566,10467.616926358178,0.046761692635817864,0.04657262526111139,0.9709299726671501,-0.009156744752313983,21,11,0.08300395256916997,10,False,-0.008935651710003888,11177.298736040773,0.11772987360407727,0.11872554107175226,1.399066782026769,-0.009753281851684337,34,13,0.136,10,False,-0.006758472194223553,0.031246271087906674,1.0179034957270217,-0.01714312796208528,21,0.07202731884643843,0.7779890375367072,-0.0351370620755912,31,0.05051043119315013,1.221968557551721,-0.020284269662921184,20,0.046761692635817864,0.9709299726671501,-0.009156744752313983,21,0.11772987360407727,1.399066782026769,-0.009753281851684337,34,13587.92973435479,0.3587929734354789,0.06344606718419121,0.9853919008890651,-0.035137062075590864,127,61,0.10111464968152867,10,False,-0.022487039073892566,-0.13932365763620658,1.0,0.031246271087906674,0.7935590277777779
158,cbe1068ef538,relative_weakness_reversal,"{""family"": ""relative_weakness_reversal"", ""gap_max"": -0.04, ""market_prev_return_max"": 0.0, ""min_adv20"": 20000000.0, ""mom3_max"": -0.05, ""prev_return_percentile_max"": 0.1}",,0.09,217,False,11709.206815741862,0.17092068157418616,0.05422545472935192,0.809602137340719,-0.05807508463177735,104,44,0.13811420982735723,10,False,-0.04248727317937121,10525.471880116502,0.05254718801165015,0.05233414939564773,1.0920147439911532,-0.015695211878756554,25,14,0.09881422924901186,10,False,-0.008935651710003888,11193.490599963896,0.11934905999638956,0.12035914431762174,1.4456381553569226,-0.010453403562046493,46,18,0.184,10,False,-0.010453403562046621,0.03787185222745992,1.0460330105647435,-0.01714312796208528,26,0.0846876567953192,0.8274999140055886,-0.058075084631777574,53,0.040109456622172024,1.0239220295055649,-0.03099278999362698,25,0.05254718801165015,1.0920147439911532,-0.015695211878756554,25,0.11934905999638956,1.4456381553569226,-0.010453403562046493,46,13795.409327358982,0.3795409327358983,0.0666843446230374,0.992242933598594,-0.05807508463177735,175,76,0.1393312101910828,10,False,-0.04248727317937121,-0.2824126066504342,1.0,0.03787185222745992,0.7925636574074075
159,5f7f8283d55b,gap_down_reversal,"{""family"": ""gap_down_reversal"", ""gap_max"": -0.04, ""market_prev_return_max"": null, ""min_adv20"": 20000000.0, ""mom3_max"": -0.06, ""prev_return_max"": -0.03}",,0.08,316,False,11669.839163056286,0.1669839163056286,0.053037944146896,0.8104938752531,-0.07527107894219931,109,44,0.14475431606905712,10,False,-0.04013576297052877,10686.663579275502,0.06866635792755016,0.06838587414587671,1.4263375397348865,-0.009156744752314205,27,17,0.1067193675889328,10,False,-0.007603250896649904,11110.594563438852,0.11105945634388514,0.1119959319339896,1.4001963323029956,-0.017843286101046907,43,15,0.172,10,False,-0.017843286101046945,0.06413810170521095,2.2053059345254007,-0.0020959314866051404,27,0.08061371762579461,0.801173502076359,-0.06309019634983604,57,0.014837252213538932,0.37909309729821106,-0.032625568315872266,25,0.06866635792755016,1.4263375397348865,-0.009156744752314205,27,0.11105945634388514,1.4001963323029956,-0.017843286101046907,43,13856.20526710395,0.38562052671039493,0.06762585084149242,1.030356472213841,-0.07527107894219931,179,76,0.14251592356687898,10,False,-0.04013576297052877,-0.6158436644817865,1.0,0.014837252213538932,0.7924594907407408
160,7627ccc894a3,relative_weakness_reversal,"{""family"": ""relative_weakness_reversal"", ""gap_max"": -0.045, ""market_prev_return_max"": 0.0, ""min_adv20"": 100000000.0, ""mom3_max"": -0.06, ""prev_return_percentile_max"": 0.125}",,0.1,145,False,11703.974344451282,0.17039743444512823,0.05406777240496585,0.8433845614734152,-0.04795892728412565,72,27,0.09561752988047809,10,False,-0.037434996816557,10460.165816798957,0.04601658167989564,0.04583059241456855,0.9597011907648794,-0.009156744752313983,18,9,0.07114624505928854,10,False,-0.008935651710003888,11380.765156635953,0.13807651566359525,0.1392547117289744,1.5432462438282888,-0.005623442946601442,31,10,0.124,10,False,-0.005623442946601475,0.05194965000699869,1.7457701988016077,-0.0020959314866053624,21,0.0796620814377762,0.792840027786844,-0.04795892728412543,37,0.030506080752588316,0.9439613288248307,-0.020284269662921184,14,0.04601658167989564,0.9597011907648794,-0.009156744752313983,18,0.13807651566359525,1.5432462438282888,-0.005623442946601442,31,13932.96005333163,0.3932960053331629,0.06880979642299168,1.0266020934887419,-0.04795892728412565,121,46,0.0963375796178344,10,False,-0.037434996816557,-0.11631662929146414,1.0,0.030506080752588316,0.7923051697530865
161,58c6d1f5ecbe,relative_weakness_reversal,"{""family"": ""relative_weakness_reversal"", ""gap_max"": -0.04, ""market_prev_return_max"": 0.0, ""min_adv20"": 50000000.0, ""mom3_max"": -0.05, ""prev_return_percentile_max"": 0.125}",,,248,False,12492.175139777653,0.24921751397776526,0.07731082946977041,0.8091143379690174,-0.06425546918111347,110,46,0.1460823373173971,10,False,-0.04248727317937121,10539.673795361845,0.05396737953618458,0.053748437430593876,1.0593138693975055,-0.01402299993134215,26,14,0.10276679841897234,10,False,-0.008935651710003888,11706.76929580431,0.1706769295804309,0.17215368256017838,1.575501373877783,-0.013686835570762224,48,18,0.192,10,False,-0.013686835570762135,0.04368436550708643,1.165968968474391,-0.01714312796208528,27,0.15906530241403627,1.1156254082650552,-0.05671088250820866,57,0.03266862333514875,0.42015513517335346,-0.06425546918111325,26,0.05396737953618458,1.0593138693975055,-0.01402299993134215,26,0.1706769295804309,1.575501373877783,-0.013686835570762224,48,15413.536451693042,0.5413536451693042,0.09068701252048994,0.9917903466834044,-0.06425546918111347,184,78,0.1464968152866242,10,False,-0.04248727317937121,-0.25019953142848805,1.0,0.03266862333514875,0.7922511574074075
162,d048ba682286,gap_down_reversal,"{""family"": ""gap_down_reversal"", ""gap_max"": -0.04, ""market_prev_return_max"": null, ""min_adv20"": 50000000.0, ""mom3_max"": -0.06, ""prev_return_max"": -0.015}",,0.04,371,False,11286.046990017756,0.1286046990017755,0.04131884520458451,0.8504754815711247,-0.06339161048970043,129,53,0.17131474103585656,10,False,-0.04013576297052877,10551.696962423403,0.05516969624234025,0.05494575042681449,1.3774873475047236,-0.017934825642076935,34,21,0.13438735177865613,10,False,-0.009080312441468055,10834.195800110267,0.08341958001102667,0.08411425131667127,1.6213424105140408,-0.014887262076294538,48,17,0.192,10,False,-0.014887262076294674,0.05900848282633442,2.0112498290160947,-0.005786493106957669,32,0.03164988906823529,0.45951079500793873,-0.06339161048970077,66,0.03302321016218279,1.091629262589332,-0.022752743735705794,31,0.05516969624234025,1.3774873475047236,-0.017934825642076935,34,0.08341958001102667,1.6213424105140408,-0.014887262076294538,48,12902.113090779898,0.29021130907798987,0.05245286203997224,1.0990673159501936,-0.06339161048970043,211,91,0.1679936305732484,10,False,-0.04013576297052877,-0.5270118659335988,1.0,0.03164988906823529,0.7918595679012347
163,4b333b485b69,gap_down_reversal,"{""family"": ""gap_down_reversal"", ""gap_max"": -0.05, ""market_prev_return_max"": null, ""min_adv20"": 20000000.0, ""mom3_max"": -0.06, ""prev_return_max"": -0.015}",,,190,False,12084.580858198537,0.2084580858198537,0.06541727906051564,0.7676286254385156,-0.05391453546137903,83,40,0.1102257636122178,10,False,-0.034809857571793154,10615.696147461085,0.06156961474610845,0.061318943640481294,1.1330381506875193,-0.01626026994345242,27,17,0.1067193675889328,10,False,-0.008935651710003888,11335.287759515331,0.13352877595153312,0.13466591782316328,1.2643976359140392,-0.005623442946601442,31,10,0.124,10,False,-0.005623442946601475,0.03912453417327533,1.4973673979135476,-0.006486561059438012,22,0.08709347256372335,0.7418912961351993,-0.05120421245428719,38,0.06978648026205048,0.8396828817027626,-0.05391453546137903,23,0.06156961474610845,1.1330381506875193,-0.01626026994345242,27,0.13352877595153312,1.2643976359140392,-0.005623442946601442,31,14541.61428530584,0.45416142853058417,0.07801821502745132,0.9204478828441968,-0.05391453546137903,141,67,0.11226114649681529,10,False,-0.034809857571793154,-0.3654095252490037,1.0,0.03912453417327533,0.791749614197531
164,0f16f17d710f,relative_weakness_reversal,"{""family"": ""relative_weakness_reversal"", ""gap_max"": -0.04, ""market_prev_return_max"": null, ""min_adv20"": 100000000.0, ""mom3_max"": -0.06, ""prev_return_percentile_max"": 0.125}",,0.09,233,False,11476.350150279906,0.1476350150279906,0.04716234620469151,0.668823756569272,-0.08078913673655419,108,48,0.14342629482071714,10,False,-0.04248727317937121,10745.246812394045,0.07452468123940448,0.07421944743786524,1.53307152519933,-0.009156744752313872,29,20,0.11462450592885376,10,False,-0.008935651710003888,11038.700468703593,0.10387004687035928,0.10474308712318581,1.303490934346088,-0.010750903640181053,41,16,0.164,10,False,-0.010453403562046621,0.05867453863827943,1.903103163282931,-0.005786493106957669,27,0.05295076740356541,0.4979944272133879,-0.0807891367365543,58,0.029516370017817373,0.860663427789837,-0.028744480460112132,23,0.07452468123940448,1.53307152519933,-0.009156744752313872,29,0.10387004687035928,1.303490934346088,-0.010750903640181053,41,13612.507588865736,0.36125075888657365,0.06383172603588738,0.9219368923946174,-0.08078913673655419,178,84,0.14171974522292993,10,False,-0.04248727317937121,-0.8642477686300581,1.0,0.029516370017817373,0.7913425925925928
165,fc302c65c13d,relative_weakness_reversal,"{""family"": ""relative_weakness_reversal"", ""gap_max"": -0.045, ""market_prev_return_max"": 0.0, ""min_adv20"": 20000000.0, ""mom3_max"": -0.05, ""prev_return_percentile_max"": 0.125}",,0.1,182,False,11704.524542120098,0.17045245421200983,0.0540843550075627,0.8131423029933009,-0.05386503326652059,90,41,0.11952191235059761,10,False,-0.037434996816557,10467.616926358178,0.046761692635817864,0.04657262526111139,0.9709299726671501,-0.009156744752313983,21,11,0.08300395256916997,10,False,-0.008935651710003888,11580.805128964637,0.15808051289646374,0.15944102677781724,1.6798209384754037,-0.009753281851684337,40,15,0.16,10,False,-0.006758472194223553,0.03603954114216279,1.0517754634067595,-0.01714312796208528,26,0.07728249165549395,0.7652593797920666,-0.05386503326652059,45,0.04869173233209301,1.2162025891076151,-0.020284269662921517,19,0.046761692635817864,0.9709299726671501,-0.009156744752313983,21,0.15808051289646374,1.6798209384754037,-0.009753281851684337,40,14188.626324520996,0.41886263245209965,0.07271622026318747,1.0445657845109473,-0.05386503326652059,151,67,0.12022292993630573,10,False,-0.037434996816557,-0.15778766967384916,1.0,0.03603954114216279,0.7913290895061729
166,5244c2d4ba84,gap_down_reversal,"{""family"": ""gap_down_reversal"", ""gap_max"": -0.035, ""market_prev_return_max"": null, ""min_adv20"": 50000000.0, ""mom3_max"": -0.06, ""prev_return_max"": -0.015}",,0.08,553,False,12194.708851671876,0.2194708851671876,0.06865678997402247,0.936421167705797,-0.0662018543032531,168,70,0.22310756972111553,10,False,-0.04231703936046063,10558.675143186812,0.05586751431868131,0.055640661903630706,1.0866186887065457,-0.021924174291400478,40,24,0.15810276679841898,10,False,-0.014430643195566407,11299.048083816517,0.12990480838165164,0.13100934072109438,1.5280207176978633,-0.017843286101046907,63,24,0.252,10,False,-0.017843286101046945,0.08099610729273943,2.0930353611873924,-0.005786493106957669,41,0.08493528025910857,0.7692172983305785,-0.0662018543032532,86,0.039784822889330496,0.9501706325310553,-0.03582546733521652,41,0.05586751431868131,1.0866186887065457,-0.021924174291400478,40,0.12990480838165164,1.5280207176978633,-0.017843286101046907,63,14548.650836066983,0.4548650836066983,0.07812285562893906,1.0840122817605942,-0.0662018543032531,271,118,0.2157643312101911,10,False,-0.04231703936046063,-0.15019752100074868,1.0,0.039784822889330496,0.7904841820987655
167,c7ffaf91fecb,gap_down_reversal,"{""family"": ""gap_down_reversal"", ""gap_max"": -0.035, ""market_prev_return_max"": null, ""min_adv20"": 100000000.0, ""mom3_max"": -0.06, ""prev_return_max"": -0.015}",,,534,False,12831.804119885897,0.2831804119885897,0.08702545849911947,0.899893308138309,-0.06892225735864932,163,67,0.21646746347941567,10,False,-0.04231703936046063,10643.367653574012,0.06433676535740118,0.06407449188308778,1.130434023935481,-0.021924174291400478,40,24,0.15810276679841898,10,False,-0.014430643195566407,11485.704737128692,0.14857047371286924,0.14984396161058156,1.4108472217435493,-0.016891668275631155,62,24,0.248,10,False,-0.01689166827563112,0.0841122383120827,2.0216130235861947,-0.005786493106957558,40,0.11510888801033525,0.8429596494786256,-0.0662018543032531,84,0.06144182586679103,0.7445916010420991,-0.06892225735864921,39,0.06433676535740118,1.130434023935481,-0.021924174291400478,40,0.14857047371286924,1.4108472217435493,-0.016891668275631155,62,15686.441467851964,0.5686441467851964,0.09453442270066481,1.0262648741703717,-0.06892225735864932,265,115,0.21098726114649682,10,False,-0.04231703936046063,-0.23054071579717206,1.0,0.06144182586679103,0.7904378858024692
168,9729c6c7688e,gap_down_reversal,"{""family"": ""gap_down_reversal"", ""gap_max"": -0.04, ""market_prev_return_max"": null, ""min_adv20"": 20000000.0, ""mom3_max"": -0.05, ""prev_return_max"": -0.03}",,0.07,371,False,11533.442722944163,0.15334427229441627,0.048902862322749874,0.7834736835445143,-0.0651110375702546,129,55,0.17131474103585656,10,False,-0.04013576297052877,10628.211362128566,0.06282113621285657,0.06256522112265528,1.3675609975021505,-0.014022999931342373,33,19,0.13043478260869565,10,False,-0.007603250896649904,11264.098753409744,0.12640987534097436,0.1274830481058027,1.5402801386800766,-0.01884328610104702,52,20,0.208,10,False,-0.018843286101046946,0.042544567137611455,1.228865001718611,-0.01714312796208517,31,0.08038396898966016,0.8589517285831003,-0.05677870618395975,66,0.023967569987989545,0.5841134503798057,-0.03334679530788276,32,0.06282113621285657,1.3675609975021505,-0.014022999931342373,33,0.12640987534097436,1.5402801386800766,-0.01884328610104702,52,13807.51726982834,0.380751726982834,0.06687211638718282,1.0432283966337759,-0.0651110375702546,214,94,0.17038216560509553,10,False,-0.04013576297052877,-0.5840873139576362,1.0,0.023967569987989545,0.790420524691358
169,d5160e327b68,relative_weakness_reversal,"{""family"": ""relative_weakness_reversal"", ""gap_max"": -0.035, ""market_prev_return_max"": 0.0, ""min_adv20"": 50000000.0, ""mom3_max"": -0.06, ""prev_return_percentile_max"": 0.1}",,0.1,248,False,12223.082993586077,0.22230829935860763,0.06948828423588105,0.9744158110359487,-0.05031815683368701,112,46,0.14873837981407703,10,False,-0.042284973128054335,10521.579450144332,0.05215794501443316,0.05194652309748671,1.0121407604588384,-0.021924174291400256,27,15,0.1067193675889328,10,False,-0.014430643195566407,11055.96376345578,0.10559637634557806,0.10648461438288126,1.3889477141304938,-0.014005421284388975,45,15,0.18,10,False,-0.00845340356204662,0.06973522005093225,1.9386786081501783,-0.003827780448289242,29,0.09911715662634246,0.922623269541635,-0.05031815683368668,54,0.039586135274544576,0.8492298626390845,-0.03730330465176723,29,0.05215794501443316,1.0121407604588384,-0.021924174291400256,27,0.10559637634557806,1.3889477141304938,-0.014005421284388975,45,14218.648108031177,0.4218648108031178,0.07317123443085638,1.0631378095544717,-0.05031815683368701,184,76,0.1464968152866242,10,False,-0.042284973128054335,-0.03772494942288973,1.0,0.039586135274544576,0.7903587962962962
170,60d1158658a4,gap_down_reversal,"{""family"": ""gap_down_reversal"", ""gap_max"": -0.035, ""market_prev_return_max"": null, ""min_adv20"": 50000000.0, ""mom3_max"": -0.06, ""prev_return_max"": -0.015}",,0.06,553,False,11936.727475884638,0.19367274758846387,0.061037006937080474,0.9494188180802898,-0.06620185430325287,168,70,0.22310756972111553,10,False,-0.04231703936046063,10544.870330921447,0.054487033092144754,0.05426592899408922,1.1160390713543975,-0.021924174291400478,40,24,0.15810276679841898,10,False,-0.014430643195566407,11191.1198105033,0.11911198105033005,0.12011995329456382,1.4797343278822674,-0.01984328610104691,63,24,0.252,10,False,-0.019843286101046947,0.08527670270360499,2.2836498234805997,-0.005786493106957669,41,0.05705990312322973,0.6231125406788903,-0.0662018543032531,86,0.04050746221771173,0.9475548279633258,-0.03582546733521652,41,0.054487033092144754,1.1160390713543975,-0.021924174291400478,40,0.11911198105033005,1.4797343278822674,-0.01984328610104691,63,14086.401656843533,0.40864016568435324,0.07116109523692549,1.092714177619277,-0.06620185430325287,271,118,0.2157643312101911,10,False,-0.04231703936046063,-0.16662025327410768,1.0,0.04050746221771173,0.7899131944444445
171,85eba0939bba,relative_weakness_reversal,"{""family"": ""relative_weakness_reversal"", ""gap_max"": -0.04, ""market_prev_return_max"": 0.0, ""min_adv20"": 50000000.0, ""mom3_max"": -0.05, ""prev_return_percentile_max"": 0.125}",,0.06,248,False,11511.094758609366,0.1511094758609366,0.048222249699216846,0.8487011289769831,-0.05469511311725417,110,46,0.1460823373173971,10,False,-0.04248727317937121,10472.73494970224,0.04727349497022404,0.04708231209199076,1.0253411343849366,-0.014022999931342262,26,14,0.10276679841897234,10,False,-0.008935651710003888,11101.746963028376,0.1101746963028376,0.11110334495540086,1.481182085253527,-0.016453403562046498,48,18,0.192,10,False,-0.01645340356204662,0.035490713777890814,1.0973027663041837,-0.01714312796208528,27,0.07629468112443316,0.8898868435469314,-0.054695113117253946,57,0.03285469125327056,0.9303620016524538,-0.03099278999362709,26,0.04727349497022404,1.0253411343849366,-0.014022999931342262,26,0.1101746963028376,1.481182085253527,-0.016453403562046498,48,13383.449537175493,0.33834495371754936,0.06021569669472049,1.0239097510860278,-0.05469511311725417,184,78,0.1464968152866242,10,False,-0.04248727317937121,-0.17664000540795344,1.0,0.03285469125327056,0.7898360339506172
172,087a326f8abe,relative_weakness_reversal,"{""family"": ""relative_weakness_reversal"", ""gap_max"": -0.035, ""market_prev_return_max"": 0.0, ""min_adv20"": 50000000.0, ""mom3_max"": -0.06, ""prev_return_percentile_max"": 0.125}",,0.1,280,False,12319.49211131879,0.23194921113187905,0.07230396147383877,0.9839530288126918,-0.050993058286729176,119,47,0.15803452855245684,10,False,-0.042284973128054335,10521.579450144332,0.05215794501443316,0.05194652309748671,1.0121407604588384,-0.021924174291400256,27,15,0.1067193675889328,10,False,-0.014430643195566407,11162.558008253662,0.11625580082536624,0.11723835995902698,1.4675486428524822,-0.014005421284388753,46,15,0.184,10,False,-0.00845340356204662,0.06973522005093225,1.9386786081501783,-0.003827780448289242,29,0.1124513822520532,1.001983622221863,-0.0509930582867294,60,0.035226710631782954,0.7491339126276513,-0.03730330465176701,30,0.05215794501443316,1.0121407604588384,-0.021924174291400256,27,0.11625580082536624,1.4675486428524822,-0.014005421284388753,46,14468.965181341853,0.4468965181341853,0.07693547654374222,1.0855778732261068,-0.050993058286729176,192,77,0.15286624203821655,10,False,-0.042284973128054335,-0.02818773164614663,1.0,0.035226710631782954,0.7895023148148148
173,9edf632b5fed,relative_weakness_reversal,"{""family"": ""relative_weakness_reversal"", ""gap_max"": -0.04, ""market_prev_return_max"": null, ""min_adv20"": 50000000.0, ""mom3_max"": -0.06, ""prev_return_percentile_max"": 0.1}",,0.09,213,False,11397.890340598085,0.13978903405980847,0.04476100754416534,0.6487471604567919,-0.08613861517268007,107,49,0.14209827357237717,10,False,-0.04248727317937121,10745.246812394045,0.07452468123940448,0.07421944743786524,1.53307152519933,-0.009156744752313872,29,20,0.11462450592885376,10,False,-0.008935651710003888,11064.327339628215,0.10643273396282149,0.10732834272006153,1.333946194335806,-0.010750903640180831,40,15,0.16,10,False,-0.010453403562046621,0.060060546880917,1.94948733562651,-0.005786493106957558,27,0.03883167053070813,0.39311382213762935,-0.08339788540358006,55,0.035019713394612406,0.8876523904349826,-0.028744480460112132,25,0.07452468123940448,1.53307152519933,-0.009156744752313872,29,0.10643273396282149,1.333946194335806,-0.010750903640180831,40,13550.829649377338,0.35508296493773384,0.06286286057424517,0.9199685352068339,-0.08613861517268007,176,84,0.14012738853503184,10,False,-0.04248727317937121,-0.8843243647425382,1.0,0.035019713394612406,0.7891859567901235
174,a4082a055e1d,relative_weakness_reversal,"{""family"": ""relative_weakness_reversal"", ""gap_max"": -0.04, ""market_prev_return_max"": 0.0, ""min_adv20"": 50000000.0, ""mom3_max"": -0.05, ""prev_return_percentile_max"": 0.15}",,,270,False,12461.948466918,0.24619484669180003,0.07643776003766045,0.78949157067536,-0.06283166446795452,119,48,0.15803452855245684,10,False,-0.04248727317937121,10539.673795361845,0.05396737953618458,0.053748437430593876,1.0593138693975055,-0.01402299993134215,26,14,0.10276679841897234,10,False,-0.008935651710003888,11692.694290904477,0.16926942909044773,0.17073313920214583,1.5678099314345713,-0.013686835570762224,50,19,0.2,10,False,-0.013686835570762135,0.04368436550708643,1.165968968474391,-0.01714312796208528,27,0.15212557698379237,1.059289778898374,-0.05663393588842236,62,0.03637506472905372,0.4535455253763418,-0.06283166446795452,30,0.05396737953618458,1.0593138693975055,-0.01402299993134215,26,0.16926942909044773,1.5678099314345713,-0.013686835570762224,50,15357.754314185284,0.5357754314185283,0.0898939032930075,0.974589962380667,-0.06283166446795452,195,81,0.1552547770700637,10,False,-0.04248727317937121,-0.26982229872214547,1.0,0.03637506472905372,0.788011188271605
175,02a56a7dc366,relative_weakness_reversal,"{""family"": ""relative_weakness_reversal"", ""gap_max"": -0.04, ""market_prev_return_max"": 0.0, ""min_adv20"": 20000000.0, ""mom3_max"": -0.05, ""prev_return_percentile_max"": 0.125}",,0.08,249,False,11760.835777523138,0.17608357775231376,0.05577880369474131,0.8411573484268087,-0.058632984036230074,111,46,0.14741035856573706,10,False,-0.04248727317937121,10491.845465374323,0.049184546537432317,0.048985455747351025,1.080164898626837,-0.01402299993134215,26,14,0.10276679841897234,10,False,-0.008935651710003888,11331.310160755766,0.13313101607557654,0.13426457421164972,1.6227791700847258,-0.012453403562046494,48,18,0.192,10,False,-0.01245340356204662,0.040368123724062954,1.145442767667585,-0.01714312796208528,27,0.10007616819758125,0.9670561468970073,-0.05863298403622985,58,0.027610166456785823,0.7527844675324189,-0.030992789993626868,26,0.049184546537432317,1.080164898626837,-0.01402299993134215,26,0.13313101607557654,1.6227791700847258,-0.012453403562046494,48,13982.028988354765,0.39820289883547644,0.06956395750399613,1.049556212145368,-0.058632984036230074,185,78,0.14729299363057324,10,False,-0.04248727317937121,-0.2390075502000284,1.0,0.027610166456785823,0.7875559413580246
176,740a4d43b9a7,gap_down_reversal,"{""family"": ""gap_down_reversal"", ""gap_max"": -0.04, ""market_prev_return_max"": null, ""min_adv20"": 50000000.0, ""mom3_max"": -0.05, ""prev_return_max"": -0.02}",,,425,False,12751.522153537575,0.27515221535375756,0.08474468750645503,0.8816391079763222,-0.06340824452876537,146,65,0.19389110225763612,10,False,-0.04013576297052877,10540.158033613552,0.05401580336135514,0.0537966598334787,0.9946929347381767,-0.018741696567172506,39,23,0.1541501976284585,10,False,-0.008935651710003888,11766.941169919573,0.17669411699195736,0.17822678323521512,1.5545233267124754,-0.016891668275631155,55,21,0.22,10,False,-0.01689166827563112,0.03882656357626968,1.0262344130492014,-0.01714312796208528,33,0.14894876700491588,1.082560836070382,-0.06340824452876548,76,0.06836172340533397,0.7734820727983774,-0.059962325501418,37,0.05401580336135514,0.9946929347381767,-0.018741696567172506,39,0.17669411699195736,1.5545233267124754,-0.016891668275631155,55,15815.128843966662,0.5815128843966662,0.09633011735066588,1.033697780525668,-0.06340824452876537,240,109,0.1910828025477707,10,False,-0.04013576297052877,-0.11305382676185449,1.0,0.03882656357626968,0.7869849537037038
177,bb92dfc9b7a7,relative_weakness_reversal,"{""family"": ""relative_weakness_reversal"", ""gap_max"": -0.04, ""market_prev_return_max"": null, ""min_adv20"": 50000000.0, ""mom3_max"": -0.06, ""prev_return_percentile_max"": 0.15}",,0.09,261,False,11494.83888263733,0.14948388826373304,0.047726620565226474,0.646527966369724,-0.08375597953148439,123,53,0.16334661354581673,10,False,-0.04248727317937121,10745.246812394045,0.07452468123940448,0.07421944743786524,1.53307152519933,-0.009156744752313872,29,20,0.11462450592885376,10,False,-0.008935651710003888,11120.975603240637,0.1120975603240637,0.11304322664257249,1.3690477717603762,-0.010750903640181053,44,17,0.176,10,False,-0.010453403562046621,0.061511996606693486,1.9541954278488636,-0.00578649310695778,30,0.04758873469786429,0.4424091784887346,-0.08375597953148417,63,0.033682495904405085,0.7998895085661344,-0.02726664314356142,30,0.07452468123940448,1.53307152519933,-0.009156744752313872,29,0.1120975603240637,1.3690477717603762,-0.010750903640181053,44,13736.059767106146,0.3736059767106146,0.06576203277966686,0.914308851736703,-0.08375597953148439,196,90,0.15605095541401273,10,False,-0.04248727317937121,-0.8865435588296061,1.0,0.033682495904405085,0.7869328703703705
178,4dfd9a37c6c3,relative_weakness_reversal,"{""family"": ""relative_weakness_reversal"", ""gap_max"": -0.04, ""market_prev_return_max"": 0.0, ""min_adv20"": 20000000.0, ""mom3_max"": -0.06, ""prev_return_percentile_max"": 0.125}",,0.07,209,False,11500.28955782366,0.15002895578236597,0.04789285939057408,0.8013810765157597,-0.05828731495526451,94,35,0.1248339973439575,10,False,-0.04248727317937121,10530.688506836219,0.05306885068362188,0.05285364448236374,1.2277986535465775,-0.009156744752313872,21,12,0.08300395256916997,10,False,-0.008935651710003888,11088.116765206756,0.1088116765206757,0.10972827849879319,1.488613943539925,-0.014453403562046607,39,13,0.156,10,False,-0.014453403562046618,0.05202336097073612,1.9058415835968403,-0.0020959314866055845,22,0.07827088488974798,0.8366532503916269,-0.058287314955264735,51,0.013807530558573644,0.4234242289789916,-0.028744480460112465,21,0.05306885068362188,1.2277986535465775,-0.009156744752313872,21,0.1088116765206757,1.488613943539925,-0.014453403562046607,39,13428.37103856092,0.342837103856092,0.06092872946501826,1.0167611396290794,-0.05828731495526451,154,60,0.12261146496815287,10,False,-0.04248727317937121,-0.42641757703081773,1.0,0.013807530558573644,0.7867959104938271
179,573a54952335,gap_down_reversal,"{""family"": ""gap_down_reversal"", ""gap_max"": -0.045, ""market_prev_return_max"": null, ""min_adv20"": 50000000.0, ""mom3_max"": -0.05, ""prev_return_max"": -0.03}",,,268,False,12095.657004880792,0.2095657004880791,0.06574397973725188,0.7116296091943451,-0.051353471297156505,104,48,0.13811420982735723,10,False,-0.04013576297052877,10596.742149455258,0.05967421494552583,0.05943147467113463,1.143623897226201,-0.009156744752314094,27,16,0.1067193675889328,10,False,-0.007603250896649904,11556.873546096795,0.15568735460967953,0.15702590922571713,1.4918483198923436,-0.010249143619115109,42,16,0.168,10,False,-0.006758472194223553,0.03376207838423695,0.9898958231456968,-0.020227704260844193,29,0.12119056912852577,0.9043228068856975,-0.05045157423415492,49,0.04358884969779031,0.5344770129802282,-0.04957394815494687,26,0.05967421494552583,1.143623897226201,-0.009156744752314094,27,0.15568735460967953,1.4918483198923436,-0.010249143619115109,42,14812.971633593108,0.48129716335931083,0.08202458229204224,0.9220244224726593,-0.051353471297156505,173,80,0.1377388535031847,10,False,-0.04013576297052877,-0.4319942880318558,1.0,0.03376207838423695,0.7864274691358025
180,2dcede8980c5,gap_down_reversal,"{""family"": ""gap_down_reversal"", ""gap_max"": -0.04, ""market_prev_return_max"": null, ""min_adv20"": 50000000.0, ""mom3_max"": -0.05, ""prev_return_max"": -0.02}",,0.06,425,True,11597.319362961964,0.15973193629619642,0.05084341522620295,0.8453645378451882,-0.06052653258140783,146,65,0.19389110225763612,10,False,-0.04013576297052877,10505.8687902876,0.05058687902876002,0.050381976683732566,1.0702520861722309,-0.016343934936528304,39,23,0.1541501976284585,10,False,-0.008935651710003888,11207.59079327569,0.12075907932756902,0.12178173352844412,1.5241555109533262,-0.019843286101046798,55,21,0.22,10,False,-0.019843286101046947,0.03473955059754075,1.0285917142988068,-0.01714312796208528,33,0.07801007920151926,0.86366013163504,-0.06052653258140772,76,0.03968971070581895,1.0339779837870482,-0.028744480460112354,37,0.05058687902876002,1.0702520861722309,-0.016343934936528304,39,0.12075907932756902,1.5241555109533262,-0.019843286101046798,55,13655.319157306496,0.3655319157306496,0.0645021686615892,1.0381867090285202,-0.06052653258140783,240,109,0.1910828025477707,10,False,-0.04013576297052877,-0.22488754832704272,1.0,0.03473955059754075,0.7864255401234568
181,e076b39b09eb,gap_down_reversal,"{""family"": ""gap_down_reversal"", ""gap_max"": -0.05, ""market_prev_return_max"": null, ""min_adv20"": 50000000.0, ""mom3_max"": -0.05, ""prev_return_max"": -0.03}",,0.06,191,False,11019.591654761727,0.10195916547617268,0.03302578954047264,0.7202062028349068,-0.044224429010812805,78,41,0.10358565737051793,10,False,-0.03050180219653622,10547.1920262112,0.05471920262112007,0.05449713226761976,1.2308473233763475,-0.009156744752313983,26,15,0.10276679841897234,10,False,-0.007603250896649904,10876.08589567846,0.087608589567846,0.08833954562678126,1.3980869811010448,-0.010249143619115109,36,14,0.144,10,False,-0.006758472194223553,0.027259653976654308,1.0293223587212927,-0.01714312796208539,22,0.03682739250495959,0.5542561616873185,-0.04386153004831972,35,0.03461508810245917,1.122379638127914,-0.020284269662921073,21,0.05471920262112007,1.2308473233763475,-0.009156744752313983,26,0.087608589567846,1.3980869811010448,-0.010249143619115109,36,12640.812319499375,0.2640812319499375,0.04814127015051506,0.9743439470595027,-0.044224429010812805,140,70,0.11146496815286625,10,False,-0.03050180219653622,-0.5106411205414407,1.0,0.027259653976654308,0.7863888888888889
182,6f8f57dcb751,relative_weakness_reversal,"{""family"": ""relative_weakness_reversal"", ""gap_max"": -0.035, ""market_prev_return_max"": 0.0, ""min_adv20"": 100000000.0, ""mom3_max"": -0.06, ""prev_return_percentile_max"": 0.1}",,0.1,242,False,12148.780396605798,0.21487803966057983,0.0673081403070328,0.9615117269874607,-0.04724304073914076,107,44,0.14209827357237717,10,False,-0.042284973128054335,10521.579450144332,0.05215794501443316,0.05194652309748671,1.0121407604588384,-0.021924174291400256,27,15,0.1067193675889328,10,False,-0.014430643195566407,11055.96376345578,0.10559637634557806,0.10648461438288126,1.3889477141304938,-0.014005421284388975,45,15,0.18,10,False,-0.00845340356204662,0.06806953456355291,1.8954696758386764,-0.003827780448289131,28,0.09804576130817844,0.9117323756826299,-0.04724304073914076,52,0.03588779087149163,0.894307535822785,-0.03730330465176723,27,0.05215794501443316,1.0121407604588384,-0.021924174291400256,27,0.10559637634557806,1.3889477141304938,-0.014005421284388975,45,14132.21471961929,0.41322147196192893,0.07185915266607346,1.056557757008614,-0.04724304073914076,179,74,0.14251592356687898,10,False,-0.042284973128054335,-0.050629033471377705,1.0,0.03588779087149163,0.7859683641975309
183,6616ec9875f0,relative_weakness_reversal,"{""family"": ""relative_weakness_reversal"", ""gap_max"": -0.04, ""market_prev_return_max"": 0.0, ""min_adv20"": 50000000.0, ""mom3_max"": -0.05, ""prev_return_percentile_max"": 0.15}",,0.08,270,True,11783.629001695117,0.17836290016951173,0.05646313480809617,0.8250475956216357,-0.05274160037805842,119,48,0.15803452855245684,10,False,-0.04248727317937121,10491.845465374323,0.049184546537432317,0.048985455747351025,1.080164898626837,-0.01402299993134215,26,14,0.10276679841897234,10,False,-0.008935651710003888,11317.686568968473,0.13176865689684725,0.13288994899729412,1.6146937519257978,-0.012453403562046494,50,19,0.2,10,False,-0.01245340356204662,0.040368123724062954,1.145442767667585,-0.01714312796208528,27,0.10012182566512595,0.9396691839663232,-0.05274160037805842,62,0.02955900752802143,0.7540839140832214,-0.029518373646801543,30,0.049184546537432317,1.080164898626837,-0.01402299993134215,26,0.13176865689684725,1.6146937519257978,-0.012453403562046494,50,13992.283900813878,0.3992283900813878,0.06972130221463746,1.0326268347723995,-0.05274160037805842,195,81,0.1552547770700637,10,False,-0.04248727317937121,-0.2551173030052014,1.0,0.02955900752802143,0.7856809413580248
184,72061e424df5,gap_down_reversal,"{""family"": ""gap_down_reversal"", ""gap_max"": -0.045, ""market_prev_return_max"": null, ""min_adv20"": 50000000.0, ""mom3_max"": -0.05, ""prev_return_max"": -0.03}",,0.06,268,False,11136.100635503088,0.11361006355030878,0.03666820379473368,0.7161570264849525,-0.06145456980063202,104,48,0.13811420982735723,10,False,-0.04013576297052877,10547.358553314287,0.05473585533142877,0.054513715664064266,1.2312078110554716,-0.009156744752314205,27,16,0.1067193675889328,10,False,-0.007603250896649904,11064.861093377234,0.1064861093377234,0.10738218865901739,1.570171994998309,-0.010249143619115109,42,16,0.168,10,False,-0.008641513904695409,0.03309021804049195,1.109342167886375,-0.01714312796208528,29,0.03912542418809162,0.5309931960476479,-0.061454569800631687,49,0.03735385873038033,1.0925341781499196,-0.020284269662921295,26,0.05473585533142877,1.2312078110554716,-0.009156744752314205,27,0.1064861093377234,1.570171994998309,-0.010249143619115109,42,12996.392627033358,0.29963926270333574,0.05399139017662913,1.0041957681019809,-0.06145456980063202,173,80,0.1377388535031847,10,False,-0.04013576297052877,-0.5150507845705191,1.0,0.03309021804049195,0.785204475308642
185,e523b24136db,gap_down_reversal,"{""family"": ""gap_down_reversal"", ""gap_max"": -0.04, ""market_prev_return_max"": 0.0, ""min_adv20"": 50000000.0, ""mom3_max"": -0.06, ""prev_return_max"": -0.015}",,0.06,342,False,11788.733019121773,0.17887330191217732,0.056616254282886525,0.9604297205571638,-0.04674163659776576,110,38,0.1460823373173971,10,False,-0.04013576297052877,10460.754443042177,0.04607544430421773,0.04588921194894802,1.0180568846745728,-0.019308154451927795,26,13,0.10276679841897234,10,False,-0.008935651710003888,11147.930547375394,0.11479305473753931,0.11576262179131147,1.5379800515573894,-0.019843286101046687,46,15,0.184,10,False,-0.019843286101046947,0.0476549591329638,1.8665501944231946,-0.0013499896646564924,24,0.08870979591314088,0.9615324722928853,-0.04674163659776576,59,0.03356246395962903,0.9770071157343782,-0.02726664314356153,27,0.04607544430421773,1.0180568846745728,-0.019308154451927795,26,0.11479305473753931,1.5379800515573894,-0.019843286101046687,46,13747.521076662219,0.3747521076662219,0.06594039317694089,1.099620394482385,-0.04674163659776576,182,66,0.1449044585987261,10,False,-0.04013576297052877,-0.05762716411740898,1.0,0.03356246395962903,0.78515625
186,7ebdebcff647,gap_down_reversal,"{""family"": ""gap_down_reversal"", ""gap_max"": -0.04, ""market_prev_return_max"": null, ""min_adv20"": 50000000.0, ""mom3_max"": -0.06, ""prev_return_max"": -0.02}",,0.05,355,False,11456.418652613038,0.14564186526130385,0.046553360899513896,0.8802513208872784,-0.05470054813689973,121,51,0.16069057104913678,10,False,-0.04013576297052877,10556.545434925882,0.05565454349258814,0.0554285783506927,1.2232377848471012,-0.017362691408105313,31,19,0.1225296442687747,10,False,-0.008935651710003888,10877.811562363731,0.08778115623637306,0.08851360984493106,1.4294548642856137,-0.01601933697218938,46,16,0.184,10,False,-0.016019336972189425,0.060145957195486766,2.021038288500367,-0.00578649310695778,28,0.05799112321782007,0.7328742866960171,-0.05470054813689973,63,0.021412551410380898,0.6866403473056962,-0.028744480460112132,30,0.05565454349258814,1.2232377848471012,-0.017362691408105313,31,0.08778115623637306,1.4294548642856137,-0.01601933697218938,46,13155.647497286875,0.31556474972868753,0.05657009249341871,1.0596075230455602,-0.05470054813689973,198,86,0.15764331210191082,10,False,-0.04013576297052877,-0.3429864639598228,1.0,0.021412551410380898,0.7850057870370372
187,9eb4b96dc4df,relative_weakness_reversal,"{""family"": ""relative_weakness_reversal"", ""gap_max"": -0.035, ""market_prev_return_max"": 0.0, ""min_adv20"": 20000000.0, ""mom3_max"": -0.06, ""prev_return_percentile_max"": 0.1}",,0.1,249,False,12148.014904364694,0.21480149043646946,0.06728563356664763,0.9432847952274632,-0.05615062981715124,113,46,0.150066401062417,10,False,-0.042284973128054335,10521.579450144332,0.05215794501443316,0.05194652309748671,1.0121407604588384,-0.021924174291400256,27,15,0.1067193675889328,10,False,-0.014430643195566407,11055.96376345578,0.10559637634557806,0.10648461438288126,1.3889477141304938,-0.014005421284388975,45,15,0.18,10,False,-0.00845340356204662,0.06973522005093225,1.9386786081501783,-0.003827780448289242,29,0.09236692635942267,0.8632969551317259,-0.056150629817151354,55,0.039586135274544576,0.8492298626390845,-0.03730330465176723,29,0.05215794501443316,1.0121407604588384,-0.021924174291400256,27,0.10559637634557806,1.3889477141304938,-0.014005421284388975,45,14131.324251575235,0.41313242515752346,0.07184560178071897,1.0434377292560812,-0.05615062981715124,185,76,0.14729299363057324,10,False,-0.042284973128054335,-0.06885596523137516,1.0,0.039586135274544576,0.7847260802469136
188,c22d740b3693,relative_weakness_reversal,"{""family"": ""relative_weakness_reversal"", ""gap_max"": -0.045, ""market_prev_return_max"": 0.0, ""min_adv20"": 50000000.0, ""mom3_max"": -0.06, ""prev_return_percentile_max"": 0.15}",,0.1,165,False,11659.353195094,0.1659353195094,0.05272118941888149,0.7991741358876845,-0.0641835839994851,80,31,0.10624169986719788,10,False,-0.037434996816557,10460.165816798957,0.04601658167989564,0.04583059241456855,0.9597011907648794,-0.009156744752313983,18,9,0.07114624505928854,10,False,-0.008935651710003888,11366.999328783852,0.1366999328783851,0.13786568649364028,1.5333915477797744,-0.005623442946601442,33,11,0.132,10,False,-0.005623442946601475,0.053590196065816054,1.797193292627542,-0.0020959314866053624,22,0.05947866889184206,0.6041569398884581,-0.06418358399948532,39,0.044504993442192387,1.0895869910533706,-0.020284269662921295,19,0.04601658167989564,0.9597011907648794,-0.009156744752313983,18,0.1366999328783851,1.5333915477797744,-0.005623442946601442,33,13863.052310092844,0.3863052310092845,0.06773167942206859,0.9948603980469569,-0.0641835839994851,131,51,0.10429936305732485,10,False,-0.037434996816557,-0.16052705487719487,1.0,0.044504993442192387,0.7843344907407408
189,5e13de0e04fd,relative_weakness_reversal,"{""family"": ""relative_weakness_reversal"", ""gap_max"": -0.04, ""market_prev_return_max"": null, ""min_adv20"": 20000000.0, ""mom3_max"": -0.06, ""prev_return_percentile_max"": 0.125}",,0.09,241,False,11447.898003323126,0.14478980033231248,0.04629280660219659,0.6492931757678571,-0.08938309405841494,115,51,0.15272244355909695,10,False,-0.04248727317937121,10745.246812394045,0.07452468123940448,0.07421944743786524,1.53307152519933,-0.009156744752313872,29,20,0.11462450592885376,10,False,-0.008935651710003888,11134.362405479043,0.11343624054790435,0.1143937702548321,1.3782123027469886,-0.010750903640181053,42,16,0.168,10,False,-0.010453403562046621,0.06032557235640623,1.9529048192181295,-0.005786493106957558,28,0.04750515317877557,0.4533990119531449,-0.08938309405841505,61,0.030695423284638368,0.7734400633053568,-0.028744480460112243,26,0.07452468123940448,1.53307152519933,-0.009156744752313872,29,0.11343624054790435,1.3782123027469886,-0.010750903640181053,42,13696.433700892658,0.36964337008926584,0.06514445557207615,0.9257096175609918,-0.08938309405841494,186,87,0.1480891719745223,10,False,-0.04248727317937121,-0.883778349431473,1.0,0.030695423284638368,0.784309413580247
190,a5f487f36e5f,relative_weakness_reversal,"{""family"": ""relative_weakness_reversal"", ""gap_max"": -0.035, ""market_prev_return_max"": 0.0, ""min_adv20"": 20000000.0, ""mom3_max"": -0.06, ""prev_return_percentile_max"": 0.125}",,0.1,281,False,12243.831925303542,0.22438319253035433,0.07009551181321494,0.9537636190523177,-0.05682138636153833,120,47,0.1593625498007968,10,False,-0.042284973128054335,10521.579450144332,0.05215794501443316,0.05194652309748671,1.0121407604588384,-0.021924174291400256,27,15,0.1067193675889328,10,False,-0.014430643195566407,11162.558008253662,0.11625580082536624,0.11723835995902698,1.4675486428524822,-0.014005421284388753,46,15,0.184,10,False,-0.00845340356204662,0.06973522005093225,1.9386786081501783,-0.003827780448289242,29,0.1056192598111636,0.9445008506015099,-0.056821386361538107,61,0.035226710631782954,0.7491339126276513,-0.03730330465176701,30,0.05215794501443316,1.0121407604588384,-0.021924174291400256,27,0.11625580082536624,1.4675486428524822,-0.014005421284388753,46,14380.10400206786,0.43801040020678594,0.075605194120961,1.0664233385325752,-0.05682138636153833,193,77,0.1536624203821656,10,False,-0.042284973128054335,-0.05837714140652073,1.0,0.035226710631782954,0.7842939814814816
191,28e65512f7e5,relative_weakness_reversal,"{""family"": ""relative_weakness_reversal"", ""gap_max"": -0.035, ""market_prev_return_max"": 0.0, ""min_adv20"": 100000000.0, ""mom3_max"": -0.06, ""prev_return_percentile_max"": 0.125}",,0.1,273,False,12244.910277266554,0.2244910277266554,0.07012705158576282,0.9726373568887416,-0.04880550208262591,114,45,0.15139442231075698,10,False,-0.042284973128054335,10521.579450144332,0.05215794501443316,0.05194652309748671,1.0121407604588384,-0.021924174291400256,27,15,0.1067193675889328,10,False,-0.014430643195566407,11055.96376345578,0.10559637634557806,0.10648461438288126,1.3889477141304938,-0.014005421284388975,45,15,0.18,10,False,-0.00845340356204662,0.06806953456355291,1.8954696758386764,-0.003827780448289131,28,0.11136698902295694,0.9913562685969362,-0.048805502082625796,58,0.03156972309679462,0.7865298901431155,-0.037303304651767344,28,0.05215794501443316,1.0121407604588384,-0.021924174291400256,27,0.10559637634557806,1.3889477141304938,-0.014005421284388975,45,14244.038957947665,0.42440389579476645,0.07355546251885214,1.0610780621627227,-0.04880550208262591,186,75,0.1480891719745223,10,False,-0.042284973128054335,-0.03950340357009674,1.0,0.03156972309679462,0.7834567901234568
192,b772d85e9022,relative_weakness_reversal,"{""family"": ""relative_weakness_reversal"", ""gap_max"": -0.04, ""market_prev_return_max"": 0.0, ""min_adv20"": 20000000.0, ""mom3_max"": -0.05, ""prev_return_percentile_max"": 0.125}",,,249,False,12415.489763820913,0.24154897638209127,0.07509309220217175,0.7871008283727402,-0.06425546918111347,111,46,0.14741035856573706,10,False,-0.04248727317937121,10539.673795361845,0.05396737953618458,0.053748437430593876,1.0593138693975055,-0.01402299993134215,26,14,0.10276679841897234,10,False,-0.008935651710003888,11706.76929580431,0.1706769295804309,0.17215368256017838,1.575501373877783,-0.013686835570762224,48,18,0.192,10,False,-0.013686835570762135,0.04368436550708643,1.165968968474391,-0.01714312796208528,27,0.1519501797488887,1.0700017023587736,-0.06250142577240114,58,0.03266862333514875,0.42015513517335346,-0.06425546918111325,26,0.05396737953618458,1.0593138693975055,-0.01402299993134215,26,0.1706769295804309,1.575501373877783,-0.013686835570762224,48,15318.917794461984,0.5318917794461984,0.0893403657219447,0.9774932721647523,-0.06425546918111347,185,78,0.14729299363057324,10,False,-0.04248727317937121,-0.2722130410247653,1.0,0.03266862333514875,0.7833275462962963
193,61b15af1d36f,gap_down_reversal,"{""family"": ""gap_down_reversal"", ""gap_max"": -0.035, ""market_prev_return_max"": null, ""min_adv20"": 20000000.0, ""mom3_max"": -0.06, ""prev_return_max"": -0.015}",,0.08,555,False,12119.815022301125,0.21198150223011258,0.06645585179796831,0.9064044148963092,-0.06691557285608374,169,70,0.2244355909694555,10,False,-0.04231703936046063,10558.675143186812,0.05586751431868131,0.055640661903630706,1.0866186887065457,-0.021924174291400478,40,24,0.15810276679841898,10,False,-0.014430643195566407,11299.048083816517,0.12990480838165164,0.13100934072109438,1.5280207176978633,-0.017843286101046907,63,24,0.252,10,False,-0.017843286101046945,0.08099610729273943,2.0930353611873924,-0.005786493106957669,41,0.07827214801492288,0.7134217750226648,-0.06691557285608363,87,0.039784822889330496,0.9501706325310553,-0.03582546733521652,41,0.05586751431868131,1.0866186887065457,-0.021924174291400478,40,0.12990480838165164,1.5280207176978633,-0.017843286101046907,63,14459.300267181392,0.4459300267181392,0.07679110649848497,1.0652085223491943,-0.06691557285608374,272,118,0.21656050955414013,10,False,-0.04231703936046063,-0.18021427381023647,1.0,0.039784822889330496,0.7828028549382716
194,33e7e7dfe535,gap_down_reversal,"{""family"": ""gap_down_reversal"", ""gap_max"": -0.04, ""market_prev_return_max"": null, ""min_adv20"": 50000000.0, ""mom3_max"": -0.05, ""prev_return_max"": -0.015}",,0.05,445,False,11611.702098556045,0.16117020985560448,0.0512793769504134,0.9020123285472796,-0.059426365798157854,155,68,0.2058432934926959,10,False,-0.04013576297052877,10470.531850660978,0.04705318506609779,0.046862912946039836,1.007692353527715,-0.018757205935232335,42,25,0.16600790513833993,10,False,-0.008935651710003888,11034.810604311744,0.10348106043117444,0.10435067923885,1.5179760544376024,-0.01601933697218949,58,23,0.232,10,False,-0.016019336972189425,0.051394927074278174,1.3028040492704214,-0.018391394433031283,38,0.0496656216169602,0.6190656394336181,-0.05942636579815752,79,0.052153331323972374,1.479342471548894,-0.02404184495449413,38,0.04705318506609779,1.007692353527715,-0.018757205935232335,42,0.10348106043117444,1.5179760544376024,-0.01601933697218949,58,13416.199608199913,0.34161996081999124,0.060735722586817475,1.0570241689360431,-0.059426365798157854,255,116,0.20302547770700638,10,False,-0.04013576297052877,-0.10568002498043527,1.0,0.04705318506609779,0.78242862654321
195,87d18ecc62f1,relative_weakness_reversal,"{""family"": ""relative_weakness_reversal"", ""gap_max"": -0.04, ""market_prev_return_max"": null, ""min_adv20"": 100000000.0, ""mom3_max"": -0.06, ""prev_return_percentile_max"": 0.1}",,0.09,207,False,11355.761598846133,0.13557615988461325,0.04346707595590482,0.6373663686100348,-0.0856601320863698,101,46,0.1341301460823373,10,False,-0.04248727317937121,10745.246812394045,0.07452468123940448,0.07421944743786524,1.53307152519933,-0.009156744752313872,29,20,0.11462450592885376,10,False,-0.008935651710003888,11064.327339628215,0.10643273396282149,0.10732834272006153,1.333946194335806,-0.010750903640180831,40,15,0.16,10,False,-0.010453403562046621,0.05840992583415061,1.8995639191919482,-0.005786493106957669,26,0.03781904018329052,0.38386521226500636,-0.08042988308241039,53,0.03380999877644042,0.9765421371900997,-0.028744480460112132,22,0.07452468123940448,1.53307152519933,-0.009156744752313872,29,0.10643273396282149,1.333946194335806,-0.010750903640180831,40,13500.743239895943,0.35007432398959426,0.06207348318915096,0.9149093005369867,-0.0856601320863698,170,81,0.13535031847133758,10,False,-0.04248727317937121,-0.8957051565892953,1.0,0.03380999877644042,0.7820408950617284
196,63811804df61,relative_weakness_reversal,"{""family"": ""relative_weakness_reversal"", ""gap_max"": -0.04, ""market_prev_return_max"": 0.0, ""min_adv20"": 100000000.0, ""mom3_max"": -0.05, ""prev_return_percentile_max"": 0.1}",,0.09,210,False,11652.451496949534,0.1652451496949534,0.05251260302622196,0.7968371722901304,-0.049626378388571424,97,42,0.12881806108897742,10,False,-0.04248727317937121,10525.471880116502,0.05254718801165015,0.05233414939564773,1.0920147439911532,-0.015695211878756554,25,14,0.09881422924901186,10,False,-0.008935651710003888,11193.490599963896,0.11934905999638956,0.12035914431762174,1.4456381553569226,-0.010453403562046493,46,18,0.184,10,False,-0.010453403562046621,0.03625578121323958,1.003661548978708,-0.01714312796208517,25,0.09032184489115291,0.8775974022718559,-0.049626378388571424,50,0.03132518654764471,0.9334990715123124,-0.030992789993626868,22,0.05254718801165015,1.0920147439911532,-0.015695211878756554,25,0.11934905999638956,1.4456381553569226,-0.010453403562046493,46,13728.542043642346,0.37285420436423466,0.06564497767944677,0.9863147651167523,-0.049626378388571424,168,74,0.1337579617834395,10,False,-0.04248727317937121,-0.29517757170102277,1.0,0.03132518654764471,0.7817689043209877
197,c18f6eb989fc,gap_down_reversal,"{""family"": ""gap_down_reversal"", ""gap_max"": -0.035, ""market_prev_return_max"": null, ""min_adv20"": 20000000.0, ""mom3_max"": -0.06, ""prev_return_max"": -0.015}",,0.06,555,False,11863.418039661286,0.18634180396612865,0.05885176198595765,0.9147595121190031,-0.06620185430325298,169,70,0.2244355909694555,10,False,-0.04231703936046063,10544.870330921447,0.054487033092144754,0.05426592899408922,1.1160390713543975,-0.021924174291400478,40,24,0.15810276679841898,10,False,-0.014430643195566407,11191.1198105033,0.11911198105033005,0.12011995329456382,1.4797343278822674,-0.01984328610104691,63,24,0.252,10,False,-0.019843286101046947,0.08527670270360499,2.2836498234805997,-0.005786493106957669,41,0.05056796756477544,0.557228438363,-0.06620185430325298,87,0.04050746221771173,0.9475548279633258,-0.03582546733521652,41,0.054487033092144754,1.1160390713543975,-0.021924174291400478,40,0.11911198105033005,1.4797343278822674,-0.01984328610104691,63,13999.88999223822,0.39998899922382214,0.06983794560726153,1.071703899957427,-0.06620185430325298,272,118,0.21656050955414013,10,False,-0.04231703936046063,-0.20127955923539442,1.0,0.04050746221771173,0.781448688271605
198,cbd4ba7946d1,relative_weakness_reversal,"{""family"": ""relative_weakness_reversal"", ""gap_max"": -0.05, ""market_prev_return_max"": 0.0, ""min_adv20"": 100000000.0, ""mom3_max"": -0.05, ""prev_return_percentile_max"": 0.15}",,0.1,143,False,11522.361684846403,0.15223616848464028,0.04856549642434671,0.8051544211790901,-0.03201278885630965,69,35,0.09163346613545817,10,False,-0.022487039073892566,10467.616926358178,0.046761692635817864,0.04657262526111139,0.9709299726671501,-0.009156744752313983,21,11,0.08300395256916997,10,False,-0.008935651710003888,11177.298736040773,0.11772987360407727,0.11872554107175226,1.399066782026769,-0.009753281851684337,34,13,0.136,10,False,-0.006758472194223553,0.029640516770886416,0.9681454342178493,-0.01714312796208528,20,0.07549859555421135,0.8125456241961131,-0.032012788856309315,30,0.04050945759134983,1.1603098635260254,-0.020284269662921295,19,0.046761692635817864,0.9709299726671501,-0.009156744752313983,21,0.11772987360407727,1.399066782026769,-0.009753281851684337,34,13481.126465674344,0.34811264656743446,0.06176367867377497,0.9716296634046679,-0.03201278885630965,124,59,0.09872611464968153,10,False,-0.022487039073892566,-0.16577555148806,1.0,0.029640516770886416,0.781190200617284
199,0da4b0428949,relative_weakness_reversal,"{""family"": ""relative_weakness_reversal"", ""gap_max"": -0.04, ""market_prev_return_max"": null, ""min_adv20"": 100000000.0, ""mom3_max"": -0.06, ""prev_return_percentile_max"": 0.15}",,0.09,253,False,11453.142254601264,0.1453142254601263,0.04645318666269094,0.638016306046275,-0.08078913673655375,117,50,0.1553784860557769,10,False,-0.04248727317937121,10745.246812394045,0.07452468123940448,0.07421944743786524,1.53307152519933,-0.009156744752313872,29,20,0.11462450592885376,10,False,-0.008935651710003888,11025.428680453662,0.10254286804536616,0.10340423925870024,1.2939002585209691,-0.010750903640181164,43,17,0.172,10,False,-0.010453403562046621,0.05985911550650602,1.9052570464921585,-0.005786493106957669,29,0.046567568156199224,0.4337791601202649,-0.08078913673655408,61,0.0325456067019978,0.9053960825310327,-0.027266643143561642,27,0.07452468123940448,1.53307152519933,-0.009156744752313872,29,0.10254286804536616,1.2939002585209691,-0.010750903640181164,43,13568.646706911582,0.35686467069115824,0.06314310057281225,0.8930182140690043,-0.08078913673655375,189,87,0.15047770700636942,10,False,-0.04248727317937121,-0.8950552191530551,1.0,0.0325456067019978,0.7804436728395063
200,bf49567ff02c,gap_down_reversal,"{""family"": ""gap_down_reversal"", ""gap_max"": -0.05, ""market_prev_return_max"": null, ""min_adv20"": 50000000.0, ""mom3_max"": -0.05, ""prev_return_max"": -0.03}",,,191,False,12034.451382681726,0.20344513826817257,0.0639361695929499,0.717025649863035,-0.04957394815494698,78,41,0.10358565737051793,10,False,-0.034326554894537585,10596.574842658642,0.05965748426586415,0.05941481393748149,1.1433176935293952,-0.009156744752314094,26,15,0.10276679841897234,10,False,-0.007603250896649904,11358.990719048292,0.1358990719048292,0.1370575930088329,1.272685885075393,-0.010249143619115109,36,14,0.144,10,False,-0.006758472194223553,0.027955107499478826,0.9213377776933155,-0.019515390899610074,22,0.11775981272594471,0.9129341437490393,-0.038509421464883786,35,0.04737850522791587,0.586249811055164,-0.04957394815494687,21,0.05965748426586415,1.1433176935293952,-0.009156744752314094,26,0.1358990719048292,1.272685885075393,-0.010249143619115109,36,14485.435322437292,0.4485435322437292,0.07718132242468778,0.8836929043832189,-0.04957394815494698,140,70,0.11146496815286625,10,False,-0.034326554894537585,-0.4262920436663602,1.0,0.027955107499478826,0.7804205246913581
